solid OpenSCAD_Model
  facet normal -1 0 0
    outer loop
      vertex 0 6 0
      vertex 0 38.5 26
      vertex 0 38.5 0
    endloop
  endfacet
  facet normal -1 -0 0
    outer loop
      vertex 0 38.5 26
      vertex 0 6 0
      vertex 0 6 26
    endloop
  endfacet
  facet normal -0.998795 -0.0490678 0
    outer loop
      vertex 0.0288916 5.4119 0
      vertex 0 6 26
      vertex 0 6 0
    endloop
  endfacet
  facet normal -0.998795 -0.0490678 0
    outer loop
      vertex 0 6 26
      vertex 0.0288916 5.4119 0
      vertex 0.0288916 5.4119 26
    endloop
  endfacet
  facet normal -0.0490678 -0.998795 0
    outer loop
      vertex 5.4119 0.0288916 0
      vertex 6 0 26
      vertex 5.4119 0.0288916 26
    endloop
  endfacet
  facet normal -0.0490678 -0.998795 -0
    outer loop
      vertex 6 0 26
      vertex 5.4119 0.0288916 0
      vertex 6 0 0
    endloop
  endfacet
  facet normal 0 -1 0
    outer loop
      vertex 6 0 0
      vertex 56.4 0 26
      vertex 6 0 26
    endloop
  endfacet
  facet normal 0 -1 -0
    outer loop
      vertex 56.4 0 26
      vertex 6 0 0
      vertex 56.4 0 0
    endloop
  endfacet
  facet normal 1 0 0
    outer loop
      vertex 62.4 28.25 8.2
      vertex 62.4 38.5 26
      vertex 62.4 28.25 18.2
    endloop
  endfacet
  facet normal 1 0 0
    outer loop
      vertex 62.4 38.5 26
      vertex 62.4 16.25 18.2
      vertex 62.4 28.25 18.2
    endloop
  endfacet
  facet normal 1 0 0
    outer loop
      vertex 62.4 16.25 18.2
      vertex 62.4 6 26
      vertex 62.4 16.25 8.2
    endloop
  endfacet
  facet normal 1 -0 0
    outer loop
      vertex 62.4 6 26
      vertex 62.4 16.25 18.2
      vertex 62.4 38.5 26
    endloop
  endfacet
  facet normal 1 0 0
    outer loop
      vertex 62.4 38.5 26
      vertex 62.4 28.25 8.2
      vertex 62.4 38.5 0
    endloop
  endfacet
  facet normal 1 -0 0
    outer loop
      vertex 62.4 16.25 8.2
      vertex 62.4 38.5 0
      vertex 62.4 28.25 8.2
    endloop
  endfacet
  facet normal 1 0 0
    outer loop
      vertex 62.4 16.25 8.2
      vertex 62.4 6 0
      vertex 62.4 38.5 0
    endloop
  endfacet
  facet normal 1 0 0
    outer loop
      vertex 62.4 6 0
      vertex 62.4 16.25 8.2
      vertex 62.4 6 26
    endloop
  endfacet
  facet normal 0.803253 -0.595638 0
    outer loop
      vertex 61.0381 2.19364 26
      vertex 61.3888 2.66658 0
      vertex 61.3888 2.66658 26
    endloop
  endfacet
  facet normal 0.803253 -0.595638 0
    outer loop
      vertex 61.3888 2.66658 0
      vertex 61.0381 2.19364 26
      vertex 61.0381 2.19364 0
    endloop
  endfacet
  facet normal 0.94158 0.336788 0
    outer loop
      vertex 62.1416 40.2417 26
      vertex 61.9433 40.7961 0
      vertex 61.9433 40.7961 26
    endloop
  endfacet
  facet normal 0.94158 0.336788 0
    outer loop
      vertex 61.9433 40.7961 0
      vertex 62.1416 40.2417 26
      vertex 62.1416 40.2417 0
    endloop
  endfacet
  facet normal -0.514091 0.857736 0
    outer loop
      vertex 3.17162 43.7915 0
      vertex 2.66658 43.4888 26
      vertex 3.17162 43.7915 26
    endloop
  endfacet
  facet normal -0.514091 0.857736 0
    outer loop
      vertex 2.66658 43.4888 26
      vertex 3.17162 43.7915 0
      vertex 2.66658 43.4888 0
    endloop
  endfacet
  facet normal 0.427542 -0.903995 0
    outer loop
      vertex 58.6961 0.456722 0
      vertex 59.2284 0.708472 26
      vertex 58.6961 0.456722 26
    endloop
  endfacet
  facet normal 0.427542 -0.903995 0
    outer loop
      vertex 59.2284 0.708472 26
      vertex 58.6961 0.456722 0
      vertex 59.2284 0.708472 0
    endloop
  endfacet
  facet normal 0.740884 -0.671632 0
    outer loop
      vertex 60.6426 1.75736 26
      vertex 61.0381 2.19364 0
      vertex 61.0381 2.19364 26
    endloop
  endfacet
  facet normal 0.740884 -0.671632 0
    outer loop
      vertex 61.0381 2.19364 0
      vertex 60.6426 1.75736 26
      vertex 60.6426 1.75736 0
    endloop
  endfacet
  facet normal 0.0490678 -0.998795 0
    outer loop
      vertex 56.4 0 0
      vertex 56.9881 0.0288916 26
      vertex 56.4 0 26
    endloop
  endfacet
  facet normal 0.0490678 -0.998795 0
    outer loop
      vertex 56.9881 0.0288916 26
      vertex 56.4 0 0
      vertex 56.9881 0.0288916 0
    endloop
  endfacet
  facet normal -0.803241 0.595655 0
    outer loop
      vertex 1.01118 41.8334 0
      vertex 1.36194 42.3064 26
      vertex 1.36194 42.3064 0
    endloop
  endfacet
  facet normal -0.803241 0.595655 0
    outer loop
      vertex 1.36194 42.3064 26
      vertex 1.01118 41.8334 0
      vertex 1.01118 41.8334 26
    endloop
  endfacet
  facet normal 0.970019 -0.243027 0
    outer loop
      vertex 62.1416 4.25829 26
      vertex 62.2847 4.82946 0
      vertex 62.2847 4.82946 26
    endloop
  endfacet
  facet normal 0.970019 -0.243027 0
    outer loop
      vertex 62.2847 4.82946 0
      vertex 62.1416 4.25829 26
      vertex 62.1416 4.25829 0
    endloop
  endfacet
  facet normal 0.514131 -0.857712 0
    outer loop
      vertex 59.2284 0.708472 0
      vertex 59.7334 1.01118 26
      vertex 59.2284 0.708472 26
    endloop
  endfacet
  facet normal 0.514131 -0.857712 0
    outer loop
      vertex 59.7334 1.01118 26
      vertex 59.2284 0.708472 0
      vertex 59.7334 1.01118 0
    endloop
  endfacet
  facet normal 0.146746 0.989174 -0
    outer loop
      vertex 57.5705 44.3847 0
      vertex 56.9881 44.4711 26
      vertex 57.5705 44.3847 26
    endloop
  endfacet
  facet normal 0.146746 0.989174 0
    outer loop
      vertex 56.9881 44.4711 26
      vertex 57.5705 44.3847 0
      vertex 56.9881 44.4711 0
    endloop
  endfacet
  facet normal 0.242966 -0.970035 0
    outer loop
      vertex 57.5705 0.115288 0
      vertex 58.1417 0.258357 26
      vertex 57.5705 0.115288 26
    endloop
  endfacet
  facet normal 0.242966 -0.970035 0
    outer loop
      vertex 58.1417 0.258357 26
      vertex 57.5705 0.115288 0
      vertex 58.1417 0.258357 0
    endloop
  endfacet
  facet normal 0.336886 -0.941545 0
    outer loop
      vertex 58.1417 0.258357 0
      vertex 58.6961 0.456722 26
      vertex 58.1417 0.258357 26
    endloop
  endfacet
  facet normal 0.336886 -0.941545 0
    outer loop
      vertex 58.6961 0.456722 26
      vertex 58.1417 0.258357 0
      vertex 58.6961 0.456722 0
    endloop
  endfacet
  facet normal -0.336794 0.941578 0
    outer loop
      vertex 4.25829 44.2416 0
      vertex 3.7039 44.0433 26
      vertex 4.25829 44.2416 26
    endloop
  endfacet
  facet normal -0.336794 0.941578 0
    outer loop
      vertex 3.7039 44.0433 26
      vertex 4.25829 44.2416 0
      vertex 3.7039 44.0433 0
    endloop
  endfacet
  facet normal -0.671632 0.740884 0
    outer loop
      vertex 2.19364 43.1381 0
      vertex 1.75736 42.7426 26
      vertex 2.19364 43.1381 26
    endloop
  endfacet
  facet normal -0.671632 0.740884 0
    outer loop
      vertex 1.75736 42.7426 26
      vertex 2.19364 43.1381 0
      vertex 1.75736 42.7426 0
    endloop
  endfacet
  facet normal -0.803204 -0.595703 0
    outer loop
      vertex 1.36194 2.19364 0
      vertex 1.01118 2.66658 26
      vertex 1.01118 2.66658 0
    endloop
  endfacet
  facet normal -0.803204 -0.595703 0
    outer loop
      vertex 1.01118 2.66658 26
      vertex 1.36194 2.19364 0
      vertex 1.36194 2.19364 26
    endloop
  endfacet
  facet normal 0.6717 0.740823 -0
    outer loop
      vertex 60.6426 42.7426 0
      vertex 60.2064 43.1381 26
      vertex 60.6426 42.7426 26
    endloop
  endfacet
  facet normal 0.6717 0.740823 0
    outer loop
      vertex 60.2064 43.1381 26
      vertex 60.6426 42.7426 0
      vertex 60.2064 43.1381 0
    endloop
  endfacet
  facet normal 0.243015 0.970023 -0
    outer loop
      vertex 58.1417 44.2416 0
      vertex 57.5705 44.3847 26
      vertex 58.1417 44.2416 26
    endloop
  endfacet
  facet normal 0.243015 0.970023 0
    outer loop
      vertex 57.5705 44.3847 26
      vertex 58.1417 44.2416 0
      vertex 57.5705 44.3847 0
    endloop
  endfacet
  facet normal -0.514101 -0.85773 0
    outer loop
      vertex 2.66658 1.01118 0
      vertex 3.17162 0.708472 26
      vertex 2.66658 1.01118 26
    endloop
  endfacet
  facet normal -0.514101 -0.85773 -0
    outer loop
      vertex 3.17162 0.708472 26
      vertex 2.66658 1.01118 0
      vertex 3.17162 0.708472 0
    endloop
  endfacet
  facet normal 0.989176 -0.146736 0
    outer loop
      vertex 62.2847 4.82946 26
      vertex 62.3711 5.4119 0
      vertex 62.3711 5.4119 26
    endloop
  endfacet
  facet normal 0.989176 -0.146736 0
    outer loop
      vertex 62.3711 5.4119 0
      vertex 62.2847 4.82946 26
      vertex 62.2847 4.82946 0
    endloop
  endfacet
  facet normal -0.595703 -0.803204 0
    outer loop
      vertex 2.19364 1.36194 0
      vertex 2.66658 1.01118 26
      vertex 2.19364 1.36194 26
    endloop
  endfacet
  facet normal -0.595703 -0.803204 -0
    outer loop
      vertex 2.66658 1.01118 26
      vertex 2.19364 1.36194 0
      vertex 2.66658 1.01118 0
    endloop
  endfacet
  facet normal 0 1 -0
    outer loop
      vertex 56.4 44.5 0
      vertex 6 44.5 26
      vertex 56.4 44.5 26
    endloop
  endfacet
  facet normal 0 1 0
    outer loop
      vertex 6 44.5 26
      vertex 56.4 44.5 0
      vertex 6 44.5 0
    endloop
  endfacet
  facet normal 0.514121 0.857718 -0
    outer loop
      vertex 59.7334 43.4888 0
      vertex 59.2284 43.7915 26
      vertex 59.7334 43.4888 26
    endloop
  endfacet
  facet normal 0.514121 0.857718 0
    outer loop
      vertex 59.2284 43.7915 26
      vertex 59.7334 43.4888 0
      vertex 59.2284 43.7915 0
    endloop
  endfacet
  facet normal 0.336788 0.94158 -0
    outer loop
      vertex 58.6961 44.0433 0
      vertex 58.1417 44.2416 26
      vertex 58.6961 44.0433 26
    endloop
  endfacet
  facet normal 0.336788 0.94158 0
    outer loop
      vertex 58.1417 44.2416 26
      vertex 58.6961 44.0433 0
      vertex 58.1417 44.2416 0
    endloop
  endfacet
  facet normal -0.242978 -0.970032 0
    outer loop
      vertex 4.25829 0.258357 0
      vertex 4.82946 0.115288 26
      vertex 4.25829 0.258357 26
    endloop
  endfacet
  facet normal -0.242978 -0.970032 -0
    outer loop
      vertex 4.82946 0.115288 26
      vertex 4.25829 0.258357 0
      vertex 4.82946 0.115288 0
    endloop
  endfacet
  facet normal 0.903962 0.427612 0
    outer loop
      vertex 61.9433 40.7961 26
      vertex 61.6915 41.3284 0
      vertex 61.6915 41.3284 26
    endloop
  endfacet
  facet normal 0.903962 0.427612 0
    outer loop
      vertex 61.6915 41.3284 0
      vertex 61.9433 40.7961 26
      vertex 61.9433 40.7961 0
    endloop
  endfacet
  facet normal 0.998795 -0.0490821 0
    outer loop
      vertex 62.3711 5.4119 26
      vertex 62.4 6 0
      vertex 62.4 6 26
    endloop
  endfacet
  facet normal 0.998795 -0.0490821 0
    outer loop
      vertex 62.4 6 0
      vertex 62.3711 5.4119 26
      vertex 62.3711 5.4119 0
    endloop
  endfacet
  facet normal -0.427556 -0.903989 0
    outer loop
      vertex 3.17162 0.708472 0
      vertex 3.7039 0.456722 26
      vertex 3.17162 0.708472 26
    endloop
  endfacet
  facet normal -0.427556 -0.903989 -0
    outer loop
      vertex 3.7039 0.456722 26
      vertex 3.17162 0.708472 0
      vertex 3.7039 0.456722 0
    endloop
  endfacet
  facet normal 0.595589 0.803289 -0
    outer loop
      vertex 60.2064 43.1381 0
      vertex 59.7334 43.4888 26
      vertex 60.2064 43.1381 26
    endloop
  endfacet
  facet normal 0.595589 0.803289 0
    outer loop
      vertex 59.7334 43.4888 26
      vertex 60.2064 43.1381 0
      vertex 59.7334 43.4888 0
    endloop
  endfacet
  facet normal -0.14673 -0.989177 0
    outer loop
      vertex 4.82946 0.115288 0
      vertex 5.4119 0.0288916 26
      vertex 4.82946 0.115288 26
    endloop
  endfacet
  facet normal -0.14673 -0.989177 -0
    outer loop
      vertex 5.4119 0.0288916 26
      vertex 4.82946 0.115288 0
      vertex 5.4119 0.0288916 0
    endloop
  endfacet
  facet normal -0.989175 0.14674 0
    outer loop
      vertex 0.0288916 39.0881 0
      vertex 0.115288 39.6705 26
      vertex 0.115288 39.6705 0
    endloop
  endfacet
  facet normal -0.989175 0.14674 0
    outer loop
      vertex 0.115288 39.6705 26
      vertex 0.0288916 39.0881 0
      vertex 0.0288916 39.0881 26
    endloop
  endfacet
  facet normal -0.970032 -0.242978 0
    outer loop
      vertex 0.258357 4.25829 0
      vertex 0.115288 4.82946 26
      vertex 0.115288 4.82946 0
    endloop
  endfacet
  facet normal -0.970032 -0.242978 0
    outer loop
      vertex 0.115288 4.82946 26
      vertex 0.258357 4.25829 0
      vertex 0.258357 4.25829 26
    endloop
  endfacet
  facet normal 0.14674 -0.989175 0
    outer loop
      vertex 56.9881 0.0288916 0
      vertex 57.5705 0.115288 26
      vertex 56.9881 0.0288916 26
    endloop
  endfacet
  facet normal 0.14674 -0.989175 0
    outer loop
      vertex 57.5705 0.115288 26
      vertex 56.9881 0.0288916 0
      vertex 57.5705 0.115288 0
    endloop
  endfacet
  facet normal -0.903989 -0.427556 0
    outer loop
      vertex 0.708472 3.17162 0
      vertex 0.456722 3.7039 26
      vertex 0.456722 3.7039 0
    endloop
  endfacet
  facet normal -0.903989 -0.427556 0
    outer loop
      vertex 0.456722 3.7039 26
      vertex 0.708472 3.17162 0
      vertex 0.708472 3.17162 26
    endloop
  endfacet
  facet normal -0.336891 -0.941543 0
    outer loop
      vertex 3.7039 0.456722 0
      vertex 4.25829 0.258357 26
      vertex 3.7039 0.456722 26
    endloop
  endfacet
  facet normal -0.336891 -0.941543 -0
    outer loop
      vertex 4.25829 0.258357 26
      vertex 3.7039 0.456722 0
      vertex 4.25829 0.258357 0
    endloop
  endfacet
  facet normal -0.243027 0.970019 0
    outer loop
      vertex 4.82946 44.3847 0
      vertex 4.25829 44.2416 26
      vertex 4.82946 44.3847 26
    endloop
  endfacet
  facet normal -0.243027 0.970019 0
    outer loop
      vertex 4.25829 44.2416 26
      vertex 4.82946 44.3847 0
      vertex 4.25829 44.2416 0
    endloop
  endfacet
  facet normal 0.857718 0.514121 0
    outer loop
      vertex 61.6915 41.3284 26
      vertex 61.3888 41.8334 0
      vertex 61.3888 41.8334 26
    endloop
  endfacet
  facet normal 0.857718 0.514121 0
    outer loop
      vertex 61.3888 41.8334 0
      vertex 61.6915 41.3284 26
      vertex 61.6915 41.3284 0
    endloop
  endfacet
  facet normal -0.941543 -0.336891 0
    outer loop
      vertex 0.456722 3.7039 0
      vertex 0.258357 4.25829 26
      vertex 0.258357 4.25829 0
    endloop
  endfacet
  facet normal -0.941543 -0.336891 0
    outer loop
      vertex 0.258357 4.25829 26
      vertex 0.456722 3.7039 0
      vertex 0.456722 3.7039 26
    endloop
  endfacet
  facet normal -0.903995 0.427542 0
    outer loop
      vertex 0.456722 40.7961 0
      vertex 0.708472 41.3284 26
      vertex 0.708472 41.3284 0
    endloop
  endfacet
  facet normal -0.903995 0.427542 0
    outer loop
      vertex 0.708472 41.3284 26
      vertex 0.456722 40.7961 0
      vertex 0.456722 40.7961 26
    endloop
  endfacet
  facet normal 0.803289 0.595589 0
    outer loop
      vertex 61.3888 41.8334 26
      vertex 61.0381 42.3064 0
      vertex 61.0381 42.3064 26
    endloop
  endfacet
  facet normal 0.803289 0.595589 0
    outer loop
      vertex 61.0381 42.3064 0
      vertex 61.3888 41.8334 26
      vertex 61.3888 41.8334 0
    endloop
  endfacet
  facet normal -0.989177 -0.14673 0
    outer loop
      vertex 0.115288 4.82946 0
      vertex 0.0288916 5.4119 26
      vertex 0.0288916 5.4119 0
    endloop
  endfacet
  facet normal -0.989177 -0.14673 0
    outer loop
      vertex 0.0288916 5.4119 26
      vertex 0.115288 4.82946 0
      vertex 0.115288 4.82946 26
    endloop
  endfacet
  facet normal -0.740952 -0.671558 0
    outer loop
      vertex 1.75736 1.75736 0
      vertex 1.36194 2.19364 26
      vertex 1.36194 2.19364 0
    endloop
  endfacet
  facet normal -0.740952 -0.671558 0
    outer loop
      vertex 1.36194 2.19364 26
      vertex 1.75736 1.75736 0
      vertex 1.75736 1.75736 26
    endloop
  endfacet
  facet normal -0.970035 0.242966 0
    outer loop
      vertex 0.115288 39.6705 0
      vertex 0.258357 40.2417 26
      vertex 0.258357 40.2417 0
    endloop
  endfacet
  facet normal -0.970035 0.242966 0
    outer loop
      vertex 0.258357 40.2417 26
      vertex 0.115288 39.6705 0
      vertex 0.115288 39.6705 26
    endloop
  endfacet
  facet normal 0.0490821 0.998795 -0
    outer loop
      vertex 56.9881 44.4711 0
      vertex 56.4 44.5 26
      vertex 56.9881 44.4711 26
    endloop
  endfacet
  facet normal 0.0490821 0.998795 0
    outer loop
      vertex 56.4 44.5 26
      vertex 56.9881 44.4711 0
      vertex 56.4 44.5 0
    endloop
  endfacet
  facet normal -0.595638 0.803253 0
    outer loop
      vertex 2.66658 43.4888 0
      vertex 2.19364 43.1381 26
      vertex 2.66658 43.4888 26
    endloop
  endfacet
  facet normal -0.595638 0.803253 0
    outer loop
      vertex 2.19364 43.1381 26
      vertex 2.66658 43.4888 0
      vertex 2.19364 43.1381 0
    endloop
  endfacet
  facet normal 0.941578 -0.336794 0
    outer loop
      vertex 61.9433 3.7039 26
      vertex 62.1416 4.25829 0
      vertex 62.1416 4.25829 26
    endloop
  endfacet
  facet normal 0.941578 -0.336794 0
    outer loop
      vertex 62.1416 4.25829 0
      vertex 61.9433 3.7039 26
      vertex 61.9433 3.7039 0
    endloop
  endfacet
  facet normal -0.427625 0.903956 0
    outer loop
      vertex 3.7039 44.0433 0
      vertex 3.17162 43.7915 26
      vertex 3.7039 44.0433 26
    endloop
  endfacet
  facet normal -0.427625 0.903956 0
    outer loop
      vertex 3.17162 43.7915 26
      vertex 3.7039 44.0433 0
      vertex 3.17162 43.7915 0
    endloop
  endfacet
  facet normal 0 0 1
    outer loop
      vertex 9.7 9.7 26
      vertex 8.05 5.95 26
      vertex 9.7 2.2 26
    endloop
  endfacet
  facet normal 0 0 1
    outer loop
      vertex 9.7 9.7 26
      vertex 8.03989 6.15584 26
      vertex 8.05 5.95 26
    endloop
  endfacet
  facet normal 0 0 1
    outer loop
      vertex 9.7 9.7 26
      vertex 8.00965 6.35969 26
      vertex 8.03989 6.15584 26
    endloop
  endfacet
  facet normal 0 0 1
    outer loop
      vertex 9.7 9.7 26
      vertex 7.95957 6.5596 26
      vertex 8.00965 6.35969 26
    endloop
  endfacet
  facet normal 0 0 1
    outer loop
      vertex 9.7 9.7 26
      vertex 7.89015 6.75363 26
      vertex 7.95957 6.5596 26
    endloop
  endfacet
  facet normal 0 0 1
    outer loop
      vertex 9.7 9.7 26
      vertex 7.80203 6.93993 26
      vertex 7.89015 6.75363 26
    endloop
  endfacet
  facet normal 0 0 1
    outer loop
      vertex 9.7 9.7 26
      vertex 7.69609 7.1167 26
      vertex 7.80203 6.93993 26
    endloop
  endfacet
  facet normal 0 0 1
    outer loop
      vertex 9.7 9.7 26
      vertex 7.57332 7.28223 26
      vertex 7.69609 7.1167 26
    endloop
  endfacet
  facet normal 0 0 1
    outer loop
      vertex 9.7 9.7 26
      vertex 7.43492 7.43492 26
      vertex 7.57332 7.28223 26
    endloop
  endfacet
  facet normal 0 0 1
    outer loop
      vertex 9.7 9.7 26
      vertex 7.28223 7.57332 26
      vertex 7.43492 7.43492 26
    endloop
  endfacet
  facet normal 0 0 1
    outer loop
      vertex 9.7 9.7 26
      vertex 7.1167 7.69609 26
      vertex 7.28223 7.57332 26
    endloop
  endfacet
  facet normal 0 0 1
    outer loop
      vertex 9.7 9.7 26
      vertex 6.93993 7.80203 26
      vertex 7.1167 7.69609 26
    endloop
  endfacet
  facet normal 0 0 1
    outer loop
      vertex 9.7 9.7 26
      vertex 6.75363 7.89015 26
      vertex 6.93993 7.80203 26
    endloop
  endfacet
  facet normal 0 0 1
    outer loop
      vertex 9.7 9.7 26
      vertex 6.5596 7.95957 26
      vertex 6.75363 7.89015 26
    endloop
  endfacet
  facet normal 0 0 1
    outer loop
      vertex 9.7 9.7 26
      vertex 6.35969 8.00965 26
      vertex 6.5596 7.95957 26
    endloop
  endfacet
  facet normal 0 0 1
    outer loop
      vertex 9.7 9.7 26
      vertex 6.15584 8.03989 26
      vertex 6.35969 8.00965 26
    endloop
  endfacet
  facet normal 0 0 1
    outer loop
      vertex 9.7 9.7 26
      vertex 5.95 8.05 26
      vertex 6.15584 8.03989 26
    endloop
  endfacet
  facet normal -0 0 1
    outer loop
      vertex 2.2 9.7 26
      vertex 5.95 8.05 26
      vertex 9.7 9.7 26
    endloop
  endfacet
  facet normal 0 0 1
    outer loop
      vertex 5.95 8.05 26
      vertex 2.2 9.7 26
      vertex 5.74416 8.03989 26
    endloop
  endfacet
  facet normal 0 0 1
    outer loop
      vertex 5.74416 8.03989 26
      vertex 2.2 9.7 26
      vertex 5.54031 8.00965 26
    endloop
  endfacet
  facet normal 0 0 1
    outer loop
      vertex 5.54031 8.00965 26
      vertex 2.2 9.7 26
      vertex 5.3404 7.95957 26
    endloop
  endfacet
  facet normal 0 0 1
    outer loop
      vertex 5.14636 4.00985 26
      vertex 3.17162 0.708472 26
      vertex 3.7039 0.456722 26
    endloop
  endfacet
  facet normal 0 0 1
    outer loop
      vertex 2.2 7.1 26
      vertex 3.85 5.95 26
      vertex 3.86011 6.15584 26
    endloop
  endfacet
  facet normal 0 0 1
    outer loop
      vertex 3.86011 5.74416 26
      vertex 2.66658 1.01118 26
      vertex 3.17162 0.708472 26
    endloop
  endfacet
  facet normal 0 0 1
    outer loop
      vertex 2.2 7.1 26
      vertex 3.86011 6.15584 26
      vertex 3.89035 6.35969 26
    endloop
  endfacet
  facet normal 0 0 1
    outer loop
      vertex 5.3404 7.95957 26
      vertex 2.2 9.7 26
      vertex 5.14636 7.89015 26
    endloop
  endfacet
  facet normal 0 0 1
    outer loop
      vertex 2.2 9.7 26
      vertex 4.96007 7.80203 26
      vertex 5.14636 7.89015 26
    endloop
  endfacet
  facet normal 0 0 1
    outer loop
      vertex 2.2 9.7 26
      vertex 4.7833 7.69609 26
      vertex 4.96007 7.80203 26
    endloop
  endfacet
  facet normal 0 0 1
    outer loop
      vertex 2.2 9.7 26
      vertex 4.61777 7.57332 26
      vertex 4.7833 7.69609 26
    endloop
  endfacet
  facet normal 0 0 1
    outer loop
      vertex 2.2 9.7 26
      vertex 4.46508 7.43492 26
      vertex 4.61777 7.57332 26
    endloop
  endfacet
  facet normal 0 0 1
    outer loop
      vertex 2.2 9.7 26
      vertex 4.32668 7.28223 26
      vertex 4.46508 7.43492 26
    endloop
  endfacet
  facet normal 0 0 1
    outer loop
      vertex 2.2 7.1 26
      vertex 4.32668 7.28223 26
      vertex 2.2 9.7 26
    endloop
  endfacet
  facet normal 0 0 1
    outer loop
      vertex 4.32668 7.28223 26
      vertex 2.2 7.1 26
      vertex 4.20391 7.1167 26
    endloop
  endfacet
  facet normal 0 0 1
    outer loop
      vertex 4.20391 7.1167 26
      vertex 2.2 7.1 26
      vertex 4.09797 6.93993 26
    endloop
  endfacet
  facet normal 0 0 1
    outer loop
      vertex 4.09797 6.93993 26
      vertex 2.2 7.1 26
      vertex 4.00985 6.75363 26
    endloop
  endfacet
  facet normal 0 0 1
    outer loop
      vertex 4.00985 6.75363 26
      vertex 2.2 7.1 26
      vertex 3.94042 6.5596 26
    endloop
  endfacet
  facet normal 0 0 1
    outer loop
      vertex 3.94042 6.5596 26
      vertex 2.2 7.1 26
      vertex 3.89035 6.35969 26
    endloop
  endfacet
  facet normal 0 0 1
    outer loop
      vertex 3.86011 5.74416 26
      vertex 2.2 7.1 26
      vertex 0.115288 4.82946 26
    endloop
  endfacet
  facet normal 0 0 1
    outer loop
      vertex 3.86011 5.74416 26
      vertex 2.19364 1.36194 26
      vertex 2.66658 1.01118 26
    endloop
  endfacet
  facet normal 0 0 1
    outer loop
      vertex 2.2 37.4 26
      vertex 0 38.5 26
      vertex 2.2 7.1 26
    endloop
  endfacet
  facet normal 0 0 1
    outer loop
      vertex 0 38.5 26
      vertex 2.19364 43.1381 26
      vertex 1.75736 42.7426 26
    endloop
  endfacet
  facet normal 0 0 1
    outer loop
      vertex 0 6 26
      vertex 2.2 7.1 26
      vertex 0 38.5 26
    endloop
  endfacet
  facet normal 0 0 1
    outer loop
      vertex 0 38.5 26
      vertex 1.75736 42.7426 26
      vertex 1.36194 42.3064 26
    endloop
  endfacet
  facet normal 0 0 1
    outer loop
      vertex 2.2 7.1 26
      vertex 0 6 26
      vertex 0.0288916 5.4119 26
    endloop
  endfacet
  facet normal 0 0 1
    outer loop
      vertex 0 38.5 26
      vertex 1.36194 42.3064 26
      vertex 1.01118 41.8334 26
    endloop
  endfacet
  facet normal 0 0 1
    outer loop
      vertex 3.86011 5.74416 26
      vertex 1.75736 1.75736 26
      vertex 2.19364 1.36194 26
    endloop
  endfacet
  facet normal 0 0 1
    outer loop
      vertex 0 38.5 26
      vertex 1.01118 41.8334 26
      vertex 0.708472 41.3284 26
    endloop
  endfacet
  facet normal 0 0 1
    outer loop
      vertex 3.86011 5.74416 26
      vertex 1.36194 2.19364 26
      vertex 1.75736 1.75736 26
    endloop
  endfacet
  facet normal 0 0 1
    outer loop
      vertex 0 38.5 26
      vertex 0.708472 41.3284 26
      vertex 0.456722 40.7961 26
    endloop
  endfacet
  facet normal 0 0 1
    outer loop
      vertex 3.86011 5.74416 26
      vertex 1.01118 2.66658 26
      vertex 1.36194 2.19364 26
    endloop
  endfacet
  facet normal 0 0 1
    outer loop
      vertex 0 38.5 26
      vertex 0.456722 40.7961 26
      vertex 0.258357 40.2417 26
    endloop
  endfacet
  facet normal 0 0 1
    outer loop
      vertex 3.86011 5.74416 26
      vertex 0.708472 3.17162 26
      vertex 1.01118 2.66658 26
    endloop
  endfacet
  facet normal 0 0 1
    outer loop
      vertex 0 38.5 26
      vertex 0.258357 40.2417 26
      vertex 0.115288 39.6705 26
    endloop
  endfacet
  facet normal 0 0 1
    outer loop
      vertex 3.86011 5.74416 26
      vertex 0.456722 3.7039 26
      vertex 0.708472 3.17162 26
    endloop
  endfacet
  facet normal 0 0 1
    outer loop
      vertex 0 38.5 26
      vertex 0.115288 39.6705 26
      vertex 0.0288916 39.0881 26
    endloop
  endfacet
  facet normal 0 0 1
    outer loop
      vertex 3.86011 5.74416 26
      vertex 0.258357 4.25829 26
      vertex 0.456722 3.7039 26
    endloop
  endfacet
  facet normal 0 0 1
    outer loop
      vertex 3.86011 5.74416 26
      vertex 0.115288 4.82946 26
      vertex 0.258357 4.25829 26
    endloop
  endfacet
  facet normal 0 0 1
    outer loop
      vertex 2.2 7.1 26
      vertex 0.0288916 5.4119 26
      vertex 0.115288 4.82946 26
    endloop
  endfacet
  facet normal -0 0 1
    outer loop
      vertex 8.03989 5.74416 26
      vertex 9.7 2.2 26
      vertex 8.05 5.95 26
    endloop
  endfacet
  facet normal -0 0 1
    outer loop
      vertex 8.00965 5.54031 26
      vertex 9.7 2.2 26
      vertex 8.03989 5.74416 26
    endloop
  endfacet
  facet normal -0 0 1
    outer loop
      vertex 7.95957 5.3404 26
      vertex 9.7 2.2 26
      vertex 8.00965 5.54031 26
    endloop
  endfacet
  facet normal -0 0 1
    outer loop
      vertex 7.89015 5.14636 26
      vertex 9.7 2.2 26
      vertex 7.95957 5.3404 26
    endloop
  endfacet
  facet normal -0 0 1
    outer loop
      vertex 7.80203 4.96007 26
      vertex 9.7 2.2 26
      vertex 7.89015 5.14636 26
    endloop
  endfacet
  facet normal -0 0 1
    outer loop
      vertex 7.69609 4.7833 26
      vertex 9.7 2.2 26
      vertex 7.80203 4.96007 26
    endloop
  endfacet
  facet normal -0 0 1
    outer loop
      vertex 7.57332 4.61777 26
      vertex 9.7 2.2 26
      vertex 7.69609 4.7833 26
    endloop
  endfacet
  facet normal -0 0 1
    outer loop
      vertex 7.43492 4.46508 26
      vertex 9.7 2.2 26
      vertex 7.57332 4.61777 26
    endloop
  endfacet
  facet normal -0 0 1
    outer loop
      vertex 7.28223 4.32668 26
      vertex 9.7 2.2 26
      vertex 7.43492 4.46508 26
    endloop
  endfacet
  facet normal 0 0 1
    outer loop
      vertex 7.1 2.2 26
      vertex 7.28223 4.32668 26
      vertex 7.1167 4.20391 26
    endloop
  endfacet
  facet normal 0 0 1
    outer loop
      vertex 7.28223 4.32668 26
      vertex 7.1 2.2 26
      vertex 9.7 2.2 26
    endloop
  endfacet
  facet normal 0 -0 1
    outer loop
      vertex 7.1 2.2 26
      vertex 7.1167 4.20391 26
      vertex 6.93993 4.09797 26
    endloop
  endfacet
  facet normal 0 0 1
    outer loop
      vertex 55.2833 4.20391 26
      vertex 55.3 2.2 26
      vertex 55.4601 4.09797 26
    endloop
  endfacet
  facet normal 0 0 1
    outer loop
      vertex 55.1178 4.32668 26
      vertex 55.3 2.2 26
      vertex 55.2833 4.20391 26
    endloop
  endfacet
  facet normal 0 0 1
    outer loop
      vertex 52.7 2.2 26
      vertex 55.1178 4.32668 26
      vertex 54.9651 4.46508 26
    endloop
  endfacet
  facet normal 0 0 1
    outer loop
      vertex 52.7 2.2 26
      vertex 54.9651 4.46508 26
      vertex 54.8267 4.61777 26
    endloop
  endfacet
  facet normal 0 0 1
    outer loop
      vertex 52.7 2.2 26
      vertex 54.8267 4.61777 26
      vertex 54.7039 4.7833 26
    endloop
  endfacet
  facet normal 0 0 1
    outer loop
      vertex 52.7 2.2 26
      vertex 54.7039 4.7833 26
      vertex 54.598 4.96007 26
    endloop
  endfacet
  facet normal 0 0 1
    outer loop
      vertex 52.7 2.2 26
      vertex 54.598 4.96007 26
      vertex 54.5099 5.14636 26
    endloop
  endfacet
  facet normal 0 0 1
    outer loop
      vertex 52.7 2.2 26
      vertex 54.5099 5.14636 26
      vertex 54.4404 5.3404 26
    endloop
  endfacet
  facet normal 0 0 1
    outer loop
      vertex 52.7 2.2 26
      vertex 54.35 5.95 26
      vertex 52.7 9.7 26
    endloop
  endfacet
  facet normal 0 0 1
    outer loop
      vertex 54.35 5.95 26
      vertex 52.7 2.2 26
      vertex 54.3601 5.74416 26
    endloop
  endfacet
  facet normal 0 0 1
    outer loop
      vertex 54.3601 5.74416 26
      vertex 52.7 2.2 26
      vertex 54.3904 5.54031 26
    endloop
  endfacet
  facet normal 0 0 1
    outer loop
      vertex 54.3904 5.54031 26
      vertex 52.7 2.2 26
      vertex 54.4404 5.3404 26
    endloop
  endfacet
  facet normal 0 0 1
    outer loop
      vertex 55.1178 4.32668 26
      vertex 52.7 2.2 26
      vertex 55.3 2.2 26
    endloop
  endfacet
  facet normal 0 0 1
    outer loop
      vertex 62.3711 39.0881 26
      vertex 58.5399 38.7558 26
      vertex 58.55 38.55 26
    endloop
  endfacet
  facet normal 0 0 1
    outer loop
      vertex 59.2284 43.7915 26
      vertex 58.5096 38.9597 26
      vertex 58.5399 38.7558 26
    endloop
  endfacet
  facet normal 0 0 1
    outer loop
      vertex 59.2284 43.7915 26
      vertex 58.4596 39.1596 26
      vertex 58.5096 38.9597 26
    endloop
  endfacet
  facet normal 0 0 1
    outer loop
      vertex 59.2284 43.7915 26
      vertex 58.3901 39.3536 26
      vertex 58.4596 39.1596 26
    endloop
  endfacet
  facet normal 0 0 1
    outer loop
      vertex 59.2284 43.7915 26
      vertex 58.302 39.5399 26
      vertex 58.3901 39.3536 26
    endloop
  endfacet
  facet normal 0 0 1
    outer loop
      vertex 59.2284 43.7915 26
      vertex 58.1961 39.7167 26
      vertex 58.302 39.5399 26
    endloop
  endfacet
  facet normal 0 0 1
    outer loop
      vertex 57.0596 40.5596 26
      vertex 58.6961 44.0433 26
      vertex 58.1417 44.2416 26
    endloop
  endfacet
  facet normal 0 0 1
    outer loop
      vertex 59.2284 43.7915 26
      vertex 58.0733 39.8822 26
      vertex 58.1961 39.7167 26
    endloop
  endfacet
  facet normal 0 0 1
    outer loop
      vertex 59.2284 43.7915 26
      vertex 57.9349 40.0349 26
      vertex 58.0733 39.8822 26
    endloop
  endfacet
  facet normal 0 0 1
    outer loop
      vertex 59.2284 43.7915 26
      vertex 57.7822 40.1733 26
      vertex 57.9349 40.0349 26
    endloop
  endfacet
  facet normal 0 0 1
    outer loop
      vertex 59.2284 43.7915 26
      vertex 57.6167 40.2961 26
      vertex 57.7822 40.1733 26
    endloop
  endfacet
  facet normal 0 0 1
    outer loop
      vertex 56.8597 40.6096 26
      vertex 58.1417 44.2416 26
      vertex 57.5705 44.3847 26
    endloop
  endfacet
  facet normal 0 0 1
    outer loop
      vertex 59.2284 43.7915 26
      vertex 57.4399 40.402 26
      vertex 57.6167 40.2961 26
    endloop
  endfacet
  facet normal 0 0 1
    outer loop
      vertex 59.2284 43.7915 26
      vertex 57.2536 40.4901 26
      vertex 57.4399 40.402 26
    endloop
  endfacet
  facet normal 0 0 1
    outer loop
      vertex 58.6961 44.0433 26
      vertex 57.0596 40.5596 26
      vertex 57.2536 40.4901 26
    endloop
  endfacet
  facet normal 0 0 1
    outer loop
      vertex 56.6558 40.6399 26
      vertex 57.5705 44.3847 26
      vertex 56.9881 44.4711 26
    endloop
  endfacet
  facet normal 0 0 1
    outer loop
      vertex 58.1417 44.2416 26
      vertex 56.8597 40.6096 26
      vertex 57.0596 40.5596 26
    endloop
  endfacet
  facet normal 0 0 1
    outer loop
      vertex 57.5705 44.3847 26
      vertex 56.6558 40.6399 26
      vertex 56.8597 40.6096 26
    endloop
  endfacet
  facet normal 0 0 1
    outer loop
      vertex 56.9881 44.4711 26
      vertex 56.45 40.65 26
      vertex 56.6558 40.6399 26
    endloop
  endfacet
  facet normal 0 0 1
    outer loop
      vertex 56.4 44.5 26
      vertex 56.45 40.65 26
      vertex 56.9881 44.4711 26
    endloop
  endfacet
  facet normal 0 0 1
    outer loop
      vertex 56.4 44.5 26
      vertex 56.2442 40.6399 26
      vertex 56.45 40.65 26
    endloop
  endfacet
  facet normal 0 0 1
    outer loop
      vertex 56.4 44.5 26
      vertex 56.0403 40.6096 26
      vertex 56.2442 40.6399 26
    endloop
  endfacet
  facet normal 0 0 1
    outer loop
      vertex 56.4 44.5 26
      vertex 55.8404 40.5596 26
      vertex 56.0403 40.6096 26
    endloop
  endfacet
  facet normal 0 0 1
    outer loop
      vertex 56.4 44.5 26
      vertex 55.6464 40.4901 26
      vertex 55.8404 40.5596 26
    endloop
  endfacet
  facet normal -0 0 1
    outer loop
      vertex 52.7 42.3 26
      vertex 55.6464 40.4901 26
      vertex 56.4 44.5 26
    endloop
  endfacet
  facet normal 0 0 1
    outer loop
      vertex 55.6464 40.4901 26
      vertex 52.7 42.3 26
      vertex 55.4601 40.402 26
    endloop
  endfacet
  facet normal 0 0 1
    outer loop
      vertex 55.4601 40.402 26
      vertex 52.7 42.3 26
      vertex 55.2833 40.2961 26
    endloop
  endfacet
  facet normal 0 0 1
    outer loop
      vertex 55.2833 40.2961 26
      vertex 52.7 42.3 26
      vertex 55.1178 40.1733 26
    endloop
  endfacet
  facet normal 0 0 1
    outer loop
      vertex 55.1178 40.1733 26
      vertex 52.7 42.3 26
      vertex 54.9651 40.0349 26
    endloop
  endfacet
  facet normal 0 0 1
    outer loop
      vertex 54.9651 40.0349 26
      vertex 52.7 42.3 26
      vertex 54.8267 39.8822 26
    endloop
  endfacet
  facet normal 0 0 1
    outer loop
      vertex 54.8267 39.8822 26
      vertex 52.7 42.3 26
      vertex 54.7039 39.7167 26
    endloop
  endfacet
  facet normal 0 0 1
    outer loop
      vertex 54.7039 39.7167 26
      vertex 52.7 42.3 26
      vertex 54.598 39.5399 26
    endloop
  endfacet
  facet normal 0 0 1
    outer loop
      vertex 54.3601 38.7558 26
      vertex 52.7 42.3 26
      vertex 54.35 38.55 26
    endloop
  endfacet
  facet normal 0 0 1
    outer loop
      vertex 54.3904 38.9597 26
      vertex 52.7 42.3 26
      vertex 54.3601 38.7558 26
    endloop
  endfacet
  facet normal 0 0 1
    outer loop
      vertex 54.4404 39.1596 26
      vertex 52.7 42.3 26
      vertex 54.3904 38.9597 26
    endloop
  endfacet
  facet normal 0 0 1
    outer loop
      vertex 54.5099 39.3536 26
      vertex 52.7 42.3 26
      vertex 54.4404 39.1596 26
    endloop
  endfacet
  facet normal 0 0 1
    outer loop
      vertex 54.598 39.5399 26
      vertex 52.7 42.3 26
      vertex 54.5099 39.3536 26
    endloop
  endfacet
  facet normal 0 0 1
    outer loop
      vertex 56.4 44.5 26
      vertex 9.7 42.3 26
      vertex 52.7 42.3 26
    endloop
  endfacet
  facet normal 0 0 1
    outer loop
      vertex 9.7 42.3 26
      vertex 8.05 38.55 26
      vertex 9.7 34.8 26
    endloop
  endfacet
  facet normal 0 0 1
    outer loop
      vertex 9.7 42.3 26
      vertex 8.03989 38.7558 26
      vertex 8.05 38.55 26
    endloop
  endfacet
  facet normal 0 0 1
    outer loop
      vertex 9.7 42.3 26
      vertex 8.00965 38.9597 26
      vertex 8.03989 38.7558 26
    endloop
  endfacet
  facet normal 0 0 1
    outer loop
      vertex 9.7 42.3 26
      vertex 7.95957 39.1596 26
      vertex 8.00965 38.9597 26
    endloop
  endfacet
  facet normal 0 0 1
    outer loop
      vertex 9.7 42.3 26
      vertex 7.89015 39.3536 26
      vertex 7.95957 39.1596 26
    endloop
  endfacet
  facet normal 0 0 1
    outer loop
      vertex 9.7 42.3 26
      vertex 7.80203 39.5399 26
      vertex 7.89015 39.3536 26
    endloop
  endfacet
  facet normal 0 0 1
    outer loop
      vertex 9.7 42.3 26
      vertex 7.69609 39.7167 26
      vertex 7.80203 39.5399 26
    endloop
  endfacet
  facet normal 0 0 1
    outer loop
      vertex 9.7 42.3 26
      vertex 7.57332 39.8822 26
      vertex 7.69609 39.7167 26
    endloop
  endfacet
  facet normal 0 0 1
    outer loop
      vertex 9.7 42.3 26
      vertex 7.43492 40.0349 26
      vertex 7.57332 39.8822 26
    endloop
  endfacet
  facet normal 0 0 1
    outer loop
      vertex 9.7 42.3 26
      vertex 7.28223 40.1733 26
      vertex 7.43492 40.0349 26
    endloop
  endfacet
  facet normal 0 0 1
    outer loop
      vertex 9.7 42.3 26
      vertex 7.1167 40.2961 26
      vertex 7.28223 40.1733 26
    endloop
  endfacet
  facet normal 0 0 1
    outer loop
      vertex 9.7 42.3 26
      vertex 6.93993 40.402 26
      vertex 7.1167 40.2961 26
    endloop
  endfacet
  facet normal 0 0 1
    outer loop
      vertex 9.7 42.3 26
      vertex 6.75363 40.4901 26
      vertex 6.93993 40.402 26
    endloop
  endfacet
  facet normal 0 0 1
    outer loop
      vertex 9.7 42.3 26
      vertex 6.5596 40.5596 26
      vertex 6.75363 40.4901 26
    endloop
  endfacet
  facet normal 0 0 1
    outer loop
      vertex 6 44.5 26
      vertex 6.5596 40.5596 26
      vertex 9.7 42.3 26
    endloop
  endfacet
  facet normal 0 0 1
    outer loop
      vertex 6.5596 40.5596 26
      vertex 6 44.5 26
      vertex 6.35969 40.6096 26
    endloop
  endfacet
  facet normal -0 0 1
    outer loop
      vertex 6 44.5 26
      vertex 9.7 42.3 26
      vertex 56.4 44.5 26
    endloop
  endfacet
  facet normal 0 0 1
    outer loop
      vertex 6.35969 40.6096 26
      vertex 6 44.5 26
      vertex 6.15584 40.6399 26
    endloop
  endfacet
  facet normal 0 0 1
    outer loop
      vertex 6 44.5 26
      vertex 5.95 40.65 26
      vertex 6.15584 40.6399 26
    endloop
  endfacet
  facet normal -0 0 1
    outer loop
      vertex 5.4119 44.4711 26
      vertex 5.95 40.65 26
      vertex 6 44.5 26
    endloop
  endfacet
  facet normal 0 0 1
    outer loop
      vertex 5.95 40.65 26
      vertex 5.4119 44.4711 26
      vertex 5.74416 40.6399 26
    endloop
  endfacet
  facet normal -0 0 1
    outer loop
      vertex 4.82946 44.3847 26
      vertex 5.74416 40.6399 26
      vertex 5.4119 44.4711 26
    endloop
  endfacet
  facet normal 0 0 1
    outer loop
      vertex 5.74416 40.6399 26
      vertex 4.82946 44.3847 26
      vertex 5.54031 40.6096 26
    endloop
  endfacet
  facet normal -0 0 1
    outer loop
      vertex 4.25829 44.2416 26
      vertex 5.54031 40.6096 26
      vertex 4.82946 44.3847 26
    endloop
  endfacet
  facet normal 0 0 1
    outer loop
      vertex 5.54031 40.6096 26
      vertex 4.25829 44.2416 26
      vertex 5.3404 40.5596 26
    endloop
  endfacet
  facet normal -0 0 1
    outer loop
      vertex 3.7039 44.0433 26
      vertex 5.3404 40.5596 26
      vertex 4.25829 44.2416 26
    endloop
  endfacet
  facet normal 0 0 1
    outer loop
      vertex 5.3404 40.5596 26
      vertex 3.7039 44.0433 26
      vertex 5.14636 40.4901 26
    endloop
  endfacet
  facet normal -0 0 1
    outer loop
      vertex 3.17162 43.7915 26
      vertex 5.14636 40.4901 26
      vertex 3.7039 44.0433 26
    endloop
  endfacet
  facet normal 0 0 1
    outer loop
      vertex 5.14636 40.4901 26
      vertex 3.17162 43.7915 26
      vertex 4.96007 40.402 26
    endloop
  endfacet
  facet normal 0 0 1
    outer loop
      vertex 4.96007 40.402 26
      vertex 3.17162 43.7915 26
      vertex 4.7833 40.2961 26
    endloop
  endfacet
  facet normal -0 0 1
    outer loop
      vertex 2.66658 43.4888 26
      vertex 4.7833 40.2961 26
      vertex 3.17162 43.7915 26
    endloop
  endfacet
  facet normal 0 0 1
    outer loop
      vertex 4.7833 40.2961 26
      vertex 2.66658 43.4888 26
      vertex 4.61777 40.1733 26
    endloop
  endfacet
  facet normal -0 0 1
    outer loop
      vertex 2.19364 43.1381 26
      vertex 4.61777 40.1733 26
      vertex 2.66658 43.4888 26
    endloop
  endfacet
  facet normal 0 0 1
    outer loop
      vertex 4.61777 40.1733 26
      vertex 2.19364 43.1381 26
      vertex 4.46508 40.0349 26
    endloop
  endfacet
  facet normal 0 0 1
    outer loop
      vertex 4.46508 40.0349 26
      vertex 2.19364 43.1381 26
      vertex 4.32668 39.8822 26
    endloop
  endfacet
  facet normal 0 0 1
    outer loop
      vertex 4.32668 39.8822 26
      vertex 2.19364 43.1381 26
      vertex 4.20391 39.7167 26
    endloop
  endfacet
  facet normal 0 0 1
    outer loop
      vertex 4.20391 39.7167 26
      vertex 2.19364 43.1381 26
      vertex 4.09797 39.5399 26
    endloop
  endfacet
  facet normal 0 0 1
    outer loop
      vertex 0 38.5 26
      vertex 4.00985 39.3536 26
      vertex 2.19364 43.1381 26
    endloop
  endfacet
  facet normal 0 0 1
    outer loop
      vertex 4.09797 39.5399 26
      vertex 2.19364 43.1381 26
      vertex 4.00985 39.3536 26
    endloop
  endfacet
  facet normal -0 0 1
    outer loop
      vertex 58.55 38.55 26
      vertex 62.4 38.5 26
      vertex 62.3711 39.0881 26
    endloop
  endfacet
  facet normal 0 0 1
    outer loop
      vertex 62.4 38.5 26
      vertex 60.2 34.8 26
      vertex 62.4 6 26
    endloop
  endfacet
  facet normal 0 0 1
    outer loop
      vertex 58.5399 38.7558 26
      vertex 62.3711 39.0881 26
      vertex 62.2847 39.6705 26
    endloop
  endfacet
  facet normal -0 0 1
    outer loop
      vertex 60.2 9.7 26
      vertex 62.4 6 26
      vertex 60.2 34.8 26
    endloop
  endfacet
  facet normal 0 0 1
    outer loop
      vertex 58.5399 38.7558 26
      vertex 62.2847 39.6705 26
      vertex 62.1416 40.2417 26
    endloop
  endfacet
  facet normal -0 0 1
    outer loop
      vertex 58.4596 6.5596 26
      vertex 62.4 6 26
      vertex 60.2 9.7 26
    endloop
  endfacet
  facet normal 0 0 1
    outer loop
      vertex 58.5399 38.7558 26
      vertex 62.1416 40.2417 26
      vertex 61.9433 40.7961 26
    endloop
  endfacet
  facet normal -0 -0 1
    outer loop
      vertex 58.5096 6.35969 26
      vertex 62.4 6 26
      vertex 58.4596 6.5596 26
    endloop
  endfacet
  facet normal 0 0 1
    outer loop
      vertex 58.5399 38.7558 26
      vertex 61.9433 40.7961 26
      vertex 61.6915 41.3284 26
    endloop
  endfacet
  facet normal -0 -0 1
    outer loop
      vertex 58.5399 6.15584 26
      vertex 62.4 6 26
      vertex 58.5096 6.35969 26
    endloop
  endfacet
  facet normal 0 0 1
    outer loop
      vertex 58.5399 38.7558 26
      vertex 61.6915 41.3284 26
      vertex 61.3888 41.8334 26
    endloop
  endfacet
  facet normal 0 0 1
    outer loop
      vertex 62.4 6 26
      vertex 58.55 5.95 26
      vertex 62.3711 5.4119 26
    endloop
  endfacet
  facet normal 0 0 1
    outer loop
      vertex 58.5399 38.7558 26
      vertex 61.3888 41.8334 26
      vertex 61.0381 42.3064 26
    endloop
  endfacet
  facet normal -0 0 1
    outer loop
      vertex 58.5399 5.74416 26
      vertex 62.3711 5.4119 26
      vertex 58.55 5.95 26
    endloop
  endfacet
  facet normal 0 0 1
    outer loop
      vertex 58.5399 38.7558 26
      vertex 61.0381 42.3064 26
      vertex 60.6426 42.7426 26
    endloop
  endfacet
  facet normal -0 0 1
    outer loop
      vertex 58.5096 5.54031 26
      vertex 62.2847 4.82946 26
      vertex 58.5399 5.74416 26
    endloop
  endfacet
  facet normal 0 0 1
    outer loop
      vertex 58.5399 38.7558 26
      vertex 60.6426 42.7426 26
      vertex 60.2064 43.1381 26
    endloop
  endfacet
  facet normal 0 0 1
    outer loop
      vertex 62.2847 4.82946 26
      vertex 58.5096 5.54031 26
      vertex 62.1416 4.25829 26
    endloop
  endfacet
  facet normal 0 0 1
    outer loop
      vertex 62.1416 4.25829 26
      vertex 58.4596 5.3404 26
      vertex 61.9433 3.7039 26
    endloop
  endfacet
  facet normal 0 0 1
    outer loop
      vertex 58.5399 38.7558 26
      vertex 60.2064 43.1381 26
      vertex 59.7334 43.4888 26
    endloop
  endfacet
  facet normal 0 0 1
    outer loop
      vertex 58.5399 38.7558 26
      vertex 59.7334 43.4888 26
      vertex 59.2284 43.7915 26
    endloop
  endfacet
  facet normal 0 0 1
    outer loop
      vertex 57.2536 40.4901 26
      vertex 59.2284 43.7915 26
      vertex 58.6961 44.0433 26
    endloop
  endfacet
  facet normal 0 0 1
    outer loop
      vertex 62.4 38.5 26
      vertex 58.55 38.55 26
      vertex 58.5399 38.3442 26
    endloop
  endfacet
  facet normal 0 0 1
    outer loop
      vertex 62.4 38.5 26
      vertex 58.5399 38.3442 26
      vertex 58.5096 38.1403 26
    endloop
  endfacet
  facet normal 0 0 1
    outer loop
      vertex 62.4 38.5 26
      vertex 58.5096 38.1403 26
      vertex 58.4596 37.9404 26
    endloop
  endfacet
  facet normal 0 0 1
    outer loop
      vertex 62.4 38.5 26
      vertex 58.4596 37.9404 26
      vertex 60.2 34.8 26
    endloop
  endfacet
  facet normal -0 0 1
    outer loop
      vertex 58.3901 37.7464 26
      vertex 60.2 34.8 26
      vertex 58.4596 37.9404 26
    endloop
  endfacet
  facet normal -0 0 1
    outer loop
      vertex 58.302 37.5601 26
      vertex 60.2 34.8 26
      vertex 58.3901 37.7464 26
    endloop
  endfacet
  facet normal -0 0 1
    outer loop
      vertex 58.1961 37.3833 26
      vertex 60.2 34.8 26
      vertex 58.302 37.5601 26
    endloop
  endfacet
  facet normal -0 0 1
    outer loop
      vertex 58.0733 37.2178 26
      vertex 60.2 34.8 26
      vertex 58.1961 37.3833 26
    endloop
  endfacet
  facet normal -0 0 1
    outer loop
      vertex 57.9349 37.0651 26
      vertex 60.2 34.8 26
      vertex 58.0733 37.2178 26
    endloop
  endfacet
  facet normal -0 0 1
    outer loop
      vertex 57.7822 36.9267 26
      vertex 60.2 34.8 26
      vertex 57.9349 37.0651 26
    endloop
  endfacet
  facet normal -0 0 1
    outer loop
      vertex 57.6167 36.8039 26
      vertex 60.2 34.8 26
      vertex 57.7822 36.9267 26
    endloop
  endfacet
  facet normal -0 0 1
    outer loop
      vertex 57.4399 36.698 26
      vertex 60.2 34.8 26
      vertex 57.6167 36.8039 26
    endloop
  endfacet
  facet normal -0 0 1
    outer loop
      vertex 57.2536 36.6099 26
      vertex 60.2 34.8 26
      vertex 57.4399 36.698 26
    endloop
  endfacet
  facet normal -0 0 1
    outer loop
      vertex 57.0596 36.5404 26
      vertex 60.2 34.8 26
      vertex 57.2536 36.6099 26
    endloop
  endfacet
  facet normal -0 0 1
    outer loop
      vertex 56.8597 36.4903 26
      vertex 60.2 34.8 26
      vertex 57.0596 36.5404 26
    endloop
  endfacet
  facet normal -0 0 1
    outer loop
      vertex 56.6558 36.4601 26
      vertex 60.2 34.8 26
      vertex 56.8597 36.4903 26
    endloop
  endfacet
  facet normal -0 0 1
    outer loop
      vertex 56.45 36.45 26
      vertex 60.2 34.8 26
      vertex 56.6558 36.4601 26
    endloop
  endfacet
  facet normal 0 0 1
    outer loop
      vertex 52.7 34.8 26
      vertex 56.45 36.45 26
      vertex 56.2442 36.4601 26
    endloop
  endfacet
  facet normal 0 0 1
    outer loop
      vertex 52.7 34.8 26
      vertex 56.2442 36.4601 26
      vertex 56.0403 36.4903 26
    endloop
  endfacet
  facet normal 0 0 1
    outer loop
      vertex 52.7 34.8 26
      vertex 56.0403 36.4903 26
      vertex 55.8404 36.5404 26
    endloop
  endfacet
  facet normal 0 0 1
    outer loop
      vertex 52.7 34.8 26
      vertex 55.8404 36.5404 26
      vertex 55.6464 36.6099 26
    endloop
  endfacet
  facet normal 0 0 1
    outer loop
      vertex 52.7 34.8 26
      vertex 54.35 38.55 26
      vertex 52.7 42.3 26
    endloop
  endfacet
  facet normal 0 0 1
    outer loop
      vertex 54.35 38.55 26
      vertex 52.7 34.8 26
      vertex 54.3601 38.3442 26
    endloop
  endfacet
  facet normal 0 0 1
    outer loop
      vertex 54.3601 38.3442 26
      vertex 52.7 34.8 26
      vertex 54.3904 38.1403 26
    endloop
  endfacet
  facet normal 0 0 1
    outer loop
      vertex 54.3904 38.1403 26
      vertex 52.7 34.8 26
      vertex 54.4404 37.9404 26
    endloop
  endfacet
  facet normal 0 0 1
    outer loop
      vertex 56.45 36.45 26
      vertex 52.7 34.8 26
      vertex 60.2 34.8 26
    endloop
  endfacet
  facet normal 0 0 1
    outer loop
      vertex 55.4601 36.698 26
      vertex 52.7 34.8 26
      vertex 55.6464 36.6099 26
    endloop
  endfacet
  facet normal 0 0 1
    outer loop
      vertex 55.2833 36.8039 26
      vertex 52.7 34.8 26
      vertex 55.4601 36.698 26
    endloop
  endfacet
  facet normal 0 0 1
    outer loop
      vertex 55.1178 36.9267 26
      vertex 52.7 34.8 26
      vertex 55.2833 36.8039 26
    endloop
  endfacet
  facet normal 0 0 1
    outer loop
      vertex 54.9651 37.0651 26
      vertex 52.7 34.8 26
      vertex 55.1178 36.9267 26
    endloop
  endfacet
  facet normal 0 0 1
    outer loop
      vertex 54.8267 37.2178 26
      vertex 52.7 34.8 26
      vertex 54.9651 37.0651 26
    endloop
  endfacet
  facet normal 0 0 1
    outer loop
      vertex 54.7039 37.3833 26
      vertex 52.7 34.8 26
      vertex 54.8267 37.2178 26
    endloop
  endfacet
  facet normal 0 0 1
    outer loop
      vertex 54.598 37.5601 26
      vertex 52.7 34.8 26
      vertex 54.7039 37.3833 26
    endloop
  endfacet
  facet normal 0 0 1
    outer loop
      vertex 54.5099 37.7464 26
      vertex 52.7 34.8 26
      vertex 54.598 37.5601 26
    endloop
  endfacet
  facet normal 0 0 1
    outer loop
      vertex 54.4404 37.9404 26
      vertex 52.7 34.8 26
      vertex 54.5099 37.7464 26
    endloop
  endfacet
  facet normal -0 0 1
    outer loop
      vertex 58.3901 5.14636 26
      vertex 61.9433 3.7039 26
      vertex 58.4596 5.3404 26
    endloop
  endfacet
  facet normal -0 0 1
    outer loop
      vertex 58.302 4.96007 26
      vertex 61.6915 3.17162 26
      vertex 58.3901 5.14636 26
    endloop
  endfacet
  facet normal 0 0 1
    outer loop
      vertex 61.6915 3.17162 26
      vertex 58.302 4.96007 26
      vertex 61.3888 2.66658 26
    endloop
  endfacet
  facet normal 0 0 1
    outer loop
      vertex 61.3888 2.66658 26
      vertex 58.1961 4.7833 26
      vertex 61.0381 2.19364 26
    endloop
  endfacet
  facet normal 0 0 1
    outer loop
      vertex 61.9433 3.7039 26
      vertex 58.3901 5.14636 26
      vertex 61.6915 3.17162 26
    endloop
  endfacet
  facet normal -0 0 1
    outer loop
      vertex 58.4596 5.3404 26
      vertex 62.1416 4.25829 26
      vertex 58.5096 5.54031 26
    endloop
  endfacet
  facet normal 0 0 1
    outer loop
      vertex 62.3711 5.4119 26
      vertex 58.5399 5.74416 26
      vertex 62.2847 4.82946 26
    endloop
  endfacet
  facet normal 0 -0 1
    outer loop
      vertex 58.55 5.95 26
      vertex 62.4 6 26
      vertex 58.5399 6.15584 26
    endloop
  endfacet
  facet normal 0 0 1
    outer loop
      vertex 60.2 9.7 26
      vertex 58.3901 6.75363 26
      vertex 58.4596 6.5596 26
    endloop
  endfacet
  facet normal 0 0 1
    outer loop
      vertex 60.2 9.7 26
      vertex 58.302 6.93993 26
      vertex 58.3901 6.75363 26
    endloop
  endfacet
  facet normal 0 0 1
    outer loop
      vertex 60.2 9.7 26
      vertex 58.1961 7.1167 26
      vertex 58.302 6.93993 26
    endloop
  endfacet
  facet normal 0 0 1
    outer loop
      vertex 60.2 9.7 26
      vertex 58.0733 7.28223 26
      vertex 58.1961 7.1167 26
    endloop
  endfacet
  facet normal 0 0 1
    outer loop
      vertex 60.2 9.7 26
      vertex 57.9349 7.43492 26
      vertex 58.0733 7.28223 26
    endloop
  endfacet
  facet normal 0 0 1
    outer loop
      vertex 60.2 9.7 26
      vertex 57.7822 7.57332 26
      vertex 57.9349 7.43492 26
    endloop
  endfacet
  facet normal 0 0 1
    outer loop
      vertex 60.2 9.7 26
      vertex 57.6167 7.69609 26
      vertex 57.7822 7.57332 26
    endloop
  endfacet
  facet normal 0 0 1
    outer loop
      vertex 60.2 9.7 26
      vertex 57.4399 7.80203 26
      vertex 57.6167 7.69609 26
    endloop
  endfacet
  facet normal 0 0 1
    outer loop
      vertex 60.2 9.7 26
      vertex 57.2536 7.89015 26
      vertex 57.4399 7.80203 26
    endloop
  endfacet
  facet normal 0 0 1
    outer loop
      vertex 60.2 9.7 26
      vertex 57.0596 7.95957 26
      vertex 57.2536 7.89015 26
    endloop
  endfacet
  facet normal 0 0 1
    outer loop
      vertex 60.2 9.7 26
      vertex 56.8597 8.00965 26
      vertex 57.0596 7.95957 26
    endloop
  endfacet
  facet normal 0 0 1
    outer loop
      vertex 60.2 9.7 26
      vertex 56.6558 8.03989 26
      vertex 56.8597 8.00965 26
    endloop
  endfacet
  facet normal 0 0 1
    outer loop
      vertex 60.2 9.7 26
      vertex 56.45 8.05 26
      vertex 56.6558 8.03989 26
    endloop
  endfacet
  facet normal -0 0 1
    outer loop
      vertex 52.7 9.7 26
      vertex 56.45 8.05 26
      vertex 60.2 9.7 26
    endloop
  endfacet
  facet normal 0 0 1
    outer loop
      vertex 56.45 8.05 26
      vertex 52.7 9.7 26
      vertex 56.2442 8.03989 26
    endloop
  endfacet
  facet normal 0 0 1
    outer loop
      vertex 56.2442 8.03989 26
      vertex 52.7 9.7 26
      vertex 56.0403 8.00965 26
    endloop
  endfacet
  facet normal 0 0 1
    outer loop
      vertex 56.0403 8.00965 26
      vertex 52.7 9.7 26
      vertex 55.8404 7.95957 26
    endloop
  endfacet
  facet normal 0 0 1
    outer loop
      vertex 54.3601 6.15584 26
      vertex 52.7 9.7 26
      vertex 54.35 5.95 26
    endloop
  endfacet
  facet normal 0 0 1
    outer loop
      vertex 54.3904 6.35969 26
      vertex 52.7 9.7 26
      vertex 54.3601 6.15584 26
    endloop
  endfacet
  facet normal 0 0 1
    outer loop
      vertex 54.4404 6.5596 26
      vertex 52.7 9.7 26
      vertex 54.3904 6.35969 26
    endloop
  endfacet
  facet normal 0 0 1
    outer loop
      vertex 54.5099 6.75363 26
      vertex 52.7 9.7 26
      vertex 54.4404 6.5596 26
    endloop
  endfacet
  facet normal 0 0 1
    outer loop
      vertex 54.598 6.93993 26
      vertex 52.7 9.7 26
      vertex 54.5099 6.75363 26
    endloop
  endfacet
  facet normal 0 0 1
    outer loop
      vertex 54.7039 7.1167 26
      vertex 52.7 9.7 26
      vertex 54.598 6.93993 26
    endloop
  endfacet
  facet normal 0 0 1
    outer loop
      vertex 54.8267 7.28223 26
      vertex 52.7 9.7 26
      vertex 54.7039 7.1167 26
    endloop
  endfacet
  facet normal 0 0 1
    outer loop
      vertex 54.9651 7.43492 26
      vertex 52.7 9.7 26
      vertex 54.8267 7.28223 26
    endloop
  endfacet
  facet normal 0 0 1
    outer loop
      vertex 55.1178 7.57332 26
      vertex 52.7 9.7 26
      vertex 54.9651 7.43492 26
    endloop
  endfacet
  facet normal 0 0 1
    outer loop
      vertex 55.2833 7.69609 26
      vertex 52.7 9.7 26
      vertex 55.1178 7.57332 26
    endloop
  endfacet
  facet normal 0 0 1
    outer loop
      vertex 55.4601 7.80203 26
      vertex 52.7 9.7 26
      vertex 55.2833 7.69609 26
    endloop
  endfacet
  facet normal 0 0 1
    outer loop
      vertex 55.6464 7.89015 26
      vertex 52.7 9.7 26
      vertex 55.4601 7.80203 26
    endloop
  endfacet
  facet normal 0 0 1
    outer loop
      vertex 55.8404 7.95957 26
      vertex 52.7 9.7 26
      vertex 55.6464 7.89015 26
    endloop
  endfacet
  facet normal -0 0 1
    outer loop
      vertex 58.1961 4.7833 26
      vertex 61.3888 2.66658 26
      vertex 58.302 4.96007 26
    endloop
  endfacet
  facet normal -0 0 1
    outer loop
      vertex 58.0733 4.61777 26
      vertex 61.0381 2.19364 26
      vertex 58.1961 4.7833 26
    endloop
  endfacet
  facet normal 0 0 1
    outer loop
      vertex 61.0381 2.19364 26
      vertex 58.0733 4.61777 26
      vertex 60.6426 1.75736 26
    endloop
  endfacet
  facet normal -0 0 1
    outer loop
      vertex 57.9349 4.46508 26
      vertex 60.6426 1.75736 26
      vertex 58.0733 4.61777 26
    endloop
  endfacet
  facet normal 0 0 1
    outer loop
      vertex 60.6426 1.75736 26
      vertex 57.9349 4.46508 26
      vertex 60.2064 1.36194 26
    endloop
  endfacet
  facet normal -0 0 1
    outer loop
      vertex 57.7822 4.32668 26
      vertex 60.2064 1.36194 26
      vertex 57.9349 4.46508 26
    endloop
  endfacet
  facet normal 0 0 1
    outer loop
      vertex 60.2064 1.36194 26
      vertex 57.7822 4.32668 26
      vertex 59.7334 1.01118 26
    endloop
  endfacet
  facet normal -0 0 1
    outer loop
      vertex 57.6167 4.20391 26
      vertex 59.7334 1.01118 26
      vertex 57.7822 4.32668 26
    endloop
  endfacet
  facet normal 0 0 1
    outer loop
      vertex 59.7334 1.01118 26
      vertex 57.6167 4.20391 26
      vertex 59.2284 0.708472 26
    endloop
  endfacet
  facet normal -0 0 1
    outer loop
      vertex 57.4399 4.09797 26
      vertex 59.2284 0.708472 26
      vertex 57.6167 4.20391 26
    endloop
  endfacet
  facet normal -0 0 1
    outer loop
      vertex 57.2536 4.00985 26
      vertex 59.2284 0.708472 26
      vertex 57.4399 4.09797 26
    endloop
  endfacet
  facet normal 0 0 1
    outer loop
      vertex 59.2284 0.708472 26
      vertex 57.2536 4.00985 26
      vertex 58.6961 0.456722 26
    endloop
  endfacet
  facet normal -0 0 1
    outer loop
      vertex 57.0596 3.94042 26
      vertex 58.6961 0.456722 26
      vertex 57.2536 4.00985 26
    endloop
  endfacet
  facet normal 0 0 1
    outer loop
      vertex 58.6961 0.456722 26
      vertex 57.0596 3.94042 26
      vertex 58.1417 0.258357 26
    endloop
  endfacet
  facet normal -0 0 1
    outer loop
      vertex 56.8597 3.89035 26
      vertex 58.1417 0.258357 26
      vertex 57.0596 3.94042 26
    endloop
  endfacet
  facet normal 0 0 1
    outer loop
      vertex 58.1417 0.258357 26
      vertex 56.8597 3.89035 26
      vertex 57.5705 0.115288 26
    endloop
  endfacet
  facet normal -0 0 1
    outer loop
      vertex 55.3 2.2 26
      vertex 57.5705 0.115288 26
      vertex 56.8597 3.89035 26
    endloop
  endfacet
  facet normal 0 0 1
    outer loop
      vertex 55.3 2.2 26
      vertex 56.8597 3.89035 26
      vertex 56.6558 3.86011 26
    endloop
  endfacet
  facet normal 0 0 1
    outer loop
      vertex 55.3 2.2 26
      vertex 56.6558 3.86011 26
      vertex 56.45 3.85 26
    endloop
  endfacet
  facet normal 0 0 1
    outer loop
      vertex 57.5705 0.115288 26
      vertex 55.3 2.2 26
      vertex 56.9881 0.0288916 26
    endloop
  endfacet
  facet normal 0 0 1
    outer loop
      vertex 55.3 2.2 26
      vertex 56.45 3.85 26
      vertex 56.2442 3.86011 26
    endloop
  endfacet
  facet normal 0 0 1
    outer loop
      vertex 55.3 2.2 26
      vertex 56.2442 3.86011 26
      vertex 56.0403 3.89035 26
    endloop
  endfacet
  facet normal 0 0 1
    outer loop
      vertex 55.3 2.2 26
      vertex 56.0403 3.89035 26
      vertex 55.8404 3.94042 26
    endloop
  endfacet
  facet normal 0 0 1
    outer loop
      vertex 55.3 2.2 26
      vertex 55.8404 3.94042 26
      vertex 55.6464 4.00985 26
    endloop
  endfacet
  facet normal 0 0 1
    outer loop
      vertex 55.3 2.2 26
      vertex 55.6464 4.00985 26
      vertex 55.4601 4.09797 26
    endloop
  endfacet
  facet normal 0 0 1
    outer loop
      vertex 56.9881 0.0288916 26
      vertex 55.3 2.2 26
      vertex 56.4 0 26
    endloop
  endfacet
  facet normal -0 0 1
    outer loop
      vertex 7.1 2.2 26
      vertex 56.4 0 26
      vertex 55.3 2.2 26
    endloop
  endfacet
  facet normal -0 0 1
    outer loop
      vertex 6.75363 4.00985 26
      vertex 7.1 2.2 26
      vertex 6.93993 4.09797 26
    endloop
  endfacet
  facet normal -0 0 1
    outer loop
      vertex 6.5596 3.94042 26
      vertex 7.1 2.2 26
      vertex 6.75363 4.00985 26
    endloop
  endfacet
  facet normal -0 0 1
    outer loop
      vertex 6.35969 3.89035 26
      vertex 7.1 2.2 26
      vertex 6.5596 3.94042 26
    endloop
  endfacet
  facet normal -0 0 1
    outer loop
      vertex 6.15584 3.86011 26
      vertex 7.1 2.2 26
      vertex 6.35969 3.89035 26
    endloop
  endfacet
  facet normal 0 0 1
    outer loop
      vertex 7.1 2.2 26
      vertex 6 0 26
      vertex 56.4 0 26
    endloop
  endfacet
  facet normal -0 0 1
    outer loop
      vertex 5.95 3.85 26
      vertex 7.1 2.2 26
      vertex 6.15584 3.86011 26
    endloop
  endfacet
  facet normal 0 0 1
    outer loop
      vertex 5.74416 3.86011 26
      vertex 7.1 2.2 26
      vertex 5.95 3.85 26
    endloop
  endfacet
  facet normal 0 0 1
    outer loop
      vertex 5.54031 3.89035 26
      vertex 7.1 2.2 26
      vertex 5.74416 3.86011 26
    endloop
  endfacet
  facet normal 0 0 1
    outer loop
      vertex 7.1 2.2 26
      vertex 5.54031 3.89035 26
      vertex 4.82946 0.115288 26
    endloop
  endfacet
  facet normal 0 0 1
    outer loop
      vertex 7.1 2.2 26
      vertex 5.4119 0.0288916 26
      vertex 6 0 26
    endloop
  endfacet
  facet normal 0 0 1
    outer loop
      vertex 4.25829 0.258357 26
      vertex 5.54031 3.89035 26
      vertex 5.3404 3.94042 26
    endloop
  endfacet
  facet normal 0 0 1
    outer loop
      vertex 3.7039 0.456722 26
      vertex 5.3404 3.94042 26
      vertex 5.14636 4.00985 26
    endloop
  endfacet
  facet normal 0 0 1
    outer loop
      vertex 3.17162 0.708472 26
      vertex 5.14636 4.00985 26
      vertex 4.96007 4.09797 26
    endloop
  endfacet
  facet normal 0 0 1
    outer loop
      vertex 7.1 2.2 26
      vertex 4.82946 0.115288 26
      vertex 5.4119 0.0288916 26
    endloop
  endfacet
  facet normal 0 0 1
    outer loop
      vertex 3.17162 0.708472 26
      vertex 4.96007 4.09797 26
      vertex 4.7833 4.20391 26
    endloop
  endfacet
  facet normal 0 0 1
    outer loop
      vertex 3.17162 0.708472 26
      vertex 4.7833 4.20391 26
      vertex 4.61777 4.32668 26
    endloop
  endfacet
  facet normal 0 0 1
    outer loop
      vertex 3.17162 0.708472 26
      vertex 4.61777 4.32668 26
      vertex 4.46508 4.46508 26
    endloop
  endfacet
  facet normal 0 0 1
    outer loop
      vertex 3.17162 0.708472 26
      vertex 4.46508 4.46508 26
      vertex 4.32668 4.61777 26
    endloop
  endfacet
  facet normal 0 0 1
    outer loop
      vertex 5.54031 3.89035 26
      vertex 4.25829 0.258357 26
      vertex 4.82946 0.115288 26
    endloop
  endfacet
  facet normal 0 0 1
    outer loop
      vertex 3.17162 0.708472 26
      vertex 4.32668 4.61777 26
      vertex 4.20391 4.7833 26
    endloop
  endfacet
  facet normal 0 0 1
    outer loop
      vertex 3.17162 0.708472 26
      vertex 4.20391 4.7833 26
      vertex 4.09797 4.96007 26
    endloop
  endfacet
  facet normal 0 0 1
    outer loop
      vertex 3.17162 0.708472 26
      vertex 4.09797 4.96007 26
      vertex 4.00985 5.14636 26
    endloop
  endfacet
  facet normal 0 0 1
    outer loop
      vertex 3.17162 0.708472 26
      vertex 4.00985 5.14636 26
      vertex 3.94042 5.3404 26
    endloop
  endfacet
  facet normal 0 0 1
    outer loop
      vertex 3.17162 0.708472 26
      vertex 3.94042 5.3404 26
      vertex 3.89035 5.54031 26
    endloop
  endfacet
  facet normal 0 0 1
    outer loop
      vertex 3.17162 0.708472 26
      vertex 3.89035 5.54031 26
      vertex 3.86011 5.74416 26
    endloop
  endfacet
  facet normal 0 0 1
    outer loop
      vertex 5.3404 3.94042 26
      vertex 3.7039 0.456722 26
      vertex 4.25829 0.258357 26
    endloop
  endfacet
  facet normal 0 0 1
    outer loop
      vertex 2.2 7.1 26
      vertex 3.86011 5.74416 26
      vertex 3.85 5.95 26
    endloop
  endfacet
  facet normal -0 0 1
    outer loop
      vertex 8.03989 38.3442 26
      vertex 9.7 34.8 26
      vertex 8.05 38.55 26
    endloop
  endfacet
  facet normal -0 0 1
    outer loop
      vertex 8.00965 38.1403 26
      vertex 9.7 34.8 26
      vertex 8.03989 38.3442 26
    endloop
  endfacet
  facet normal -0 0 1
    outer loop
      vertex 7.95957 37.9404 26
      vertex 9.7 34.8 26
      vertex 8.00965 38.1403 26
    endloop
  endfacet
  facet normal -0 0 1
    outer loop
      vertex 7.89015 37.7464 26
      vertex 9.7 34.8 26
      vertex 7.95957 37.9404 26
    endloop
  endfacet
  facet normal -0 0 1
    outer loop
      vertex 7.80203 37.5601 26
      vertex 9.7 34.8 26
      vertex 7.89015 37.7464 26
    endloop
  endfacet
  facet normal -0 0 1
    outer loop
      vertex 7.69609 37.3833 26
      vertex 9.7 34.8 26
      vertex 7.80203 37.5601 26
    endloop
  endfacet
  facet normal -0 0 1
    outer loop
      vertex 7.57332 37.2178 26
      vertex 9.7 34.8 26
      vertex 7.69609 37.3833 26
    endloop
  endfacet
  facet normal -0 0 1
    outer loop
      vertex 7.43492 37.0651 26
      vertex 9.7 34.8 26
      vertex 7.57332 37.2178 26
    endloop
  endfacet
  facet normal -0 0 1
    outer loop
      vertex 7.28223 36.9267 26
      vertex 9.7 34.8 26
      vertex 7.43492 37.0651 26
    endloop
  endfacet
  facet normal -0 0 1
    outer loop
      vertex 7.1167 36.8039 26
      vertex 9.7 34.8 26
      vertex 7.28223 36.9267 26
    endloop
  endfacet
  facet normal -0 0 1
    outer loop
      vertex 6.93993 36.698 26
      vertex 9.7 34.8 26
      vertex 7.1167 36.8039 26
    endloop
  endfacet
  facet normal -0 0 1
    outer loop
      vertex 6.75363 36.6099 26
      vertex 9.7 34.8 26
      vertex 6.93993 36.698 26
    endloop
  endfacet
  facet normal -0 0 1
    outer loop
      vertex 6.5596 36.5404 26
      vertex 9.7 34.8 26
      vertex 6.75363 36.6099 26
    endloop
  endfacet
  facet normal -0 0 1
    outer loop
      vertex 6.35969 36.4903 26
      vertex 9.7 34.8 26
      vertex 6.5596 36.5404 26
    endloop
  endfacet
  facet normal -0 0 1
    outer loop
      vertex 6.15584 36.4601 26
      vertex 9.7 34.8 26
      vertex 6.35969 36.4903 26
    endloop
  endfacet
  facet normal -0 0 1
    outer loop
      vertex 5.95 36.45 26
      vertex 9.7 34.8 26
      vertex 6.15584 36.4601 26
    endloop
  endfacet
  facet normal 0 0 1
    outer loop
      vertex 2.2 34.8 26
      vertex 5.95 36.45 26
      vertex 5.74416 36.4601 26
    endloop
  endfacet
  facet normal 0 0 1
    outer loop
      vertex 2.2 34.8 26
      vertex 5.74416 36.4601 26
      vertex 5.54031 36.4903 26
    endloop
  endfacet
  facet normal 0 0 1
    outer loop
      vertex 2.2 34.8 26
      vertex 5.54031 36.4903 26
      vertex 5.3404 36.5404 26
    endloop
  endfacet
  facet normal 0 0 1
    outer loop
      vertex 2.2 34.8 26
      vertex 5.3404 36.5404 26
      vertex 5.14636 36.6099 26
    endloop
  endfacet
  facet normal 0 0 1
    outer loop
      vertex 4.00985 39.3536 26
      vertex 0 38.5 26
      vertex 3.94042 39.1596 26
    endloop
  endfacet
  facet normal 0 0 1
    outer loop
      vertex 0 38.5 26
      vertex 3.89035 38.9597 26
      vertex 3.94042 39.1596 26
    endloop
  endfacet
  facet normal 0 0 1
    outer loop
      vertex 3.89035 38.9597 26
      vertex 2.2 37.4 26
      vertex 3.86011 38.7558 26
    endloop
  endfacet
  facet normal 0 0 1
    outer loop
      vertex 3.86011 38.7558 26
      vertex 2.2 37.4 26
      vertex 3.85 38.55 26
    endloop
  endfacet
  facet normal 0 0 1
    outer loop
      vertex 3.85 38.55 26
      vertex 2.2 37.4 26
      vertex 3.86011 38.3442 26
    endloop
  endfacet
  facet normal 0 0 1
    outer loop
      vertex 2.2 37.4 26
      vertex 3.94042 37.9404 26
      vertex 3.89035 38.1403 26
    endloop
  endfacet
  facet normal 0 0 1
    outer loop
      vertex 2.2 37.4 26
      vertex 4.00985 37.7464 26
      vertex 3.94042 37.9404 26
    endloop
  endfacet
  facet normal 0 0 1
    outer loop
      vertex 2.2 37.4 26
      vertex 4.09797 37.5601 26
      vertex 4.00985 37.7464 26
    endloop
  endfacet
  facet normal -0 0 1
    outer loop
      vertex 2.2 37.4 26
      vertex 4.20391 37.3833 26
      vertex 4.09797 37.5601 26
    endloop
  endfacet
  facet normal 0 0 1
    outer loop
      vertex 2.2 37.4 26
      vertex 4.32668 37.2178 26
      vertex 4.20391 37.3833 26
    endloop
  endfacet
  facet normal 0 0 1
    outer loop
      vertex 2.2 34.8 26
      vertex 4.32668 37.2178 26
      vertex 2.2 37.4 26
    endloop
  endfacet
  facet normal 0 0 1
    outer loop
      vertex 4.32668 37.2178 26
      vertex 2.2 34.8 26
      vertex 4.46508 37.0651 26
    endloop
  endfacet
  facet normal 0 0 1
    outer loop
      vertex 4.46508 37.0651 26
      vertex 2.2 34.8 26
      vertex 4.61777 36.9267 26
    endloop
  endfacet
  facet normal 0 0 1
    outer loop
      vertex 4.61777 36.9267 26
      vertex 2.2 34.8 26
      vertex 4.7833 36.8039 26
    endloop
  endfacet
  facet normal 0 0 1
    outer loop
      vertex 4.7833 36.8039 26
      vertex 2.2 34.8 26
      vertex 4.96007 36.698 26
    endloop
  endfacet
  facet normal 0 0 1
    outer loop
      vertex 4.96007 36.698 26
      vertex 2.2 34.8 26
      vertex 5.14636 36.6099 26
    endloop
  endfacet
  facet normal 0 0 1
    outer loop
      vertex 5.95 36.45 26
      vertex 2.2 34.8 26
      vertex 9.7 34.8 26
    endloop
  endfacet
  facet normal 0 0 1
    outer loop
      vertex 3.89035 38.9597 26
      vertex 0 38.5 26
      vertex 2.2 37.4 26
    endloop
  endfacet
  facet normal 0 0 1
    outer loop
      vertex 3.86011 38.3442 26
      vertex 2.2 37.4 26
      vertex 3.89035 38.1403 26
    endloop
  endfacet
  facet normal 0.903956 -0.427625 0
    outer loop
      vertex 61.6915 3.17162 26
      vertex 61.9433 3.7039 0
      vertex 61.9433 3.7039 26
    endloop
  endfacet
  facet normal 0.903956 -0.427625 0
    outer loop
      vertex 61.9433 3.7039 0
      vertex 61.6915 3.17162 26
      vertex 61.6915 3.17162 0
    endloop
  endfacet
  facet normal 0.671625 -0.740891 0
    outer loop
      vertex 60.2064 1.36194 0
      vertex 60.6426 1.75736 26
      vertex 60.2064 1.36194 26
    endloop
  endfacet
  facet normal 0.671625 -0.740891 0
    outer loop
      vertex 60.6426 1.75736 26
      vertex 60.2064 1.36194 0
      vertex 60.6426 1.75736 0
    endloop
  endfacet
  facet normal -0.740891 0.671625 0
    outer loop
      vertex 1.36194 42.3064 0
      vertex 1.75736 42.7426 26
      vertex 1.75736 42.7426 0
    endloop
  endfacet
  facet normal -0.740891 0.671625 0
    outer loop
      vertex 1.75736 42.7426 26
      vertex 1.36194 42.3064 0
      vertex 1.36194 42.3064 26
    endloop
  endfacet
  facet normal 0.595655 -0.803241 0
    outer loop
      vertex 59.7334 1.01118 0
      vertex 60.2064 1.36194 26
      vertex 59.7334 1.01118 26
    endloop
  endfacet
  facet normal 0.595655 -0.803241 0
    outer loop
      vertex 60.2064 1.36194 26
      vertex 59.7334 1.01118 0
      vertex 60.2064 1.36194 0
    endloop
  endfacet
  facet normal 0.998795 0.0490821 0
    outer loop
      vertex 62.4 38.5 26
      vertex 62.3711 39.0881 0
      vertex 62.3711 39.0881 26
    endloop
  endfacet
  facet normal 0.998795 0.0490821 0
    outer loop
      vertex 62.3711 39.0881 0
      vertex 62.4 38.5 26
      vertex 62.4 38.5 0
    endloop
  endfacet
  facet normal -0.85773 -0.514101 0
    outer loop
      vertex 1.01118 2.66658 0
      vertex 0.708472 3.17162 26
      vertex 0.708472 3.17162 0
    endloop
  endfacet
  facet normal -0.85773 -0.514101 0
    outer loop
      vertex 0.708472 3.17162 26
      vertex 1.01118 2.66658 0
      vertex 1.01118 2.66658 26
    endloop
  endfacet
  facet normal 0.970023 0.243015 0
    outer loop
      vertex 62.2847 39.6705 26
      vertex 62.1416 40.2417 0
      vertex 62.1416 40.2417 26
    endloop
  endfacet
  facet normal 0.970023 0.243015 0
    outer loop
      vertex 62.1416 40.2417 0
      vertex 62.2847 39.6705 26
      vertex 62.2847 39.6705 0
    endloop
  endfacet
  facet normal -0.0490821 0.998795 0
    outer loop
      vertex 6 44.5 0
      vertex 5.4119 44.4711 26
      vertex 6 44.5 26
    endloop
  endfacet
  facet normal -0.0490821 0.998795 0
    outer loop
      vertex 5.4119 44.4711 26
      vertex 6 44.5 0
      vertex 5.4119 44.4711 0
    endloop
  endfacet
  facet normal -0.857712 0.514131 0
    outer loop
      vertex 0.708472 41.3284 0
      vertex 1.01118 41.8334 26
      vertex 1.01118 41.8334 0
    endloop
  endfacet
  facet normal -0.857712 0.514131 0
    outer loop
      vertex 1.01118 41.8334 26
      vertex 0.708472 41.3284 0
      vertex 0.708472 41.3284 26
    endloop
  endfacet
  facet normal 0.857736 -0.514091 0
    outer loop
      vertex 61.3888 2.66658 26
      vertex 61.6915 3.17162 0
      vertex 61.6915 3.17162 26
    endloop
  endfacet
  facet normal 0.857736 -0.514091 0
    outer loop
      vertex 61.6915 3.17162 0
      vertex 61.3888 2.66658 26
      vertex 61.3888 2.66658 0
    endloop
  endfacet
  facet normal -0.671558 -0.740952 0
    outer loop
      vertex 1.75736 1.75736 0
      vertex 2.19364 1.36194 26
      vertex 1.75736 1.75736 26
    endloop
  endfacet
  facet normal -0.671558 -0.740952 -0
    outer loop
      vertex 2.19364 1.36194 26
      vertex 1.75736 1.75736 0
      vertex 2.19364 1.36194 0
    endloop
  endfacet
  facet normal -0.941545 0.336886 0
    outer loop
      vertex 0.258357 40.2417 0
      vertex 0.456722 40.7961 26
      vertex 0.456722 40.7961 0
    endloop
  endfacet
  facet normal -0.941545 0.336886 0
    outer loop
      vertex 0.456722 40.7961 26
      vertex 0.258357 40.2417 0
      vertex 0.258357 40.2417 26
    endloop
  endfacet
  facet normal 0 0 -1
    outer loop
      vertex 56.4 0 0
      vertex 62.4 6 0
      vertex 62.3711 5.4119 0
    endloop
  endfacet
  facet normal -0 0 -1
    outer loop
      vertex 62.4 6 0
      vertex 56.4 0 0
      vertex 62.4 38.5 0
    endloop
  endfacet
  facet normal 0 0 -1
    outer loop
      vertex 56.4 0 0
      vertex 62.3711 5.4119 0
      vertex 62.2847 4.82946 0
    endloop
  endfacet
  facet normal 0 0 -1
    outer loop
      vertex 56.4 44.5 0
      vertex 62.4 38.5 0
      vertex 56.4 0 0
    endloop
  endfacet
  facet normal 0 0 -1
    outer loop
      vertex 56.4 0 0
      vertex 62.2847 4.82946 0
      vertex 62.1416 4.25829 0
    endloop
  endfacet
  facet normal 0 0 -1
    outer loop
      vertex 62.4 38.5 0
      vertex 56.4 44.5 0
      vertex 62.3711 39.0881 0
    endloop
  endfacet
  facet normal 0 0 -1
    outer loop
      vertex 56.4 0 0
      vertex 62.1416 4.25829 0
      vertex 61.9433 3.7039 0
    endloop
  endfacet
  facet normal 0 0 -1
    outer loop
      vertex 62.3711 39.0881 0
      vertex 56.4 44.5 0
      vertex 62.2847 39.6705 0
    endloop
  endfacet
  facet normal 0 0 -1
    outer loop
      vertex 56.4 0 0
      vertex 61.9433 3.7039 0
      vertex 61.6915 3.17162 0
    endloop
  endfacet
  facet normal 0 0 -1
    outer loop
      vertex 62.2847 39.6705 0
      vertex 56.4 44.5 0
      vertex 62.1416 40.2417 0
    endloop
  endfacet
  facet normal 0 0 -1
    outer loop
      vertex 56.4 0 0
      vertex 61.6915 3.17162 0
      vertex 61.3888 2.66658 0
    endloop
  endfacet
  facet normal 0 0 -1
    outer loop
      vertex 62.1416 40.2417 0
      vertex 56.4 44.5 0
      vertex 61.9433 40.7961 0
    endloop
  endfacet
  facet normal 0 0 -1
    outer loop
      vertex 56.4 0 0
      vertex 61.3888 2.66658 0
      vertex 61.0381 2.19364 0
    endloop
  endfacet
  facet normal 0 0 -1
    outer loop
      vertex 61.9433 40.7961 0
      vertex 56.4 44.5 0
      vertex 61.6915 41.3284 0
    endloop
  endfacet
  facet normal 0 0 -1
    outer loop
      vertex 56.4 0 0
      vertex 61.0381 2.19364 0
      vertex 60.6426 1.75736 0
    endloop
  endfacet
  facet normal 0 0 -1
    outer loop
      vertex 61.6915 41.3284 0
      vertex 56.4 44.5 0
      vertex 61.3888 41.8334 0
    endloop
  endfacet
  facet normal 0 0 -1
    outer loop
      vertex 56.4 0 0
      vertex 60.6426 1.75736 0
      vertex 60.2064 1.36194 0
    endloop
  endfacet
  facet normal 0 0 -1
    outer loop
      vertex 61.3888 41.8334 0
      vertex 56.4 44.5 0
      vertex 61.0381 42.3064 0
    endloop
  endfacet
  facet normal 0 0 -1
    outer loop
      vertex 56.4 0 0
      vertex 60.2064 1.36194 0
      vertex 59.7334 1.01118 0
    endloop
  endfacet
  facet normal 0 0 -1
    outer loop
      vertex 61.0381 42.3064 0
      vertex 56.4 44.5 0
      vertex 60.6426 42.7426 0
    endloop
  endfacet
  facet normal 0 0 -1
    outer loop
      vertex 56.4 0 0
      vertex 59.7334 1.01118 0
      vertex 59.2284 0.708472 0
    endloop
  endfacet
  facet normal 0 0 -1
    outer loop
      vertex 60.6426 42.7426 0
      vertex 56.4 44.5 0
      vertex 60.2064 43.1381 0
    endloop
  endfacet
  facet normal 0 0 -1
    outer loop
      vertex 56.4 0 0
      vertex 59.2284 0.708472 0
      vertex 58.6961 0.456722 0
    endloop
  endfacet
  facet normal 0 0 -1
    outer loop
      vertex 60.2064 43.1381 0
      vertex 56.4 44.5 0
      vertex 59.7334 43.4888 0
    endloop
  endfacet
  facet normal 0 0 -1
    outer loop
      vertex 56.4 0 0
      vertex 58.6961 0.456722 0
      vertex 58.1417 0.258357 0
    endloop
  endfacet
  facet normal 0 0 -1
    outer loop
      vertex 59.7334 43.4888 0
      vertex 56.4 44.5 0
      vertex 59.2284 43.7915 0
    endloop
  endfacet
  facet normal 0 0 -1
    outer loop
      vertex 56.4 0 0
      vertex 58.1417 0.258357 0
      vertex 57.5705 0.115288 0
    endloop
  endfacet
  facet normal 0 0 -1
    outer loop
      vertex 59.2284 43.7915 0
      vertex 56.4 44.5 0
      vertex 58.6961 44.0433 0
    endloop
  endfacet
  facet normal 0 0 -1
    outer loop
      vertex 56.4 0 0
      vertex 57.5705 0.115288 0
      vertex 56.9881 0.0288916 0
    endloop
  endfacet
  facet normal 0 0 -1
    outer loop
      vertex 58.6961 44.0433 0
      vertex 56.4 44.5 0
      vertex 58.1417 44.2416 0
    endloop
  endfacet
  facet normal 0 0 -1
    outer loop
      vertex 58.1417 44.2416 0
      vertex 56.4 44.5 0
      vertex 57.5705 44.3847 0
    endloop
  endfacet
  facet normal 0 0 -1
    outer loop
      vertex 57.5705 44.3847 0
      vertex 56.4 44.5 0
      vertex 56.9881 44.4711 0
    endloop
  endfacet
  facet normal 0 0 -1
    outer loop
      vertex 6 0 0
      vertex 56.4 44.5 0
      vertex 56.4 0 0
    endloop
  endfacet
  facet normal 0 0 -1
    outer loop
      vertex 6 0 0
      vertex 6 44.5 0
      vertex 56.4 44.5 0
    endloop
  endfacet
  facet normal 0 0 -1
    outer loop
      vertex 0 6 0
      vertex 6 0 0
      vertex 5.4119 0.0288916 0
    endloop
  endfacet
  facet normal 0 0 -1
    outer loop
      vertex 6 0 0
      vertex 0 6 0
      vertex 6 44.5 0
    endloop
  endfacet
  facet normal 0 0 -1
    outer loop
      vertex 0 6 0
      vertex 5.4119 0.0288916 0
      vertex 4.82946 0.115288 0
    endloop
  endfacet
  facet normal 0 0 -1
    outer loop
      vertex 0 38.5 0
      vertex 6 44.5 0
      vertex 0 6 0
    endloop
  endfacet
  facet normal 0 0 -1
    outer loop
      vertex 0 6 0
      vertex 4.82946 0.115288 0
      vertex 4.25829 0.258357 0
    endloop
  endfacet
  facet normal 0 0 -1
    outer loop
      vertex 6 44.5 0
      vertex 0 38.5 0
      vertex 5.4119 44.4711 0
    endloop
  endfacet
  facet normal 0 0 -1
    outer loop
      vertex 0 6 0
      vertex 4.25829 0.258357 0
      vertex 3.7039 0.456722 0
    endloop
  endfacet
  facet normal 0 0 -1
    outer loop
      vertex 5.4119 44.4711 0
      vertex 0 38.5 0
      vertex 4.82946 44.3847 0
    endloop
  endfacet
  facet normal 0 0 -1
    outer loop
      vertex 0 6 0
      vertex 3.7039 0.456722 0
      vertex 3.17162 0.708472 0
    endloop
  endfacet
  facet normal 0 0 -1
    outer loop
      vertex 4.82946 44.3847 0
      vertex 0 38.5 0
      vertex 4.25829 44.2416 0
    endloop
  endfacet
  facet normal 0 0 -1
    outer loop
      vertex 0 6 0
      vertex 3.17162 0.708472 0
      vertex 2.66658 1.01118 0
    endloop
  endfacet
  facet normal 0 0 -1
    outer loop
      vertex 4.25829 44.2416 0
      vertex 0 38.5 0
      vertex 3.7039 44.0433 0
    endloop
  endfacet
  facet normal 0 0 -1
    outer loop
      vertex 0 6 0
      vertex 2.66658 1.01118 0
      vertex 2.19364 1.36194 0
    endloop
  endfacet
  facet normal 0 0 -1
    outer loop
      vertex 3.7039 44.0433 0
      vertex 0 38.5 0
      vertex 3.17162 43.7915 0
    endloop
  endfacet
  facet normal 0 0 -1
    outer loop
      vertex 0 6 0
      vertex 2.19364 1.36194 0
      vertex 1.75736 1.75736 0
    endloop
  endfacet
  facet normal 0 0 -1
    outer loop
      vertex 3.17162 43.7915 0
      vertex 0 38.5 0
      vertex 2.66658 43.4888 0
    endloop
  endfacet
  facet normal 0 0 -1
    outer loop
      vertex 0 6 0
      vertex 1.75736 1.75736 0
      vertex 1.36194 2.19364 0
    endloop
  endfacet
  facet normal 0 0 -1
    outer loop
      vertex 2.66658 43.4888 0
      vertex 0 38.5 0
      vertex 2.19364 43.1381 0
    endloop
  endfacet
  facet normal 0 0 -1
    outer loop
      vertex 0 6 0
      vertex 1.36194 2.19364 0
      vertex 1.01118 2.66658 0
    endloop
  endfacet
  facet normal 0 0 -1
    outer loop
      vertex 2.19364 43.1381 0
      vertex 0 38.5 0
      vertex 1.75736 42.7426 0
    endloop
  endfacet
  facet normal 0 0 -1
    outer loop
      vertex 0 6 0
      vertex 1.01118 2.66658 0
      vertex 0.708472 3.17162 0
    endloop
  endfacet
  facet normal 0 0 -1
    outer loop
      vertex 1.75736 42.7426 0
      vertex 0 38.5 0
      vertex 1.36194 42.3064 0
    endloop
  endfacet
  facet normal 0 0 -1
    outer loop
      vertex 0 6 0
      vertex 0.708472 3.17162 0
      vertex 0.456722 3.7039 0
    endloop
  endfacet
  facet normal 0 0 -1
    outer loop
      vertex 1.36194 42.3064 0
      vertex 0 38.5 0
      vertex 1.01118 41.8334 0
    endloop
  endfacet
  facet normal 0 0 -1
    outer loop
      vertex 0 6 0
      vertex 0.456722 3.7039 0
      vertex 0.258357 4.25829 0
    endloop
  endfacet
  facet normal 0 0 -1
    outer loop
      vertex 1.01118 41.8334 0
      vertex 0 38.5 0
      vertex 0.708472 41.3284 0
    endloop
  endfacet
  facet normal 0 0 -1
    outer loop
      vertex 0 6 0
      vertex 0.258357 4.25829 0
      vertex 0.115288 4.82946 0
    endloop
  endfacet
  facet normal 0 0 -1
    outer loop
      vertex 0.708472 41.3284 0
      vertex 0 38.5 0
      vertex 0.456722 40.7961 0
    endloop
  endfacet
  facet normal 0 0 -1
    outer loop
      vertex 0 6 0
      vertex 0.115288 4.82946 0
      vertex 0.0288916 5.4119 0
    endloop
  endfacet
  facet normal 0 0 -1
    outer loop
      vertex 0.456722 40.7961 0
      vertex 0 38.5 0
      vertex 0.258357 40.2417 0
    endloop
  endfacet
  facet normal 0 0 -1
    outer loop
      vertex 0.258357 40.2417 0
      vertex 0 38.5 0
      vertex 0.115288 39.6705 0
    endloop
  endfacet
  facet normal 0 0 -1
    outer loop
      vertex 0.115288 39.6705 0
      vertex 0 38.5 0
      vertex 0.0288916 39.0881 0
    endloop
  endfacet
  facet normal 0.740823 0.6717 0
    outer loop
      vertex 61.0381 42.3064 26
      vertex 60.6426 42.7426 0
      vertex 60.6426 42.7426 26
    endloop
  endfacet
  facet normal 0.740823 0.6717 0
    outer loop
      vertex 60.6426 42.7426 0
      vertex 61.0381 42.3064 26
      vertex 61.0381 42.3064 0
    endloop
  endfacet
  facet normal 0.427612 0.903962 -0
    outer loop
      vertex 59.2284 43.7915 0
      vertex 58.6961 44.0433 26
      vertex 59.2284 43.7915 26
    endloop
  endfacet
  facet normal 0.427612 0.903962 0
    outer loop
      vertex 58.6961 44.0433 26
      vertex 59.2284 43.7915 0
      vertex 58.6961 44.0433 0
    endloop
  endfacet
  facet normal 0.989174 0.146746 0
    outer loop
      vertex 62.3711 39.0881 26
      vertex 62.2847 39.6705 0
      vertex 62.2847 39.6705 26
    endloop
  endfacet
  facet normal 0.989174 0.146746 0
    outer loop
      vertex 62.2847 39.6705 0
      vertex 62.3711 39.0881 26
      vertex 62.3711 39.0881 0
    endloop
  endfacet
  facet normal -0.146736 0.989176 0
    outer loop
      vertex 5.4119 44.4711 0
      vertex 4.82946 44.3847 26
      vertex 5.4119 44.4711 26
    endloop
  endfacet
  facet normal -0.146736 0.989176 0
    outer loop
      vertex 4.82946 44.3847 26
      vertex 5.4119 44.4711 0
      vertex 4.82946 44.3847 0
    endloop
  endfacet
  facet normal -0.998795 0.0490678 0
    outer loop
      vertex 0 38.5 0
      vertex 0.0288916 39.0881 26
      vertex 0.0288916 39.0881 0
    endloop
  endfacet
  facet normal -0.998795 0.0490678 0
    outer loop
      vertex 0.0288916 39.0881 26
      vertex 0 38.5 0
      vertex 0 38.5 26
    endloop
  endfacet
  facet normal -0.242878 -0.970057 0
    outer loop
      vertex 56.2559 42.2058 2.2
      vertex 56.7224 42.089 19.4305
      vertex 56.2559 42.2058 20.0764
    endloop
  endfacet
  facet normal -0.242878 -0.970057 -0
    outer loop
      vertex 56.7224 42.089 19.4305
      vertex 56.2559 42.2058 2.2
      vertex 56.7224 42.089 2.2
    endloop
  endfacet
  facet normal -0.803133 -0.595799 0
    outer loop
      vertex 59.3742 40.1223 2.2
      vertex 59.0877 40.5085 17.0959
      vertex 59.0877 40.5085 2.2
    endloop
  endfacet
  facet normal -0.803133 -0.595799 0
    outer loop
      vertex 59.0877 40.5085 17.0959
      vertex 59.3742 40.1223 2.2
      vertex 59.3742 40.1223 17.6307
    endloop
  endfacet
  facet normal -0.427559 0.903988 0
    outer loop
      vertex 57.1751 2.57299 2.2
      vertex 57.6098 2.77859 18.2018
      vertex 57.6098 2.77859 2.2
    endloop
  endfacet
  facet normal -0.427559 0.903988 0
    outer loop
      vertex 57.6098 2.77859 18.2018
      vertex 57.1751 2.57299 2.2
      vertex 57.1751 2.57299 18.8036
    endloop
  endfacet
  facet normal 1 -0 0
    outer loop
      vertex 2.2 7.1 26
      vertex 2.2 37.4 2.2
      vertex 2.2 37.4 26
    endloop
  endfacet
  facet normal 1 0 0
    outer loop
      vertex 2.2 37.4 2.2
      vertex 2.2 7.1 26
      vertex 2.2 7.1 2.2
    endloop
  endfacet
  facet normal -0.998795 0.0490788 0
    outer loop
      vertex 60.1764 6.61972 20.735
      vertex 60.2 7.1 2.2
      vertex 60.1764 6.61972 2.2
    endloop
  endfacet
  facet normal -0.998795 0.0490788 0
    outer loop
      vertex 60.2 7.1 2.2
      vertex 60.1764 6.61972 20.735
      vertex 60.2 7.1 21.4
    endloop
  endfacet
  facet normal 0.0490788 -0.998795 0
    outer loop
      vertex 7.1 42.3 2.2
      vertex 6.61972 42.2764 20.735
      vertex 6.61972 42.2764 2.2
    endloop
  endfacet
  facet normal 0.0490788 -0.998795 0
    outer loop
      vertex 6.61972 42.2764 20.735
      vertex 7.1 42.3 2.2
      vertex 7.1 42.3 21.4
    endloop
  endfacet
  facet normal -0.970052 0.242898 0
    outer loop
      vertex 59.989 5.6776 19.4305
      vertex 60.1058 6.14406 2.2
      vertex 59.989 5.6776 2.2
    endloop
  endfacet
  facet normal -0.970052 0.242898 0
    outer loop
      vertex 60.1058 6.14406 2.2
      vertex 59.989 5.6776 19.4305
      vertex 60.1058 6.14406 20.0764
    endloop
  endfacet
  facet normal 0 -1 0
    outer loop
      vertex 9.7 42.3 25
      vertex 52.7 42.3 26
      vertex 9.7 42.3 26
    endloop
  endfacet
  facet normal 0 -1 0
    outer loop
      vertex 9.7 42.3 25
      vertex 52.7 42.3 25
      vertex 52.7 42.3 26
    endloop
  endfacet
  facet normal 0 -1 0
    outer loop
      vertex 55.3 42.3 2.2
      vertex 52.7 42.3 25
      vertex 9.7 42.3 25
    endloop
  endfacet
  facet normal 0 -1 0
    outer loop
      vertex 7.1 42.3 2.2
      vertex 9.7 42.3 25
      vertex 7.1 42.3 21.4
    endloop
  endfacet
  facet normal 0 -1 0
    outer loop
      vertex 55.3 42.3 2.2
      vertex 9.7 42.3 25
      vertex 7.1 42.3 2.2
    endloop
  endfacet
  facet normal 0 -1 0
    outer loop
      vertex 52.7 42.3 25
      vertex 55.3 42.3 2.2
      vertex 55.3 42.3 21.4
    endloop
  endfacet
  facet normal -0.336929 -0.94153 0
    outer loop
      vertex 56.7224 42.089 2.2
      vertex 57.1751 41.927 18.8036
      vertex 56.7224 42.089 19.4305
    endloop
  endfacet
  facet normal -0.336929 -0.94153 -0
    outer loop
      vertex 57.1751 41.927 18.8036
      vertex 56.7224 42.089 2.2
      vertex 57.1751 41.927 2.2
    endloop
  endfacet
  facet normal -0.740974 0.671533 0
    outer loop
      vertex 59.0877 3.99147 2.2
      vertex 58.7648 3.63518 16.6026
      vertex 59.0877 3.99147 17.0959
    endloop
  endfacet
  facet normal -0.740974 0.671533 0
    outer loop
      vertex 58.7648 3.63518 2.2
      vertex 58.7648 3.63518 16.6026
      vertex 59.0877 3.99147 2.2
    endloop
  endfacet
  facet normal 0.970032 0.242976 0
    outer loop
      vertex 2.41099 5.6776 19.4305
      vertex 2.29415 6.14406 2.2
      vertex 2.29415 6.14406 20.0764
    endloop
  endfacet
  facet normal 0.970032 0.242976 0
    outer loop
      vertex 2.29415 6.14406 2.2
      vertex 2.41099 5.6776 19.4305
      vertex 2.41099 5.6776 2.2
    endloop
  endfacet
  facet normal -1 0 0
    outer loop
      vertex 60.2 28.25 8.2
      vertex 60.2 37.4 21.4
      vertex 60.2 37.4 2.2
    endloop
  endfacet
  facet normal -1 -0 0
    outer loop
      vertex 60.2 37.4 21.4
      vertex 60.2 28.25 18.2
      vertex 60.2 34.8 25
    endloop
  endfacet
  facet normal -1 0 0
    outer loop
      vertex 60.2 37.4 21.4
      vertex 60.2 28.25 8.2
      vertex 60.2 28.25 18.2
    endloop
  endfacet
  facet normal -1 0 0
    outer loop
      vertex 60.2 37.4 2.2
      vertex 60.2 16.25 8.2
      vertex 60.2 28.25 8.2
    endloop
  endfacet
  facet normal -1 0 0
    outer loop
      vertex 60.2 7.1 21.4
      vertex 60.2 16.25 18.2
      vertex 60.2 16.25 8.2
    endloop
  endfacet
  facet normal -1 0 0
    outer loop
      vertex 60.2 7.1 2.2
      vertex 60.2 16.25 8.2
      vertex 60.2 37.4 2.2
    endloop
  endfacet
  facet normal -1 0 0
    outer loop
      vertex 60.2 7.1 21.4
      vertex 60.2 16.25 8.2
      vertex 60.2 7.1 2.2
    endloop
  endfacet
  facet normal -1 0 0
    outer loop
      vertex 60.2 16.25 18.2
      vertex 60.2 7.1 21.4
      vertex 60.2 9.7 25
    endloop
  endfacet
  facet normal -1 -0 0
    outer loop
      vertex 60.2 34.8 25
      vertex 60.2 28.25 18.2
      vertex 60.2 34.8 26
    endloop
  endfacet
  facet normal -1 0 0
    outer loop
      vertex 60.2 16.25 18.2
      vertex 60.2 34.8 26
      vertex 60.2 28.25 18.2
    endloop
  endfacet
  facet normal -1 0 0
    outer loop
      vertex 60.2 9.7 26
      vertex 60.2 16.25 18.2
      vertex 60.2 9.7 25
    endloop
  endfacet
  facet normal -1 0 0
    outer loop
      vertex 60.2 16.25 18.2
      vertex 60.2 9.7 26
      vertex 60.2 34.8 26
    endloop
  endfacet
  facet normal 0.242976 0.970032 -0
    outer loop
      vertex 6.14406 2.29415 2.2
      vertex 5.6776 2.41099 19.4305
      vertex 6.14406 2.29415 20.0764
    endloop
  endfacet
  facet normal 0.242976 0.970032 0
    outer loop
      vertex 5.6776 2.41099 19.4305
      vertex 6.14406 2.29415 2.2
      vertex 5.6776 2.41099 2.2
    endloop
  endfacet
  facet normal 0.857759 -0.514052 0
    outer loop
      vertex 2.77859 39.7098 2.2
      vertex 3.0258 40.1223 17.6307
      vertex 2.77859 39.7098 18.2018
    endloop
  endfacet
  facet normal 0.857759 -0.514052 0
    outer loop
      vertex 3.0258 40.1223 17.6307
      vertex 2.77859 39.7098 2.2
      vertex 3.0258 40.1223 2.2
    endloop
  endfacet
  facet normal 0.242898 -0.970052 0
    outer loop
      vertex 6.14406 42.2058 2.2
      vertex 5.6776 42.089 19.4305
      vertex 5.6776 42.089 2.2
    endloop
  endfacet
  facet normal 0.242898 -0.970052 0
    outer loop
      vertex 5.6776 42.089 19.4305
      vertex 6.14406 42.2058 2.2
      vertex 6.14406 42.2058 20.0764
    endloop
  endfacet
  facet normal -0.740984 -0.671523 0
    outer loop
      vertex 59.0877 40.5085 2.2
      vertex 58.7648 40.8648 16.6026
      vertex 58.7648 40.8648 2.2
    endloop
  endfacet
  facet normal -0.740984 -0.671523 0
    outer loop
      vertex 58.7648 40.8648 16.6026
      vertex 59.0877 40.5085 2.2
      vertex 59.0877 40.5085 17.0959
    endloop
  endfacet
  facet normal -0.514052 0.857759 0
    outer loop
      vertex 57.6098 2.77859 2.2
      vertex 58.0223 3.0258 17.6307
      vertex 58.0223 3.0258 2.2
    endloop
  endfacet
  facet normal -0.514052 0.857759 0
    outer loop
      vertex 58.0223 3.0258 17.6307
      vertex 57.6098 2.77859 2.2
      vertex 57.6098 2.77859 18.2018
    endloop
  endfacet
  facet normal 0.941542 0.336896 0
    outer loop
      vertex 2.57299 5.22485 18.8036
      vertex 2.41099 5.6776 2.2
      vertex 2.41099 5.6776 19.4305
    endloop
  endfacet
  facet normal 0.941542 0.336896 0
    outer loop
      vertex 2.41099 5.6776 2.2
      vertex 2.57299 5.22485 18.8036
      vertex 2.57299 5.22485 2.2
    endloop
  endfacet
  facet normal 0 1 -0
    outer loop
      vertex 55.3 2.2 2.2
      vertex 7.1 2.2 26
      vertex 55.3 2.2 26
    endloop
  endfacet
  facet normal 0 1 0
    outer loop
      vertex 7.1 2.2 26
      vertex 55.3 2.2 2.2
      vertex 7.1 2.2 2.2
    endloop
  endfacet
  facet normal 0.595692 0.803213 -0
    outer loop
      vertex 4.37771 3.0258 2.2
      vertex 3.99147 3.31225 17.0959
      vertex 4.37771 3.0258 17.6307
    endloop
  endfacet
  facet normal 0.595692 0.803213 0
    outer loop
      vertex 3.99147 3.31225 17.0959
      vertex 4.37771 3.0258 2.2
      vertex 3.99147 3.31225 2.2
    endloop
  endfacet
  facet normal 0.857731 0.514098 0
    outer loop
      vertex 3.0258 4.37771 17.6307
      vertex 2.77859 4.79016 2.2
      vertex 2.77859 4.79016 18.2018
    endloop
  endfacet
  facet normal 0.857731 0.514098 0
    outer loop
      vertex 2.77859 4.79016 2.2
      vertex 3.0258 4.37771 17.6307
      vertex 3.0258 4.37771 2.2
    endloop
  endfacet
  facet normal 0.989173 -0.146754 0
    outer loop
      vertex 2.22359 37.8803 2.2
      vertex 2.29415 38.3559 20.0764
      vertex 2.22359 37.8803 20.735
    endloop
  endfacet
  facet normal 0.989173 -0.146754 0
    outer loop
      vertex 2.29415 38.3559 20.0764
      vertex 2.22359 37.8803 2.2
      vertex 2.29415 38.3559 2.2
    endloop
  endfacet
  facet normal 0.146817 -0.989164 0
    outer loop
      vertex 6.61972 42.2764 2.2
      vertex 6.14406 42.2058 20.0764
      vertex 6.14406 42.2058 2.2
    endloop
  endfacet
  facet normal 0.146817 -0.989164 0
    outer loop
      vertex 6.14406 42.2058 20.0764
      vertex 6.61972 42.2764 2.2
      vertex 6.61972 42.2764 20.735
    endloop
  endfacet
  facet normal 0.803213 0.595692 0
    outer loop
      vertex 3.31225 3.99147 17.0959
      vertex 3.0258 4.37771 2.2
      vertex 3.0258 4.37771 17.6307
    endloop
  endfacet
  facet normal 0.803213 0.595692 0
    outer loop
      vertex 3.0258 4.37771 2.2
      vertex 3.31225 3.99147 17.0959
      vertex 3.31225 3.99147 2.2
    endloop
  endfacet
  facet normal 0.514083 -0.857741 0
    outer loop
      vertex 4.79016 41.7214 2.2
      vertex 4.37771 41.4742 17.6307
      vertex 4.37771 41.4742 2.2
    endloop
  endfacet
  facet normal 0.514083 -0.857741 0
    outer loop
      vertex 4.37771 41.4742 17.6307
      vertex 4.79016 41.7214 2.2
      vertex 4.79016 41.7214 18.2018
    endloop
  endfacet
  facet normal -0.857768 -0.514037 0
    outer loop
      vertex 59.6214 39.7098 2.2
      vertex 59.3742 40.1223 17.6307
      vertex 59.3742 40.1223 2.2
    endloop
  endfacet
  facet normal -0.857768 -0.514037 0
    outer loop
      vertex 59.3742 40.1223 17.6307
      vertex 59.6214 39.7098 2.2
      vertex 59.6214 39.7098 18.2018
    endloop
  endfacet
  facet normal 0.427567 0.903984 -0
    outer loop
      vertex 5.22485 2.57299 2.2
      vertex 4.79016 2.77859 18.2018
      vertex 5.22485 2.57299 18.8036
    endloop
  endfacet
  facet normal 0.427567 0.903984 0
    outer loop
      vertex 4.79016 2.77859 18.2018
      vertex 5.22485 2.57299 2.2
      vertex 4.79016 2.77859 2.2
    endloop
  endfacet
  facet normal -0.941542 0.336896 0
    outer loop
      vertex 59.827 5.22485 18.8036
      vertex 59.989 5.6776 2.2
      vertex 59.827 5.22485 2.2
    endloop
  endfacet
  facet normal -0.941542 0.336896 0
    outer loop
      vertex 59.989 5.6776 2.2
      vertex 59.827 5.22485 18.8036
      vertex 59.989 5.6776 19.4305
    endloop
  endfacet
  facet normal -0.336929 0.94153 0
    outer loop
      vertex 56.7224 2.41099 2.2
      vertex 57.1751 2.57299 18.8036
      vertex 57.1751 2.57299 2.2
    endloop
  endfacet
  facet normal -0.336929 0.94153 0
    outer loop
      vertex 57.1751 2.57299 18.8036
      vertex 56.7224 2.41099 2.2
      vertex 56.7224 2.41099 19.4305
    endloop
  endfacet
  facet normal 0.903984 0.427567 0
    outer loop
      vertex 2.77859 4.79016 18.2018
      vertex 2.57299 5.22485 2.2
      vertex 2.57299 5.22485 18.8036
    endloop
  endfacet
  facet normal 0.903984 0.427567 0
    outer loop
      vertex 2.57299 5.22485 2.2
      vertex 2.77859 4.79016 18.2018
      vertex 2.77859 4.79016 2.2
    endloop
  endfacet
  facet normal 0.336896 -0.941542 0
    outer loop
      vertex 5.6776 42.089 2.2
      vertex 5.22485 41.927 18.8036
      vertex 5.22485 41.927 2.2
    endloop
  endfacet
  facet normal 0.336896 -0.941542 0
    outer loop
      vertex 5.22485 41.927 18.8036
      vertex 5.6776 42.089 2.2
      vertex 5.6776 42.089 19.4305
    endloop
  endfacet
  facet normal -0.94153 -0.336929 0
    outer loop
      vertex 59.989 38.8224 2.2
      vertex 59.827 39.2751 18.8036
      vertex 59.827 39.2751 2.2
    endloop
  endfacet
  facet normal -0.94153 -0.336929 0
    outer loop
      vertex 59.827 39.2751 18.8036
      vertex 59.989 38.8224 2.2
      vertex 59.989 38.8224 19.4305
    endloop
  endfacet
  facet normal -0.146754 0.989173 0
    outer loop
      vertex 55.7803 2.22359 2.2
      vertex 56.2559 2.29415 20.0764
      vertex 56.2559 2.29415 2.2
    endloop
  endfacet
  facet normal -0.146754 0.989173 0
    outer loop
      vertex 56.2559 2.29415 20.0764
      vertex 55.7803 2.22359 2.2
      vertex 55.7803 2.22359 20.735
    endloop
  endfacet
  facet normal 0.671648 -0.740871 0
    outer loop
      vertex 3.99147 41.1878 2.2
      vertex 3.63518 40.8648 16.6026
      vertex 3.63518 40.8648 2.2
    endloop
  endfacet
  facet normal 0.671648 -0.740871 0
    outer loop
      vertex 3.63518 40.8648 16.6026
      vertex 3.99147 41.1878 2.2
      vertex 3.99147 41.1878 17.0959
    endloop
  endfacet
  facet normal 0.740953 -0.671557 0
    outer loop
      vertex 3.31225 40.5085 2.2
      vertex 3.63518 40.8648 16.6026
      vertex 3.31225 40.5085 17.0959
    endloop
  endfacet
  facet normal 0.740953 -0.671557 0
    outer loop
      vertex 3.63518 40.8648 16.6026
      vertex 3.31225 40.5085 2.2
      vertex 3.63518 40.8648 2.2
    endloop
  endfacet
  facet normal 0.146736 0.989176 -0
    outer loop
      vertex 6.61972 2.22359 2.2
      vertex 6.14406 2.29415 20.0764
      vertex 6.61972 2.22359 20.735
    endloop
  endfacet
  facet normal 0.146736 0.989176 0
    outer loop
      vertex 6.14406 2.29415 20.0764
      vertex 6.61972 2.22359 2.2
      vertex 6.14406 2.29415 2.2
    endloop
  endfacet
  facet normal -0.595665 -0.803233 0
    outer loop
      vertex 58.0223 41.4742 2.2
      vertex 58.4085 41.1878 17.0959
      vertex 58.0223 41.4742 17.6307
    endloop
  endfacet
  facet normal -0.595665 -0.803233 -0
    outer loop
      vertex 58.4085 41.1878 17.0959
      vertex 58.0223 41.4742 2.2
      vertex 58.4085 41.1878 2.2
    endloop
  endfacet
  facet normal 0.998796 -0.049056 0
    outer loop
      vertex 2.2 37.4 2.2
      vertex 2.22359 37.8803 20.735
      vertex 2.2 37.4 21.4
    endloop
  endfacet
  facet normal 0.998796 -0.049056 0
    outer loop
      vertex 2.22359 37.8803 20.735
      vertex 2.2 37.4 2.2
      vertex 2.22359 37.8803 2.2
    endloop
  endfacet
  facet normal 0 0 0
    outer loop
      vertex 2.2 37.4 2.2
      vertex 2.2 37.4 21.4
      vertex 2.2 37.4 26
    endloop
  endfacet
  facet normal 0 0 0
    outer loop
      vertex 7.1 2.2 2.2
      vertex 7.1 2.2 21.4
      vertex 7.1 2.2 26
    endloop
  endfacet
  facet normal 0.049058 0.998796 -0
    outer loop
      vertex 7.1 2.2 2.2
      vertex 6.61972 2.22359 20.735
      vertex 7.1 2.2 21.4
    endloop
  endfacet
  facet normal 0.049058 0.998796 0
    outer loop
      vertex 6.61972 2.22359 20.735
      vertex 7.1 2.2 2.2
      vertex 6.61972 2.22359 2.2
    endloop
  endfacet
  facet normal -0.146835 -0.989161 0
    outer loop
      vertex 55.7803 42.2764 2.2
      vertex 56.2559 42.2058 20.0764
      vertex 55.7803 42.2764 20.735
    endloop
  endfacet
  facet normal -0.146835 -0.989161 -0
    outer loop
      vertex 56.2559 42.2058 20.0764
      vertex 55.7803 42.2764 2.2
      vertex 56.2559 42.2058 2.2
    endloop
  endfacet
  facet normal -0.970057 -0.242878 0
    outer loop
      vertex 60.1058 38.3559 2.2
      vertex 59.989 38.8224 19.4305
      vertex 59.989 38.8224 2.2
    endloop
  endfacet
  facet normal -0.970057 -0.242878 0
    outer loop
      vertex 59.989 38.8224 19.4305
      vertex 60.1058 38.3559 2.2
      vertex 60.1058 38.3559 20.0764
    endloop
  endfacet
  facet normal -0.989161 -0.146835 0
    outer loop
      vertex 60.1764 37.8803 2.2
      vertex 60.1058 38.3559 20.0764
      vertex 60.1058 38.3559 2.2
    endloop
  endfacet
  facet normal -0.989161 -0.146835 0
    outer loop
      vertex 60.1058 38.3559 20.0764
      vertex 60.1764 37.8803 2.2
      vertex 60.1764 37.8803 20.735
    endloop
  endfacet
  facet normal -0.049056 0.998796 0
    outer loop
      vertex 55.3 2.2 2.2
      vertex 55.7803 2.22359 20.735
      vertex 55.7803 2.22359 2.2
    endloop
  endfacet
  facet normal 0 -0 0
    outer loop
      vertex 55.3 2.2 21.4
      vertex 55.3 2.2 2.2
      vertex 55.3 2.2 26
    endloop
  endfacet
  facet normal -0.049056 0.998796 0
    outer loop
      vertex 55.7803 2.22359 20.735
      vertex 55.3 2.2 2.2
      vertex 55.3 2.2 21.4
    endloop
  endfacet
  facet normal -0.671637 -0.74088 0
    outer loop
      vertex 58.4085 41.1878 2.2
      vertex 58.7648 40.8648 16.6026
      vertex 58.4085 41.1878 17.0959
    endloop
  endfacet
  facet normal -0.671637 -0.74088 -0
    outer loop
      vertex 58.7648 40.8648 16.6026
      vertex 58.4085 41.1878 2.2
      vertex 58.7648 40.8648 2.2
    endloop
  endfacet
  facet normal -0.998795 -0.0490767 0
    outer loop
      vertex 60.2 37.4 2.2
      vertex 60.1764 37.8803 20.735
      vertex 60.1764 37.8803 2.2
    endloop
  endfacet
  facet normal -0.998795 -0.0490767 0
    outer loop
      vertex 60.1764 37.8803 20.735
      vertex 60.2 37.4 2.2
      vertex 60.2 37.4 21.4
    endloop
  endfacet
  facet normal -0.671557 0.740953 0
    outer loop
      vertex 58.4085 3.31225 2.2
      vertex 58.7648 3.63518 16.6026
      vertex 58.7648 3.63518 2.2
    endloop
  endfacet
  facet normal -0.671557 0.740953 0
    outer loop
      vertex 58.7648 3.63518 16.6026
      vertex 58.4085 3.31225 2.2
      vertex 58.4085 3.31225 17.0959
    endloop
  endfacet
  facet normal -0.514037 -0.857768 0
    outer loop
      vertex 57.6098 41.7214 2.2
      vertex 58.0223 41.4742 17.6307
      vertex 57.6098 41.7214 18.2018
    endloop
  endfacet
  facet normal -0.514037 -0.857768 -0
    outer loop
      vertex 58.0223 41.4742 17.6307
      vertex 57.6098 41.7214 2.2
      vertex 58.0223 41.4742 2.2
    endloop
  endfacet
  facet normal 0.94153 -0.336929 0
    outer loop
      vertex 2.41099 38.8224 2.2
      vertex 2.57299 39.2751 18.8036
      vertex 2.41099 38.8224 19.4305
    endloop
  endfacet
  facet normal 0.94153 -0.336929 0
    outer loop
      vertex 2.57299 39.2751 18.8036
      vertex 2.41099 38.8224 2.2
      vertex 2.57299 39.2751 2.2
    endloop
  endfacet
  facet normal 0.336896 0.941542 -0
    outer loop
      vertex 5.6776 2.41099 2.2
      vertex 5.22485 2.57299 18.8036
      vertex 5.6776 2.41099 19.4305
    endloop
  endfacet
  facet normal 0.336896 0.941542 0
    outer loop
      vertex 5.22485 2.57299 18.8036
      vertex 5.6776 2.41099 2.2
      vertex 5.22485 2.57299 2.2
    endloop
  endfacet
  facet normal -0.595732 0.803183 0
    outer loop
      vertex 58.0223 3.0258 2.2
      vertex 58.4085 3.31225 17.0959
      vertex 58.4085 3.31225 2.2
    endloop
  endfacet
  facet normal -0.595732 0.803183 0
    outer loop
      vertex 58.4085 3.31225 17.0959
      vertex 58.0223 3.0258 2.2
      vertex 58.0223 3.0258 17.6307
    endloop
  endfacet
  facet normal 0.514098 0.857731 -0
    outer loop
      vertex 4.79016 2.77859 2.2
      vertex 4.37771 3.0258 17.6307
      vertex 4.79016 2.77859 18.2018
    endloop
  endfacet
  facet normal 0.514098 0.857731 0
    outer loop
      vertex 4.37771 3.0258 17.6307
      vertex 4.79016 2.77859 2.2
      vertex 4.37771 3.0258 2.2
    endloop
  endfacet
  facet normal -0.903988 -0.427559 0
    outer loop
      vertex 59.827 39.2751 2.2
      vertex 59.6214 39.7098 18.2018
      vertex 59.6214 39.7098 2.2
    endloop
  endfacet
  facet normal -0.903988 -0.427559 0
    outer loop
      vertex 59.6214 39.7098 18.2018
      vertex 59.827 39.2751 2.2
      vertex 59.827 39.2751 18.8036
    endloop
  endfacet
  facet normal -0.427559 -0.903988 0
    outer loop
      vertex 57.1751 41.927 2.2
      vertex 57.6098 41.7214 18.2018
      vertex 57.1751 41.927 18.8036
    endloop
  endfacet
  facet normal -0.427559 -0.903988 -0
    outer loop
      vertex 57.6098 41.7214 18.2018
      vertex 57.1751 41.927 2.2
      vertex 57.6098 41.7214 2.2
    endloop
  endfacet
  facet normal -0.0490767 -0.998795 0
    outer loop
      vertex 55.3 42.3 2.2
      vertex 55.7803 42.2764 20.735
      vertex 55.3 42.3 21.4
    endloop
  endfacet
  facet normal -0.0490767 -0.998795 -0
    outer loop
      vertex 55.7803 42.2764 20.735
      vertex 55.3 42.3 2.2
      vertex 55.7803 42.2764 2.2
    endloop
  endfacet
  facet normal -0.989164 0.146817 0
    outer loop
      vertex 60.1058 6.14406 20.0764
      vertex 60.1764 6.61972 2.2
      vertex 60.1058 6.14406 2.2
    endloop
  endfacet
  facet normal -0.989164 0.146817 0
    outer loop
      vertex 60.1764 6.61972 2.2
      vertex 60.1058 6.14406 20.0764
      vertex 60.1764 6.61972 20.735
    endloop
  endfacet
  facet normal -0.803163 0.59576 0
    outer loop
      vertex 59.0877 3.99147 17.0959
      vertex 59.3742 4.37771 2.2
      vertex 59.0877 3.99147 2.2
    endloop
  endfacet
  facet normal -0.803163 0.59576 0
    outer loop
      vertex 59.3742 4.37771 2.2
      vertex 59.0877 3.99147 17.0959
      vertex 59.3742 4.37771 17.6307
    endloop
  endfacet
  facet normal 0.803183 -0.595732 0
    outer loop
      vertex 3.0258 40.1223 2.2
      vertex 3.31225 40.5085 17.0959
      vertex 3.0258 40.1223 17.6307
    endloop
  endfacet
  facet normal 0.803183 -0.595732 0
    outer loop
      vertex 3.31225 40.5085 17.0959
      vertex 3.0258 40.1223 2.2
      vertex 3.31225 40.5085 2.2
    endloop
  endfacet
  facet normal 0.989176 0.146736 0
    outer loop
      vertex 2.29415 6.14406 20.0764
      vertex 2.22359 6.61972 2.2
      vertex 2.22359 6.61972 20.735
    endloop
  endfacet
  facet normal 0.989176 0.146736 0
    outer loop
      vertex 2.22359 6.61972 2.2
      vertex 2.29415 6.14406 20.0764
      vertex 2.29415 6.14406 2.2
    endloop
  endfacet
  facet normal 0 0 0
    outer loop
      vertex 2.2 7.1 26
      vertex 2.2 7.1 21.4
      vertex 2.2 7.1 2.2
    endloop
  endfacet
  facet normal 0.998796 0.049058 0
    outer loop
      vertex 2.22359 6.61972 20.735
      vertex 2.2 7.1 2.2
      vertex 2.2 7.1 21.4
    endloop
  endfacet
  facet normal 0.998796 0.049058 0
    outer loop
      vertex 2.2 7.1 2.2
      vertex 2.22359 6.61972 20.735
      vertex 2.22359 6.61972 2.2
    endloop
  endfacet
  facet normal 0.903988 -0.427559 0
    outer loop
      vertex 2.57299 39.2751 2.2
      vertex 2.77859 39.7098 18.2018
      vertex 2.57299 39.2751 18.8036
    endloop
  endfacet
  facet normal 0.903988 -0.427559 0
    outer loop
      vertex 2.77859 39.7098 18.2018
      vertex 2.57299 39.2751 2.2
      vertex 2.77859 39.7098 2.2
    endloop
  endfacet
  facet normal -0.903984 0.427567 0
    outer loop
      vertex 59.6214 4.79016 18.2018
      vertex 59.827 5.22485 2.2
      vertex 59.6214 4.79016 2.2
    endloop
  endfacet
  facet normal -0.903984 0.427567 0
    outer loop
      vertex 59.827 5.22485 2.2
      vertex 59.6214 4.79016 18.2018
      vertex 59.827 5.22485 18.8036
    endloop
  endfacet
  facet normal -0.242956 0.970037 0
    outer loop
      vertex 56.2559 2.29415 2.2
      vertex 56.7224 2.41099 19.4305
      vertex 56.7224 2.41099 2.2
    endloop
  endfacet
  facet normal -0.242956 0.970037 0
    outer loop
      vertex 56.7224 2.41099 19.4305
      vertex 56.2559 2.29415 2.2
      vertex 56.2559 2.29415 20.0764
    endloop
  endfacet
  facet normal 0.740943 0.671568 0
    outer loop
      vertex 3.63518 3.63518 16.6026
      vertex 3.31225 3.99147 2.2
      vertex 3.31225 3.99147 17.0959
    endloop
  endfacet
  facet normal 0.740943 0.671568 0
    outer loop
      vertex 3.31225 3.99147 2.2
      vertex 3.63518 3.63518 16.6026
      vertex 3.63518 3.63518 2.2
    endloop
  endfacet
  facet normal -0.857741 0.514083 0
    outer loop
      vertex 59.3742 4.37771 17.6307
      vertex 59.6214 4.79016 2.2
      vertex 59.3742 4.37771 2.2
    endloop
  endfacet
  facet normal -0.857741 0.514083 0
    outer loop
      vertex 59.6214 4.79016 2.2
      vertex 59.3742 4.37771 17.6307
      vertex 59.6214 4.79016 18.2018
    endloop
  endfacet
  facet normal 0.595625 -0.803262 0
    outer loop
      vertex 4.37771 41.4742 2.2
      vertex 3.99147 41.1878 17.0959
      vertex 3.99147 41.1878 2.2
    endloop
  endfacet
  facet normal 0.595625 -0.803262 0
    outer loop
      vertex 3.99147 41.1878 17.0959
      vertex 4.37771 41.4742 2.2
      vertex 4.37771 41.4742 17.6307
    endloop
  endfacet
  facet normal 0.970037 -0.242956 0
    outer loop
      vertex 2.29415 38.3559 2.2
      vertex 2.41099 38.8224 19.4305
      vertex 2.29415 38.3559 20.0764
    endloop
  endfacet
  facet normal 0.970037 -0.242956 0
    outer loop
      vertex 2.41099 38.8224 19.4305
      vertex 2.29415 38.3559 2.2
      vertex 2.41099 38.8224 2.2
    endloop
  endfacet
  facet normal 0.671568 0.740943 -0
    outer loop
      vertex 3.99147 3.31225 2.2
      vertex 3.63518 3.63518 16.6026
      vertex 3.99147 3.31225 17.0959
    endloop
  endfacet
  facet normal 0.671568 0.740943 0
    outer loop
      vertex 3.63518 3.63518 16.6026
      vertex 3.99147 3.31225 2.2
      vertex 3.63518 3.63518 2.2
    endloop
  endfacet
  facet normal 0.427567 -0.903984 0
    outer loop
      vertex 5.22485 41.927 2.2
      vertex 4.79016 41.7214 18.2018
      vertex 4.79016 41.7214 2.2
    endloop
  endfacet
  facet normal 0.427567 -0.903984 0
    outer loop
      vertex 4.79016 41.7214 18.2018
      vertex 5.22485 41.927 2.2
      vertex 5.22485 41.927 18.8036
    endloop
  endfacet
  facet normal 0 0 1
    outer loop
      vertex 55.3 42.3 2.2
      vertex 60.2 37.4 2.2
      vertex 60.1764 37.8803 2.2
    endloop
  endfacet
  facet normal 0 0 1
    outer loop
      vertex 60.2 37.4 2.2
      vertex 55.3 42.3 2.2
      vertex 60.2 7.1 2.2
    endloop
  endfacet
  facet normal 0 0 1
    outer loop
      vertex 55.3 42.3 2.2
      vertex 60.1764 37.8803 2.2
      vertex 60.1058 38.3559 2.2
    endloop
  endfacet
  facet normal 0 0 1
    outer loop
      vertex 55.3 2.2 2.2
      vertex 60.2 7.1 2.2
      vertex 55.3 42.3 2.2
    endloop
  endfacet
  facet normal 0 0 1
    outer loop
      vertex 55.3 42.3 2.2
      vertex 60.1058 38.3559 2.2
      vertex 59.989 38.8224 2.2
    endloop
  endfacet
  facet normal 0 0 1
    outer loop
      vertex 60.2 7.1 2.2
      vertex 55.3 2.2 2.2
      vertex 60.1764 6.61972 2.2
    endloop
  endfacet
  facet normal 0 0 1
    outer loop
      vertex 55.3 42.3 2.2
      vertex 59.989 38.8224 2.2
      vertex 59.827 39.2751 2.2
    endloop
  endfacet
  facet normal 0 0 1
    outer loop
      vertex 60.1764 6.61972 2.2
      vertex 55.3 2.2 2.2
      vertex 60.1058 6.14406 2.2
    endloop
  endfacet
  facet normal 0 0 1
    outer loop
      vertex 55.3 42.3 2.2
      vertex 59.827 39.2751 2.2
      vertex 59.6214 39.7098 2.2
    endloop
  endfacet
  facet normal 0 0 1
    outer loop
      vertex 60.1058 6.14406 2.2
      vertex 55.3 2.2 2.2
      vertex 59.989 5.6776 2.2
    endloop
  endfacet
  facet normal 0 0 1
    outer loop
      vertex 55.3 42.3 2.2
      vertex 59.6214 39.7098 2.2
      vertex 59.3742 40.1223 2.2
    endloop
  endfacet
  facet normal 0 0 1
    outer loop
      vertex 59.989 5.6776 2.2
      vertex 55.3 2.2 2.2
      vertex 59.827 5.22485 2.2
    endloop
  endfacet
  facet normal 0 0 1
    outer loop
      vertex 55.3 42.3 2.2
      vertex 59.3742 40.1223 2.2
      vertex 59.0877 40.5085 2.2
    endloop
  endfacet
  facet normal 0 0 1
    outer loop
      vertex 59.827 5.22485 2.2
      vertex 55.3 2.2 2.2
      vertex 59.6214 4.79016 2.2
    endloop
  endfacet
  facet normal 0 0 1
    outer loop
      vertex 55.3 42.3 2.2
      vertex 59.0877 40.5085 2.2
      vertex 58.7648 40.8648 2.2
    endloop
  endfacet
  facet normal 0 0 1
    outer loop
      vertex 59.6214 4.79016 2.2
      vertex 55.3 2.2 2.2
      vertex 59.3742 4.37771 2.2
    endloop
  endfacet
  facet normal 0 0 1
    outer loop
      vertex 55.3 42.3 2.2
      vertex 58.7648 40.8648 2.2
      vertex 58.4085 41.1878 2.2
    endloop
  endfacet
  facet normal 0 0 1
    outer loop
      vertex 59.3742 4.37771 2.2
      vertex 55.3 2.2 2.2
      vertex 59.0877 3.99147 2.2
    endloop
  endfacet
  facet normal 0 0 1
    outer loop
      vertex 55.3 42.3 2.2
      vertex 58.4085 41.1878 2.2
      vertex 58.0223 41.4742 2.2
    endloop
  endfacet
  facet normal 0 0 1
    outer loop
      vertex 59.0877 3.99147 2.2
      vertex 55.3 2.2 2.2
      vertex 58.7648 3.63518 2.2
    endloop
  endfacet
  facet normal 0 0 1
    outer loop
      vertex 55.3 42.3 2.2
      vertex 58.0223 41.4742 2.2
      vertex 57.6098 41.7214 2.2
    endloop
  endfacet
  facet normal 0 0 1
    outer loop
      vertex 58.7648 3.63518 2.2
      vertex 55.3 2.2 2.2
      vertex 58.4085 3.31225 2.2
    endloop
  endfacet
  facet normal 0 0 1
    outer loop
      vertex 55.3 42.3 2.2
      vertex 57.6098 41.7214 2.2
      vertex 57.1751 41.927 2.2
    endloop
  endfacet
  facet normal 0 0 1
    outer loop
      vertex 58.4085 3.31225 2.2
      vertex 55.3 2.2 2.2
      vertex 58.0223 3.0258 2.2
    endloop
  endfacet
  facet normal 0 0 1
    outer loop
      vertex 55.3 42.3 2.2
      vertex 57.1751 41.927 2.2
      vertex 56.7224 42.089 2.2
    endloop
  endfacet
  facet normal 0 0 1
    outer loop
      vertex 58.0223 3.0258 2.2
      vertex 55.3 2.2 2.2
      vertex 57.6098 2.77859 2.2
    endloop
  endfacet
  facet normal 0 0 1
    outer loop
      vertex 55.3 42.3 2.2
      vertex 56.7224 42.089 2.2
      vertex 56.2559 42.2058 2.2
    endloop
  endfacet
  facet normal 0 0 1
    outer loop
      vertex 57.6098 2.77859 2.2
      vertex 55.3 2.2 2.2
      vertex 57.1751 2.57299 2.2
    endloop
  endfacet
  facet normal 0 0 1
    outer loop
      vertex 55.3 42.3 2.2
      vertex 56.2559 42.2058 2.2
      vertex 55.7803 42.2764 2.2
    endloop
  endfacet
  facet normal 0 0 1
    outer loop
      vertex 57.1751 2.57299 2.2
      vertex 55.3 2.2 2.2
      vertex 56.7224 2.41099 2.2
    endloop
  endfacet
  facet normal 0 0 1
    outer loop
      vertex 56.7224 2.41099 2.2
      vertex 55.3 2.2 2.2
      vertex 56.2559 2.29415 2.2
    endloop
  endfacet
  facet normal 0 0 1
    outer loop
      vertex 56.2559 2.29415 2.2
      vertex 55.3 2.2 2.2
      vertex 55.7803 2.22359 2.2
    endloop
  endfacet
  facet normal -0 0 1
    outer loop
      vertex 7.1 42.3 2.2
      vertex 55.3 2.2 2.2
      vertex 55.3 42.3 2.2
    endloop
  endfacet
  facet normal 0 0 1
    outer loop
      vertex 7.1 42.3 2.2
      vertex 7.1 2.2 2.2
      vertex 55.3 2.2 2.2
    endloop
  endfacet
  facet normal 0 0 1
    outer loop
      vertex 2.2 37.4 2.2
      vertex 7.1 42.3 2.2
      vertex 6.61972 42.2764 2.2
    endloop
  endfacet
  facet normal 0 0 1
    outer loop
      vertex 7.1 42.3 2.2
      vertex 2.2 37.4 2.2
      vertex 7.1 2.2 2.2
    endloop
  endfacet
  facet normal 0 0 1
    outer loop
      vertex 2.2 37.4 2.2
      vertex 6.61972 42.2764 2.2
      vertex 6.14406 42.2058 2.2
    endloop
  endfacet
  facet normal -0 0 1
    outer loop
      vertex 2.2 7.1 2.2
      vertex 7.1 2.2 2.2
      vertex 2.2 37.4 2.2
    endloop
  endfacet
  facet normal 0 0 1
    outer loop
      vertex 2.2 37.4 2.2
      vertex 6.14406 42.2058 2.2
      vertex 5.6776 42.089 2.2
    endloop
  endfacet
  facet normal 0 0 1
    outer loop
      vertex 7.1 2.2 2.2
      vertex 2.2 7.1 2.2
      vertex 6.61972 2.22359 2.2
    endloop
  endfacet
  facet normal 0 0 1
    outer loop
      vertex 2.2 37.4 2.2
      vertex 5.6776 42.089 2.2
      vertex 5.22485 41.927 2.2
    endloop
  endfacet
  facet normal 0 0 1
    outer loop
      vertex 6.61972 2.22359 2.2
      vertex 2.2 7.1 2.2
      vertex 6.14406 2.29415 2.2
    endloop
  endfacet
  facet normal 0 0 1
    outer loop
      vertex 2.2 37.4 2.2
      vertex 5.22485 41.927 2.2
      vertex 4.79016 41.7214 2.2
    endloop
  endfacet
  facet normal 0 0 1
    outer loop
      vertex 6.14406 2.29415 2.2
      vertex 2.2 7.1 2.2
      vertex 5.6776 2.41099 2.2
    endloop
  endfacet
  facet normal 0 0 1
    outer loop
      vertex 2.2 37.4 2.2
      vertex 4.79016 41.7214 2.2
      vertex 4.37771 41.4742 2.2
    endloop
  endfacet
  facet normal 0 0 1
    outer loop
      vertex 5.6776 2.41099 2.2
      vertex 2.2 7.1 2.2
      vertex 5.22485 2.57299 2.2
    endloop
  endfacet
  facet normal 0 0 1
    outer loop
      vertex 2.2 37.4 2.2
      vertex 4.37771 41.4742 2.2
      vertex 3.99147 41.1878 2.2
    endloop
  endfacet
  facet normal 0 0 1
    outer loop
      vertex 5.22485 2.57299 2.2
      vertex 2.2 7.1 2.2
      vertex 4.79016 2.77859 2.2
    endloop
  endfacet
  facet normal 0 0 1
    outer loop
      vertex 2.2 37.4 2.2
      vertex 3.99147 41.1878 2.2
      vertex 3.63518 40.8648 2.2
    endloop
  endfacet
  facet normal 0 0 1
    outer loop
      vertex 4.79016 2.77859 2.2
      vertex 2.2 7.1 2.2
      vertex 4.37771 3.0258 2.2
    endloop
  endfacet
  facet normal 0 0 1
    outer loop
      vertex 2.2 37.4 2.2
      vertex 3.63518 40.8648 2.2
      vertex 3.31225 40.5085 2.2
    endloop
  endfacet
  facet normal 0 0 1
    outer loop
      vertex 4.37771 3.0258 2.2
      vertex 2.2 7.1 2.2
      vertex 3.99147 3.31225 2.2
    endloop
  endfacet
  facet normal 0 0 1
    outer loop
      vertex 2.2 37.4 2.2
      vertex 3.31225 40.5085 2.2
      vertex 3.0258 40.1223 2.2
    endloop
  endfacet
  facet normal 0 0 1
    outer loop
      vertex 3.99147 3.31225 2.2
      vertex 2.2 7.1 2.2
      vertex 3.63518 3.63518 2.2
    endloop
  endfacet
  facet normal 0 0 1
    outer loop
      vertex 2.2 37.4 2.2
      vertex 3.0258 40.1223 2.2
      vertex 2.77859 39.7098 2.2
    endloop
  endfacet
  facet normal 0 0 1
    outer loop
      vertex 3.63518 3.63518 2.2
      vertex 2.2 7.1 2.2
      vertex 3.31225 3.99147 2.2
    endloop
  endfacet
  facet normal 0 0 1
    outer loop
      vertex 2.2 37.4 2.2
      vertex 2.77859 39.7098 2.2
      vertex 2.57299 39.2751 2.2
    endloop
  endfacet
  facet normal 0 0 1
    outer loop
      vertex 3.31225 3.99147 2.2
      vertex 2.2 7.1 2.2
      vertex 3.0258 4.37771 2.2
    endloop
  endfacet
  facet normal 0 0 1
    outer loop
      vertex 2.2 37.4 2.2
      vertex 2.57299 39.2751 2.2
      vertex 2.41099 38.8224 2.2
    endloop
  endfacet
  facet normal 0 0 1
    outer loop
      vertex 3.0258 4.37771 2.2
      vertex 2.2 7.1 2.2
      vertex 2.77859 4.79016 2.2
    endloop
  endfacet
  facet normal 0 0 1
    outer loop
      vertex 2.2 37.4 2.2
      vertex 2.41099 38.8224 2.2
      vertex 2.29415 38.3559 2.2
    endloop
  endfacet
  facet normal 0 0 1
    outer loop
      vertex 2.77859 4.79016 2.2
      vertex 2.2 7.1 2.2
      vertex 2.57299 5.22485 2.2
    endloop
  endfacet
  facet normal 0 0 1
    outer loop
      vertex 2.2 37.4 2.2
      vertex 2.29415 38.3559 2.2
      vertex 2.22359 37.8803 2.2
    endloop
  endfacet
  facet normal 0 0 1
    outer loop
      vertex 2.57299 5.22485 2.2
      vertex 2.2 7.1 2.2
      vertex 2.41099 5.6776 2.2
    endloop
  endfacet
  facet normal 0 0 1
    outer loop
      vertex 2.41099 5.6776 2.2
      vertex 2.2 7.1 2.2
      vertex 2.29415 6.14406 2.2
    endloop
  endfacet
  facet normal 0 0 1
    outer loop
      vertex 2.29415 6.14406 2.2
      vertex 2.2 7.1 2.2
      vertex 2.22359 6.61972 2.2
    endloop
  endfacet
  facet normal 1 -0 0
    outer loop
      vertex 9.7 2.2 26
      vertex 9.7 9.7 25
      vertex 9.7 9.7 26
    endloop
  endfacet
  facet normal 1 0 0
    outer loop
      vertex 9.7 9.7 25
      vertex 9.7 2.2 26
      vertex 9.7 2.2 25
    endloop
  endfacet
  facet normal -1 0 0
    outer loop
      vertex 2.2 7.1 26
      vertex 2.2 9.7 25
      vertex 2.2 7.1 21.4
    endloop
  endfacet
  facet normal -1 0 0
    outer loop
      vertex 2.2 9.7 25
      vertex 2.2 7.1 26
      vertex 2.2 9.7 26
    endloop
  endfacet
  facet normal 0 1 -0
    outer loop
      vertex 9.7 9.7 25
      vertex 2.2 9.7 26
      vertex 9.7 9.7 26
    endloop
  endfacet
  facet normal 0 1 0
    outer loop
      vertex 2.2 9.7 26
      vertex 9.7 9.7 25
      vertex 2.2 9.7 25
    endloop
  endfacet
  facet normal 0 -1 0
    outer loop
      vertex 7.1 2.2 26
      vertex 9.7 2.2 25
      vertex 9.7 2.2 26
    endloop
  endfacet
  facet normal -0 -1 0
    outer loop
      vertex 9.7 2.2 25
      vertex 7.1 2.2 26
      vertex 7.1 2.2 21.4
    endloop
  endfacet
  facet normal 0 0.810677 -0.585494
    outer loop
      vertex 3.0258 4.37771 17.6307
      vertex 3.86089 6.16111 20.1
      vertex 6.16111 6.16111 20.1
    endloop
  endfacet
  facet normal -3.3068e-06 0.810693 -0.585472
    outer loop
      vertex 3.86089 6.16111 20.1
      vertex 2.41099 5.6776 19.4305
      vertex 2.29415 6.14406 20.0764
    endloop
  endfacet
  facet normal 2.95302e-06 0.810686 -0.585481
    outer loop
      vertex 3.86089 6.16111 20.1
      vertex 2.57299 5.22485 18.8036
      vertex 2.41099 5.6776 19.4305
    endloop
  endfacet
  facet normal 7.07051e-05 0.810654 -0.585525
    outer loop
      vertex 3.86089 6.16111 20.1
      vertex 2.77859 4.79016 18.2018
      vertex 2.57299 5.22485 18.8036
    endloop
  endfacet
  facet normal -2.75519e-05 0.810681 -0.585488
    outer loop
      vertex 3.86089 6.16111 20.1
      vertex 3.0258 4.37771 17.6307
      vertex 2.77859 4.79016 18.2018
    endloop
  endfacet
  facet normal -6.76266e-06 0.810681 -0.585489
    outer loop
      vertex 6.16111 6.16111 20.1
      vertex 3.31225 3.99147 17.0959
      vertex 3.0258 4.37771 17.6307
    endloop
  endfacet
  facet normal 1.61683e-05 0.81067 -0.585503
    outer loop
      vertex 3.31225 3.99147 17.0959
      vertex 6.16111 6.16111 20.1
      vertex 3.63518 3.63518 16.6026
    endloop
  endfacet
  facet normal 0 0.810677 -0.585493
    outer loop
      vertex 9.7 9.7 25
      vertex 5.95 8.05 22.7154
      vertex 2.2 9.7 25
    endloop
  endfacet
  facet normal -4.17776e-06 0.810681 -0.585489
    outer loop
      vertex 9.7 9.7 25
      vertex 6.15584 8.03989 22.7014
      vertex 5.95 8.05 22.7154
    endloop
  endfacet
  facet normal -6.43054e-05 0.810725 -0.585428
    outer loop
      vertex 9.7 9.7 25
      vertex 6.35969 8.00965 22.6595
      vertex 6.15584 8.03989 22.7014
    endloop
  endfacet
  facet normal 8.22769e-05 0.810625 -0.585565
    outer loop
      vertex 9.7 9.7 25
      vertex 6.5596 7.95957 22.5902
      vertex 6.35969 8.00965 22.6595
    endloop
  endfacet
  facet normal -0.00014858 0.810768 -0.585367
    outer loop
      vertex 9.7 9.7 25
      vertex 6.75363 7.89015 22.494
      vertex 6.5596 7.95957 22.5902
    endloop
  endfacet
  facet normal 2.65081e-05 0.81067 -0.585503
    outer loop
      vertex 9.7 9.7 25
      vertex 6.93993 7.80203 22.372
      vertex 6.75363 7.89015 22.494
    endloop
  endfacet
  facet normal -2.04004e-05 0.810694 -0.58547
    outer loop
      vertex 9.7 9.7 25
      vertex 7.1167 7.69609 22.2253
      vertex 6.93993 7.80203 22.372
    endloop
  endfacet
  facet normal 0.00016751 0.810611 -0.585585
    outer loop
      vertex 9.7 9.7 25
      vertex 7.28223 7.57332 22.0554
      vertex 7.1167 7.69609 22.2253
    endloop
  endfacet
  facet normal -0.000134884 0.810729 -0.585422
    outer loop
      vertex 7.28223 7.57332 22.0554
      vertex 9.7 9.7 25
      vertex 7.43492 7.43492 21.8637
    endloop
  endfacet
  facet normal 4.17776e-06 0.810681 -0.585489
    outer loop
      vertex 5.74416 8.03989 22.7014
      vertex 2.2 9.7 25
      vertex 5.95 8.05 22.7154
    endloop
  endfacet
  facet normal 6.43054e-05 0.810725 -0.585428
    outer loop
      vertex 5.54031 8.00965 22.6595
      vertex 2.2 9.7 25
      vertex 5.74416 8.03989 22.7014
    endloop
  endfacet
  facet normal -8.22769e-05 0.810625 -0.585565
    outer loop
      vertex 5.3404 7.95957 22.5902
      vertex 2.2 9.7 25
      vertex 5.54031 8.00965 22.6595
    endloop
  endfacet
  facet normal 0.000148575 0.810768 -0.585367
    outer loop
      vertex 5.14636 7.89015 22.494
      vertex 2.2 9.7 25
      vertex 5.3404 7.95957 22.5902
    endloop
  endfacet
  facet normal -2.6509e-05 0.81067 -0.585503
    outer loop
      vertex 4.96007 7.80203 22.372
      vertex 2.2 9.7 25
      vertex 5.14636 7.89015 22.494
    endloop
  endfacet
  facet normal 2.04004e-05 0.810694 -0.58547
    outer loop
      vertex 4.7833 7.69609 22.2253
      vertex 2.2 9.7 25
      vertex 4.96007 7.80203 22.372
    endloop
  endfacet
  facet normal -0.00016751 0.810611 -0.585585
    outer loop
      vertex 4.61777 7.57332 22.0554
      vertex 2.2 9.7 25
      vertex 4.7833 7.69609 22.2253
    endloop
  endfacet
  facet normal 0.000134884 0.810729 -0.585422
    outer loop
      vertex 4.46508 7.43492 21.8637
      vertex 2.2 9.7 25
      vertex 4.61777 7.57332 22.0554
    endloop
  endfacet
  facet normal 5.1807e-07 0.810657 -0.585522
    outer loop
      vertex 2.2 7.1 21.4
      vertex 4.46508 7.43492 21.8637
      vertex 4.32668 7.28223 21.6523
    endloop
  endfacet
  facet normal -6.92119e-06 0.810687 -0.58548
    outer loop
      vertex 2.2 7.1 21.4
      vertex 4.32668 7.28223 21.6523
      vertex 4.20391 7.1167 21.4231
    endloop
  endfacet
  facet normal -9.14641e-06 0.810679 -0.585491
    outer loop
      vertex 4.46508 7.43492 21.8637
      vertex 2.2 7.1 21.4
      vertex 2.2 9.7 25
    endloop
  endfacet
  facet normal -5.15533e-06 0.810614 -0.585581
    outer loop
      vertex 4.09797 6.93993 21.1784
      vertex 2.2 7.1 21.4
      vertex 4.20391 7.1167 21.4231
    endloop
  endfacet
  facet normal 2.22582e-05 0.810725 -0.585427
    outer loop
      vertex 4.00985 6.75363 20.9204
      vertex 2.2 7.1 21.4
      vertex 4.09797 6.93993 21.1784
    endloop
  endfacet
  facet normal -4.24162e-06 0.810678 -0.585492
    outer loop
      vertex 4.00985 6.75363 20.9204
      vertex 2.22359 6.61972 20.735
      vertex 2.2 7.1 21.4
    endloop
  endfacet
  facet normal 8.56944e-06 0.810619 -0.585574
    outer loop
      vertex 3.94042 6.5596 20.6518
      vertex 2.22359 6.61972 20.735
      vertex 4.00985 6.75363 20.9204
    endloop
  endfacet
  facet normal 1.47192e-05 0.81068 -0.58549
    outer loop
      vertex 3.89035 6.35969 20.375
      vertex 2.22359 6.61972 20.735
      vertex 3.94042 6.5596 20.6518
    endloop
  endfacet
  facet normal -4.26321e-06 0.810723 -0.58543
    outer loop
      vertex 2.29415 6.14406 20.0764
      vertex 3.89035 6.35969 20.375
      vertex 3.86089 6.16111 20.1
    endloop
  endfacet
  facet normal 1.37274e-05 0.810677 -0.585493
    outer loop
      vertex 3.89035 6.35969 20.375
      vertex 2.29415 6.14406 20.0764
      vertex 2.22359 6.61972 20.735
    endloop
  endfacet
  facet normal 0.810729 -0.000134884 -0.585422
    outer loop
      vertex 9.7 9.7 25
      vertex 7.57332 7.28223 22.0554
      vertex 7.43492 7.43492 21.8637
    endloop
  endfacet
  facet normal 0.810611 0.00016751 -0.585585
    outer loop
      vertex 9.7 9.7 25
      vertex 7.69609 7.1167 22.2253
      vertex 7.57332 7.28223 22.0554
    endloop
  endfacet
  facet normal 0.810694 -2.04004e-05 -0.58547
    outer loop
      vertex 9.7 9.7 25
      vertex 7.80203 6.93993 22.372
      vertex 7.69609 7.1167 22.2253
    endloop
  endfacet
  facet normal 0.81067 2.65081e-05 -0.585503
    outer loop
      vertex 9.7 9.7 25
      vertex 7.89015 6.75363 22.494
      vertex 7.80203 6.93993 22.372
    endloop
  endfacet
  facet normal 0.810768 -0.00014858 -0.585367
    outer loop
      vertex 9.7 9.7 25
      vertex 7.95957 6.5596 22.5902
      vertex 7.89015 6.75363 22.494
    endloop
  endfacet
  facet normal 0.810625 8.22769e-05 -0.585565
    outer loop
      vertex 9.7 9.7 25
      vertex 8.00965 6.35969 22.6595
      vertex 7.95957 6.5596 22.5902
    endloop
  endfacet
  facet normal 0.810725 -6.43054e-05 -0.585428
    outer loop
      vertex 9.7 9.7 25
      vertex 8.03989 6.15584 22.7014
      vertex 8.00965 6.35969 22.6595
    endloop
  endfacet
  facet normal 0.810681 -4.17776e-06 -0.585489
    outer loop
      vertex 9.7 9.7 25
      vertex 8.05 5.95 22.7154
      vertex 8.03989 6.15584 22.7014
    endloop
  endfacet
  facet normal 0.810677 0 -0.585493
    outer loop
      vertex 9.7 2.2 25
      vertex 8.05 5.95 22.7154
      vertex 9.7 9.7 25
    endloop
  endfacet
  facet normal 0.810681 4.17776e-06 -0.585489
    outer loop
      vertex 8.05 5.95 22.7154
      vertex 9.7 2.2 25
      vertex 8.03989 5.74416 22.7014
    endloop
  endfacet
  facet normal 0.810725 6.43054e-05 -0.585428
    outer loop
      vertex 8.03989 5.74416 22.7014
      vertex 9.7 2.2 25
      vertex 8.00965 5.54031 22.6595
    endloop
  endfacet
  facet normal 0.810625 -8.22769e-05 -0.585565
    outer loop
      vertex 8.00965 5.54031 22.6595
      vertex 9.7 2.2 25
      vertex 7.95957 5.3404 22.5902
    endloop
  endfacet
  facet normal 0.81067 1.61683e-05 -0.585503
    outer loop
      vertex 6.16111 6.16111 20.1
      vertex 3.99147 3.31225 17.0959
      vertex 3.63518 3.63518 16.6026
    endloop
  endfacet
  facet normal 0.810723 -4.26321e-06 -0.58543
    outer loop
      vertex 6.14406 2.29415 20.0764
      vertex 6.16111 3.86089 20.1
      vertex 6.35969 3.89035 20.375
    endloop
  endfacet
  facet normal 0.810679 -1.3972e-05 -0.585491
    outer loop
      vertex 6.16111 3.86089 20.1
      vertex 4.37771 3.0258 17.6307
      vertex 3.99147 3.31225 17.0959
    endloop
  endfacet
  facet normal 0.81068 1.47192e-05 -0.58549
    outer loop
      vertex 6.61972 2.22359 20.735
      vertex 6.35969 3.89035 20.375
      vertex 6.5596 3.94042 20.6518
    endloop
  endfacet
  facet normal 0.810619 8.56944e-06 -0.585574
    outer loop
      vertex 6.61972 2.22359 20.735
      vertex 6.5596 3.94042 20.6518
      vertex 6.75363 4.00985 20.9204
    endloop
  endfacet
  facet normal 0.810681 -2.75519e-05 -0.585488
    outer loop
      vertex 6.16111 3.86089 20.1
      vertex 4.79016 2.77859 18.2018
      vertex 4.37771 3.0258 17.6307
    endloop
  endfacet
  facet normal 0.810725 2.22582e-05 -0.585427
    outer loop
      vertex 7.1 2.2 21.4
      vertex 6.75363 4.00985 20.9204
      vertex 6.93993 4.09797 21.1784
    endloop
  endfacet
  facet normal 0.810614 -5.15533e-06 -0.585581
    outer loop
      vertex 7.1 2.2 21.4
      vertex 6.93993 4.09797 21.1784
      vertex 7.1167 4.20391 21.4231
    endloop
  endfacet
  facet normal 0.810654 7.07051e-05 -0.585525
    outer loop
      vertex 6.16111 3.86089 20.1
      vertex 5.22485 2.57299 18.8036
      vertex 4.79016 2.77859 18.2018
    endloop
  endfacet
  facet normal 0.810687 -6.92119e-06 -0.58548
    outer loop
      vertex 7.1 2.2 21.4
      vertex 7.1167 4.20391 21.4231
      vertex 7.28223 4.32668 21.6523
    endloop
  endfacet
  facet normal 0.810686 2.95302e-06 -0.585481
    outer loop
      vertex 6.16111 3.86089 20.1
      vertex 5.6776 2.41099 19.4305
      vertex 5.22485 2.57299 18.8036
    endloop
  endfacet
  facet normal 0.810657 5.1807e-07 -0.585522
    outer loop
      vertex 7.1 2.2 21.4
      vertex 7.28223 4.32668 21.6523
      vertex 7.43492 4.46508 21.8637
    endloop
  endfacet
  facet normal 0.810803 -6.26576e-05 -0.585319
    outer loop
      vertex 7.1 2.2 21.4
      vertex 7.43492 4.46508 21.8637
      vertex 7.57332 4.61777 22.0554
    endloop
  endfacet
  facet normal 0.810693 -3.3068e-06 -0.585472
    outer loop
      vertex 6.16111 3.86089 20.1
      vertex 6.14406 2.29415 20.0764
      vertex 5.6776 2.41099 19.4305
    endloop
  endfacet
  facet normal 0.810611 -0.00016751 -0.585585
    outer loop
      vertex 9.7 2.2 25
      vertex 7.57332 4.61777 22.0554
      vertex 7.69609 4.7833 22.2253
    endloop
  endfacet
  facet normal 0.810677 1.37274e-05 -0.585493
    outer loop
      vertex 6.35969 3.89035 20.375
      vertex 6.61972 2.22359 20.735
      vertex 6.14406 2.29415 20.0764
    endloop
  endfacet
  facet normal 0.810694 2.04004e-05 -0.58547
    outer loop
      vertex 9.7 2.2 25
      vertex 7.69609 4.7833 22.2253
      vertex 7.80203 4.96007 22.372
    endloop
  endfacet
  facet normal 0.81067 -2.6509e-05 -0.585503
    outer loop
      vertex 9.7 2.2 25
      vertex 7.80203 4.96007 22.372
      vertex 7.89015 5.14636 22.494
    endloop
  endfacet
  facet normal 0.810768 0.000148575 -0.585367
    outer loop
      vertex 7.95957 5.3404 22.5902
      vertex 9.7 2.2 25
      vertex 7.89015 5.14636 22.494
    endloop
  endfacet
  facet normal 0.810679 8.19623e-06 -0.585491
    outer loop
      vertex 7.57332 4.61777 22.0554
      vertex 9.7 2.2 25
      vertex 7.1 2.2 21.4
    endloop
  endfacet
  facet normal 0.810678 -4.24162e-06 -0.585492
    outer loop
      vertex 6.75363 4.00985 20.9204
      vertex 7.1 2.2 21.4
      vertex 6.61972 2.22359 20.735
    endloop
  endfacet
  facet normal 0.810678 0 -0.585493
    outer loop
      vertex 3.99147 3.31225 17.0959
      vertex 6.16111 6.16111 20.1
      vertex 6.16111 3.86089 20.1
    endloop
  endfacet
  facet normal 1 -0 0
    outer loop
      vertex 9.7 34.8 26
      vertex 9.7 42.3 25
      vertex 9.7 42.3 26
    endloop
  endfacet
  facet normal 1 0 0
    outer loop
      vertex 9.7 42.3 25
      vertex 9.7 34.8 26
      vertex 9.7 34.8 25
    endloop
  endfacet
  facet normal -1 0 0
    outer loop
      vertex 2.2 34.8 25
      vertex 2.2 37.4 26
      vertex 2.2 37.4 21.4
    endloop
  endfacet
  facet normal -1 -0 0
    outer loop
      vertex 2.2 37.4 26
      vertex 2.2 34.8 25
      vertex 2.2 34.8 26
    endloop
  endfacet
  facet normal 0 -1 0
    outer loop
      vertex 2.2 34.8 25
      vertex 9.7 34.8 26
      vertex 2.2 34.8 26
    endloop
  endfacet
  facet normal 0 -1 -0
    outer loop
      vertex 9.7 34.8 26
      vertex 2.2 34.8 25
      vertex 9.7 34.8 25
    endloop
  endfacet
  facet normal 0.810679 9.14633e-06 -0.585491
    outer loop
      vertex 7.43492 40.0349 21.8637
      vertex 7.1 42.3 21.4
      vertex 9.7 42.3 25
    endloop
  endfacet
  facet normal 0.810687 6.92123e-06 -0.58548
    outer loop
      vertex 7.1167 40.2961 21.4231
      vertex 7.1 42.3 21.4
      vertex 7.28223 40.1733 21.6523
    endloop
  endfacet
  facet normal 0.810725 -2.2258e-05 -0.585427
    outer loop
      vertex 6.75363 40.4901 20.9204
      vertex 7.1 42.3 21.4
      vertex 6.93993 40.402 21.1784
    endloop
  endfacet
  facet normal 0.810619 -8.56948e-06 -0.585574
    outer loop
      vertex 6.5596 40.5596 20.6518
      vertex 6.61972 42.2764 20.735
      vertex 6.75363 40.4901 20.9204
    endloop
  endfacet
  facet normal 0.810677 -1.37273e-05 -0.585493
    outer loop
      vertex 6.61972 42.2764 20.735
      vertex 6.35969 40.6096 20.375
      vertex 6.14406 42.2058 20.0764
    endloop
  endfacet
  facet normal 0.810686 -2.95302e-06 -0.585481
    outer loop
      vertex 5.6776 42.089 19.4305
      vertex 6.16111 40.6391 20.1
      vertex 5.22485 41.927 18.8036
    endloop
  endfacet
  facet normal 0.810681 2.75524e-05 -0.585488
    outer loop
      vertex 4.79016 41.7214 18.2018
      vertex 6.16111 40.6391 20.1
      vertex 4.37771 41.4742 17.6307
    endloop
  endfacet
  facet normal 0.810679 1.39734e-05 -0.585491
    outer loop
      vertex 4.37771 41.4742 17.6307
      vertex 6.16111 40.6391 20.1
      vertex 3.99147 41.1878 17.0959
    endloop
  endfacet
  facet normal 0.810678 0 -0.585493
    outer loop
      vertex 6.16111 38.3389 20.1
      vertex 3.99147 41.1878 17.0959
      vertex 6.16111 40.6391 20.1
    endloop
  endfacet
  facet normal 0.810654 -7.07051e-05 -0.585525
    outer loop
      vertex 5.22485 41.927 18.8036
      vertex 6.16111 40.6391 20.1
      vertex 4.79016 41.7214 18.2018
    endloop
  endfacet
  facet normal 0.810693 3.30689e-06 -0.585472
    outer loop
      vertex 6.14406 42.2058 20.0764
      vertex 6.16111 40.6391 20.1
      vertex 5.6776 42.089 19.4305
    endloop
  endfacet
  facet normal 0.810723 4.26333e-06 -0.58543
    outer loop
      vertex 6.16111 40.6391 20.1
      vertex 6.14406 42.2058 20.0764
      vertex 6.35969 40.6096 20.375
    endloop
  endfacet
  facet normal 0.81068 -1.47196e-05 -0.58549
    outer loop
      vertex 6.35969 40.6096 20.375
      vertex 6.61972 42.2764 20.735
      vertex 6.5596 40.5596 20.6518
    endloop
  endfacet
  facet normal 0.810678 4.24151e-06 -0.585492
    outer loop
      vertex 7.1 42.3 21.4
      vertex 6.75363 40.4901 20.9204
      vertex 6.61972 42.2764 20.735
    endloop
  endfacet
  facet normal 0.810614 5.15535e-06 -0.585581
    outer loop
      vertex 6.93993 40.402 21.1784
      vertex 7.1 42.3 21.4
      vertex 7.1167 40.2961 21.4231
    endloop
  endfacet
  facet normal 0.810657 -5.18065e-07 -0.585522
    outer loop
      vertex 7.1 42.3 21.4
      vertex 7.43492 40.0349 21.8637
      vertex 7.28223 40.1733 21.6523
    endloop
  endfacet
  facet normal 0.810729 -0.000134879 -0.585422
    outer loop
      vertex 9.7 42.3 25
      vertex 7.57332 39.8822 22.0554
      vertex 7.43492 40.0349 21.8637
    endloop
  endfacet
  facet normal 0.810611 0.000167526 -0.585585
    outer loop
      vertex 9.7 42.3 25
      vertex 7.69609 39.7167 22.2253
      vertex 7.57332 39.8822 22.0554
    endloop
  endfacet
  facet normal 0.810694 -2.03984e-05 -0.58547
    outer loop
      vertex 9.7 42.3 25
      vertex 7.80203 39.5399 22.372
      vertex 7.69609 39.7167 22.2253
    endloop
  endfacet
  facet normal 0.81067 2.6508e-05 -0.585503
    outer loop
      vertex 9.7 42.3 25
      vertex 7.89015 39.3536 22.494
      vertex 7.80203 39.5399 22.372
    endloop
  endfacet
  facet normal 0.810768 -0.000148594 -0.585367
    outer loop
      vertex 9.7 42.3 25
      vertex 7.95957 39.1596 22.5902
      vertex 7.89015 39.3536 22.494
    endloop
  endfacet
  facet normal 0.810625 8.22797e-05 -0.585565
    outer loop
      vertex 9.7 42.3 25
      vertex 8.00965 38.9597 22.6595
      vertex 7.95957 39.1596 22.5902
    endloop
  endfacet
  facet normal 0.810725 -6.42932e-05 -0.585428
    outer loop
      vertex 9.7 42.3 25
      vertex 8.03989 38.7558 22.7014
      vertex 8.00965 38.9597 22.6595
    endloop
  endfacet
  facet normal 0.810681 -4.17849e-06 -0.585489
    outer loop
      vertex 9.7 42.3 25
      vertex 8.05 38.55 22.7154
      vertex 8.03989 38.7558 22.7014
    endloop
  endfacet
  facet normal 0.810677 0 -0.585493
    outer loop
      vertex 9.7 34.8 25
      vertex 8.05 38.55 22.7154
      vertex 9.7 42.3 25
    endloop
  endfacet
  facet normal 0.810681 4.17849e-06 -0.585489
    outer loop
      vertex 8.05 38.55 22.7154
      vertex 9.7 34.8 25
      vertex 8.03989 38.3442 22.7014
    endloop
  endfacet
  facet normal 0.810725 6.42932e-05 -0.585428
    outer loop
      vertex 8.03989 38.3442 22.7014
      vertex 9.7 34.8 25
      vertex 8.00965 38.1403 22.6595
    endloop
  endfacet
  facet normal 0.810625 -8.22797e-05 -0.585565
    outer loop
      vertex 8.00965 38.1403 22.6595
      vertex 9.7 34.8 25
      vertex 7.95957 37.9404 22.5902
    endloop
  endfacet
  facet normal 0.810729 0.000134879 -0.585422
    outer loop
      vertex 7.57332 37.2178 22.0554
      vertex 9.7 34.8 25
      vertex 7.43492 37.0651 21.8637
    endloop
  endfacet
  facet normal 0.810611 -0.000167526 -0.585585
    outer loop
      vertex 7.69609 37.3833 22.2253
      vertex 9.7 34.8 25
      vertex 7.57332 37.2178 22.0554
    endloop
  endfacet
  facet normal 0.810694 2.03984e-05 -0.58547
    outer loop
      vertex 7.80203 37.5601 22.372
      vertex 9.7 34.8 25
      vertex 7.69609 37.3833 22.2253
    endloop
  endfacet
  facet normal 0.81067 -2.6508e-05 -0.585503
    outer loop
      vertex 7.89015 37.7464 22.494
      vertex 9.7 34.8 25
      vertex 7.80203 37.5601 22.372
    endloop
  endfacet
  facet normal 0.810768 0.000148594 -0.585367
    outer loop
      vertex 7.95957 37.9404 22.5902
      vertex 9.7 34.8 25
      vertex 7.89015 37.7464 22.494
    endloop
  endfacet
  facet normal 0.81067 -1.61667e-05 -0.585503
    outer loop
      vertex 3.99147 41.1878 17.0959
      vertex 6.16111 38.3389 20.1
      vertex 3.63518 40.8648 16.6026
    endloop
  endfacet
  facet normal 0 -0.810677 -0.585493
    outer loop
      vertex 2.2 34.8 25
      vertex 5.95 36.45 22.7154
      vertex 9.7 34.8 25
    endloop
  endfacet
  facet normal 3.96079e-05 -0.810708 -0.58545
    outer loop
      vertex 2.2 34.8 25
      vertex 5.74416 36.4601 22.7014
      vertex 5.95 36.45 22.7154
    endloop
  endfacet
  facet normal 0.000184574 -0.810814 -0.585303
    outer loop
      vertex 2.2 34.8 25
      vertex 5.54031 36.4903 22.6595
      vertex 5.74416 36.4601 22.7014
    endloop
  endfacet
  facet normal -0.000140544 -0.810594 -0.585608
    outer loop
      vertex 2.2 34.8 25
      vertex 5.3404 36.5404 22.5902
      vertex 5.54031 36.4903 22.6595
    endloop
  endfacet
  facet normal -5.75253e-05 -0.810645 -0.585537
    outer loop
      vertex 2.2 34.8 25
      vertex 5.14636 36.6099 22.494
      vertex 5.3404 36.5404 22.5902
    endloop
  endfacet
  facet normal 2.86485e-05 -0.810694 -0.585471
    outer loop
      vertex 2.2 34.8 25
      vertex 4.96007 36.698 22.372
      vertex 5.14636 36.6099 22.494
    endloop
  endfacet
  facet normal -5.44677e-05 -0.810652 -0.585528
    outer loop
      vertex 2.2 34.8 25
      vertex 4.7833 36.8039 22.2254
      vertex 4.96007 36.698 22.372
    endloop
  endfacet
  facet normal -5.22245e-05 -0.810653 -0.585527
    outer loop
      vertex 2.2 34.8 25
      vertex 4.61777 36.9267 22.0554
      vertex 4.7833 36.8039 22.2254
    endloop
  endfacet
  facet normal 0.000138288 -0.810727 -0.585424
    outer loop
      vertex 2.2 34.8 25
      vertex 4.46508 37.0651 21.8637
      vertex 4.61777 36.9267 22.0554
    endloop
  endfacet
  facet normal -1.98835e-06 -0.810679 -0.585491
    outer loop
      vertex 2.2 37.4 21.4
      vertex 4.46508 37.0651 21.8637
      vertex 2.2 34.8 25
    endloop
  endfacet
  facet normal 1.78485e-05 -0.810633 -0.585554
    outer loop
      vertex 4.46508 37.0651 21.8637
      vertex 2.2 37.4 21.4
      vertex 4.32668 37.2178 21.6523
    endloop
  endfacet
  facet normal -8.15248e-06 -0.810737 -0.58541
    outer loop
      vertex 4.32668 37.2178 21.6523
      vertex 2.2 37.4 21.4
      vertex 4.20391 37.3833 21.4231
    endloop
  endfacet
  facet normal -4.00374e-06 -0.810566 -0.585647
    outer loop
      vertex 2.2 37.4 21.4
      vertex 4.09797 37.5601 21.1784
      vertex 4.20391 37.3833 21.4231
    endloop
  endfacet
  facet normal 3.45813e-05 -0.810723 -0.585429
    outer loop
      vertex 2.2 37.4 21.4
      vertex 4.00985 37.7464 20.9204
      vertex 4.09797 37.5601 21.1784
    endloop
  endfacet
  facet normal 2.80141e-06 -0.810666 -0.585508
    outer loop
      vertex 2.22359 37.8803 20.735
      vertex 4.00985 37.7464 20.9204
      vertex 2.2 37.4 21.4
    endloop
  endfacet
  facet normal 3.57658e-06 -0.810663 -0.585513
    outer loop
      vertex 2.22359 37.8803 20.735
      vertex 3.94042 37.9404 20.6518
      vertex 4.00985 37.7464 20.9204
    endloop
  endfacet
  facet normal 6.76446e-06 -0.810694 -0.58547
    outer loop
      vertex 2.22359 37.8803 20.735
      vertex 3.89035 38.1403 20.375
      vertex 3.94042 37.9404 20.6518
    endloop
  endfacet
  facet normal 1.51206e-05 -0.810712 -0.585445
    outer loop
      vertex 2.29415 38.3559 20.0764
      vertex 3.89035 38.1403 20.375
      vertex 2.22359 37.8803 20.735
    endloop
  endfacet
  facet normal 2.25403e-05 -0.810694 -0.585471
    outer loop
      vertex 3.89035 38.1403 20.375
      vertex 2.29415 38.3559 20.0764
      vertex 3.86089 38.3389 20.1
    endloop
  endfacet
  facet normal 2.32484e-05 -0.810671 -0.585502
    outer loop
      vertex 2.41099 38.8224 19.4305
      vertex 3.86089 38.3389 20.1
      vertex 2.29415 38.3559 20.0764
    endloop
  endfacet
  facet normal -1.87259e-05 -0.810714 -0.585442
    outer loop
      vertex 2.57299 39.2751 18.8036
      vertex 3.86089 38.3389 20.1
      vertex 2.41099 38.8224 19.4305
    endloop
  endfacet
  facet normal 0.000108897 -0.810654 -0.585525
    outer loop
      vertex 2.77859 39.7098 18.2018
      vertex 3.86089 38.3389 20.1
      vertex 2.57299 39.2751 18.8036
    endloop
  endfacet
  facet normal 6.44966e-05 -0.810666 -0.585508
    outer loop
      vertex 3.0258 40.1223 17.6307
      vertex 3.86089 38.3389 20.1
      vertex 2.77859 39.7098 18.2018
    endloop
  endfacet
  facet normal 0 -0.810677 -0.585494
    outer loop
      vertex 3.86089 38.3389 20.1
      vertex 3.0258 40.1223 17.6307
      vertex 6.16111 38.3389 20.1
    endloop
  endfacet
  facet normal -4.03498e-05 -0.810701 -0.58546
    outer loop
      vertex 3.31225 40.5085 17.0959
      vertex 6.16111 38.3389 20.1
      vertex 3.0258 40.1223 17.6307
    endloop
  endfacet
  facet normal 3.31542e-05 -0.810668 -0.585506
    outer loop
      vertex 3.63518 40.8648 16.6026
      vertex 6.16111 38.3389 20.1
      vertex 3.31225 40.5085 17.0959
    endloop
  endfacet
  facet normal -3.96079e-05 -0.810708 -0.58545
    outer loop
      vertex 6.15584 36.4601 22.7014
      vertex 9.7 34.8 25
      vertex 5.95 36.45 22.7154
    endloop
  endfacet
  facet normal -0.000184574 -0.810814 -0.585303
    outer loop
      vertex 6.35969 36.4903 22.6595
      vertex 9.7 34.8 25
      vertex 6.15584 36.4601 22.7014
    endloop
  endfacet
  facet normal 0.000140544 -0.810594 -0.585608
    outer loop
      vertex 6.5596 36.5404 22.5902
      vertex 9.7 34.8 25
      vertex 6.35969 36.4903 22.6595
    endloop
  endfacet
  facet normal 5.75271e-05 -0.810645 -0.585537
    outer loop
      vertex 6.75363 36.6099 22.494
      vertex 9.7 34.8 25
      vertex 6.5596 36.5404 22.5902
    endloop
  endfacet
  facet normal -2.86476e-05 -0.810694 -0.585471
    outer loop
      vertex 6.93993 36.698 22.372
      vertex 9.7 34.8 25
      vertex 6.75363 36.6099 22.494
    endloop
  endfacet
  facet normal 5.44677e-05 -0.810652 -0.585528
    outer loop
      vertex 7.1167 36.8039 22.2254
      vertex 9.7 34.8 25
      vertex 6.93993 36.698 22.372
    endloop
  endfacet
  facet normal 5.22245e-05 -0.810653 -0.585527
    outer loop
      vertex 7.28223 36.9267 22.0554
      vertex 9.7 34.8 25
      vertex 7.1167 36.8039 22.2254
    endloop
  endfacet
  facet normal -0.000138288 -0.810727 -0.585424
    outer loop
      vertex 7.43492 37.0651 21.8637
      vertex 9.7 34.8 25
      vertex 7.28223 36.9267 22.0554
    endloop
  endfacet
  facet normal -1 0 0
    outer loop
      vertex 52.7 2.2 25
      vertex 52.7 9.7 26
      vertex 52.7 9.7 25
    endloop
  endfacet
  facet normal -1 -0 0
    outer loop
      vertex 52.7 9.7 26
      vertex 52.7 2.2 25
      vertex 52.7 2.2 26
    endloop
  endfacet
  facet normal 0 1 -0
    outer loop
      vertex 60.2 9.7 25
      vertex 52.7 9.7 26
      vertex 60.2 9.7 26
    endloop
  endfacet
  facet normal 0 1 0
    outer loop
      vertex 52.7 9.7 26
      vertex 60.2 9.7 25
      vertex 52.7 9.7 25
    endloop
  endfacet
  facet normal 0 -1 0
    outer loop
      vertex 52.7 2.2 25
      vertex 55.3 2.2 26
      vertex 52.7 2.2 26
    endloop
  endfacet
  facet normal 0 -1 -0
    outer loop
      vertex 55.3 2.2 26
      vertex 52.7 2.2 25
      vertex 55.3 2.2 21.4
    endloop
  endfacet
  facet normal 0 0.810677 -0.585493
    outer loop
      vertex 60.2 9.7 25
      vertex 56.45 8.05 22.7154
      vertex 52.7 9.7 25
    endloop
  endfacet
  facet normal -4.17849e-06 0.810681 -0.585489
    outer loop
      vertex 60.2 9.7 25
      vertex 56.6558 8.03989 22.7014
      vertex 56.45 8.05 22.7154
    endloop
  endfacet
  facet normal -6.42932e-05 0.810725 -0.585428
    outer loop
      vertex 60.2 9.7 25
      vertex 56.8597 8.00965 22.6595
      vertex 56.6558 8.03989 22.7014
    endloop
  endfacet
  facet normal 8.22797e-05 0.810625 -0.585565
    outer loop
      vertex 60.2 9.7 25
      vertex 57.0596 7.95957 22.5902
      vertex 56.8597 8.00965 22.6595
    endloop
  endfacet
  facet normal -0.000148594 0.810768 -0.585367
    outer loop
      vertex 60.2 9.7 25
      vertex 57.2536 7.89015 22.494
      vertex 57.0596 7.95957 22.5902
    endloop
  endfacet
  facet normal 2.6508e-05 0.81067 -0.585503
    outer loop
      vertex 60.2 9.7 25
      vertex 57.4399 7.80203 22.372
      vertex 57.2536 7.89015 22.494
    endloop
  endfacet
  facet normal -2.03984e-05 0.810694 -0.58547
    outer loop
      vertex 60.2 9.7 25
      vertex 57.6167 7.69609 22.2253
      vertex 57.4399 7.80203 22.372
    endloop
  endfacet
  facet normal 0.000167526 0.810611 -0.585585
    outer loop
      vertex 60.2 9.7 25
      vertex 57.7822 7.57332 22.0554
      vertex 57.6167 7.69609 22.2253
    endloop
  endfacet
  facet normal -0.000134879 0.810729 -0.585422
    outer loop
      vertex 60.2 9.7 25
      vertex 57.9349 7.43492 21.8637
      vertex 57.7822 7.57332 22.0554
    endloop
  endfacet
  facet normal 9.14633e-06 0.810679 -0.585491
    outer loop
      vertex 60.2 7.1 21.4
      vertex 57.9349 7.43492 21.8637
      vertex 60.2 9.7 25
    endloop
  endfacet
  facet normal -5.18065e-07 0.810657 -0.585522
    outer loop
      vertex 57.9349 7.43492 21.8637
      vertex 60.2 7.1 21.4
      vertex 58.0733 7.28223 21.6523
    endloop
  endfacet
  facet normal 6.92123e-06 0.810687 -0.58548
    outer loop
      vertex 58.0733 7.28223 21.6523
      vertex 60.2 7.1 21.4
      vertex 58.1961 7.1167 21.4231
    endloop
  endfacet
  facet normal 5.15535e-06 0.810614 -0.585581
    outer loop
      vertex 60.2 7.1 21.4
      vertex 58.302 6.93993 21.1784
      vertex 58.1961 7.1167 21.4231
    endloop
  endfacet
  facet normal -2.2258e-05 0.810725 -0.585427
    outer loop
      vertex 60.2 7.1 21.4
      vertex 58.3901 6.75363 20.9204
      vertex 58.302 6.93993 21.1784
    endloop
  endfacet
  facet normal 4.24151e-06 0.810678 -0.585492
    outer loop
      vertex 60.1764 6.61972 20.735
      vertex 58.3901 6.75363 20.9204
      vertex 60.2 7.1 21.4
    endloop
  endfacet
  facet normal -8.56948e-06 0.810619 -0.585574
    outer loop
      vertex 60.1764 6.61972 20.735
      vertex 58.4596 6.5596 20.6518
      vertex 58.3901 6.75363 20.9204
    endloop
  endfacet
  facet normal -1.47196e-05 0.81068 -0.58549
    outer loop
      vertex 60.1764 6.61972 20.735
      vertex 58.5096 6.35969 20.375
      vertex 58.4596 6.5596 20.6518
    endloop
  endfacet
  facet normal -1.37273e-05 0.810677 -0.585493
    outer loop
      vertex 60.1058 6.14406 20.0764
      vertex 58.5096 6.35969 20.375
      vertex 60.1764 6.61972 20.735
    endloop
  endfacet
  facet normal 4.26333e-06 0.810723 -0.58543
    outer loop
      vertex 58.5096 6.35969 20.375
      vertex 60.1058 6.14406 20.0764
      vertex 58.5391 6.16111 20.1
    endloop
  endfacet
  facet normal 3.30689e-06 0.810693 -0.585472
    outer loop
      vertex 59.989 5.6776 19.4305
      vertex 58.5391 6.16111 20.1
      vertex 60.1058 6.14406 20.0764
    endloop
  endfacet
  facet normal -2.95302e-06 0.810686 -0.585481
    outer loop
      vertex 59.827 5.22485 18.8036
      vertex 58.5391 6.16111 20.1
      vertex 59.989 5.6776 19.4305
    endloop
  endfacet
  facet normal -7.07051e-05 0.810654 -0.585525
    outer loop
      vertex 59.6214 4.79016 18.2018
      vertex 58.5391 6.16111 20.1
      vertex 59.827 5.22485 18.8036
    endloop
  endfacet
  facet normal 2.75524e-05 0.810681 -0.585488
    outer loop
      vertex 59.3742 4.37771 17.6307
      vertex 58.5391 6.16111 20.1
      vertex 59.6214 4.79016 18.2018
    endloop
  endfacet
  facet normal 0 0.810677 -0.585494
    outer loop
      vertex 58.5391 6.16111 20.1
      vertex 59.3742 4.37771 17.6307
      vertex 56.2389 6.16111 20.1
    endloop
  endfacet
  facet normal 6.76232e-06 0.810681 -0.585489
    outer loop
      vertex 59.0877 3.99147 17.0959
      vertex 56.2389 6.16111 20.1
      vertex 59.3742 4.37771 17.6307
    endloop
  endfacet
  facet normal -1.61691e-05 0.81067 -0.585503
    outer loop
      vertex 56.2389 6.16111 20.1
      vertex 59.0877 3.99147 17.0959
      vertex 58.7648 3.63518 16.6026
    endloop
  endfacet
  facet normal 4.17849e-06 0.810681 -0.585489
    outer loop
      vertex 56.2442 8.03989 22.7014
      vertex 52.7 9.7 25
      vertex 56.45 8.05 22.7154
    endloop
  endfacet
  facet normal 6.42932e-05 0.810725 -0.585428
    outer loop
      vertex 56.0403 8.00965 22.6595
      vertex 52.7 9.7 25
      vertex 56.2442 8.03989 22.7014
    endloop
  endfacet
  facet normal -8.22797e-05 0.810625 -0.585565
    outer loop
      vertex 55.8404 7.95957 22.5902
      vertex 52.7 9.7 25
      vertex 56.0403 8.00965 22.6595
    endloop
  endfacet
  facet normal 0.000148594 0.810768 -0.585367
    outer loop
      vertex 55.6464 7.89015 22.494
      vertex 52.7 9.7 25
      vertex 55.8404 7.95957 22.5902
    endloop
  endfacet
  facet normal -2.6508e-05 0.81067 -0.585503
    outer loop
      vertex 55.4601 7.80203 22.372
      vertex 52.7 9.7 25
      vertex 55.6464 7.89015 22.494
    endloop
  endfacet
  facet normal 2.03984e-05 0.810694 -0.58547
    outer loop
      vertex 55.2833 7.69609 22.2253
      vertex 52.7 9.7 25
      vertex 55.4601 7.80203 22.372
    endloop
  endfacet
  facet normal -0.000167526 0.810611 -0.585585
    outer loop
      vertex 55.1178 7.57332 22.0554
      vertex 52.7 9.7 25
      vertex 55.2833 7.69609 22.2253
    endloop
  endfacet
  facet normal 0.000134879 0.810729 -0.585422
    outer loop
      vertex 52.7 9.7 25
      vertex 55.1178 7.57332 22.0554
      vertex 54.9651 7.43492 21.8637
    endloop
  endfacet
  facet normal -0.810668 3.31542e-05 -0.585506
    outer loop
      vertex 58.4085 3.31225 17.0959
      vertex 56.2389 6.16111 20.1
      vertex 58.7648 3.63518 16.6026
    endloop
  endfacet
  facet normal -0.810727 -0.000138288 -0.585424
    outer loop
      vertex 54.8267 7.28223 22.0554
      vertex 52.7 9.7 25
      vertex 54.9651 7.43492 21.8637
    endloop
  endfacet
  facet normal -0.810578 0.000244157 -0.58563
    outer loop
      vertex 54.7039 7.1167 22.2253
      vertex 52.7 9.7 25
      vertex 54.8267 7.28223 22.0554
    endloop
  endfacet
  facet normal -0.81074 -0.000122527 -0.585406
    outer loop
      vertex 54.598 6.93993 22.372
      vertex 52.7 9.7 25
      vertex 54.7039 7.1167 22.2253
    endloop
  endfacet
  facet normal -0.810786 -0.00021481 -0.585342
    outer loop
      vertex 54.5099 6.75363 22.4941
      vertex 52.7 9.7 25
      vertex 54.598 6.93993 22.372
    endloop
  endfacet
  facet normal -0.810532 0.000240895 -0.585694
    outer loop
      vertex 54.4404 6.5596 22.5902
      vertex 52.7 9.7 25
      vertex 54.5099 6.75363 22.4941
    endloop
  endfacet
  facet normal -0.810767 -0.000138789 -0.585369
    outer loop
      vertex 54.3904 6.35969 22.6595
      vertex 52.7 9.7 25
      vertex 54.4404 6.5596 22.5902
    endloop
  endfacet
  facet normal -0.810593 0.000117424 -0.58561
    outer loop
      vertex 54.3601 6.15584 22.7014
      vertex 52.7 9.7 25
      vertex 54.3904 6.35969 22.6595
    endloop
  endfacet
  facet normal -0.810708 -3.96079e-05 -0.58545
    outer loop
      vertex 54.35 5.95 22.7154
      vertex 52.7 9.7 25
      vertex 54.3601 6.15584 22.7014
    endloop
  endfacet
  facet normal -0.810708 3.96079e-05 -0.58545
    outer loop
      vertex 52.7 2.2 25
      vertex 54.35 5.95 22.7154
      vertex 54.3601 5.74416 22.7014
    endloop
  endfacet
  facet normal -0.810593 -0.000117424 -0.58561
    outer loop
      vertex 52.7 2.2 25
      vertex 54.3601 5.74416 22.7014
      vertex 54.3904 5.54031 22.6595
    endloop
  endfacet
  facet normal -0.810767 0.000138789 -0.585369
    outer loop
      vertex 52.7 2.2 25
      vertex 54.3904 5.54031 22.6595
      vertex 54.4404 5.3404 22.5902
    endloop
  endfacet
  facet normal -0.810532 -0.000240887 -0.585694
    outer loop
      vertex 52.7 2.2 25
      vertex 54.4404 5.3404 22.5902
      vertex 54.5099 5.14636 22.4941
    endloop
  endfacet
  facet normal -0.810683 -0 -0.585486
    outer loop
      vertex 56.2389 6.16111 20.1
      vertex 58.4085 3.31225 17.0959
      vertex 56.2389 3.86089 20.1
    endloop
  endfacet
  facet normal -0.81069 -8.33637e-05 -0.585476
    outer loop
      vertex 58.0223 3.0258 17.6307
      vertex 56.2389 3.86089 20.1
      vertex 58.4085 3.31225 17.0959
    endloop
  endfacet
  facet normal -0.810666 6.44966e-05 -0.585508
    outer loop
      vertex 57.6098 2.77859 18.2018
      vertex 56.2389 3.86089 20.1
      vertex 58.0223 3.0258 17.6307
    endloop
  endfacet
  facet normal -0.810654 0.000108897 -0.585525
    outer loop
      vertex 57.1751 2.57299 18.8036
      vertex 56.2389 3.86089 20.1
      vertex 57.6098 2.77859 18.2018
    endloop
  endfacet
  facet normal -0.810714 -1.87259e-05 -0.585442
    outer loop
      vertex 56.7224 2.41099 19.4305
      vertex 56.2389 3.86089 20.1
      vertex 57.1751 2.57299 18.8036
    endloop
  endfacet
  facet normal -0.810671 2.32484e-05 -0.585502
    outer loop
      vertex 56.2559 2.29415 20.0764
      vertex 56.2389 3.86089 20.1
      vertex 56.7224 2.41099 19.4305
    endloop
  endfacet
  facet normal -0.810694 2.25403e-05 -0.585471
    outer loop
      vertex 56.2389 3.86089 20.1
      vertex 56.2559 2.29415 20.0764
      vertex 56.0403 3.89035 20.375
    endloop
  endfacet
  facet normal -0.810712 1.51206e-05 -0.585445
    outer loop
      vertex 55.7803 2.22359 20.735
      vertex 56.0403 3.89035 20.375
      vertex 56.2559 2.29415 20.0764
    endloop
  endfacet
  facet normal -0.810694 6.76446e-06 -0.58547
    outer loop
      vertex 56.0403 3.89035 20.375
      vertex 55.7803 2.22359 20.735
      vertex 55.8404 3.94042 20.6518
    endloop
  endfacet
  facet normal -0.810663 3.57658e-06 -0.585513
    outer loop
      vertex 55.8404 3.94042 20.6518
      vertex 55.7803 2.22359 20.735
      vertex 55.6464 4.00985 20.9204
    endloop
  endfacet
  facet normal -0.810666 2.80141e-06 -0.585508
    outer loop
      vertex 55.3 2.2 21.4
      vertex 55.6464 4.00985 20.9204
      vertex 55.7803 2.22359 20.735
    endloop
  endfacet
  facet normal -0.810723 3.45813e-05 -0.585429
    outer loop
      vertex 55.6464 4.00985 20.9204
      vertex 55.3 2.2 21.4
      vertex 55.4601 4.09797 21.1784
    endloop
  endfacet
  facet normal -0.810566 -4.00374e-06 -0.585647
    outer loop
      vertex 55.4601 4.09797 21.1784
      vertex 55.3 2.2 21.4
      vertex 55.2833 4.20391 21.4231
    endloop
  endfacet
  facet normal -0.810737 -8.15248e-06 -0.58541
    outer loop
      vertex 55.2833 4.20391 21.4231
      vertex 55.3 2.2 21.4
      vertex 55.1178 4.32668 21.6523
    endloop
  endfacet
  facet normal -0.810633 1.78485e-05 -0.585554
    outer loop
      vertex 55.1178 4.32668 21.6523
      vertex 55.3 2.2 21.4
      vertex 54.9651 4.46508 21.8637
    endloop
  endfacet
  facet normal -0.8108 -5.41034e-05 -0.585323
    outer loop
      vertex 54.9651 4.46508 21.8637
      vertex 55.3 2.2 21.4
      vertex 54.8267 4.61777 22.0554
    endloop
  endfacet
  facet normal -0.810679 1.49022e-05 -0.585491
    outer loop
      vertex 52.7 2.2 25
      vertex 54.8267 4.61777 22.0554
      vertex 55.3 2.2 21.4
    endloop
  endfacet
  facet normal -0.810578 -0.000244157 -0.58563
    outer loop
      vertex 54.8267 4.61777 22.0554
      vertex 52.7 2.2 25
      vertex 54.7039 4.7833 22.2253
    endloop
  endfacet
  facet normal -0.81074 0.000122527 -0.585406
    outer loop
      vertex 54.7039 4.7833 22.2253
      vertex 52.7 2.2 25
      vertex 54.598 4.96007 22.372
    endloop
  endfacet
  facet normal -0.810786 0.000214817 -0.585342
    outer loop
      vertex 54.598 4.96007 22.372
      vertex 52.7 2.2 25
      vertex 54.5099 5.14636 22.4941
    endloop
  endfacet
  facet normal -0.810677 0 -0.585493
    outer loop
      vertex 54.35 5.95 22.7154
      vertex 52.7 2.2 25
      vertex 52.7 9.7 25
    endloop
  endfacet
  facet normal -1 0 0
    outer loop
      vertex 52.7 34.8 25
      vertex 52.7 42.3 26
      vertex 52.7 42.3 25
    endloop
  endfacet
  facet normal -1 -0 0
    outer loop
      vertex 52.7 42.3 26
      vertex 52.7 34.8 25
      vertex 52.7 34.8 26
    endloop
  endfacet
  facet normal 0 -1 0
    outer loop
      vertex 52.7 34.8 25
      vertex 60.2 34.8 26
      vertex 52.7 34.8 26
    endloop
  endfacet
  facet normal 0 -1 -0
    outer loop
      vertex 60.2 34.8 26
      vertex 52.7 34.8 25
      vertex 60.2 34.8 25
    endloop
  endfacet
  facet normal -0.810683 0 -0.585486
    outer loop
      vertex 58.4085 41.1878 17.0959
      vertex 56.2389 38.3389 20.1
      vertex 56.2389 40.6391 20.1
    endloop
  endfacet
  facet normal -0.810666 -2.80135e-06 -0.585508
    outer loop
      vertex 55.6464 40.4901 20.9204
      vertex 55.3 42.3 21.4
      vertex 55.7803 42.2764 20.735
    endloop
  endfacet
  facet normal -0.810712 -1.51205e-05 -0.585445
    outer loop
      vertex 56.0403 40.6096 20.375
      vertex 55.7803 42.2764 20.735
      vertex 56.2559 42.2058 20.0764
    endloop
  endfacet
  facet normal -0.810671 -2.32491e-05 -0.585502
    outer loop
      vertex 56.2389 40.6391 20.1
      vertex 56.2559 42.2058 20.0764
      vertex 56.7224 42.089 19.4305
    endloop
  endfacet
  facet normal -0.810714 1.87259e-05 -0.585442
    outer loop
      vertex 56.2389 40.6391 20.1
      vertex 56.7224 42.089 19.4305
      vertex 57.1751 41.927 18.8036
    endloop
  endfacet
  facet normal -0.810654 -0.000108897 -0.585525
    outer loop
      vertex 56.2389 40.6391 20.1
      vertex 57.1751 41.927 18.8036
      vertex 57.6098 41.7214 18.2018
    endloop
  endfacet
  facet normal -0.810666 -6.44977e-05 -0.585508
    outer loop
      vertex 56.2389 40.6391 20.1
      vertex 57.6098 41.7214 18.2018
      vertex 58.0223 41.4742 17.6307
    endloop
  endfacet
  facet normal -0.81069 8.33722e-05 -0.585476
    outer loop
      vertex 56.2389 40.6391 20.1
      vertex 58.0223 41.4742 17.6307
      vertex 58.4085 41.1878 17.0959
    endloop
  endfacet
  facet normal -0.810668 -3.3151e-05 -0.585506
    outer loop
      vertex 56.2389 38.3389 20.1
      vertex 58.4085 41.1878 17.0959
      vertex 58.7648 40.8648 16.6026
    endloop
  endfacet
  facet normal -0.810694 -2.25409e-05 -0.585471
    outer loop
      vertex 56.2559 42.2058 20.0764
      vertex 56.2389 40.6391 20.1
      vertex 56.0403 40.6096 20.375
    endloop
  endfacet
  facet normal -0.810694 -6.76466e-06 -0.58547
    outer loop
      vertex 55.7803 42.2764 20.735
      vertex 56.0403 40.6096 20.375
      vertex 55.8404 40.5596 20.6518
    endloop
  endfacet
  facet normal -0.810663 -3.5766e-06 -0.585513
    outer loop
      vertex 55.7803 42.2764 20.735
      vertex 55.8404 40.5596 20.6518
      vertex 55.6464 40.4901 20.9204
    endloop
  endfacet
  facet normal -0.810723 -3.4581e-05 -0.585429
    outer loop
      vertex 55.3 42.3 21.4
      vertex 55.6464 40.4901 20.9204
      vertex 55.4601 40.402 21.1784
    endloop
  endfacet
  facet normal -0.810566 4.00376e-06 -0.585647
    outer loop
      vertex 55.3 42.3 21.4
      vertex 55.4601 40.402 21.1784
      vertex 55.2833 40.2961 21.4231
    endloop
  endfacet
  facet normal -0.810737 8.15254e-06 -0.58541
    outer loop
      vertex 55.3 42.3 21.4
      vertex 55.2833 40.2961 21.4231
      vertex 55.1178 40.1733 21.6523
    endloop
  endfacet
  facet normal -0.810633 -1.78483e-05 -0.585554
    outer loop
      vertex 54.9651 40.0349 21.8637
      vertex 55.3 42.3 21.4
      vertex 55.1178 40.1733 21.6523
    endloop
  endfacet
  facet normal -0.810679 1.98833e-06 -0.585491
    outer loop
      vertex 55.3 42.3 21.4
      vertex 54.9651 40.0349 21.8637
      vertex 52.7 42.3 25
    endloop
  endfacet
  facet normal -0.810727 -0.000138283 -0.585424
    outer loop
      vertex 54.8267 39.8822 22.0554
      vertex 52.7 42.3 25
      vertex 54.9651 40.0349 21.8637
    endloop
  endfacet
  facet normal -0.810578 0.00024418 -0.58563
    outer loop
      vertex 54.7039 39.7167 22.2253
      vertex 52.7 42.3 25
      vertex 54.8267 39.8822 22.0554
    endloop
  endfacet
  facet normal -0.81074 -0.000122515 -0.585406
    outer loop
      vertex 54.598 39.5399 22.372
      vertex 52.7 42.3 25
      vertex 54.7039 39.7167 22.2253
    endloop
  endfacet
  facet normal -0.810786 -0.000214809 -0.585342
    outer loop
      vertex 54.5099 39.3536 22.4941
      vertex 52.7 42.3 25
      vertex 54.598 39.5399 22.372
    endloop
  endfacet
  facet normal -0.810532 0.000240917 -0.585694
    outer loop
      vertex 54.4404 39.1596 22.5902
      vertex 52.7 42.3 25
      vertex 54.5099 39.3536 22.4941
    endloop
  endfacet
  facet normal -0.810767 -0.000138793 -0.585369
    outer loop
      vertex 54.3904 38.9597 22.6595
      vertex 52.7 42.3 25
      vertex 54.4404 39.1596 22.5902
    endloop
  endfacet
  facet normal -0.810593 0.000117402 -0.58561
    outer loop
      vertex 54.3601 38.7558 22.7014
      vertex 52.7 42.3 25
      vertex 54.3904 38.9597 22.6595
    endloop
  endfacet
  facet normal -0.810708 -3.96148e-05 -0.58545
    outer loop
      vertex 54.35 38.55 22.7154
      vertex 52.7 42.3 25
      vertex 54.3601 38.7558 22.7014
    endloop
  endfacet
  facet normal -0.810708 3.96148e-05 -0.58545
    outer loop
      vertex 52.7 34.8 25
      vertex 54.35 38.55 22.7154
      vertex 54.3601 38.3442 22.7014
    endloop
  endfacet
  facet normal -0.810593 -0.000117402 -0.58561
    outer loop
      vertex 52.7 34.8 25
      vertex 54.3601 38.3442 22.7014
      vertex 54.3904 38.1403 22.6595
    endloop
  endfacet
  facet normal -0.810767 0.000138793 -0.585369
    outer loop
      vertex 52.7 34.8 25
      vertex 54.3904 38.1403 22.6595
      vertex 54.4404 37.9404 22.5902
    endloop
  endfacet
  facet normal -0.810532 -0.000240917 -0.585694
    outer loop
      vertex 52.7 34.8 25
      vertex 54.4404 37.9404 22.5902
      vertex 54.5099 37.7464 22.4941
    endloop
  endfacet
  facet normal -0.810677 0 -0.585493
    outer loop
      vertex 54.35 38.55 22.7154
      vertex 52.7 34.8 25
      vertex 52.7 42.3 25
    endloop
  endfacet
  facet normal -0.810786 0.000214809 -0.585342
    outer loop
      vertex 54.598 37.5601 22.372
      vertex 52.7 34.8 25
      vertex 54.5099 37.7464 22.4941
    endloop
  endfacet
  facet normal -0.81074 0.000122515 -0.585406
    outer loop
      vertex 54.7039 37.3833 22.2253
      vertex 52.7 34.8 25
      vertex 54.598 37.5601 22.372
    endloop
  endfacet
  facet normal -0.810578 -0.00024418 -0.58563
    outer loop
      vertex 54.8267 37.2178 22.0554
      vertex 52.7 34.8 25
      vertex 54.7039 37.3833 22.2253
    endloop
  endfacet
  facet normal -0.810727 0.000138283 -0.585424
    outer loop
      vertex 52.7 34.8 25
      vertex 54.8267 37.2178 22.0554
      vertex 54.9651 37.0651 21.8637
    endloop
  endfacet
  facet normal 0 -0.810677 -0.585494
    outer loop
      vertex 59.3742 40.1223 17.6307
      vertex 58.5391 38.3389 20.1
      vertex 56.2389 38.3389 20.1
    endloop
  endfacet
  facet normal -2.32491e-05 -0.810671 -0.585502
    outer loop
      vertex 58.5391 38.3389 20.1
      vertex 59.989 38.8224 19.4305
      vertex 60.1058 38.3559 20.0764
    endloop
  endfacet
  facet normal 1.87259e-05 -0.810714 -0.585442
    outer loop
      vertex 58.5391 38.3389 20.1
      vertex 59.827 39.2751 18.8036
      vertex 59.989 38.8224 19.4305
    endloop
  endfacet
  facet normal -0.000108897 -0.810654 -0.585525
    outer loop
      vertex 58.5391 38.3389 20.1
      vertex 59.6214 39.7098 18.2018
      vertex 59.827 39.2751 18.8036
    endloop
  endfacet
  facet normal -6.44977e-05 -0.810666 -0.585508
    outer loop
      vertex 58.5391 38.3389 20.1
      vertex 59.3742 40.1223 17.6307
      vertex 59.6214 39.7098 18.2018
    endloop
  endfacet
  facet normal 4.03478e-05 -0.810701 -0.58546
    outer loop
      vertex 56.2389 38.3389 20.1
      vertex 59.0877 40.5085 17.0959
      vertex 59.3742 40.1223 17.6307
    endloop
  endfacet
  facet normal -3.31559e-05 -0.810668 -0.585506
    outer loop
      vertex 56.2389 38.3389 20.1
      vertex 58.7648 40.8648 16.6026
      vertex 59.0877 40.5085 17.0959
    endloop
  endfacet
  facet normal 0 -0.810677 -0.585493
    outer loop
      vertex 52.7 34.8 25
      vertex 56.45 36.45 22.7154
      vertex 60.2 34.8 25
    endloop
  endfacet
  facet normal 3.96148e-05 -0.810708 -0.58545
    outer loop
      vertex 52.7 34.8 25
      vertex 56.2442 36.4601 22.7014
      vertex 56.45 36.45 22.7154
    endloop
  endfacet
  facet normal 0.000184539 -0.810814 -0.585304
    outer loop
      vertex 52.7 34.8 25
      vertex 56.0403 36.4903 22.6595
      vertex 56.2442 36.4601 22.7014
    endloop
  endfacet
  facet normal -0.000140549 -0.810594 -0.585608
    outer loop
      vertex 52.7 34.8 25
      vertex 55.8404 36.5404 22.5902
      vertex 56.0403 36.4903 22.6595
    endloop
  endfacet
  facet normal -5.75325e-05 -0.810645 -0.585537
    outer loop
      vertex 52.7 34.8 25
      vertex 55.6464 36.6099 22.494
      vertex 55.8404 36.5404 22.5902
    endloop
  endfacet
  facet normal 2.86475e-05 -0.810694 -0.585471
    outer loop
      vertex 52.7 34.8 25
      vertex 55.4601 36.698 22.372
      vertex 55.6464 36.6099 22.494
    endloop
  endfacet
  facet normal -5.44624e-05 -0.810652 -0.585528
    outer loop
      vertex 52.7 34.8 25
      vertex 55.2833 36.8039 22.2254
      vertex 55.4601 36.698 22.372
    endloop
  endfacet
  facet normal -5.22293e-05 -0.810653 -0.585527
    outer loop
      vertex 52.7 34.8 25
      vertex 55.1178 36.9267 22.0554
      vertex 55.2833 36.8039 22.2254
    endloop
  endfacet
  facet normal 0.000138283 -0.810727 -0.585424
    outer loop
      vertex 55.1178 36.9267 22.0554
      vertex 52.7 34.8 25
      vertex 54.9651 37.0651 21.8637
    endloop
  endfacet
  facet normal -3.96148e-05 -0.810708 -0.58545
    outer loop
      vertex 56.6558 36.4601 22.7014
      vertex 60.2 34.8 25
      vertex 56.45 36.45 22.7154
    endloop
  endfacet
  facet normal -0.000184539 -0.810814 -0.585304
    outer loop
      vertex 56.8597 36.4903 22.6595
      vertex 60.2 34.8 25
      vertex 56.6558 36.4601 22.7014
    endloop
  endfacet
  facet normal 0.000140549 -0.810594 -0.585608
    outer loop
      vertex 57.0596 36.5404 22.5902
      vertex 60.2 34.8 25
      vertex 56.8597 36.4903 22.6595
    endloop
  endfacet
  facet normal 5.75325e-05 -0.810645 -0.585537
    outer loop
      vertex 57.2536 36.6099 22.494
      vertex 60.2 34.8 25
      vertex 57.0596 36.5404 22.5902
    endloop
  endfacet
  facet normal -2.86475e-05 -0.810694 -0.585471
    outer loop
      vertex 57.4399 36.698 22.372
      vertex 60.2 34.8 25
      vertex 57.2536 36.6099 22.494
    endloop
  endfacet
  facet normal 5.44624e-05 -0.810652 -0.585528
    outer loop
      vertex 57.6167 36.8039 22.2254
      vertex 60.2 34.8 25
      vertex 57.4399 36.698 22.372
    endloop
  endfacet
  facet normal 5.22293e-05 -0.810653 -0.585527
    outer loop
      vertex 57.7822 36.9267 22.0554
      vertex 60.2 34.8 25
      vertex 57.6167 36.8039 22.2254
    endloop
  endfacet
  facet normal -0.000138283 -0.810727 -0.585424
    outer loop
      vertex 57.9349 37.0651 21.8637
      vertex 60.2 34.8 25
      vertex 57.7822 36.9267 22.0554
    endloop
  endfacet
  facet normal -1.78483e-05 -0.810633 -0.585554
    outer loop
      vertex 60.2 37.4 21.4
      vertex 57.9349 37.0651 21.8637
      vertex 58.0733 37.2178 21.6523
    endloop
  endfacet
  facet normal 8.15254e-06 -0.810737 -0.58541
    outer loop
      vertex 60.2 37.4 21.4
      vertex 58.0733 37.2178 21.6523
      vertex 58.1961 37.3833 21.4231
    endloop
  endfacet
  facet normal 1.98833e-06 -0.810679 -0.585491
    outer loop
      vertex 57.9349 37.0651 21.8637
      vertex 60.2 37.4 21.4
      vertex 60.2 34.8 25
    endloop
  endfacet
  facet normal 4.00376e-06 -0.810566 -0.585647
    outer loop
      vertex 58.302 37.5601 21.1784
      vertex 60.2 37.4 21.4
      vertex 58.1961 37.3833 21.4231
    endloop
  endfacet
  facet normal -3.4581e-05 -0.810723 -0.585429
    outer loop
      vertex 58.3901 37.7464 20.9204
      vertex 60.2 37.4 21.4
      vertex 58.302 37.5601 21.1784
    endloop
  endfacet
  facet normal -2.80135e-06 -0.810666 -0.585508
    outer loop
      vertex 58.3901 37.7464 20.9204
      vertex 60.1764 37.8803 20.735
      vertex 60.2 37.4 21.4
    endloop
  endfacet
  facet normal -3.5766e-06 -0.810663 -0.585513
    outer loop
      vertex 58.4596 37.9404 20.6518
      vertex 60.1764 37.8803 20.735
      vertex 58.3901 37.7464 20.9204
    endloop
  endfacet
  facet normal -6.76466e-06 -0.810694 -0.58547
    outer loop
      vertex 58.5096 38.1403 20.375
      vertex 60.1764 37.8803 20.735
      vertex 58.4596 37.9404 20.6518
    endloop
  endfacet
  facet normal -2.25409e-05 -0.810694 -0.585471
    outer loop
      vertex 60.1058 38.3559 20.0764
      vertex 58.5096 38.1403 20.375
      vertex 58.5391 38.3389 20.1
    endloop
  endfacet
  facet normal -1.51205e-05 -0.810712 -0.585445
    outer loop
      vertex 58.5096 38.1403 20.375
      vertex 60.1058 38.3559 20.0764
      vertex 60.1764 37.8803 20.735
    endloop
  endfacet
  facet normal 0.336896 0.941542 -0
    outer loop
      vertex 5.3404 3.94042 20.1
      vertex 5.14636 4.00985 26
      vertex 5.3404 3.94042 26
    endloop
  endfacet
  facet normal 0.336896 0.941542 0
    outer loop
      vertex 5.14636 4.00985 26
      vertex 5.3404 3.94042 20.1
      vertex 5.14636 4.00985 20.1
    endloop
  endfacet
  facet normal -0.989175 -0.146739 0
    outer loop
      vertex 8.03989 6.15584 22.7014
      vertex 8.00965 6.35969 26
      vertex 8.00965 6.35969 22.6595
    endloop
  endfacet
  facet normal -0.989175 -0.146739 0
    outer loop
      vertex 8.00965 6.35969 26
      vertex 8.03989 6.15584 22.7014
      vertex 8.03989 6.15584 26
    endloop
  endfacet
  facet normal -0.998796 -0.0490567 0
    outer loop
      vertex 8.05 5.95 22.7154
      vertex 8.03989 6.15584 26
      vertex 8.03989 6.15584 22.7014
    endloop
  endfacet
  facet normal -0.998796 -0.0490567 0
    outer loop
      vertex 8.03989 6.15584 26
      vertex 8.05 5.95 22.7154
      vertex 8.05 5.95 26
    endloop
  endfacet
  facet normal -0.970025 -0.243004 0
    outer loop
      vertex 8.00965 6.35969 22.6595
      vertex 7.95957 6.5596 26
      vertex 7.95957 6.5596 22.5902
    endloop
  endfacet
  facet normal -0.970025 -0.243004 0
    outer loop
      vertex 7.95957 6.5596 26
      vertex 8.00965 6.35969 22.6595
      vertex 8.00965 6.35969 26
    endloop
  endfacet
  facet normal 0.989175 -0.146739 0
    outer loop
      vertex 3.86011 6.15584 26
      vertex 3.89035 6.35969 20.375
      vertex 3.89035 6.35969 26
    endloop
  endfacet
  facet normal 0.989175 -0.146739 0
    outer loop
      vertex 3.86011 6.15584 20.1
      vertex 3.89035 6.35969 20.375
      vertex 3.86011 6.15584 26
    endloop
  endfacet
  facet normal 0.989224 -0.146413 -0.000246956
    outer loop
      vertex 3.89035 6.35969 20.375
      vertex 3.86011 6.15584 20.1
      vertex 3.86089 6.16111 20.1
    endloop
  endfacet
  facet normal 0.242958 0.970037 -0
    outer loop
      vertex 5.54031 3.89035 20.1
      vertex 5.3404 3.94042 26
      vertex 5.54031 3.89035 26
    endloop
  endfacet
  facet normal 0.242958 0.970037 0
    outer loop
      vertex 5.3404 3.94042 26
      vertex 5.54031 3.89035 20.1
      vertex 5.3404 3.94042 20.1
    endloop
  endfacet
  facet normal -0.336868 -0.941552 0
    outer loop
      vertex 6.5596 7.95957 22.5902
      vertex 6.75363 7.89015 26
      vertex 6.5596 7.95957 26
    endloop
  endfacet
  facet normal -0.336868 -0.941552 -0
    outer loop
      vertex 6.75363 7.89015 26
      vertex 6.5596 7.95957 22.5902
      vertex 6.75363 7.89015 22.494
    endloop
  endfacet
  facet normal 0.51406 -0.857754 0
    outer loop
      vertex 4.7833 7.69609 26
      vertex 4.96007 7.80203 22.372
      vertex 4.96007 7.80203 26
    endloop
  endfacet
  facet normal 0.51406 -0.857754 0
    outer loop
      vertex 4.96007 7.80203 22.372
      vertex 4.7833 7.69609 26
      vertex 4.7833 7.69609 22.2253
    endloop
  endfacet
  facet normal 0.903968 0.4276 0
    outer loop
      vertex 4.09797 4.96007 26
      vertex 4.00985 5.14636 20.1
      vertex 4.00985 5.14636 26
    endloop
  endfacet
  facet normal 0.903968 0.4276 0
    outer loop
      vertex 4.00985 5.14636 20.1
      vertex 4.09797 4.96007 26
      vertex 4.09797 4.96007 20.1
    endloop
  endfacet
  facet normal 0.243004 -0.970025 0
    outer loop
      vertex 5.3404 7.95957 26
      vertex 5.54031 8.00965 22.6595
      vertex 5.54031 8.00965 26
    endloop
  endfacet
  facet normal 0.243004 -0.970025 0
    outer loop
      vertex 5.54031 8.00965 22.6595
      vertex 5.3404 7.95957 26
      vertex 5.3404 7.95957 22.5902
    endloop
  endfacet
  facet normal 0.857754 0.51406 0
    outer loop
      vertex 4.20391 4.7833 26
      vertex 4.09797 4.96007 20.1
      vertex 4.09797 4.96007 26
    endloop
  endfacet
  facet normal 0.857754 0.51406 0
    outer loop
      vertex 4.09797 4.96007 20.1
      vertex 4.20391 4.7833 26
      vertex 4.20391 4.7833 20.1
    endloop
  endfacet
  facet normal -0.242958 0.970037 0
    outer loop
      vertex 6.5596 3.94042 20.6518
      vertex 6.35969 3.89035 26
      vertex 6.5596 3.94042 26
    endloop
  endfacet
  facet normal -0.242958 0.970037 0
    outer loop
      vertex 6.35969 3.89035 26
      vertex 6.5596 3.94042 20.6518
      vertex 6.35969 3.89035 20.375
    endloop
  endfacet
  facet normal 0.595714 0.803197 -0
    outer loop
      vertex 4.7833 4.20391 20.1
      vertex 4.61777 4.32668 26
      vertex 4.7833 4.20391 26
    endloop
  endfacet
  facet normal 0.595714 0.803197 0
    outer loop
      vertex 4.61777 4.32668 26
      vertex 4.7833 4.20391 20.1
      vertex 4.61777 4.32668 20.1
    endloop
  endfacet
  facet normal -0.51406 0.857754 0
    outer loop
      vertex 7.1167 4.20391 21.4231
      vertex 6.93993 4.09797 26
      vertex 7.1167 4.20391 26
    endloop
  endfacet
  facet normal -0.51406 0.857754 0
    outer loop
      vertex 6.93993 4.09797 26
      vertex 7.1167 4.20391 21.4231
      vertex 6.93993 4.09797 21.1784
    endloop
  endfacet
  facet normal -0.803197 0.595714 0
    outer loop
      vertex 7.57332 4.61777 26
      vertex 7.69609 4.7833 22.2253
      vertex 7.57332 4.61777 22.0554
    endloop
  endfacet
  facet normal -0.803197 0.595714 0
    outer loop
      vertex 7.69609 4.7833 22.2253
      vertex 7.57332 4.61777 26
      vertex 7.69609 4.7833 26
    endloop
  endfacet
  facet normal -0.146739 -0.989175 0
    outer loop
      vertex 6.15584 8.03989 22.7014
      vertex 6.35969 8.00965 26
      vertex 6.15584 8.03989 26
    endloop
  endfacet
  facet normal -0.146739 -0.989175 -0
    outer loop
      vertex 6.35969 8.00965 26
      vertex 6.15584 8.03989 22.7014
      vertex 6.35969 8.00965 22.6595
    endloop
  endfacet
  facet normal 0.595714 -0.803197 0
    outer loop
      vertex 4.61777 7.57332 26
      vertex 4.7833 7.69609 22.2253
      vertex 4.7833 7.69609 26
    endloop
  endfacet
  facet normal 0.595714 -0.803197 0
    outer loop
      vertex 4.7833 7.69609 22.2253
      vertex 4.61777 7.57332 26
      vertex 4.61777 7.57332 22.0554
    endloop
  endfacet
  facet normal -0.427582 0.903977 0
    outer loop
      vertex 6.93993 4.09797 21.1784
      vertex 6.75363 4.00985 26
      vertex 6.93993 4.09797 26
    endloop
  endfacet
  facet normal -0.427582 0.903977 0
    outer loop
      vertex 6.75363 4.00985 26
      vertex 6.93993 4.09797 21.1784
      vertex 6.75363 4.00985 20.9204
    endloop
  endfacet
  facet normal 0.803197 -0.595714 0
    outer loop
      vertex 4.20391 7.1167 26
      vertex 4.32668 7.28223 21.6523
      vertex 4.32668 7.28223 26
    endloop
  endfacet
  facet normal 0.803197 -0.595714 0
    outer loop
      vertex 4.32668 7.28223 21.6523
      vertex 4.20391 7.1167 26
      vertex 4.20391 7.1167 21.4231
    endloop
  endfacet
  facet normal -0.989175 0.146739 0
    outer loop
      vertex 8.00965 5.54031 26
      vertex 8.03989 5.74416 22.7014
      vertex 8.00965 5.54031 22.6595
    endloop
  endfacet
  facet normal -0.989175 0.146739 0
    outer loop
      vertex 8.03989 5.74416 22.7014
      vertex 8.00965 5.54031 26
      vertex 8.03989 5.74416 26
    endloop
  endfacet
  facet normal 0.941536 -0.336911 0
    outer loop
      vertex 3.94042 6.5596 26
      vertex 4.00985 6.75363 20.9204
      vertex 4.00985 6.75363 26
    endloop
  endfacet
  facet normal 0.941536 -0.336911 0
    outer loop
      vertex 4.00985 6.75363 20.9204
      vertex 3.94042 6.5596 26
      vertex 3.94042 6.5596 20.6518
    endloop
  endfacet
  facet normal -0.427582 -0.903977 0
    outer loop
      vertex 6.75363 7.89015 22.494
      vertex 6.93993 7.80203 26
      vertex 6.75363 7.89015 26
    endloop
  endfacet
  facet normal -0.427582 -0.903977 -0
    outer loop
      vertex 6.93993 7.80203 26
      vertex 6.75363 7.89015 22.494
      vertex 6.93993 7.80203 22.372
    endloop
  endfacet
  facet normal 0.941542 0.336896 0
    outer loop
      vertex 4.00985 5.14636 26
      vertex 3.94042 5.3404 20.1
      vertex 3.94042 5.3404 26
    endloop
  endfacet
  facet normal 0.941542 0.336896 0
    outer loop
      vertex 3.94042 5.3404 20.1
      vertex 4.00985 5.14636 26
      vertex 4.00985 5.14636 20.1
    endloop
  endfacet
  facet normal -0.970025 0.243004 0
    outer loop
      vertex 7.95957 5.3404 26
      vertex 8.00965 5.54031 22.6595
      vertex 7.95957 5.3404 22.5902
    endloop
  endfacet
  facet normal -0.970025 0.243004 0
    outer loop
      vertex 8.00965 5.54031 22.6595
      vertex 7.95957 5.3404 26
      vertex 8.00965 5.54031 26
    endloop
  endfacet
  facet normal 0.0490567 -0.998796 0
    outer loop
      vertex 5.74416 8.03989 26
      vertex 5.95 8.05 22.7154
      vertex 5.95 8.05 26
    endloop
  endfacet
  facet normal 0.0490567 -0.998796 0
    outer loop
      vertex 5.95 8.05 22.7154
      vertex 5.74416 8.03989 26
      vertex 5.74416 8.03989 22.7014
    endloop
  endfacet
  facet normal -0.671585 -0.740927 0
    outer loop
      vertex 7.28223 7.57332 22.0554
      vertex 7.43492 7.43492 26
      vertex 7.28223 7.57332 26
    endloop
  endfacet
  facet normal -0.671585 -0.740927 -0
    outer loop
      vertex 7.43492 7.43492 26
      vertex 7.28223 7.57332 22.0554
      vertex 7.43492 7.43492 21.8637
    endloop
  endfacet
  facet normal 0.4276 -0.903968 0
    outer loop
      vertex 4.96007 7.80203 26
      vertex 5.14636 7.89015 22.494
      vertex 5.14636 7.89015 26
    endloop
  endfacet
  facet normal 0.4276 -0.903968 0
    outer loop
      vertex 5.14636 7.89015 22.494
      vertex 4.96007 7.80203 26
      vertex 4.96007 7.80203 22.372
    endloop
  endfacet
  facet normal 0.671585 -0.740927 0
    outer loop
      vertex 4.46508 7.43492 26
      vertex 4.61777 7.57332 22.0554
      vertex 4.61777 7.57332 26
    endloop
  endfacet
  facet normal 0.671585 -0.740927 0
    outer loop
      vertex 4.61777 7.57332 22.0554
      vertex 4.46508 7.43492 26
      vertex 4.46508 7.43492 21.8637
    endloop
  endfacet
  facet normal -0.336911 0.941536 0
    outer loop
      vertex 6.75363 4.00985 20.9204
      vertex 6.5596 3.94042 26
      vertex 6.75363 4.00985 26
    endloop
  endfacet
  facet normal -0.336911 0.941536 0
    outer loop
      vertex 6.5596 3.94042 26
      vertex 6.75363 4.00985 20.9204
      vertex 6.5596 3.94042 20.6518
    endloop
  endfacet
  facet normal 0.336853 -0.941557 0
    outer loop
      vertex 5.14636 7.89015 26
      vertex 5.3404 7.95957 22.5902
      vertex 5.3404 7.95957 26
    endloop
  endfacet
  facet normal 0.336853 -0.941557 0
    outer loop
      vertex 5.3404 7.95957 22.5902
      vertex 5.14636 7.89015 26
      vertex 5.14636 7.89015 22.494
    endloop
  endfacet
  facet normal -0.803197 -0.595714 0
    outer loop
      vertex 7.69609 7.1167 22.2253
      vertex 7.57332 7.28223 26
      vertex 7.57332 7.28223 22.0554
    endloop
  endfacet
  facet normal -0.803197 -0.595714 0
    outer loop
      vertex 7.57332 7.28223 26
      vertex 7.69609 7.1167 22.2253
      vertex 7.69609 7.1167 26
    endloop
  endfacet
  facet normal 0.857754 -0.51406 0
    outer loop
      vertex 4.09797 6.93993 26
      vertex 4.20391 7.1167 21.4231
      vertex 4.20391 7.1167 26
    endloop
  endfacet
  facet normal 0.857754 -0.51406 0
    outer loop
      vertex 4.20391 7.1167 21.4231
      vertex 4.09797 6.93993 26
      vertex 4.09797 6.93993 21.1784
    endloop
  endfacet
  facet normal -0.998796 0.0490567 0
    outer loop
      vertex 8.03989 5.74416 26
      vertex 8.05 5.95 22.7154
      vertex 8.03989 5.74416 22.7014
    endloop
  endfacet
  facet normal -0.998796 0.0490567 0
    outer loop
      vertex 8.05 5.95 22.7154
      vertex 8.03989 5.74416 26
      vertex 8.05 5.95 26
    endloop
  endfacet
  facet normal -0.903968 0.4276 0
    outer loop
      vertex 7.80203 4.96007 26
      vertex 7.89015 5.14636 22.494
      vertex 7.80203 4.96007 22.372
    endloop
  endfacet
  facet normal -0.903968 0.4276 0
    outer loop
      vertex 7.89015 5.14636 22.494
      vertex 7.80203 4.96007 26
      vertex 7.89015 5.14636 26
    endloop
  endfacet
  facet normal -0.857754 -0.51406 0
    outer loop
      vertex 7.80203 6.93993 22.372
      vertex 7.69609 7.1167 26
      vertex 7.69609 7.1167 22.2253
    endloop
  endfacet
  facet normal -0.857754 -0.51406 0
    outer loop
      vertex 7.69609 7.1167 26
      vertex 7.80203 6.93993 22.372
      vertex 7.80203 6.93993 26
    endloop
  endfacet
  facet normal 0.671585 0.740927 -0
    outer loop
      vertex 4.61777 4.32668 20.1
      vertex 4.46508 4.46508 26
      vertex 4.61777 4.32668 26
    endloop
  endfacet
  facet normal 0.671585 0.740927 0
    outer loop
      vertex 4.46508 4.46508 26
      vertex 4.61777 4.32668 20.1
      vertex 4.46508 4.46508 20.1
    endloop
  endfacet
  facet normal -0.595714 -0.803197 0
    outer loop
      vertex 7.1167 7.69609 22.2253
      vertex 7.28223 7.57332 26
      vertex 7.1167 7.69609 26
    endloop
  endfacet
  facet normal -0.595714 -0.803197 -0
    outer loop
      vertex 7.28223 7.57332 26
      vertex 7.1167 7.69609 22.2253
      vertex 7.28223 7.57332 22.0554
    endloop
  endfacet
  facet normal 0.51406 0.857754 -0
    outer loop
      vertex 4.96007 4.09797 20.1
      vertex 4.7833 4.20391 26
      vertex 4.96007 4.09797 26
    endloop
  endfacet
  facet normal 0.51406 0.857754 0
    outer loop
      vertex 4.7833 4.20391 26
      vertex 4.96007 4.09797 20.1
      vertex 4.7833 4.20391 20.1
    endloop
  endfacet
  facet normal -0.51406 -0.857754 0
    outer loop
      vertex 6.93993 7.80203 22.372
      vertex 7.1167 7.69609 26
      vertex 6.93993 7.80203 26
    endloop
  endfacet
  facet normal -0.51406 -0.857754 -0
    outer loop
      vertex 7.1167 7.69609 26
      vertex 6.93993 7.80203 22.372
      vertex 7.1167 7.69609 22.2253
    endloop
  endfacet
  facet normal -0.146739 0.989175 0
    outer loop
      vertex 6.35969 3.89035 20.375
      vertex 6.15584 3.86011 26
      vertex 6.35969 3.89035 26
    endloop
  endfacet
  facet normal -0.146413 0.989224 -0.000246956
    outer loop
      vertex 6.15584 3.86011 20.1
      vertex 6.35969 3.89035 20.375
      vertex 6.16111 3.86089 20.1
    endloop
  endfacet
  facet normal -0.146739 0.989175 0
    outer loop
      vertex 6.35969 3.89035 20.375
      vertex 6.15584 3.86011 20.1
      vertex 6.15584 3.86011 26
    endloop
  endfacet
  facet normal -0.941552 -0.336868 0
    outer loop
      vertex 7.95957 6.5596 22.5902
      vertex 7.89015 6.75363 26
      vertex 7.89015 6.75363 22.494
    endloop
  endfacet
  facet normal -0.941552 -0.336868 0
    outer loop
      vertex 7.89015 6.75363 26
      vertex 7.95957 6.5596 22.5902
      vertex 7.95957 6.5596 26
    endloop
  endfacet
  facet normal -0.857754 0.51406 0
    outer loop
      vertex 7.69609 4.7833 26
      vertex 7.80203 4.96007 22.372
      vertex 7.69609 4.7833 22.2253
    endloop
  endfacet
  facet normal -0.857754 0.51406 0
    outer loop
      vertex 7.80203 4.96007 22.372
      vertex 7.69609 4.7833 26
      vertex 7.80203 4.96007 26
    endloop
  endfacet
  facet normal 0.998796 0.0490567 0
    outer loop
      vertex 3.86011 5.74416 26
      vertex 3.85 5.95 20.1
      vertex 3.85 5.95 26
    endloop
  endfacet
  facet normal 0.998796 0.0490567 0
    outer loop
      vertex 3.85 5.95 20.1
      vertex 3.86011 5.74416 26
      vertex 3.86011 5.74416 20.1
    endloop
  endfacet
  facet normal -0.941557 0.336853 0
    outer loop
      vertex 7.89015 5.14636 26
      vertex 7.95957 5.3404 22.5902
      vertex 7.89015 5.14636 22.494
    endloop
  endfacet
  facet normal -0.941557 0.336853 0
    outer loop
      vertex 7.95957 5.3404 22.5902
      vertex 7.89015 5.14636 26
      vertex 7.95957 5.3404 26
    endloop
  endfacet
  facet normal -0.740927 -0.671585 0
    outer loop
      vertex 7.57332 7.28223 22.0554
      vertex 7.43492 7.43492 26
      vertex 7.43492 7.43492 21.8637
    endloop
  endfacet
  facet normal -0.740927 -0.671585 0
    outer loop
      vertex 7.43492 7.43492 26
      vertex 7.57332 7.28223 22.0554
      vertex 7.57332 7.28223 26
    endloop
  endfacet
  facet normal -0.0490567 -0.998796 0
    outer loop
      vertex 5.95 8.05 22.7154
      vertex 6.15584 8.03989 26
      vertex 5.95 8.05 26
    endloop
  endfacet
  facet normal -0.0490567 -0.998796 -0
    outer loop
      vertex 6.15584 8.03989 26
      vertex 5.95 8.05 22.7154
      vertex 6.15584 8.03989 22.7014
    endloop
  endfacet
  facet normal -0.903977 -0.427582 0
    outer loop
      vertex 7.89015 6.75363 22.494
      vertex 7.80203 6.93993 26
      vertex 7.80203 6.93993 22.372
    endloop
  endfacet
  facet normal -0.903977 -0.427582 0
    outer loop
      vertex 7.80203 6.93993 26
      vertex 7.89015 6.75363 22.494
      vertex 7.89015 6.75363 26
    endloop
  endfacet
  facet normal 0.146739 0.989175 -0
    outer loop
      vertex 5.74416 3.86011 20.1
      vertex 5.54031 3.89035 26
      vertex 5.74416 3.86011 26
    endloop
  endfacet
  facet normal 0.146739 0.989175 0
    outer loop
      vertex 5.54031 3.89035 26
      vertex 5.74416 3.86011 20.1
      vertex 5.54031 3.89035 20.1
    endloop
  endfacet
  facet normal -0.671585 0.740927 0
    outer loop
      vertex 7.43492 4.46508 21.8637
      vertex 7.28223 4.32668 26
      vertex 7.43492 4.46508 26
    endloop
  endfacet
  facet normal -0.671585 0.740927 0
    outer loop
      vertex 7.28223 4.32668 26
      vertex 7.43492 4.46508 21.8637
      vertex 7.28223 4.32668 21.6523
    endloop
  endfacet
  facet normal 0.0490567 0.998796 -0
    outer loop
      vertex 5.95 3.85 20.1
      vertex 5.74416 3.86011 26
      vertex 5.95 3.85 26
    endloop
  endfacet
  facet normal 0.0490567 0.998796 0
    outer loop
      vertex 5.74416 3.86011 26
      vertex 5.95 3.85 20.1
      vertex 5.74416 3.86011 20.1
    endloop
  endfacet
  facet normal 0.740927 -0.671585 0
    outer loop
      vertex 4.32668 7.28223 26
      vertex 4.46508 7.43492 21.8637
      vertex 4.46508 7.43492 26
    endloop
  endfacet
  facet normal 0.740927 -0.671585 0
    outer loop
      vertex 4.46508 7.43492 21.8637
      vertex 4.32668 7.28223 26
      vertex 4.32668 7.28223 21.6523
    endloop
  endfacet
  facet normal 0.146739 -0.989175 0
    outer loop
      vertex 5.54031 8.00965 26
      vertex 5.74416 8.03989 22.7014
      vertex 5.74416 8.03989 26
    endloop
  endfacet
  facet normal 0.146739 -0.989175 0
    outer loop
      vertex 5.74416 8.03989 22.7014
      vertex 5.54031 8.00965 26
      vertex 5.54031 8.00965 22.6595
    endloop
  endfacet
  facet normal 0.903977 -0.427582 0
    outer loop
      vertex 4.00985 6.75363 26
      vertex 4.09797 6.93993 21.1784
      vertex 4.09797 6.93993 26
    endloop
  endfacet
  facet normal 0.903977 -0.427582 0
    outer loop
      vertex 4.09797 6.93993 21.1784
      vertex 4.00985 6.75363 26
      vertex 4.00985 6.75363 20.9204
    endloop
  endfacet
  facet normal 0.970037 -0.242958 0
    outer loop
      vertex 3.89035 6.35969 26
      vertex 3.94042 6.5596 20.6518
      vertex 3.94042 6.5596 26
    endloop
  endfacet
  facet normal 0.970037 -0.242958 0
    outer loop
      vertex 3.94042 6.5596 20.6518
      vertex 3.89035 6.35969 26
      vertex 3.89035 6.35969 20.375
    endloop
  endfacet
  facet normal -0.243004 -0.970025 0
    outer loop
      vertex 6.35969 8.00965 22.6595
      vertex 6.5596 7.95957 26
      vertex 6.35969 8.00965 26
    endloop
  endfacet
  facet normal -0.243004 -0.970025 -0
    outer loop
      vertex 6.5596 7.95957 26
      vertex 6.35969 8.00965 22.6595
      vertex 6.5596 7.95957 22.5902
    endloop
  endfacet
  facet normal 0.970037 0.242958 0
    outer loop
      vertex 3.94042 5.3404 26
      vertex 3.89035 5.54031 20.1
      vertex 3.89035 5.54031 26
    endloop
  endfacet
  facet normal 0.970037 0.242958 0
    outer loop
      vertex 3.89035 5.54031 20.1
      vertex 3.94042 5.3404 26
      vertex 3.94042 5.3404 20.1
    endloop
  endfacet
  facet normal 0.4276 0.903968 -0
    outer loop
      vertex 5.14636 4.00985 20.1
      vertex 4.96007 4.09797 26
      vertex 5.14636 4.00985 26
    endloop
  endfacet
  facet normal 0.4276 0.903968 0
    outer loop
      vertex 4.96007 4.09797 26
      vertex 5.14636 4.00985 20.1
      vertex 4.96007 4.09797 20.1
    endloop
  endfacet
  facet normal 0.740927 0.671585 0
    outer loop
      vertex 4.46508 4.46508 26
      vertex 4.32668 4.61777 20.1
      vertex 4.32668 4.61777 26
    endloop
  endfacet
  facet normal 0.740927 0.671585 0
    outer loop
      vertex 4.32668 4.61777 20.1
      vertex 4.46508 4.46508 26
      vertex 4.46508 4.46508 20.1
    endloop
  endfacet
  facet normal -0.0490567 0.998796 0
    outer loop
      vertex 6.15584 3.86011 20.1
      vertex 5.95 3.85 26
      vertex 6.15584 3.86011 26
    endloop
  endfacet
  facet normal -0.0490567 0.998796 0
    outer loop
      vertex 5.95 3.85 26
      vertex 6.15584 3.86011 20.1
      vertex 5.95 3.85 20.1
    endloop
  endfacet
  facet normal 0.989175 0.146739 0
    outer loop
      vertex 3.89035 5.54031 26
      vertex 3.86011 5.74416 20.1
      vertex 3.86011 5.74416 26
    endloop
  endfacet
  facet normal 0.989175 0.146739 0
    outer loop
      vertex 3.86011 5.74416 20.1
      vertex 3.89035 5.54031 26
      vertex 3.89035 5.54031 20.1
    endloop
  endfacet
  facet normal -0.595714 0.803197 0
    outer loop
      vertex 7.28223 4.32668 21.6523
      vertex 7.1167 4.20391 26
      vertex 7.28223 4.32668 26
    endloop
  endfacet
  facet normal -0.595714 0.803197 0
    outer loop
      vertex 7.1167 4.20391 26
      vertex 7.28223 4.32668 21.6523
      vertex 7.1167 4.20391 21.4231
    endloop
  endfacet
  facet normal 0 0 1
    outer loop
      vertex 6.16111 6.16111 20.1
      vertex 6.15584 3.86011 20.1
      vertex 6.16111 3.86089 20.1
    endloop
  endfacet
  facet normal 0 0 1
    outer loop
      vertex 6.16111 6.16111 20.1
      vertex 5.95 3.85 20.1
      vertex 6.15584 3.86011 20.1
    endloop
  endfacet
  facet normal 0 0 1
    outer loop
      vertex 6.16111 6.16111 20.1
      vertex 5.74416 3.86011 20.1
      vertex 5.95 3.85 20.1
    endloop
  endfacet
  facet normal 0 0 1
    outer loop
      vertex 6.16111 6.16111 20.1
      vertex 5.54031 3.89035 20.1
      vertex 5.74416 3.86011 20.1
    endloop
  endfacet
  facet normal 0 0 1
    outer loop
      vertex 6.16111 6.16111 20.1
      vertex 5.3404 3.94042 20.1
      vertex 5.54031 3.89035 20.1
    endloop
  endfacet
  facet normal 0 0 1
    outer loop
      vertex 6.16111 6.16111 20.1
      vertex 5.14636 4.00985 20.1
      vertex 5.3404 3.94042 20.1
    endloop
  endfacet
  facet normal 0 0 1
    outer loop
      vertex 6.16111 6.16111 20.1
      vertex 4.96007 4.09797 20.1
      vertex 5.14636 4.00985 20.1
    endloop
  endfacet
  facet normal 0 0 1
    outer loop
      vertex 6.16111 6.16111 20.1
      vertex 4.7833 4.20391 20.1
      vertex 4.96007 4.09797 20.1
    endloop
  endfacet
  facet normal 0 0 1
    outer loop
      vertex 6.16111 6.16111 20.1
      vertex 4.61777 4.32668 20.1
      vertex 4.7833 4.20391 20.1
    endloop
  endfacet
  facet normal 0 0 1
    outer loop
      vertex 6.16111 6.16111 20.1
      vertex 4.46508 4.46508 20.1
      vertex 4.61777 4.32668 20.1
    endloop
  endfacet
  facet normal 0 0 1
    outer loop
      vertex 6.16111 6.16111 20.1
      vertex 4.32668 4.61777 20.1
      vertex 4.46508 4.46508 20.1
    endloop
  endfacet
  facet normal 0 0 1
    outer loop
      vertex 6.16111 6.16111 20.1
      vertex 4.20391 4.7833 20.1
      vertex 4.32668 4.61777 20.1
    endloop
  endfacet
  facet normal 0 0 1
    outer loop
      vertex 6.16111 6.16111 20.1
      vertex 4.09797 4.96007 20.1
      vertex 4.20391 4.7833 20.1
    endloop
  endfacet
  facet normal 0 0 1
    outer loop
      vertex 6.16111 6.16111 20.1
      vertex 4.00985 5.14636 20.1
      vertex 4.09797 4.96007 20.1
    endloop
  endfacet
  facet normal 0 0 1
    outer loop
      vertex 6.16111 6.16111 20.1
      vertex 3.94042 5.3404 20.1
      vertex 4.00985 5.14636 20.1
    endloop
  endfacet
  facet normal 0 0 1
    outer loop
      vertex 6.16111 6.16111 20.1
      vertex 3.89035 5.54031 20.1
      vertex 3.94042 5.3404 20.1
    endloop
  endfacet
  facet normal 0 0 1
    outer loop
      vertex 3.85 5.95 20.1
      vertex 6.16111 6.16111 20.1
      vertex 3.86089 6.16111 20.1
    endloop
  endfacet
  facet normal 0 0 1
    outer loop
      vertex 3.85 5.95 20.1
      vertex 3.86089 6.16111 20.1
      vertex 3.86011 6.15584 20.1
    endloop
  endfacet
  facet normal 0 0 1
    outer loop
      vertex 6.16111 6.16111 20.1
      vertex 3.86011 5.74416 20.1
      vertex 3.89035 5.54031 20.1
    endloop
  endfacet
  facet normal 0 0 1
    outer loop
      vertex 6.16111 6.16111 20.1
      vertex 3.85 5.95 20.1
      vertex 3.86011 5.74416 20.1
    endloop
  endfacet
  facet normal 0.803197 0.595714 0
    outer loop
      vertex 4.32668 4.61777 26
      vertex 4.20391 4.7833 20.1
      vertex 4.20391 4.7833 26
    endloop
  endfacet
  facet normal 0.803197 0.595714 0
    outer loop
      vertex 4.20391 4.7833 20.1
      vertex 4.32668 4.61777 26
      vertex 4.32668 4.61777 20.1
    endloop
  endfacet
  facet normal 0.998796 -0.0490567 0
    outer loop
      vertex 3.85 5.95 26
      vertex 3.86011 6.15584 20.1
      vertex 3.86011 6.15584 26
    endloop
  endfacet
  facet normal 0.998796 -0.0490567 0
    outer loop
      vertex 3.86011 6.15584 20.1
      vertex 3.85 5.95 26
      vertex 3.85 5.95 20.1
    endloop
  endfacet
  facet normal -0.740927 0.671585 0
    outer loop
      vertex 7.43492 4.46508 26
      vertex 7.57332 4.61777 22.0554
      vertex 7.43492 4.46508 21.8637
    endloop
  endfacet
  facet normal -0.740927 0.671585 0
    outer loop
      vertex 7.57332 4.61777 22.0554
      vertex 7.43492 4.46508 26
      vertex 7.57332 4.61777 26
    endloop
  endfacet
  facet normal -0.147023 -0.989133 0
    outer loop
      vertex 6.15584 40.6399 26
      vertex 6.35969 40.6096 20.375
      vertex 6.35969 40.6096 26
    endloop
  endfacet
  facet normal -0.147023 -0.989133 0
    outer loop
      vertex 6.15584 40.6399 20.1
      vertex 6.35969 40.6096 20.375
      vertex 6.15584 40.6399 26
    endloop
  endfacet
  facet normal -0.150083 -0.988671 0.00231878
    outer loop
      vertex 6.35969 40.6096 20.375
      vertex 6.15584 40.6399 20.1
      vertex 6.16111 40.6391 20.1
    endloop
  endfacet
  facet normal -0.337212 -0.941429 0
    outer loop
      vertex 6.5596 40.5596 26
      vertex 6.75363 40.4901 20.9204
      vertex 6.75363 40.4901 26
    endloop
  endfacet
  facet normal -0.337212 -0.941429 0
    outer loop
      vertex 6.75363 40.4901 20.9204
      vertex 6.5596 40.5596 26
      vertex 6.5596 40.5596 20.6518
    endloop
  endfacet
  facet normal -0.989181 -0.146703 0
    outer loop
      vertex 8.03989 38.7558 22.7014
      vertex 8.00965 38.9597 26
      vertex 8.00965 38.9597 22.6595
    endloop
  endfacet
  facet normal -0.989181 -0.146703 0
    outer loop
      vertex 8.00965 38.9597 26
      vertex 8.03989 38.7558 22.7014
      vertex 8.03989 38.7558 26
    endloop
  endfacet
  facet normal -0.998796 -0.0490662 0
    outer loop
      vertex 8.05 38.55 22.7154
      vertex 8.03989 38.7558 26
      vertex 8.03989 38.7558 22.7014
    endloop
  endfacet
  facet normal -0.998796 -0.0490662 0
    outer loop
      vertex 8.03989 38.7558 26
      vertex 8.05 38.55 22.7154
      vertex 8.05 38.55 26
    endloop
  endfacet
  facet normal -0.970022 -0.243015 0
    outer loop
      vertex 8.00965 38.9597 22.6595
      vertex 7.95957 39.1596 26
      vertex 7.95957 39.1596 22.5902
    endloop
  endfacet
  facet normal -0.970022 -0.243015 0
    outer loop
      vertex 7.95957 39.1596 26
      vertex 8.00965 38.9597 22.6595
      vertex 8.00965 38.9597 26
    endloop
  endfacet
  facet normal 0.989181 -0.146703 0
    outer loop
      vertex 3.86011 38.7558 26
      vertex 3.89035 38.9597 20.1
      vertex 3.89035 38.9597 26
    endloop
  endfacet
  facet normal 0.989181 -0.146703 0
    outer loop
      vertex 3.89035 38.9597 20.1
      vertex 3.86011 38.7558 26
      vertex 3.86011 38.7558 20.1
    endloop
  endfacet
  facet normal -0.998796 0.0490662 0
    outer loop
      vertex 8.03989 38.3442 26
      vertex 8.05 38.55 22.7154
      vertex 8.03989 38.3442 22.7014
    endloop
  endfacet
  facet normal -0.998796 0.0490662 0
    outer loop
      vertex 8.05 38.55 22.7154
      vertex 8.03989 38.3442 26
      vertex 8.05 38.55 26
    endloop
  endfacet
  facet normal -0.337212 0.941429 0
    outer loop
      vertex 6.75363 36.6099 26
      vertex 6.5596 36.5404 22.5902
      vertex 6.5596 36.5404 26
    endloop
  endfacet
  facet normal -0.337212 0.941429 0
    outer loop
      vertex 6.5596 36.5404 22.5902
      vertex 6.75363 36.6099 26
      vertex 6.75363 36.6099 22.494
    endloop
  endfacet
  facet normal -0.0490083 0.998798 0
    outer loop
      vertex 6.15584 36.4601 26
      vertex 5.95 36.45 22.7154
      vertex 5.95 36.45 26
    endloop
  endfacet
  facet normal -0.0490083 0.998798 0
    outer loop
      vertex 5.95 36.45 22.7154
      vertex 6.15584 36.4601 26
      vertex 6.15584 36.4601 22.7014
    endloop
  endfacet
  facet normal -0.146549 0.989203 0
    outer loop
      vertex 6.35969 36.4903 26
      vertex 6.15584 36.4601 22.7014
      vertex 6.15584 36.4601 26
    endloop
  endfacet
  facet normal -0.146549 0.989203 0
    outer loop
      vertex 6.15584 36.4601 22.7014
      vertex 6.35969 36.4903 26
      vertex 6.35969 36.4903 22.6595
    endloop
  endfacet
  facet normal -0.941535 -0.336914 0
    outer loop
      vertex 7.95957 39.1596 22.5902
      vertex 7.89015 39.3536 26
      vertex 7.89015 39.3536 22.494
    endloop
  endfacet
  facet normal -0.941535 -0.336914 0
    outer loop
      vertex 7.89015 39.3536 26
      vertex 7.95957 39.1596 22.5902
      vertex 7.95957 39.1596 26
    endloop
  endfacet
  facet normal -0.903977 -0.427582 0
    outer loop
      vertex 7.89015 39.3536 22.494
      vertex 7.80203 39.5399 26
      vertex 7.80203 39.5399 22.372
    endloop
  endfacet
  facet normal -0.903977 -0.427582 0
    outer loop
      vertex 7.80203 39.5399 26
      vertex 7.89015 39.3536 22.494
      vertex 7.89015 39.3536 26
    endloop
  endfacet
  facet normal 0.242638 -0.970117 0
    outer loop
      vertex 5.3404 40.5596 20.1
      vertex 5.54031 40.6096 26
      vertex 5.3404 40.5596 26
    endloop
  endfacet
  facet normal 0.242638 -0.970117 0
    outer loop
      vertex 5.54031 40.6096 26
      vertex 5.3404 40.5596 20.1
      vertex 5.54031 40.6096 20.1
    endloop
  endfacet
  facet normal -0.243095 0.970002 0
    outer loop
      vertex 6.5596 36.5404 26
      vertex 6.35969 36.4903 22.6595
      vertex 6.35969 36.4903 26
    endloop
  endfacet
  facet normal -0.243095 0.970002 0
    outer loop
      vertex 6.35969 36.4903 22.6595
      vertex 6.5596 36.5404 26
      vertex 6.5596 36.5404 22.5902
    endloop
  endfacet
  facet normal -0.595808 -0.803127 0
    outer loop
      vertex 7.1167 40.2961 26
      vertex 7.28223 40.1733 21.6523
      vertex 7.28223 40.1733 26
    endloop
  endfacet
  facet normal -0.595808 -0.803127 0
    outer loop
      vertex 7.28223 40.1733 21.6523
      vertex 7.1167 40.2961 26
      vertex 7.1167 40.2961 21.4231
    endloop
  endfacet
  facet normal -0.0490083 -0.998798 0
    outer loop
      vertex 5.95 40.65 20.1
      vertex 6.15584 40.6399 26
      vertex 5.95 40.65 26
    endloop
  endfacet
  facet normal -0.0490083 -0.998798 -0
    outer loop
      vertex 6.15584 40.6399 26
      vertex 5.95 40.65 20.1
      vertex 6.15584 40.6399 20.1
    endloop
  endfacet
  facet normal -0.513918 -0.85784 0
    outer loop
      vertex 6.93993 40.402 26
      vertex 7.1167 40.2961 21.4231
      vertex 7.1167 40.2961 26
    endloop
  endfacet
  facet normal -0.513918 -0.85784 0
    outer loop
      vertex 7.1167 40.2961 21.4231
      vertex 6.93993 40.402 26
      vertex 6.93993 40.402 21.1784
    endloop
  endfacet
  facet normal 0.94152 0.336957 -0
    outer loop
      vertex 4.00985 37.7464 20.9204
      vertex 3.94042 37.9404 26
      vertex 4.00985 37.7464 26
    endloop
  endfacet
  facet normal 0.94152 0.336957 0
    outer loop
      vertex 3.94042 37.9404 26
      vertex 4.00985 37.7464 20.9204
      vertex 3.94042 37.9404 20.6518
    endloop
  endfacet
  facet normal -0.513918 0.85784 0
    outer loop
      vertex 7.1167 36.8039 26
      vertex 6.93993 36.698 22.372
      vertex 6.93993 36.698 26
    endloop
  endfacet
  facet normal -0.513918 0.85784 0
    outer loop
      vertex 6.93993 36.698 22.372
      vertex 7.1167 36.8039 26
      vertex 7.1167 36.8039 22.2254
    endloop
  endfacet
  facet normal -0.671585 -0.740927 0
    outer loop
      vertex 7.28223 40.1733 26
      vertex 7.43492 40.0349 21.8637
      vertex 7.43492 40.0349 26
    endloop
  endfacet
  facet normal -0.671585 -0.740927 0
    outer loop
      vertex 7.43492 40.0349 21.8637
      vertex 7.28223 40.1733 26
      vertex 7.28223 40.1733 21.6523
    endloop
  endfacet
  facet normal -0.427502 0.904014 0
    outer loop
      vertex 6.93993 36.698 26
      vertex 6.75363 36.6099 22.494
      vertex 6.75363 36.6099 26
    endloop
  endfacet
  facet normal -0.427502 0.904014 0
    outer loop
      vertex 6.75363 36.6099 22.494
      vertex 6.93993 36.698 26
      vertex 6.93993 36.698 22.372
    endloop
  endfacet
  facet normal -0.803145 -0.595783 0
    outer loop
      vertex 7.69609 39.7167 22.2253
      vertex 7.57332 39.8822 26
      vertex 7.57332 39.8822 22.0554
    endloop
  endfacet
  facet normal -0.803145 -0.595783 0
    outer loop
      vertex 7.57332 39.8822 26
      vertex 7.69609 39.7167 22.2253
      vertex 7.69609 39.7167 26
    endloop
  endfacet
  facet normal 0.803145 -0.595783 0
    outer loop
      vertex 4.20391 39.7167 26
      vertex 4.32668 39.8822 20.1
      vertex 4.32668 39.8822 26
    endloop
  endfacet
  facet normal 0.803145 -0.595783 0
    outer loop
      vertex 4.32668 39.8822 20.1
      vertex 4.20391 39.7167 26
      vertex 4.20391 39.7167 20.1
    endloop
  endfacet
  facet normal -0.242638 -0.970117 0
    outer loop
      vertex 6.35969 40.6096 26
      vertex 6.5596 40.5596 20.6518
      vertex 6.5596 40.5596 26
    endloop
  endfacet
  facet normal -0.242638 -0.970117 0
    outer loop
      vertex 6.5596 40.5596 20.6518
      vertex 6.35969 40.6096 26
      vertex 6.35969 40.6096 20.375
    endloop
  endfacet
  facet normal 0.146549 0.989203 -0
    outer loop
      vertex 5.74416 36.4601 22.7014
      vertex 5.54031 36.4903 26
      vertex 5.74416 36.4601 26
    endloop
  endfacet
  facet normal 0.146549 0.989203 0
    outer loop
      vertex 5.54031 36.4903 26
      vertex 5.74416 36.4601 22.7014
      vertex 5.54031 36.4903 22.6595
    endloop
  endfacet
  facet normal 0.740949 0.671561 -0
    outer loop
      vertex 4.46508 37.0651 21.8637
      vertex 4.32668 37.2178 26
      vertex 4.46508 37.0651 26
    endloop
  endfacet
  facet normal 0.740949 0.671561 0
    outer loop
      vertex 4.32668 37.2178 26
      vertex 4.46508 37.0651 21.8637
      vertex 4.32668 37.2178 21.6523
    endloop
  endfacet
  facet normal -0.427502 -0.904014 0
    outer loop
      vertex 6.75363 40.4901 26
      vertex 6.93993 40.402 21.1784
      vertex 6.93993 40.402 26
    endloop
  endfacet
  facet normal -0.427502 -0.904014 0
    outer loop
      vertex 6.93993 40.402 21.1784
      vertex 6.75363 40.4901 26
      vertex 6.75363 40.4901 20.9204
    endloop
  endfacet
  facet normal 0.903977 -0.427582 0
    outer loop
      vertex 4.00985 39.3536 26
      vertex 4.09797 39.5399 20.1
      vertex 4.09797 39.5399 26
    endloop
  endfacet
  facet normal 0.903977 -0.427582 0
    outer loop
      vertex 4.09797 39.5399 20.1
      vertex 4.00985 39.3536 26
      vertex 4.00985 39.3536 20.1
    endloop
  endfacet
  facet normal -0.803145 0.595783 0
    outer loop
      vertex 7.57332 37.2178 26
      vertex 7.69609 37.3833 22.2253
      vertex 7.57332 37.2178 22.0554
    endloop
  endfacet
  facet normal -0.803145 0.595783 0
    outer loop
      vertex 7.69609 37.3833 22.2253
      vertex 7.57332 37.2178 26
      vertex 7.69609 37.3833 26
    endloop
  endfacet
  facet normal 0.857792 0.513996 -0
    outer loop
      vertex 4.20391 37.3833 21.4231
      vertex 4.09797 37.5601 26
      vertex 4.20391 37.3833 26
    endloop
  endfacet
  facet normal 0.857792 0.513996 0
    outer loop
      vertex 4.09797 37.5601 26
      vertex 4.20391 37.3833 21.4231
      vertex 4.09797 37.5601 21.1784
    endloop
  endfacet
  facet normal 0.970034 0.242969 -0
    outer loop
      vertex 3.94042 37.9404 20.6518
      vertex 3.89035 38.1403 26
      vertex 3.94042 37.9404 26
    endloop
  endfacet
  facet normal 0.970034 0.242969 0
    outer loop
      vertex 3.89035 38.1403 26
      vertex 3.94042 37.9404 20.6518
      vertex 3.89035 38.1403 20.375
    endloop
  endfacet
  facet normal -0.970022 0.243015 0
    outer loop
      vertex 7.95957 37.9404 26
      vertex 8.00965 38.1403 22.6595
      vertex 7.95957 37.9404 22.5902
    endloop
  endfacet
  facet normal -0.970022 0.243015 0
    outer loop
      vertex 8.00965 38.1403 22.6595
      vertex 7.95957 37.9404 26
      vertex 8.00965 38.1403 26
    endloop
  endfacet
  facet normal 0.595808 0.803127 -0
    outer loop
      vertex 4.7833 36.8039 22.2254
      vertex 4.61777 36.9267 26
      vertex 4.7833 36.8039 26
    endloop
  endfacet
  facet normal 0.595808 0.803127 0
    outer loop
      vertex 4.61777 36.9267 26
      vertex 4.7833 36.8039 22.2254
      vertex 4.61777 36.9267 22.0554
    endloop
  endfacet
  facet normal 0.337197 -0.941434 0
    outer loop
      vertex 5.14636 40.4901 20.1
      vertex 5.3404 40.5596 26
      vertex 5.14636 40.4901 26
    endloop
  endfacet
  facet normal 0.337197 -0.941434 0
    outer loop
      vertex 5.3404 40.5596 26
      vertex 5.14636 40.4901 20.1
      vertex 5.3404 40.5596 20.1
    endloop
  endfacet
  facet normal -0.740949 -0.671561 0
    outer loop
      vertex 7.57332 39.8822 22.0554
      vertex 7.43492 40.0349 26
      vertex 7.43492 40.0349 21.8637
    endloop
  endfacet
  facet normal -0.740949 -0.671561 0
    outer loop
      vertex 7.43492 40.0349 26
      vertex 7.57332 39.8822 22.0554
      vertex 7.57332 39.8822 26
    endloop
  endfacet
  facet normal 0.671585 -0.740927 0
    outer loop
      vertex 4.46508 40.0349 20.1
      vertex 4.61777 40.1733 26
      vertex 4.46508 40.0349 26
    endloop
  endfacet
  facet normal 0.671585 -0.740927 0
    outer loop
      vertex 4.61777 40.1733 26
      vertex 4.46508 40.0349 20.1
      vertex 4.61777 40.1733 20.1
    endloop
  endfacet
  facet normal -0.857792 0.513996 0
    outer loop
      vertex 7.69609 37.3833 26
      vertex 7.80203 37.5601 22.372
      vertex 7.69609 37.3833 22.2253
    endloop
  endfacet
  facet normal -0.857792 0.513996 0
    outer loop
      vertex 7.80203 37.5601 22.372
      vertex 7.69609 37.3833 26
      vertex 7.80203 37.5601 26
    endloop
  endfacet
  facet normal 0.998796 0.0490662 0
    outer loop
      vertex 3.86011 38.3442 26
      vertex 3.85 38.55 20.1
      vertex 3.85 38.55 26
    endloop
  endfacet
  facet normal 0.998796 0.0490662 0
    outer loop
      vertex 3.85 38.55 20.1
      vertex 3.86011 38.3442 26
      vertex 3.86011 38.3442 20.1
    endloop
  endfacet
  facet normal 0.903977 0.427582 -0
    outer loop
      vertex 4.09797 37.5601 21.1784
      vertex 4.00985 37.7464 26
      vertex 4.09797 37.5601 26
    endloop
  endfacet
  facet normal 0.903977 0.427582 0
    outer loop
      vertex 4.00985 37.7464 26
      vertex 4.09797 37.5601 21.1784
      vertex 4.00985 37.7464 20.9204
    endloop
  endfacet
  facet normal -0.903977 0.427582 0
    outer loop
      vertex 7.80203 37.5601 26
      vertex 7.89015 37.7464 22.494
      vertex 7.80203 37.5601 22.372
    endloop
  endfacet
  facet normal -0.903977 0.427582 0
    outer loop
      vertex 7.89015 37.7464 22.494
      vertex 7.80203 37.5601 26
      vertex 7.89015 37.7464 26
    endloop
  endfacet
  facet normal 0.513918 0.85784 -0
    outer loop
      vertex 4.96007 36.698 22.372
      vertex 4.7833 36.8039 26
      vertex 4.96007 36.698 26
    endloop
  endfacet
  facet normal 0.513918 0.85784 0
    outer loop
      vertex 4.7833 36.8039 26
      vertex 4.96007 36.698 22.372
      vertex 4.7833 36.8039 22.2254
    endloop
  endfacet
  facet normal 0.0490083 -0.998798 0
    outer loop
      vertex 5.74416 40.6399 20.1
      vertex 5.95 40.65 26
      vertex 5.74416 40.6399 26
    endloop
  endfacet
  facet normal 0.0490083 -0.998798 0
    outer loop
      vertex 5.95 40.65 26
      vertex 5.74416 40.6399 20.1
      vertex 5.95 40.65 20.1
    endloop
  endfacet
  facet normal 0.595808 -0.803127 0
    outer loop
      vertex 4.61777 40.1733 20.1
      vertex 4.7833 40.2961 26
      vertex 4.61777 40.1733 26
    endloop
  endfacet
  facet normal 0.595808 -0.803127 0
    outer loop
      vertex 4.7833 40.2961 26
      vertex 4.61777 40.1733 20.1
      vertex 4.7833 40.2961 20.1
    endloop
  endfacet
  facet normal 0.513918 -0.85784 0
    outer loop
      vertex 4.7833 40.2961 20.1
      vertex 4.96007 40.402 26
      vertex 4.7833 40.2961 26
    endloop
  endfacet
  facet normal 0.513918 -0.85784 0
    outer loop
      vertex 4.96007 40.402 26
      vertex 4.7833 40.2961 20.1
      vertex 4.96007 40.402 20.1
    endloop
  endfacet
  facet normal 0.147023 -0.989133 0
    outer loop
      vertex 5.54031 40.6096 20.1
      vertex 5.74416 40.6399 26
      vertex 5.54031 40.6096 26
    endloop
  endfacet
  facet normal 0.147023 -0.989133 0
    outer loop
      vertex 5.74416 40.6399 26
      vertex 5.54031 40.6096 20.1
      vertex 5.74416 40.6399 20.1
    endloop
  endfacet
  facet normal 0.427521 -0.904005 0
    outer loop
      vertex 4.96007 40.402 20.1
      vertex 5.14636 40.4901 26
      vertex 4.96007 40.402 26
    endloop
  endfacet
  facet normal 0.427521 -0.904005 0
    outer loop
      vertex 5.14636 40.4901 26
      vertex 4.96007 40.402 20.1
      vertex 5.14636 40.4901 20.1
    endloop
  endfacet
  facet normal -0.740949 0.671561 0
    outer loop
      vertex 7.43492 37.0651 26
      vertex 7.57332 37.2178 22.0554
      vertex 7.43492 37.0651 21.8637
    endloop
  endfacet
  facet normal -0.740949 0.671561 0
    outer loop
      vertex 7.57332 37.2178 22.0554
      vertex 7.43492 37.0651 26
      vertex 7.57332 37.2178 26
    endloop
  endfacet
  facet normal -0.857792 -0.513996 0
    outer loop
      vertex 7.80203 39.5399 22.372
      vertex 7.69609 39.7167 26
      vertex 7.69609 39.7167 22.2253
    endloop
  endfacet
  facet normal -0.857792 -0.513996 0
    outer loop
      vertex 7.69609 39.7167 26
      vertex 7.80203 39.5399 22.372
      vertex 7.80203 39.5399 26
    endloop
  endfacet
  facet normal -0.989181 0.146703 0
    outer loop
      vertex 8.00965 38.1403 26
      vertex 8.03989 38.3442 22.7014
      vertex 8.00965 38.1403 22.6595
    endloop
  endfacet
  facet normal -0.989181 0.146703 0
    outer loop
      vertex 8.03989 38.3442 22.7014
      vertex 8.00965 38.1403 26
      vertex 8.03989 38.3442 26
    endloop
  endfacet
  facet normal 0.243095 0.970002 -0
    outer loop
      vertex 5.54031 36.4903 22.6595
      vertex 5.3404 36.5404 26
      vertex 5.54031 36.4903 26
    endloop
  endfacet
  facet normal 0.243095 0.970002 0
    outer loop
      vertex 5.3404 36.5404 26
      vertex 5.54031 36.4903 22.6595
      vertex 5.3404 36.5404 22.5902
    endloop
  endfacet
  facet normal 0.671585 0.740927 -0
    outer loop
      vertex 4.61777 36.9267 22.0554
      vertex 4.46508 37.0651 26
      vertex 4.61777 36.9267 26
    endloop
  endfacet
  facet normal 0.671585 0.740927 0
    outer loop
      vertex 4.46508 37.0651 26
      vertex 4.61777 36.9267 22.0554
      vertex 4.46508 37.0651 21.8637
    endloop
  endfacet
  facet normal 0.740949 -0.671561 0
    outer loop
      vertex 4.32668 39.8822 26
      vertex 4.46508 40.0349 20.1
      vertex 4.46508 40.0349 26
    endloop
  endfacet
  facet normal 0.740949 -0.671561 0
    outer loop
      vertex 4.46508 40.0349 20.1
      vertex 4.32668 39.8822 26
      vertex 4.32668 39.8822 20.1
    endloop
  endfacet
  facet normal -0.595808 0.803127 0
    outer loop
      vertex 7.28223 36.9267 26
      vertex 7.1167 36.8039 22.2254
      vertex 7.1167 36.8039 26
    endloop
  endfacet
  facet normal -0.595808 0.803127 0
    outer loop
      vertex 7.1167 36.8039 22.2254
      vertex 7.28223 36.9267 26
      vertex 7.28223 36.9267 22.0554
    endloop
  endfacet
  facet normal 0.803145 0.595783 -0
    outer loop
      vertex 4.32668 37.2178 21.6523
      vertex 4.20391 37.3833 26
      vertex 4.32668 37.2178 26
    endloop
  endfacet
  facet normal 0.803145 0.595783 0
    outer loop
      vertex 4.20391 37.3833 26
      vertex 4.32668 37.2178 21.6523
      vertex 4.20391 37.3833 21.4231
    endloop
  endfacet
  facet normal 0.998796 -0.0490662 0
    outer loop
      vertex 3.85 38.55 26
      vertex 3.86011 38.7558 20.1
      vertex 3.86011 38.7558 26
    endloop
  endfacet
  facet normal 0.998796 -0.0490662 0
    outer loop
      vertex 3.86011 38.7558 20.1
      vertex 3.85 38.55 26
      vertex 3.85 38.55 20.1
    endloop
  endfacet
  facet normal 0.0490083 0.998798 -0
    outer loop
      vertex 5.95 36.45 22.7154
      vertex 5.74416 36.4601 26
      vertex 5.95 36.45 26
    endloop
  endfacet
  facet normal 0.0490083 0.998798 0
    outer loop
      vertex 5.74416 36.4601 26
      vertex 5.95 36.45 22.7154
      vertex 5.74416 36.4601 22.7014
    endloop
  endfacet
  facet normal 0.857792 -0.513996 0
    outer loop
      vertex 4.09797 39.5399 26
      vertex 4.20391 39.7167 20.1
      vertex 4.20391 39.7167 26
    endloop
  endfacet
  facet normal 0.857792 -0.513996 0
    outer loop
      vertex 4.20391 39.7167 20.1
      vertex 4.09797 39.5399 26
      vertex 4.09797 39.5399 20.1
    endloop
  endfacet
  facet normal 0.989181 0.146703 0
    outer loop
      vertex 3.89035 38.1403 20.375
      vertex 3.86011 38.3442 20.1
      vertex 3.86011 38.3442 26
    endloop
  endfacet
  facet normal 0.989181 0.146703 -0
    outer loop
      vertex 3.89035 38.1403 20.375
      vertex 3.86011 38.3442 26
      vertex 3.89035 38.1403 26
    endloop
  endfacet
  facet normal 0.989343 0.145601 -0.000834917
    outer loop
      vertex 3.86011 38.3442 20.1
      vertex 3.89035 38.1403 20.375
      vertex 3.86089 38.3389 20.1
    endloop
  endfacet
  facet normal -0.671585 0.740927 0
    outer loop
      vertex 7.43492 37.0651 26
      vertex 7.28223 36.9267 22.0554
      vertex 7.28223 36.9267 26
    endloop
  endfacet
  facet normal -0.671585 0.740927 0
    outer loop
      vertex 7.28223 36.9267 22.0554
      vertex 7.43492 37.0651 26
      vertex 7.43492 37.0651 21.8637
    endloop
  endfacet
  facet normal -0.941535 0.336914 0
    outer loop
      vertex 7.89015 37.7464 26
      vertex 7.95957 37.9404 22.5902
      vertex 7.89015 37.7464 22.494
    endloop
  endfacet
  facet normal -0.941535 0.336914 0
    outer loop
      vertex 7.95957 37.9404 22.5902
      vertex 7.89015 37.7464 26
      vertex 7.95957 37.9404 26
    endloop
  endfacet
  facet normal 0.94152 -0.336957 0
    outer loop
      vertex 3.94042 39.1596 26
      vertex 4.00985 39.3536 20.1
      vertex 4.00985 39.3536 26
    endloop
  endfacet
  facet normal 0.94152 -0.336957 0
    outer loop
      vertex 4.00985 39.3536 20.1
      vertex 3.94042 39.1596 26
      vertex 3.94042 39.1596 20.1
    endloop
  endfacet
  facet normal 0.970034 -0.242969 0
    outer loop
      vertex 3.89035 38.9597 26
      vertex 3.94042 39.1596 20.1
      vertex 3.94042 39.1596 26
    endloop
  endfacet
  facet normal 0.970034 -0.242969 0
    outer loop
      vertex 3.94042 39.1596 20.1
      vertex 3.89035 38.9597 26
      vertex 3.89035 38.9597 20.1
    endloop
  endfacet
  facet normal 0.337197 0.941434 -0
    outer loop
      vertex 5.3404 36.5404 22.5902
      vertex 5.14636 36.6099 26
      vertex 5.3404 36.5404 26
    endloop
  endfacet
  facet normal 0.337197 0.941434 0
    outer loop
      vertex 5.14636 36.6099 26
      vertex 5.3404 36.5404 22.5902
      vertex 5.14636 36.6099 22.494
    endloop
  endfacet
  facet normal 0 0 1
    outer loop
      vertex 6.15584 40.6399 20.1
      vertex 6.16111 38.3389 20.1
      vertex 6.16111 40.6391 20.1
    endloop
  endfacet
  facet normal 0 0 1
    outer loop
      vertex 5.95 40.65 20.1
      vertex 6.16111 38.3389 20.1
      vertex 6.15584 40.6399 20.1
    endloop
  endfacet
  facet normal -0 0 1
    outer loop
      vertex 5.74416 40.6399 20.1
      vertex 6.16111 38.3389 20.1
      vertex 5.95 40.65 20.1
    endloop
  endfacet
  facet normal -0 0 1
    outer loop
      vertex 5.54031 40.6096 20.1
      vertex 6.16111 38.3389 20.1
      vertex 5.74416 40.6399 20.1
    endloop
  endfacet
  facet normal -0 0 1
    outer loop
      vertex 5.3404 40.5596 20.1
      vertex 6.16111 38.3389 20.1
      vertex 5.54031 40.6096 20.1
    endloop
  endfacet
  facet normal -0 0 1
    outer loop
      vertex 5.14636 40.4901 20.1
      vertex 6.16111 38.3389 20.1
      vertex 5.3404 40.5596 20.1
    endloop
  endfacet
  facet normal -0 0 1
    outer loop
      vertex 4.96007 40.402 20.1
      vertex 6.16111 38.3389 20.1
      vertex 5.14636 40.4901 20.1
    endloop
  endfacet
  facet normal -0 0 1
    outer loop
      vertex 4.7833 40.2961 20.1
      vertex 6.16111 38.3389 20.1
      vertex 4.96007 40.402 20.1
    endloop
  endfacet
  facet normal -0 0 1
    outer loop
      vertex 4.61777 40.1733 20.1
      vertex 6.16111 38.3389 20.1
      vertex 4.7833 40.2961 20.1
    endloop
  endfacet
  facet normal -0 0 1
    outer loop
      vertex 4.46508 40.0349 20.1
      vertex 6.16111 38.3389 20.1
      vertex 4.61777 40.1733 20.1
    endloop
  endfacet
  facet normal -0 0 1
    outer loop
      vertex 4.32668 39.8822 20.1
      vertex 6.16111 38.3389 20.1
      vertex 4.46508 40.0349 20.1
    endloop
  endfacet
  facet normal -0 0 1
    outer loop
      vertex 4.20391 39.7167 20.1
      vertex 6.16111 38.3389 20.1
      vertex 4.32668 39.8822 20.1
    endloop
  endfacet
  facet normal -0 0 1
    outer loop
      vertex 4.09797 39.5399 20.1
      vertex 6.16111 38.3389 20.1
      vertex 4.20391 39.7167 20.1
    endloop
  endfacet
  facet normal -0 0 1
    outer loop
      vertex 4.00985 39.3536 20.1
      vertex 6.16111 38.3389 20.1
      vertex 4.09797 39.5399 20.1
    endloop
  endfacet
  facet normal -0 0 1
    outer loop
      vertex 3.94042 39.1596 20.1
      vertex 6.16111 38.3389 20.1
      vertex 4.00985 39.3536 20.1
    endloop
  endfacet
  facet normal -0 0 1
    outer loop
      vertex 3.89035 38.9597 20.1
      vertex 6.16111 38.3389 20.1
      vertex 3.94042 39.1596 20.1
    endloop
  endfacet
  facet normal -0 0 1
    outer loop
      vertex 3.86011 38.7558 20.1
      vertex 6.16111 38.3389 20.1
      vertex 3.89035 38.9597 20.1
    endloop
  endfacet
  facet normal -0 0 1
    outer loop
      vertex 3.85 38.55 20.1
      vertex 6.16111 38.3389 20.1
      vertex 3.86011 38.7558 20.1
    endloop
  endfacet
  facet normal 0 0 1
    outer loop
      vertex 6.16111 38.3389 20.1
      vertex 3.85 38.55 20.1
      vertex 3.86089 38.3389 20.1
    endloop
  endfacet
  facet normal 0 0 1
    outer loop
      vertex 3.86089 38.3389 20.1
      vertex 3.85 38.55 20.1
      vertex 3.86011 38.3442 20.1
    endloop
  endfacet
  facet normal 0.427521 0.904005 -0
    outer loop
      vertex 5.14636 36.6099 22.494
      vertex 4.96007 36.698 26
      vertex 5.14636 36.6099 26
    endloop
  endfacet
  facet normal 0.427521 0.904005 0
    outer loop
      vertex 4.96007 36.698 26
      vertex 5.14636 36.6099 22.494
      vertex 4.96007 36.698 22.372
    endloop
  endfacet
  facet normal 0.336957 0.94152 0
    outer loop
      vertex 55.8404 3.94042 26
      vertex 55.6464 4.00985 20.9204
      vertex 55.6464 4.00985 26
    endloop
  endfacet
  facet normal 0.336957 0.94152 0
    outer loop
      vertex 55.6464 4.00985 20.9204
      vertex 55.8404 3.94042 26
      vertex 55.8404 3.94042 20.6518
    endloop
  endfacet
  facet normal -0.988671 -0.150083 0.00231878
    outer loop
      vertex 58.5399 6.15584 20.1
      vertex 58.5096 6.35969 20.375
      vertex 58.5391 6.16111 20.1
    endloop
  endfacet
  facet normal -0.989133 -0.147023 0
    outer loop
      vertex 58.5096 6.35969 20.375
      vertex 58.5399 6.15584 20.1
      vertex 58.5399 6.15584 26
    endloop
  endfacet
  facet normal -0.989133 -0.147023 0
    outer loop
      vertex 58.5096 6.35969 20.375
      vertex 58.5399 6.15584 26
      vertex 58.5096 6.35969 26
    endloop
  endfacet
  facet normal -0.998798 -0.0490083 0
    outer loop
      vertex 58.55 5.95 20.1
      vertex 58.5399 6.15584 26
      vertex 58.5399 6.15584 20.1
    endloop
  endfacet
  facet normal -0.998798 -0.0490083 0
    outer loop
      vertex 58.5399 6.15584 26
      vertex 58.55 5.95 20.1
      vertex 58.55 5.95 26
    endloop
  endfacet
  facet normal -0.970117 -0.242638 -0
    outer loop
      vertex 58.5096 6.35969 26
      vertex 58.4596 6.5596 20.6518
      vertex 58.5096 6.35969 20.375
    endloop
  endfacet
  facet normal -0.970117 -0.242638 0
    outer loop
      vertex 58.4596 6.5596 20.6518
      vertex 58.5096 6.35969 26
      vertex 58.4596 6.5596 26
    endloop
  endfacet
  facet normal 0.989133 -0.147023 0
    outer loop
      vertex 54.3601 6.15584 22.7014
      vertex 54.3904 6.35969 26
      vertex 54.3601 6.15584 26
    endloop
  endfacet
  facet normal 0.989133 -0.147023 0
    outer loop
      vertex 54.3904 6.35969 26
      vertex 54.3601 6.15584 22.7014
      vertex 54.3904 6.35969 22.6595
    endloop
  endfacet
  facet normal 0.242969 0.970034 0
    outer loop
      vertex 56.0403 3.89035 26
      vertex 55.8404 3.94042 20.6518
      vertex 55.8404 3.94042 26
    endloop
  endfacet
  facet normal 0.242969 0.970034 0
    outer loop
      vertex 55.8404 3.94042 20.6518
      vertex 56.0403 3.89035 26
      vertex 56.0403 3.89035 20.375
    endloop
  endfacet
  facet normal -0.336914 -0.941535 0
    outer loop
      vertex 57.0596 7.95957 22.5902
      vertex 57.2536 7.89015 26
      vertex 57.0596 7.95957 26
    endloop
  endfacet
  facet normal -0.336914 -0.941535 -0
    outer loop
      vertex 57.2536 7.89015 26
      vertex 57.0596 7.95957 22.5902
      vertex 57.2536 7.89015 22.494
    endloop
  endfacet
  facet normal 0.513996 -0.857792 0
    outer loop
      vertex 55.2833 7.69609 26
      vertex 55.4601 7.80203 22.372
      vertex 55.4601 7.80203 26
    endloop
  endfacet
  facet normal 0.513996 -0.857792 0
    outer loop
      vertex 55.4601 7.80203 22.372
      vertex 55.2833 7.69609 26
      vertex 55.2833 7.69609 22.2253
    endloop
  endfacet
  facet normal 0.904005 0.427521 0
    outer loop
      vertex 54.598 4.96007 26
      vertex 54.5099 5.14636 22.4941
      vertex 54.5099 5.14636 26
    endloop
  endfacet
  facet normal 0.904005 0.427521 0
    outer loop
      vertex 54.5099 5.14636 22.4941
      vertex 54.598 4.96007 26
      vertex 54.598 4.96007 22.372
    endloop
  endfacet
  facet normal 0.243015 -0.970022 0
    outer loop
      vertex 55.8404 7.95957 26
      vertex 56.0403 8.00965 22.6595
      vertex 56.0403 8.00965 26
    endloop
  endfacet
  facet normal 0.243015 -0.970022 0
    outer loop
      vertex 56.0403 8.00965 22.6595
      vertex 55.8404 7.95957 26
      vertex 55.8404 7.95957 22.5902
    endloop
  endfacet
  facet normal 0.85784 0.513918 0
    outer loop
      vertex 54.7039 4.7833 26
      vertex 54.598 4.96007 22.372
      vertex 54.598 4.96007 26
    endloop
  endfacet
  facet normal 0.85784 0.513918 0
    outer loop
      vertex 54.598 4.96007 22.372
      vertex 54.7039 4.7833 26
      vertex 54.7039 4.7833 22.2253
    endloop
  endfacet
  facet normal -0.242969 0.970034 0
    outer loop
      vertex 57.0596 3.94042 20.1
      vertex 56.8597 3.89035 26
      vertex 57.0596 3.94042 26
    endloop
  endfacet
  facet normal -0.242969 0.970034 0
    outer loop
      vertex 56.8597 3.89035 26
      vertex 57.0596 3.94042 20.1
      vertex 56.8597 3.89035 20.1
    endloop
  endfacet
  facet normal 0.595783 0.803145 0
    outer loop
      vertex 55.2833 4.20391 26
      vertex 55.1178 4.32668 21.6523
      vertex 55.1178 4.32668 26
    endloop
  endfacet
  facet normal 0.595783 0.803145 0
    outer loop
      vertex 55.1178 4.32668 21.6523
      vertex 55.2833 4.20391 26
      vertex 55.2833 4.20391 21.4231
    endloop
  endfacet
  facet normal -0.513996 0.857792 0
    outer loop
      vertex 57.6167 4.20391 20.1
      vertex 57.4399 4.09797 26
      vertex 57.6167 4.20391 26
    endloop
  endfacet
  facet normal -0.513996 0.857792 0
    outer loop
      vertex 57.4399 4.09797 26
      vertex 57.6167 4.20391 20.1
      vertex 57.4399 4.09797 20.1
    endloop
  endfacet
  facet normal -0.803127 0.595808 0
    outer loop
      vertex 58.0733 4.61777 20.1
      vertex 58.1961 4.7833 26
      vertex 58.1961 4.7833 20.1
    endloop
  endfacet
  facet normal -0.803127 0.595808 0
    outer loop
      vertex 58.1961 4.7833 26
      vertex 58.0733 4.61777 20.1
      vertex 58.0733 4.61777 26
    endloop
  endfacet
  facet normal -0.146703 -0.989181 0
    outer loop
      vertex 56.6558 8.03989 22.7014
      vertex 56.8597 8.00965 26
      vertex 56.6558 8.03989 26
    endloop
  endfacet
  facet normal -0.146703 -0.989181 -0
    outer loop
      vertex 56.8597 8.00965 26
      vertex 56.6558 8.03989 22.7014
      vertex 56.8597 8.00965 22.6595
    endloop
  endfacet
  facet normal 0.595783 -0.803145 0
    outer loop
      vertex 55.1178 7.57332 26
      vertex 55.2833 7.69609 22.2253
      vertex 55.2833 7.69609 26
    endloop
  endfacet
  facet normal 0.595783 -0.803145 0
    outer loop
      vertex 55.2833 7.69609 22.2253
      vertex 55.1178 7.57332 26
      vertex 55.1178 7.57332 22.0554
    endloop
  endfacet
  facet normal 0.803127 -0.595808 0
    outer loop
      vertex 54.7039 7.1167 22.2253
      vertex 54.8267 7.28223 26
      vertex 54.7039 7.1167 26
    endloop
  endfacet
  facet normal 0.803127 -0.595808 0
    outer loop
      vertex 54.8267 7.28223 26
      vertex 54.7039 7.1167 22.2253
      vertex 54.8267 7.28223 22.0554
    endloop
  endfacet
  facet normal -0.989133 0.147023 0
    outer loop
      vertex 58.5096 5.54031 20.1
      vertex 58.5399 5.74416 26
      vertex 58.5399 5.74416 20.1
    endloop
  endfacet
  facet normal -0.989133 0.147023 0
    outer loop
      vertex 58.5399 5.74416 26
      vertex 58.5096 5.54031 20.1
      vertex 58.5096 5.54031 26
    endloop
  endfacet
  facet normal 0.941429 -0.337212 0
    outer loop
      vertex 54.4404 6.5596 22.5902
      vertex 54.5099 6.75363 26
      vertex 54.4404 6.5596 26
    endloop
  endfacet
  facet normal 0.941429 -0.337212 0
    outer loop
      vertex 54.5099 6.75363 26
      vertex 54.4404 6.5596 22.5902
      vertex 54.5099 6.75363 22.4941
    endloop
  endfacet
  facet normal -0.427582 -0.903977 0
    outer loop
      vertex 57.2536 7.89015 22.494
      vertex 57.4399 7.80203 26
      vertex 57.2536 7.89015 26
    endloop
  endfacet
  facet normal -0.427582 -0.903977 -0
    outer loop
      vertex 57.4399 7.80203 26
      vertex 57.2536 7.89015 22.494
      vertex 57.4399 7.80203 22.372
    endloop
  endfacet
  facet normal 0.941434 0.337197 0
    outer loop
      vertex 54.5099 5.14636 26
      vertex 54.4404 5.3404 22.5902
      vertex 54.4404 5.3404 26
    endloop
  endfacet
  facet normal 0.941434 0.337197 0
    outer loop
      vertex 54.4404 5.3404 22.5902
      vertex 54.5099 5.14636 26
      vertex 54.5099 5.14636 22.4941
    endloop
  endfacet
  facet normal -0.970117 0.242638 0
    outer loop
      vertex 58.4596 5.3404 20.1
      vertex 58.5096 5.54031 26
      vertex 58.5096 5.54031 20.1
    endloop
  endfacet
  facet normal -0.970117 0.242638 0
    outer loop
      vertex 58.5096 5.54031 26
      vertex 58.4596 5.3404 20.1
      vertex 58.4596 5.3404 26
    endloop
  endfacet
  facet normal 0.0490662 -0.998796 0
    outer loop
      vertex 56.2442 8.03989 26
      vertex 56.45 8.05 22.7154
      vertex 56.45 8.05 26
    endloop
  endfacet
  facet normal 0.0490662 -0.998796 0
    outer loop
      vertex 56.45 8.05 22.7154
      vertex 56.2442 8.03989 26
      vertex 56.2442 8.03989 22.7014
    endloop
  endfacet
  facet normal -0.671561 -0.740949 0
    outer loop
      vertex 57.7822 7.57332 22.0554
      vertex 57.9349 7.43492 26
      vertex 57.7822 7.57332 26
    endloop
  endfacet
  facet normal -0.671561 -0.740949 -0
    outer loop
      vertex 57.9349 7.43492 26
      vertex 57.7822 7.57332 22.0554
      vertex 57.9349 7.43492 21.8637
    endloop
  endfacet
  facet normal 0.427582 -0.903977 0
    outer loop
      vertex 55.4601 7.80203 26
      vertex 55.6464 7.89015 22.494
      vertex 55.6464 7.89015 26
    endloop
  endfacet
  facet normal 0.427582 -0.903977 0
    outer loop
      vertex 55.6464 7.89015 22.494
      vertex 55.4601 7.80203 26
      vertex 55.4601 7.80203 22.372
    endloop
  endfacet
  facet normal 0.671561 -0.740949 0
    outer loop
      vertex 54.9651 7.43492 26
      vertex 55.1178 7.57332 22.0554
      vertex 55.1178 7.57332 26
    endloop
  endfacet
  facet normal 0.671561 -0.740949 0
    outer loop
      vertex 55.1178 7.57332 22.0554
      vertex 54.9651 7.43492 26
      vertex 54.9651 7.43492 21.8637
    endloop
  endfacet
  facet normal -0.336957 0.94152 0
    outer loop
      vertex 57.2536 4.00985 20.1
      vertex 57.0596 3.94042 26
      vertex 57.2536 4.00985 26
    endloop
  endfacet
  facet normal -0.336957 0.94152 0
    outer loop
      vertex 57.0596 3.94042 26
      vertex 57.2536 4.00985 20.1
      vertex 57.0596 3.94042 20.1
    endloop
  endfacet
  facet normal 0.336914 -0.941535 0
    outer loop
      vertex 55.6464 7.89015 26
      vertex 55.8404 7.95957 22.5902
      vertex 55.8404 7.95957 26
    endloop
  endfacet
  facet normal 0.336914 -0.941535 0
    outer loop
      vertex 55.8404 7.95957 22.5902
      vertex 55.6464 7.89015 26
      vertex 55.6464 7.89015 22.494
    endloop
  endfacet
  facet normal -0.803127 -0.595808 -0
    outer loop
      vertex 58.1961 7.1167 26
      vertex 58.0733 7.28223 21.6523
      vertex 58.1961 7.1167 21.4231
    endloop
  endfacet
  facet normal -0.803127 -0.595808 0
    outer loop
      vertex 58.0733 7.28223 21.6523
      vertex 58.1961 7.1167 26
      vertex 58.0733 7.28223 26
    endloop
  endfacet
  facet normal 0.85784 -0.513918 0
    outer loop
      vertex 54.598 6.93993 22.372
      vertex 54.7039 7.1167 26
      vertex 54.598 6.93993 26
    endloop
  endfacet
  facet normal 0.85784 -0.513918 0
    outer loop
      vertex 54.7039 7.1167 26
      vertex 54.598 6.93993 22.372
      vertex 54.7039 7.1167 22.2253
    endloop
  endfacet
  facet normal -0.998798 0.0490083 0
    outer loop
      vertex 58.5399 5.74416 20.1
      vertex 58.55 5.95 26
      vertex 58.55 5.95 20.1
    endloop
  endfacet
  facet normal -0.998798 0.0490083 0
    outer loop
      vertex 58.55 5.95 26
      vertex 58.5399 5.74416 20.1
      vertex 58.5399 5.74416 26
    endloop
  endfacet
  facet normal -0.904005 0.427521 0
    outer loop
      vertex 58.302 4.96007 20.1
      vertex 58.3901 5.14636 26
      vertex 58.3901 5.14636 20.1
    endloop
  endfacet
  facet normal -0.904005 0.427521 0
    outer loop
      vertex 58.3901 5.14636 26
      vertex 58.302 4.96007 20.1
      vertex 58.302 4.96007 26
    endloop
  endfacet
  facet normal -0.85784 -0.513918 -0
    outer loop
      vertex 58.302 6.93993 26
      vertex 58.1961 7.1167 21.4231
      vertex 58.302 6.93993 21.1784
    endloop
  endfacet
  facet normal -0.85784 -0.513918 0
    outer loop
      vertex 58.1961 7.1167 21.4231
      vertex 58.302 6.93993 26
      vertex 58.1961 7.1167 26
    endloop
  endfacet
  facet normal 0.671561 0.740949 0
    outer loop
      vertex 55.1178 4.32668 26
      vertex 54.9651 4.46508 21.8637
      vertex 54.9651 4.46508 26
    endloop
  endfacet
  facet normal 0.671561 0.740949 0
    outer loop
      vertex 54.9651 4.46508 21.8637
      vertex 55.1178 4.32668 26
      vertex 55.1178 4.32668 21.6523
    endloop
  endfacet
  facet normal -0.595783 -0.803145 0
    outer loop
      vertex 57.6167 7.69609 22.2253
      vertex 57.7822 7.57332 26
      vertex 57.6167 7.69609 26
    endloop
  endfacet
  facet normal -0.595783 -0.803145 -0
    outer loop
      vertex 57.7822 7.57332 26
      vertex 57.6167 7.69609 22.2253
      vertex 57.7822 7.57332 22.0554
    endloop
  endfacet
  facet normal 0.513996 0.857792 0
    outer loop
      vertex 55.4601 4.09797 26
      vertex 55.2833 4.20391 21.4231
      vertex 55.2833 4.20391 26
    endloop
  endfacet
  facet normal 0.513996 0.857792 0
    outer loop
      vertex 55.2833 4.20391 21.4231
      vertex 55.4601 4.09797 26
      vertex 55.4601 4.09797 21.1784
    endloop
  endfacet
  facet normal -0.513996 -0.857792 0
    outer loop
      vertex 57.4399 7.80203 22.372
      vertex 57.6167 7.69609 26
      vertex 57.4399 7.80203 26
    endloop
  endfacet
  facet normal -0.513996 -0.857792 -0
    outer loop
      vertex 57.6167 7.69609 26
      vertex 57.4399 7.80203 22.372
      vertex 57.6167 7.69609 22.2253
    endloop
  endfacet
  facet normal -0.146703 0.989181 0
    outer loop
      vertex 56.8597 3.89035 20.1
      vertex 56.6558 3.86011 26
      vertex 56.8597 3.89035 26
    endloop
  endfacet
  facet normal -0.146703 0.989181 0
    outer loop
      vertex 56.6558 3.86011 26
      vertex 56.8597 3.89035 20.1
      vertex 56.6558 3.86011 20.1
    endloop
  endfacet
  facet normal -0.941429 -0.337212 -0
    outer loop
      vertex 58.4596 6.5596 26
      vertex 58.3901 6.75363 20.9204
      vertex 58.4596 6.5596 20.6518
    endloop
  endfacet
  facet normal -0.941429 -0.337212 0
    outer loop
      vertex 58.3901 6.75363 20.9204
      vertex 58.4596 6.5596 26
      vertex 58.3901 6.75363 26
    endloop
  endfacet
  facet normal -0.85784 0.513918 0
    outer loop
      vertex 58.1961 4.7833 20.1
      vertex 58.302 4.96007 26
      vertex 58.302 4.96007 20.1
    endloop
  endfacet
  facet normal -0.85784 0.513918 0
    outer loop
      vertex 58.302 4.96007 26
      vertex 58.1961 4.7833 20.1
      vertex 58.1961 4.7833 26
    endloop
  endfacet
  facet normal 0.998798 0.0490083 0
    outer loop
      vertex 54.3601 5.74416 26
      vertex 54.35 5.95 22.7154
      vertex 54.35 5.95 26
    endloop
  endfacet
  facet normal 0.998798 0.0490083 0
    outer loop
      vertex 54.35 5.95 22.7154
      vertex 54.3601 5.74416 26
      vertex 54.3601 5.74416 22.7014
    endloop
  endfacet
  facet normal -0.941434 0.337197 0
    outer loop
      vertex 58.3901 5.14636 20.1
      vertex 58.4596 5.3404 26
      vertex 58.4596 5.3404 20.1
    endloop
  endfacet
  facet normal -0.941434 0.337197 0
    outer loop
      vertex 58.4596 5.3404 26
      vertex 58.3901 5.14636 20.1
      vertex 58.3901 5.14636 26
    endloop
  endfacet
  facet normal -0.740927 -0.671585 -0
    outer loop
      vertex 58.0733 7.28223 26
      vertex 57.9349 7.43492 21.8637
      vertex 58.0733 7.28223 21.6523
    endloop
  endfacet
  facet normal -0.740927 -0.671585 0
    outer loop
      vertex 57.9349 7.43492 21.8637
      vertex 58.0733 7.28223 26
      vertex 57.9349 7.43492 26
    endloop
  endfacet
  facet normal -0.0490662 -0.998796 0
    outer loop
      vertex 56.45 8.05 22.7154
      vertex 56.6558 8.03989 26
      vertex 56.45 8.05 26
    endloop
  endfacet
  facet normal -0.0490662 -0.998796 -0
    outer loop
      vertex 56.6558 8.03989 26
      vertex 56.45 8.05 22.7154
      vertex 56.6558 8.03989 22.7014
    endloop
  endfacet
  facet normal -0.904014 -0.427502 -0
    outer loop
      vertex 58.3901 6.75363 26
      vertex 58.302 6.93993 21.1784
      vertex 58.3901 6.75363 20.9204
    endloop
  endfacet
  facet normal -0.904014 -0.427502 0
    outer loop
      vertex 58.302 6.93993 21.1784
      vertex 58.3901 6.75363 26
      vertex 58.302 6.93993 26
    endloop
  endfacet
  facet normal 0.146703 0.989181 0
    outer loop
      vertex 56.2442 3.86011 26
      vertex 56.0403 3.89035 20.375
      vertex 56.0403 3.89035 26
    endloop
  endfacet
  facet normal 0.146703 0.989181 -0
    outer loop
      vertex 56.2442 3.86011 20.1
      vertex 56.0403 3.89035 20.375
      vertex 56.2442 3.86011 26
    endloop
  endfacet
  facet normal 0.145601 0.989343 -0.000834917
    outer loop
      vertex 56.0403 3.89035 20.375
      vertex 56.2442 3.86011 20.1
      vertex 56.2389 3.86089 20.1
    endloop
  endfacet
  facet normal -0.671561 0.740949 0
    outer loop
      vertex 57.9349 4.46508 20.1
      vertex 57.7822 4.32668 26
      vertex 57.9349 4.46508 26
    endloop
  endfacet
  facet normal -0.671561 0.740949 0
    outer loop
      vertex 57.7822 4.32668 26
      vertex 57.9349 4.46508 20.1
      vertex 57.7822 4.32668 20.1
    endloop
  endfacet
  facet normal 0.0490662 0.998796 -0
    outer loop
      vertex 56.45 3.85 20.1
      vertex 56.2442 3.86011 26
      vertex 56.45 3.85 26
    endloop
  endfacet
  facet normal 0.0490662 0.998796 0
    outer loop
      vertex 56.2442 3.86011 26
      vertex 56.45 3.85 20.1
      vertex 56.2442 3.86011 20.1
    endloop
  endfacet
  facet normal 0.740927 -0.671585 0
    outer loop
      vertex 54.8267 7.28223 22.0554
      vertex 54.9651 7.43492 26
      vertex 54.8267 7.28223 26
    endloop
  endfacet
  facet normal 0.740927 -0.671585 0
    outer loop
      vertex 54.9651 7.43492 26
      vertex 54.8267 7.28223 22.0554
      vertex 54.9651 7.43492 21.8637
    endloop
  endfacet
  facet normal 0.146703 -0.989181 0
    outer loop
      vertex 56.0403 8.00965 26
      vertex 56.2442 8.03989 22.7014
      vertex 56.2442 8.03989 26
    endloop
  endfacet
  facet normal 0.146703 -0.989181 0
    outer loop
      vertex 56.2442 8.03989 22.7014
      vertex 56.0403 8.00965 26
      vertex 56.0403 8.00965 22.6595
    endloop
  endfacet
  facet normal 0.904014 -0.427502 0
    outer loop
      vertex 54.5099 6.75363 22.4941
      vertex 54.598 6.93993 26
      vertex 54.5099 6.75363 26
    endloop
  endfacet
  facet normal 0.904014 -0.427502 0
    outer loop
      vertex 54.598 6.93993 26
      vertex 54.5099 6.75363 22.4941
      vertex 54.598 6.93993 22.372
    endloop
  endfacet
  facet normal 0.970117 -0.242638 0
    outer loop
      vertex 54.3904 6.35969 22.6595
      vertex 54.4404 6.5596 26
      vertex 54.3904 6.35969 26
    endloop
  endfacet
  facet normal 0.970117 -0.242638 0
    outer loop
      vertex 54.4404 6.5596 26
      vertex 54.3904 6.35969 22.6595
      vertex 54.4404 6.5596 22.5902
    endloop
  endfacet
  facet normal -0.243015 -0.970022 0
    outer loop
      vertex 56.8597 8.00965 22.6595
      vertex 57.0596 7.95957 26
      vertex 56.8597 8.00965 26
    endloop
  endfacet
  facet normal -0.243015 -0.970022 -0
    outer loop
      vertex 57.0596 7.95957 26
      vertex 56.8597 8.00965 22.6595
      vertex 57.0596 7.95957 22.5902
    endloop
  endfacet
  facet normal 0.970117 0.242638 0
    outer loop
      vertex 54.4404 5.3404 26
      vertex 54.3904 5.54031 22.6595
      vertex 54.3904 5.54031 26
    endloop
  endfacet
  facet normal 0.970117 0.242638 0
    outer loop
      vertex 54.3904 5.54031 22.6595
      vertex 54.4404 5.3404 26
      vertex 54.4404 5.3404 22.5902
    endloop
  endfacet
  facet normal 0.427582 0.903977 0
    outer loop
      vertex 55.6464 4.00985 26
      vertex 55.4601 4.09797 21.1784
      vertex 55.4601 4.09797 26
    endloop
  endfacet
  facet normal 0.427582 0.903977 0
    outer loop
      vertex 55.4601 4.09797 21.1784
      vertex 55.6464 4.00985 26
      vertex 55.6464 4.00985 20.9204
    endloop
  endfacet
  facet normal 0.740927 0.671585 0
    outer loop
      vertex 54.9651 4.46508 26
      vertex 54.8267 4.61777 22.0554
      vertex 54.8267 4.61777 26
    endloop
  endfacet
  facet normal 0.740927 0.671585 0
    outer loop
      vertex 54.8267 4.61777 22.0554
      vertex 54.9651 4.46508 26
      vertex 54.9651 4.46508 21.8637
    endloop
  endfacet
  facet normal -0.427582 0.903977 0
    outer loop
      vertex 57.4399 4.09797 20.1
      vertex 57.2536 4.00985 26
      vertex 57.4399 4.09797 26
    endloop
  endfacet
  facet normal -0.427582 0.903977 0
    outer loop
      vertex 57.2536 4.00985 26
      vertex 57.4399 4.09797 20.1
      vertex 57.2536 4.00985 20.1
    endloop
  endfacet
  facet normal -0.0490662 0.998796 0
    outer loop
      vertex 56.6558 3.86011 20.1
      vertex 56.45 3.85 26
      vertex 56.6558 3.86011 26
    endloop
  endfacet
  facet normal -0.0490662 0.998796 0
    outer loop
      vertex 56.45 3.85 26
      vertex 56.6558 3.86011 20.1
      vertex 56.45 3.85 20.1
    endloop
  endfacet
  facet normal 0.989133 0.147023 0
    outer loop
      vertex 54.3904 5.54031 26
      vertex 54.3601 5.74416 22.7014
      vertex 54.3601 5.74416 26
    endloop
  endfacet
  facet normal 0.989133 0.147023 0
    outer loop
      vertex 54.3601 5.74416 22.7014
      vertex 54.3904 5.54031 26
      vertex 54.3904 5.54031 22.6595
    endloop
  endfacet
  facet normal -0.595783 0.803145 0
    outer loop
      vertex 57.7822 4.32668 20.1
      vertex 57.6167 4.20391 26
      vertex 57.7822 4.32668 26
    endloop
  endfacet
  facet normal -0.595783 0.803145 0
    outer loop
      vertex 57.6167 4.20391 26
      vertex 57.7822 4.32668 20.1
      vertex 57.6167 4.20391 20.1
    endloop
  endfacet
  facet normal 0 0 1
    outer loop
      vertex 56.2389 6.16111 20.1
      vertex 58.55 5.95 20.1
      vertex 58.5399 6.15584 20.1
    endloop
  endfacet
  facet normal -0 0 1
    outer loop
      vertex 56.2389 6.16111 20.1
      vertex 58.5399 6.15584 20.1
      vertex 58.5391 6.16111 20.1
    endloop
  endfacet
  facet normal 0 0 1
    outer loop
      vertex 58.55 5.95 20.1
      vertex 56.2389 6.16111 20.1
      vertex 58.5399 5.74416 20.1
    endloop
  endfacet
  facet normal 0 0 1
    outer loop
      vertex 58.5399 5.74416 20.1
      vertex 56.2389 6.16111 20.1
      vertex 58.5096 5.54031 20.1
    endloop
  endfacet
  facet normal 0 0 1
    outer loop
      vertex 58.5096 5.54031 20.1
      vertex 56.2389 6.16111 20.1
      vertex 58.4596 5.3404 20.1
    endloop
  endfacet
  facet normal 0 0 1
    outer loop
      vertex 58.4596 5.3404 20.1
      vertex 56.2389 6.16111 20.1
      vertex 58.3901 5.14636 20.1
    endloop
  endfacet
  facet normal 0 0 1
    outer loop
      vertex 58.3901 5.14636 20.1
      vertex 56.2389 6.16111 20.1
      vertex 58.302 4.96007 20.1
    endloop
  endfacet
  facet normal 0 0 1
    outer loop
      vertex 58.302 4.96007 20.1
      vertex 56.2389 6.16111 20.1
      vertex 58.1961 4.7833 20.1
    endloop
  endfacet
  facet normal 0 0 1
    outer loop
      vertex 58.1961 4.7833 20.1
      vertex 56.2389 6.16111 20.1
      vertex 58.0733 4.61777 20.1
    endloop
  endfacet
  facet normal 0 0 1
    outer loop
      vertex 58.0733 4.61777 20.1
      vertex 56.2389 6.16111 20.1
      vertex 57.9349 4.46508 20.1
    endloop
  endfacet
  facet normal 0 0 1
    outer loop
      vertex 57.9349 4.46508 20.1
      vertex 56.2389 6.16111 20.1
      vertex 57.7822 4.32668 20.1
    endloop
  endfacet
  facet normal 0 0 1
    outer loop
      vertex 57.7822 4.32668 20.1
      vertex 56.2389 6.16111 20.1
      vertex 57.6167 4.20391 20.1
    endloop
  endfacet
  facet normal 0 0 1
    outer loop
      vertex 57.6167 4.20391 20.1
      vertex 56.2389 6.16111 20.1
      vertex 57.4399 4.09797 20.1
    endloop
  endfacet
  facet normal 0 0 1
    outer loop
      vertex 57.4399 4.09797 20.1
      vertex 56.2389 6.16111 20.1
      vertex 57.2536 4.00985 20.1
    endloop
  endfacet
  facet normal 0 0 1
    outer loop
      vertex 57.2536 4.00985 20.1
      vertex 56.2389 6.16111 20.1
      vertex 57.0596 3.94042 20.1
    endloop
  endfacet
  facet normal 0 0 1
    outer loop
      vertex 57.0596 3.94042 20.1
      vertex 56.2389 6.16111 20.1
      vertex 56.8597 3.89035 20.1
    endloop
  endfacet
  facet normal 0 0 1
    outer loop
      vertex 56.8597 3.89035 20.1
      vertex 56.2389 6.16111 20.1
      vertex 56.6558 3.86011 20.1
    endloop
  endfacet
  facet normal 0 0 1
    outer loop
      vertex 56.6558 3.86011 20.1
      vertex 56.2389 6.16111 20.1
      vertex 56.45 3.85 20.1
    endloop
  endfacet
  facet normal 0 0 1
    outer loop
      vertex 56.45 3.85 20.1
      vertex 56.2389 6.16111 20.1
      vertex 56.2442 3.86011 20.1
    endloop
  endfacet
  facet normal 0 0 1
    outer loop
      vertex 56.2442 3.86011 20.1
      vertex 56.2389 6.16111 20.1
      vertex 56.2389 3.86089 20.1
    endloop
  endfacet
  facet normal 0.803127 0.595808 0
    outer loop
      vertex 54.8267 4.61777 26
      vertex 54.7039 4.7833 22.2253
      vertex 54.7039 4.7833 26
    endloop
  endfacet
  facet normal 0.803127 0.595808 0
    outer loop
      vertex 54.7039 4.7833 22.2253
      vertex 54.8267 4.61777 26
      vertex 54.8267 4.61777 22.0554
    endloop
  endfacet
  facet normal 0.998798 -0.0490083 0
    outer loop
      vertex 54.35 5.95 22.7154
      vertex 54.3601 6.15584 26
      vertex 54.35 5.95 26
    endloop
  endfacet
  facet normal 0.998798 -0.0490083 0
    outer loop
      vertex 54.3601 6.15584 26
      vertex 54.35 5.95 22.7154
      vertex 54.3601 6.15584 22.7014
    endloop
  endfacet
  facet normal -0.740927 0.671585 0
    outer loop
      vertex 57.9349 4.46508 20.1
      vertex 58.0733 4.61777 26
      vertex 58.0733 4.61777 20.1
    endloop
  endfacet
  facet normal -0.740927 0.671585 0
    outer loop
      vertex 58.0733 4.61777 26
      vertex 57.9349 4.46508 20.1
      vertex 57.9349 4.46508 26
    endloop
  endfacet
  facet normal -0.146988 -0.989138 0
    outer loop
      vertex 56.6558 40.6399 20.1
      vertex 56.8597 40.6096 26
      vertex 56.6558 40.6399 26
    endloop
  endfacet
  facet normal -0.146988 -0.989138 -0
    outer loop
      vertex 56.8597 40.6096 26
      vertex 56.6558 40.6399 20.1
      vertex 56.8597 40.6096 20.1
    endloop
  endfacet
  facet normal -0.337258 -0.941412 0
    outer loop
      vertex 57.0596 40.5596 20.1
      vertex 57.2536 40.4901 26
      vertex 57.0596 40.5596 26
    endloop
  endfacet
  facet normal -0.337258 -0.941412 -0
    outer loop
      vertex 57.2536 40.4901 26
      vertex 57.0596 40.5596 20.1
      vertex 57.2536 40.4901 20.1
    endloop
  endfacet
  facet normal -0.989138 -0.146988 0
    outer loop
      vertex 58.5399 38.7558 20.1
      vertex 58.5096 38.9597 26
      vertex 58.5096 38.9597 20.1
    endloop
  endfacet
  facet normal -0.989138 -0.146988 0
    outer loop
      vertex 58.5096 38.9597 26
      vertex 58.5399 38.7558 20.1
      vertex 58.5399 38.7558 26
    endloop
  endfacet
  facet normal -0.998798 -0.0490178 0
    outer loop
      vertex 58.55 38.55 20.1
      vertex 58.5399 38.7558 26
      vertex 58.5399 38.7558 20.1
    endloop
  endfacet
  facet normal -0.998798 -0.0490178 0
    outer loop
      vertex 58.5399 38.7558 26
      vertex 58.55 38.55 20.1
      vertex 58.55 38.55 26
    endloop
  endfacet
  facet normal -0.970114 -0.24265 0
    outer loop
      vertex 58.5096 38.9597 20.1
      vertex 58.4596 39.1596 26
      vertex 58.4596 39.1596 20.1
    endloop
  endfacet
  facet normal -0.970114 -0.24265 0
    outer loop
      vertex 58.4596 39.1596 26
      vertex 58.5096 38.9597 20.1
      vertex 58.5096 38.9597 26
    endloop
  endfacet
  facet normal 0.989138 -0.146988 0
    outer loop
      vertex 54.3601 38.7558 22.7014
      vertex 54.3904 38.9597 26
      vertex 54.3601 38.7558 26
    endloop
  endfacet
  facet normal 0.989138 -0.146988 0
    outer loop
      vertex 54.3904 38.9597 26
      vertex 54.3601 38.7558 22.7014
      vertex 54.3904 38.9597 22.6595
    endloop
  endfacet
  facet normal -0.998798 0.0490178 0
    outer loop
      vertex 58.5399 38.3442 20.1
      vertex 58.55 38.55 26
      vertex 58.55 38.55 20.1
    endloop
  endfacet
  facet normal -0.998798 0.0490178 0
    outer loop
      vertex 58.55 38.55 26
      vertex 58.5399 38.3442 20.1
      vertex 58.5399 38.3442 26
    endloop
  endfacet
  facet normal -0.337258 0.941412 0
    outer loop
      vertex 57.2536 36.6099 26
      vertex 57.0596 36.5404 22.5902
      vertex 57.0596 36.5404 26
    endloop
  endfacet
  facet normal -0.337258 0.941412 0
    outer loop
      vertex 57.0596 36.5404 22.5902
      vertex 57.2536 36.6099 26
      vertex 57.2536 36.6099 22.494
    endloop
  endfacet
  facet normal -0.0490178 0.998798 0
    outer loop
      vertex 56.6558 36.4601 26
      vertex 56.45 36.45 22.7154
      vertex 56.45 36.45 26
    endloop
  endfacet
  facet normal -0.0490178 0.998798 0
    outer loop
      vertex 56.45 36.45 22.7154
      vertex 56.6558 36.4601 26
      vertex 56.6558 36.4601 22.7014
    endloop
  endfacet
  facet normal -0.146513 0.989209 0
    outer loop
      vertex 56.8597 36.4903 26
      vertex 56.6558 36.4601 22.7014
      vertex 56.6558 36.4601 26
    endloop
  endfacet
  facet normal -0.146513 0.989209 0
    outer loop
      vertex 56.6558 36.4601 22.7014
      vertex 56.8597 36.4903 26
      vertex 56.8597 36.4903 22.6595
    endloop
  endfacet
  facet normal -0.941412 -0.337258 0
    outer loop
      vertex 58.4596 39.1596 20.1
      vertex 58.3901 39.3536 26
      vertex 58.3901 39.3536 20.1
    endloop
  endfacet
  facet normal -0.941412 -0.337258 0
    outer loop
      vertex 58.3901 39.3536 26
      vertex 58.4596 39.1596 20.1
      vertex 58.4596 39.1596 26
    endloop
  endfacet
  facet normal -0.904014 -0.427502 0
    outer loop
      vertex 58.3901 39.3536 20.1
      vertex 58.302 39.5399 26
      vertex 58.302 39.5399 20.1
    endloop
  endfacet
  facet normal -0.904014 -0.427502 0
    outer loop
      vertex 58.302 39.5399 26
      vertex 58.3901 39.3536 20.1
      vertex 58.3901 39.3536 26
    endloop
  endfacet
  facet normal 0.24265 -0.970114 0
    outer loop
      vertex 55.8404 40.5596 20.6518
      vertex 56.0403 40.6096 26
      vertex 55.8404 40.5596 26
    endloop
  endfacet
  facet normal 0.24265 -0.970114 0
    outer loop
      vertex 56.0403 40.6096 26
      vertex 55.8404 40.5596 20.6518
      vertex 56.0403 40.6096 20.375
    endloop
  endfacet
  facet normal -0.243106 0.97 0
    outer loop
      vertex 57.0596 36.5404 26
      vertex 56.8597 36.4903 22.6595
      vertex 56.8597 36.4903 26
    endloop
  endfacet
  facet normal -0.243106 0.97 0
    outer loop
      vertex 56.8597 36.4903 22.6595
      vertex 57.0596 36.5404 26
      vertex 57.0596 36.5404 22.5902
    endloop
  endfacet
  facet normal -0.595877 -0.803076 0
    outer loop
      vertex 57.6167 40.2961 20.1
      vertex 57.7822 40.1733 26
      vertex 57.6167 40.2961 26
    endloop
  endfacet
  facet normal -0.595877 -0.803076 -0
    outer loop
      vertex 57.7822 40.1733 26
      vertex 57.6167 40.2961 20.1
      vertex 57.7822 40.1733 20.1
    endloop
  endfacet
  facet normal -0.0490178 -0.998798 0
    outer loop
      vertex 56.45 40.65 20.1
      vertex 56.6558 40.6399 26
      vertex 56.45 40.65 26
    endloop
  endfacet
  facet normal -0.0490178 -0.998798 -0
    outer loop
      vertex 56.6558 40.6399 26
      vertex 56.45 40.65 20.1
      vertex 56.6558 40.6399 20.1
    endloop
  endfacet
  facet normal -0.513853 -0.857878 0
    outer loop
      vertex 57.4399 40.402 20.1
      vertex 57.6167 40.2961 26
      vertex 57.4399 40.402 26
    endloop
  endfacet
  facet normal -0.513853 -0.857878 -0
    outer loop
      vertex 57.6167 40.2961 26
      vertex 57.4399 40.402 20.1
      vertex 57.6167 40.2961 20.1
    endloop
  endfacet
  facet normal 0.941412 0.337258 0
    outer loop
      vertex 54.5099 37.7464 26
      vertex 54.4404 37.9404 22.5902
      vertex 54.4404 37.9404 26
    endloop
  endfacet
  facet normal 0.941412 0.337258 0
    outer loop
      vertex 54.4404 37.9404 22.5902
      vertex 54.5099 37.7464 26
      vertex 54.5099 37.7464 22.4941
    endloop
  endfacet
  facet normal -0.513853 0.857878 0
    outer loop
      vertex 57.6167 36.8039 26
      vertex 57.4399 36.698 22.372
      vertex 57.4399 36.698 26
    endloop
  endfacet
  facet normal -0.513853 0.857878 0
    outer loop
      vertex 57.4399 36.698 22.372
      vertex 57.6167 36.8039 26
      vertex 57.6167 36.8039 22.2254
    endloop
  endfacet
  facet normal -0.427502 0.904014 0
    outer loop
      vertex 57.4399 36.698 26
      vertex 57.2536 36.6099 22.494
      vertex 57.2536 36.6099 26
    endloop
  endfacet
  facet normal -0.427502 0.904014 0
    outer loop
      vertex 57.2536 36.6099 22.494
      vertex 57.4399 36.698 26
      vertex 57.4399 36.698 22.372
    endloop
  endfacet
  facet normal -0.803076 -0.595877 0
    outer loop
      vertex 58.1961 39.7167 20.1
      vertex 58.0733 39.8822 26
      vertex 58.0733 39.8822 20.1
    endloop
  endfacet
  facet normal -0.803076 -0.595877 0
    outer loop
      vertex 58.0733 39.8822 26
      vertex 58.1961 39.7167 20.1
      vertex 58.1961 39.7167 26
    endloop
  endfacet
  facet normal 0.803076 -0.595877 0
    outer loop
      vertex 54.7039 39.7167 22.2253
      vertex 54.8267 39.8822 26
      vertex 54.7039 39.7167 26
    endloop
  endfacet
  facet normal 0.803076 -0.595877 0
    outer loop
      vertex 54.8267 39.8822 26
      vertex 54.7039 39.7167 22.2253
      vertex 54.8267 39.8822 22.0554
    endloop
  endfacet
  facet normal -0.24265 -0.970114 0
    outer loop
      vertex 56.8597 40.6096 20.1
      vertex 57.0596 40.5596 26
      vertex 56.8597 40.6096 26
    endloop
  endfacet
  facet normal -0.24265 -0.970114 -0
    outer loop
      vertex 57.0596 40.5596 26
      vertex 56.8597 40.6096 20.1
      vertex 57.0596 40.5596 20.1
    endloop
  endfacet
  facet normal 0.146513 0.989209 -0
    outer loop
      vertex 56.2442 36.4601 22.7014
      vertex 56.0403 36.4903 26
      vertex 56.2442 36.4601 26
    endloop
  endfacet
  facet normal 0.146513 0.989209 0
    outer loop
      vertex 56.0403 36.4903 26
      vertex 56.2442 36.4601 22.7014
      vertex 56.0403 36.4903 22.6595
    endloop
  endfacet
  facet normal 0.740949 0.671561 0
    outer loop
      vertex 54.9651 37.0651 26
      vertex 54.8267 37.2178 22.0554
      vertex 54.8267 37.2178 26
    endloop
  endfacet
  facet normal 0.740949 0.671561 0
    outer loop
      vertex 54.8267 37.2178 22.0554
      vertex 54.9651 37.0651 26
      vertex 54.9651 37.0651 21.8637
    endloop
  endfacet
  facet normal -0.427502 -0.904014 0
    outer loop
      vertex 57.2536 40.4901 20.1
      vertex 57.4399 40.402 26
      vertex 57.2536 40.4901 26
    endloop
  endfacet
  facet normal -0.427502 -0.904014 -0
    outer loop
      vertex 57.4399 40.402 26
      vertex 57.2536 40.4901 20.1
      vertex 57.4399 40.402 20.1
    endloop
  endfacet
  facet normal 0.904014 -0.427502 0
    outer loop
      vertex 54.5099 39.3536 22.4941
      vertex 54.598 39.5399 26
      vertex 54.5099 39.3536 26
    endloop
  endfacet
  facet normal 0.904014 -0.427502 0
    outer loop
      vertex 54.598 39.5399 26
      vertex 54.5099 39.3536 22.4941
      vertex 54.598 39.5399 22.372
    endloop
  endfacet
  facet normal -0.803076 0.595877 0
    outer loop
      vertex 58.0733 37.2178 21.6523
      vertex 58.1961 37.3833 26
      vertex 58.1961 37.3833 21.4231
    endloop
  endfacet
  facet normal -0.803076 0.595877 0
    outer loop
      vertex 58.1961 37.3833 26
      vertex 58.0733 37.2178 21.6523
      vertex 58.0733 37.2178 26
    endloop
  endfacet
  facet normal 0.857878 0.513853 0
    outer loop
      vertex 54.7039 37.3833 26
      vertex 54.598 37.5601 22.372
      vertex 54.598 37.5601 26
    endloop
  endfacet
  facet normal 0.857878 0.513853 0
    outer loop
      vertex 54.598 37.5601 22.372
      vertex 54.7039 37.3833 26
      vertex 54.7039 37.3833 22.2253
    endloop
  endfacet
  facet normal 0.970114 0.24265 0
    outer loop
      vertex 54.4404 37.9404 26
      vertex 54.3904 38.1403 22.6595
      vertex 54.3904 38.1403 26
    endloop
  endfacet
  facet normal 0.970114 0.24265 0
    outer loop
      vertex 54.3904 38.1403 22.6595
      vertex 54.4404 37.9404 26
      vertex 54.4404 37.9404 22.5902
    endloop
  endfacet
  facet normal -0.970114 0.24265 0
    outer loop
      vertex 58.4596 37.9404 20.6518
      vertex 58.5096 38.1403 26
      vertex 58.5096 38.1403 20.375
    endloop
  endfacet
  facet normal -0.970114 0.24265 0
    outer loop
      vertex 58.5096 38.1403 26
      vertex 58.4596 37.9404 20.6518
      vertex 58.4596 37.9404 26
    endloop
  endfacet
  facet normal 0.595877 0.803076 -0
    outer loop
      vertex 55.2833 36.8039 22.2254
      vertex 55.1178 36.9267 26
      vertex 55.2833 36.8039 26
    endloop
  endfacet
  facet normal 0.595877 0.803076 0
    outer loop
      vertex 55.1178 36.9267 26
      vertex 55.2833 36.8039 22.2254
      vertex 55.1178 36.9267 22.0554
    endloop
  endfacet
  facet normal 0.337258 -0.941412 0
    outer loop
      vertex 55.6464 40.4901 20.9204
      vertex 55.8404 40.5596 26
      vertex 55.6464 40.4901 26
    endloop
  endfacet
  facet normal 0.337258 -0.941412 0
    outer loop
      vertex 55.8404 40.5596 26
      vertex 55.6464 40.4901 20.9204
      vertex 55.8404 40.5596 20.6518
    endloop
  endfacet
  facet normal -0.740949 -0.671561 0
    outer loop
      vertex 58.0733 39.8822 20.1
      vertex 57.9349 40.0349 26
      vertex 57.9349 40.0349 20.1
    endloop
  endfacet
  facet normal -0.740949 -0.671561 0
    outer loop
      vertex 57.9349 40.0349 26
      vertex 58.0733 39.8822 20.1
      vertex 58.0733 39.8822 26
    endloop
  endfacet
  facet normal 0.671561 -0.740949 0
    outer loop
      vertex 54.9651 40.0349 21.8637
      vertex 55.1178 40.1733 26
      vertex 54.9651 40.0349 26
    endloop
  endfacet
  facet normal 0.671561 -0.740949 0
    outer loop
      vertex 55.1178 40.1733 26
      vertex 54.9651 40.0349 21.8637
      vertex 55.1178 40.1733 21.6523
    endloop
  endfacet
  facet normal -0.857878 0.513853 0
    outer loop
      vertex 58.1961 37.3833 21.4231
      vertex 58.302 37.5601 26
      vertex 58.302 37.5601 21.1784
    endloop
  endfacet
  facet normal -0.857878 0.513853 0
    outer loop
      vertex 58.302 37.5601 26
      vertex 58.1961 37.3833 21.4231
      vertex 58.1961 37.3833 26
    endloop
  endfacet
  facet normal 0.998798 0.0490178 0
    outer loop
      vertex 54.3601 38.3442 26
      vertex 54.35 38.55 22.7154
      vertex 54.35 38.55 26
    endloop
  endfacet
  facet normal 0.998798 0.0490178 0
    outer loop
      vertex 54.35 38.55 22.7154
      vertex 54.3601 38.3442 26
      vertex 54.3601 38.3442 22.7014
    endloop
  endfacet
  facet normal -0.904014 0.427502 0
    outer loop
      vertex 58.302 37.5601 21.1784
      vertex 58.3901 37.7464 26
      vertex 58.3901 37.7464 20.9204
    endloop
  endfacet
  facet normal -0.904014 0.427502 0
    outer loop
      vertex 58.3901 37.7464 26
      vertex 58.302 37.5601 21.1784
      vertex 58.302 37.5601 26
    endloop
  endfacet
  facet normal 0.513853 0.857878 -0
    outer loop
      vertex 55.4601 36.698 22.372
      vertex 55.2833 36.8039 26
      vertex 55.4601 36.698 26
    endloop
  endfacet
  facet normal 0.513853 0.857878 0
    outer loop
      vertex 55.2833 36.8039 26
      vertex 55.4601 36.698 22.372
      vertex 55.2833 36.8039 22.2254
    endloop
  endfacet
  facet normal 0.0490178 -0.998798 0
    outer loop
      vertex 56.2442 40.6399 20.1
      vertex 56.45 40.65 26
      vertex 56.2442 40.6399 26
    endloop
  endfacet
  facet normal 0.0490178 -0.998798 0
    outer loop
      vertex 56.45 40.65 26
      vertex 56.2442 40.6399 20.1
      vertex 56.45 40.65 20.1
    endloop
  endfacet
  facet normal 0.595877 -0.803076 0
    outer loop
      vertex 55.1178 40.1733 21.6523
      vertex 55.2833 40.2961 26
      vertex 55.1178 40.1733 26
    endloop
  endfacet
  facet normal 0.595877 -0.803076 0
    outer loop
      vertex 55.2833 40.2961 26
      vertex 55.1178 40.1733 21.6523
      vertex 55.2833 40.2961 21.4231
    endloop
  endfacet
  facet normal 0.513853 -0.857878 0
    outer loop
      vertex 55.2833 40.2961 21.4231
      vertex 55.4601 40.402 26
      vertex 55.2833 40.2961 26
    endloop
  endfacet
  facet normal 0.513853 -0.857878 0
    outer loop
      vertex 55.4601 40.402 26
      vertex 55.2833 40.2961 21.4231
      vertex 55.4601 40.402 21.1784
    endloop
  endfacet
  facet normal 0.146988 -0.989138 0
    outer loop
      vertex 56.0403 40.6096 20.375
      vertex 56.2442 40.6399 26
      vertex 56.0403 40.6096 26
    endloop
  endfacet
  facet normal 0.149252 -0.988798 0.0017164
    outer loop
      vertex 56.2442 40.6399 20.1
      vertex 56.0403 40.6096 20.375
      vertex 56.2389 40.6391 20.1
    endloop
  endfacet
  facet normal 0.146988 -0.989138 0
    outer loop
      vertex 56.0403 40.6096 20.375
      vertex 56.2442 40.6399 20.1
      vertex 56.2442 40.6399 26
    endloop
  endfacet
  facet normal 0.427502 -0.904014 0
    outer loop
      vertex 55.4601 40.402 21.1784
      vertex 55.6464 40.4901 26
      vertex 55.4601 40.402 26
    endloop
  endfacet
  facet normal 0.427502 -0.904014 0
    outer loop
      vertex 55.6464 40.4901 26
      vertex 55.4601 40.402 21.1784
      vertex 55.6464 40.4901 20.9204
    endloop
  endfacet
  facet normal -0.988798 0.149252 0.0017164
    outer loop
      vertex 58.5096 38.1403 20.375
      vertex 58.5399 38.3442 20.1
      vertex 58.5391 38.3389 20.1
    endloop
  endfacet
  facet normal -0.989138 0.146988 0
    outer loop
      vertex 58.5399 38.3442 20.1
      vertex 58.5096 38.1403 20.375
      vertex 58.5399 38.3442 26
    endloop
  endfacet
  facet normal -0.989138 0.146988 0
    outer loop
      vertex 58.5399 38.3442 26
      vertex 58.5096 38.1403 20.375
      vertex 58.5096 38.1403 26
    endloop
  endfacet
  facet normal -0.740949 0.671561 0
    outer loop
      vertex 57.9349 37.0651 21.8637
      vertex 58.0733 37.2178 26
      vertex 58.0733 37.2178 21.6523
    endloop
  endfacet
  facet normal -0.740949 0.671561 0
    outer loop
      vertex 58.0733 37.2178 26
      vertex 57.9349 37.0651 21.8637
      vertex 57.9349 37.0651 26
    endloop
  endfacet
  facet normal -0.857878 -0.513853 0
    outer loop
      vertex 58.302 39.5399 20.1
      vertex 58.1961 39.7167 26
      vertex 58.1961 39.7167 20.1
    endloop
  endfacet
  facet normal -0.857878 -0.513853 0
    outer loop
      vertex 58.1961 39.7167 26
      vertex 58.302 39.5399 20.1
      vertex 58.302 39.5399 26
    endloop
  endfacet
  facet normal 0.243106 0.97 -0
    outer loop
      vertex 56.0403 36.4903 22.6595
      vertex 55.8404 36.5404 26
      vertex 56.0403 36.4903 26
    endloop
  endfacet
  facet normal 0.243106 0.97 0
    outer loop
      vertex 55.8404 36.5404 26
      vertex 56.0403 36.4903 22.6595
      vertex 55.8404 36.5404 22.5902
    endloop
  endfacet
  facet normal -0.671561 -0.740949 0
    outer loop
      vertex 57.7822 40.1733 20.1
      vertex 57.9349 40.0349 26
      vertex 57.7822 40.1733 26
    endloop
  endfacet
  facet normal -0.671561 -0.740949 -0
    outer loop
      vertex 57.9349 40.0349 26
      vertex 57.7822 40.1733 20.1
      vertex 57.9349 40.0349 20.1
    endloop
  endfacet
  facet normal 0.671561 0.740949 -0
    outer loop
      vertex 55.1178 36.9267 22.0554
      vertex 54.9651 37.0651 26
      vertex 55.1178 36.9267 26
    endloop
  endfacet
  facet normal 0.671561 0.740949 0
    outer loop
      vertex 54.9651 37.0651 26
      vertex 55.1178 36.9267 22.0554
      vertex 54.9651 37.0651 21.8637
    endloop
  endfacet
  facet normal 0.740949 -0.671561 0
    outer loop
      vertex 54.8267 39.8822 22.0554
      vertex 54.9651 40.0349 26
      vertex 54.8267 39.8822 26
    endloop
  endfacet
  facet normal 0.740949 -0.671561 0
    outer loop
      vertex 54.9651 40.0349 26
      vertex 54.8267 39.8822 22.0554
      vertex 54.9651 40.0349 21.8637
    endloop
  endfacet
  facet normal -0.595877 0.803076 0
    outer loop
      vertex 57.7822 36.9267 26
      vertex 57.6167 36.8039 22.2254
      vertex 57.6167 36.8039 26
    endloop
  endfacet
  facet normal -0.595877 0.803076 0
    outer loop
      vertex 57.6167 36.8039 22.2254
      vertex 57.7822 36.9267 26
      vertex 57.7822 36.9267 22.0554
    endloop
  endfacet
  facet normal 0.803076 0.595877 0
    outer loop
      vertex 54.8267 37.2178 26
      vertex 54.7039 37.3833 22.2253
      vertex 54.7039 37.3833 26
    endloop
  endfacet
  facet normal 0.803076 0.595877 0
    outer loop
      vertex 54.7039 37.3833 22.2253
      vertex 54.8267 37.2178 26
      vertex 54.8267 37.2178 22.0554
    endloop
  endfacet
  facet normal 0.998798 -0.0490178 0
    outer loop
      vertex 54.35 38.55 22.7154
      vertex 54.3601 38.7558 26
      vertex 54.35 38.55 26
    endloop
  endfacet
  facet normal 0.998798 -0.0490178 0
    outer loop
      vertex 54.3601 38.7558 26
      vertex 54.35 38.55 22.7154
      vertex 54.3601 38.7558 22.7014
    endloop
  endfacet
  facet normal 0.0490178 0.998798 -0
    outer loop
      vertex 56.45 36.45 22.7154
      vertex 56.2442 36.4601 26
      vertex 56.45 36.45 26
    endloop
  endfacet
  facet normal 0.0490178 0.998798 0
    outer loop
      vertex 56.2442 36.4601 26
      vertex 56.45 36.45 22.7154
      vertex 56.2442 36.4601 22.7014
    endloop
  endfacet
  facet normal 0.857878 -0.513853 0
    outer loop
      vertex 54.598 39.5399 22.372
      vertex 54.7039 39.7167 26
      vertex 54.598 39.5399 26
    endloop
  endfacet
  facet normal 0.857878 -0.513853 0
    outer loop
      vertex 54.7039 39.7167 26
      vertex 54.598 39.5399 22.372
      vertex 54.7039 39.7167 22.2253
    endloop
  endfacet
  facet normal 0.989138 0.146988 0
    outer loop
      vertex 54.3904 38.1403 26
      vertex 54.3601 38.3442 22.7014
      vertex 54.3601 38.3442 26
    endloop
  endfacet
  facet normal 0.989138 0.146988 0
    outer loop
      vertex 54.3601 38.3442 22.7014
      vertex 54.3904 38.1403 26
      vertex 54.3904 38.1403 22.6595
    endloop
  endfacet
  facet normal -0.671561 0.740949 0
    outer loop
      vertex 57.9349 37.0651 26
      vertex 57.7822 36.9267 22.0554
      vertex 57.7822 36.9267 26
    endloop
  endfacet
  facet normal -0.671561 0.740949 0
    outer loop
      vertex 57.7822 36.9267 22.0554
      vertex 57.9349 37.0651 26
      vertex 57.9349 37.0651 21.8637
    endloop
  endfacet
  facet normal -0.941412 0.337258 0
    outer loop
      vertex 58.3901 37.7464 20.9204
      vertex 58.4596 37.9404 26
      vertex 58.4596 37.9404 20.6518
    endloop
  endfacet
  facet normal -0.941412 0.337258 0
    outer loop
      vertex 58.4596 37.9404 26
      vertex 58.3901 37.7464 20.9204
      vertex 58.3901 37.7464 26
    endloop
  endfacet
  facet normal 0.941412 -0.337258 0
    outer loop
      vertex 54.4404 39.1596 22.5902
      vertex 54.5099 39.3536 26
      vertex 54.4404 39.1596 26
    endloop
  endfacet
  facet normal 0.941412 -0.337258 0
    outer loop
      vertex 54.5099 39.3536 26
      vertex 54.4404 39.1596 22.5902
      vertex 54.5099 39.3536 22.4941
    endloop
  endfacet
  facet normal 0.970114 -0.24265 0
    outer loop
      vertex 54.3904 38.9597 22.6595
      vertex 54.4404 39.1596 26
      vertex 54.3904 38.9597 26
    endloop
  endfacet
  facet normal 0.970114 -0.24265 0
    outer loop
      vertex 54.4404 39.1596 26
      vertex 54.3904 38.9597 22.6595
      vertex 54.4404 39.1596 22.5902
    endloop
  endfacet
  facet normal 0.337258 0.941412 -0
    outer loop
      vertex 55.8404 36.5404 22.5902
      vertex 55.6464 36.6099 26
      vertex 55.8404 36.5404 26
    endloop
  endfacet
  facet normal 0.337258 0.941412 0
    outer loop
      vertex 55.6464 36.6099 26
      vertex 55.8404 36.5404 22.5902
      vertex 55.6464 36.6099 22.494
    endloop
  endfacet
  facet normal 0.904014 0.427502 0
    outer loop
      vertex 54.598 37.5601 26
      vertex 54.5099 37.7464 22.4941
      vertex 54.5099 37.7464 26
    endloop
  endfacet
  facet normal 0.904014 0.427502 0
    outer loop
      vertex 54.5099 37.7464 22.4941
      vertex 54.598 37.5601 26
      vertex 54.598 37.5601 22.372
    endloop
  endfacet
  facet normal 0 0 1
    outer loop
      vertex 56.2389 38.3389 20.1
      vertex 58.55 38.55 20.1
      vertex 58.5399 38.7558 20.1
    endloop
  endfacet
  facet normal 0 0 1
    outer loop
      vertex 58.55 38.55 20.1
      vertex 56.2389 38.3389 20.1
      vertex 58.5399 38.3442 20.1
    endloop
  endfacet
  facet normal 0 0 1
    outer loop
      vertex 56.2389 38.3389 20.1
      vertex 58.5399 38.7558 20.1
      vertex 58.5096 38.9597 20.1
    endloop
  endfacet
  facet normal 0 0 1
    outer loop
      vertex 56.2389 38.3389 20.1
      vertex 58.5096 38.9597 20.1
      vertex 58.4596 39.1596 20.1
    endloop
  endfacet
  facet normal 0 0 1
    outer loop
      vertex 56.2389 38.3389 20.1
      vertex 58.4596 39.1596 20.1
      vertex 58.3901 39.3536 20.1
    endloop
  endfacet
  facet normal 0 0 1
    outer loop
      vertex 56.2389 38.3389 20.1
      vertex 58.3901 39.3536 20.1
      vertex 58.302 39.5399 20.1
    endloop
  endfacet
  facet normal 0 0 1
    outer loop
      vertex 56.2389 38.3389 20.1
      vertex 58.302 39.5399 20.1
      vertex 58.1961 39.7167 20.1
    endloop
  endfacet
  facet normal 0 0 1
    outer loop
      vertex 56.2389 38.3389 20.1
      vertex 58.1961 39.7167 20.1
      vertex 58.0733 39.8822 20.1
    endloop
  endfacet
  facet normal 0 0 1
    outer loop
      vertex 56.2389 38.3389 20.1
      vertex 58.0733 39.8822 20.1
      vertex 57.9349 40.0349 20.1
    endloop
  endfacet
  facet normal 0 0 1
    outer loop
      vertex 56.2389 38.3389 20.1
      vertex 57.9349 40.0349 20.1
      vertex 57.7822 40.1733 20.1
    endloop
  endfacet
  facet normal 0 0 1
    outer loop
      vertex 56.2389 38.3389 20.1
      vertex 57.7822 40.1733 20.1
      vertex 57.6167 40.2961 20.1
    endloop
  endfacet
  facet normal 0 0 1
    outer loop
      vertex 56.2389 38.3389 20.1
      vertex 57.6167 40.2961 20.1
      vertex 57.4399 40.402 20.1
    endloop
  endfacet
  facet normal 0 0 1
    outer loop
      vertex 56.2389 38.3389 20.1
      vertex 57.4399 40.402 20.1
      vertex 57.2536 40.4901 20.1
    endloop
  endfacet
  facet normal 0 0 1
    outer loop
      vertex 56.2389 38.3389 20.1
      vertex 57.2536 40.4901 20.1
      vertex 57.0596 40.5596 20.1
    endloop
  endfacet
  facet normal 0 0 1
    outer loop
      vertex 56.2389 38.3389 20.1
      vertex 57.0596 40.5596 20.1
      vertex 56.8597 40.6096 20.1
    endloop
  endfacet
  facet normal 0 0 1
    outer loop
      vertex 56.2389 38.3389 20.1
      vertex 56.8597 40.6096 20.1
      vertex 56.6558 40.6399 20.1
    endloop
  endfacet
  facet normal 0 0 1
    outer loop
      vertex 56.2389 38.3389 20.1
      vertex 56.6558 40.6399 20.1
      vertex 56.45 40.65 20.1
    endloop
  endfacet
  facet normal 0 0 1
    outer loop
      vertex 56.2389 38.3389 20.1
      vertex 56.45 40.65 20.1
      vertex 56.2442 40.6399 20.1
    endloop
  endfacet
  facet normal 0 0 1
    outer loop
      vertex 56.2389 38.3389 20.1
      vertex 56.2442 40.6399 20.1
      vertex 56.2389 40.6391 20.1
    endloop
  endfacet
  facet normal 0 0 1
    outer loop
      vertex 58.5399 38.3442 20.1
      vertex 56.2389 38.3389 20.1
      vertex 58.5391 38.3389 20.1
    endloop
  endfacet
  facet normal 0.427502 0.904014 -0
    outer loop
      vertex 55.6464 36.6099 22.494
      vertex 55.4601 36.698 26
      vertex 55.6464 36.6099 26
    endloop
  endfacet
  facet normal 0.427502 0.904014 0
    outer loop
      vertex 55.4601 36.698 26
      vertex 55.6464 36.6099 22.494
      vertex 55.4601 36.698 22.372
    endloop
  endfacet
  facet normal 0 0 -1
    outer loop
      vertex 60.2 16.25 18.2
      vertex 62.4 28.25 18.2
      vertex 62.4 16.25 18.2
    endloop
  endfacet
  facet normal -0 0 -1
    outer loop
      vertex 62.4 28.25 18.2
      vertex 60.2 16.25 18.2
      vertex 60.2 28.25 18.2
    endloop
  endfacet
  facet normal -0 0 1
    outer loop
      vertex 60.2 28.25 8.2
      vertex 62.4 16.25 8.2
      vertex 62.4 28.25 8.2
    endloop
  endfacet
  facet normal 0 0 1
    outer loop
      vertex 62.4 16.25 8.2
      vertex 60.2 28.25 8.2
      vertex 60.2 16.25 8.2
    endloop
  endfacet
  facet normal 0 -1 0
    outer loop
      vertex 60.2 28.25 8.2
      vertex 62.4 28.25 18.2
      vertex 60.2 28.25 18.2
    endloop
  endfacet
  facet normal 0 -1 -0
    outer loop
      vertex 62.4 28.25 18.2
      vertex 60.2 28.25 8.2
      vertex 62.4 28.25 8.2
    endloop
  endfacet
  facet normal 0 1 -0
    outer loop
      vertex 62.4 16.25 8.2
      vertex 60.2 16.25 18.2
      vertex 62.4 16.25 18.2
    endloop
  endfacet
  facet normal 0 1 0
    outer loop
      vertex 60.2 16.25 18.2
      vertex 62.4 16.25 8.2
      vertex 60.2 16.25 8.2
    endloop
  endfacet
  facet normal 0.989174 0.146746 0
    outer loop
      vertex 15.1856 12.5441 5.2
      vertex 15.1424 12.8353 2.2
      vertex 15.1424 12.8353 5.2
    endloop
  endfacet
  facet normal 0.989174 0.146746 0
    outer loop
      vertex 15.1424 12.8353 2.2
      vertex 15.1856 12.5441 5.2
      vertex 15.1856 12.5441 2.2
    endloop
  endfacet
  facet normal 0.998803 0.0489044 0
    outer loop
      vertex 15.2 12.25 5.2
      vertex 15.1856 12.5441 2.2
      vertex 15.1856 12.5441 5.2
    endloop
  endfacet
  facet normal 0.998803 0.0489044 0
    outer loop
      vertex 15.1856 12.5441 2.2
      vertex 15.2 12.25 5.2
      vertex 15.2 12.25 2.2
    endloop
  endfacet
  facet normal 0.969982 0.243175 0
    outer loop
      vertex 15.1424 12.8353 5.2
      vertex 15.0708 13.1209 2.2
      vertex 15.0708 13.1209 5.2
    endloop
  endfacet
  facet normal 0.969982 0.243175 0
    outer loop
      vertex 15.0708 13.1209 2.2
      vertex 15.1424 12.8353 5.2
      vertex 15.1424 12.8353 2.2
    endloop
  endfacet
  facet normal 0.336986 -0.94151 0
    outer loop
      vertex 13.0709 9.37918 2.2
      vertex 13.348 9.47836 5.2
      vertex 13.0709 9.37918 5.2
    endloop
  endfacet
  facet normal 0.336986 -0.94151 0
    outer loop
      vertex 13.348 9.47836 5.2
      vertex 13.0709 9.37918 2.2
      vertex 13.348 9.47836 2.2
    endloop
  endfacet
  facet normal 0.857643 0.514246 0
    outer loop
      vertex 14.8458 13.6642 5.2
      vertex 14.6944 13.9167 2.2
      vertex 14.6944 13.9167 5.2
    endloop
  endfacet
  facet normal 0.857643 0.514246 0
    outer loop
      vertex 14.6944 13.9167 2.2
      vertex 14.8458 13.6642 5.2
      vertex 14.8458 13.6642 2.2
    endloop
  endfacet
  facet normal 0.243175 0.969982 -0
    outer loop
      vertex 13.0709 15.1208 2.2
      vertex 12.7853 15.1924 5.2
      vertex 13.0709 15.1208 5.2
    endloop
  endfacet
  facet normal 0.243175 0.969982 0
    outer loop
      vertex 12.7853 15.1924 5.2
      vertex 13.0709 15.1208 2.2
      vertex 12.7853 15.1924 2.2
    endloop
  endfacet
  facet normal -0.740857 0.671663 0
    outer loop
      vertex 9.88097 14.1532 2.2
      vertex 10.0787 14.3713 5.2
      vertex 10.0787 14.3713 2.2
    endloop
  endfacet
  facet normal -0.740857 0.671663 0
    outer loop
      vertex 10.0787 14.3713 5.2
      vertex 9.88097 14.1532 2.2
      vertex 9.88097 14.1532 5.2
    endloop
  endfacet
  facet normal 0.0490738 -0.998795 0
    outer loop
      vertex 12.2 9.25 2.2
      vertex 12.4941 9.26445 5.2
      vertex 12.2 9.25 5.2
    endloop
  endfacet
  facet normal 0.0490738 -0.998795 0
    outer loop
      vertex 12.4941 9.26445 5.2
      vertex 12.2 9.25 2.2
      vertex 12.4941 9.26445 2.2
    endloop
  endfacet
  facet normal 0.427269 0.904125 -0
    outer loop
      vertex 13.6142 14.8958 2.2
      vertex 13.348 15.0216 5.2
      vertex 13.6142 14.8958 5.2
    endloop
  endfacet
  facet normal 0.427269 0.904125 0
    outer loop
      vertex 13.348 15.0216 5.2
      vertex 13.6142 14.8958 2.2
      vertex 13.348 15.0216 2.2
    endloop
  endfacet
  facet normal 0.671607 0.740908 -0
    outer loop
      vertex 14.3213 14.3713 2.2
      vertex 14.1032 14.569 5.2
      vertex 14.3213 14.3713 5.2
    endloop
  endfacet
  facet normal 0.671607 0.740908 0
    outer loop
      vertex 14.1032 14.569 5.2
      vertex 14.3213 14.3713 2.2
      vertex 14.1032 14.569 2.2
    endloop
  endfacet
  facet normal -0.595655 -0.803241 0
    outer loop
      vertex 10.2968 9.93097 2.2
      vertex 10.5333 9.75559 5.2
      vertex 10.2968 9.93097 5.2
    endloop
  endfacet
  facet normal -0.595655 -0.803241 -0
    outer loop
      vertex 10.5333 9.75559 5.2
      vertex 10.2968 9.93097 2.2
      vertex 10.5333 9.75559 2.2
    endloop
  endfacet
  facet normal 0.0489044 0.998803 -0
    outer loop
      vertex 12.4941 15.2356 2.2
      vertex 12.2 15.25 5.2
      vertex 12.4941 15.2356 5.2
    endloop
  endfacet
  facet normal 0.0489044 0.998803 0
    outer loop
      vertex 12.2 15.25 5.2
      vertex 12.4941 15.2356 2.2
      vertex 12.2 15.25 2.2
    endloop
  endfacet
  facet normal 0.242983 -0.970031 0
    outer loop
      vertex 12.7853 9.30764 2.2
      vertex 13.0709 9.37918 5.2
      vertex 12.7853 9.30764 5.2
    endloop
  endfacet
  facet normal 0.242983 -0.970031 0
    outer loop
      vertex 13.0709 9.37918 5.2
      vertex 12.7853 9.30764 2.2
      vertex 13.0709 9.37918 2.2
    endloop
  endfacet
  facet normal 0.989174 -0.146746 0
    outer loop
      vertex 15.1424 11.6647 5.2
      vertex 15.1856 11.9559 2.2
      vertex 15.1856 11.9559 5.2
    endloop
  endfacet
  facet normal 0.989174 -0.146746 0
    outer loop
      vertex 15.1856 11.9559 2.2
      vertex 15.1424 11.6647 5.2
      vertex 15.1424 11.6647 2.2
    endloop
  endfacet
  facet normal 0.514121 -0.857718 0
    outer loop
      vertex 13.6142 9.60424 2.2
      vertex 13.8667 9.75559 5.2
      vertex 13.6142 9.60424 5.2
    endloop
  endfacet
  facet normal 0.514121 -0.857718 0
    outer loop
      vertex 13.8667 9.75559 5.2
      vertex 13.6142 9.60424 2.2
      vertex 13.8667 9.75559 2.2
    endloop
  endfacet
  facet normal -0.242983 -0.970031 0
    outer loop
      vertex 11.3291 9.37918 2.2
      vertex 11.6147 9.30764 5.2
      vertex 11.3291 9.37918 5.2
    endloop
  endfacet
  facet normal -0.242983 -0.970031 -0
    outer loop
      vertex 11.6147 9.30764 5.2
      vertex 11.3291 9.37918 2.2
      vertex 11.6147 9.30764 2.2
    endloop
  endfacet
  facet normal -0.595699 0.803208 0
    outer loop
      vertex 10.5333 14.7444 2.2
      vertex 10.2968 14.569 5.2
      vertex 10.5333 14.7444 5.2
    endloop
  endfacet
  facet normal -0.595699 0.803208 0
    outer loop
      vertex 10.2968 14.569 5.2
      vertex 10.5333 14.7444 2.2
      vertex 10.2968 14.569 2.2
    endloop
  endfacet
  facet normal -0.998795 -0.0490738 0
    outer loop
      vertex 9.21445 11.9559 2.2
      vertex 9.2 12.25 5.2
      vertex 9.2 12.25 2.2
    endloop
  endfacet
  facet normal -0.998795 -0.0490738 0
    outer loop
      vertex 9.2 12.25 5.2
      vertex 9.21445 11.9559 2.2
      vertex 9.21445 11.9559 5.2
    endloop
  endfacet
  facet normal -0.970031 -0.242983 0
    outer loop
      vertex 9.32918 11.3791 2.2
      vertex 9.25764 11.6647 5.2
      vertex 9.25764 11.6647 2.2
    endloop
  endfacet
  facet normal -0.970031 -0.242983 0
    outer loop
      vertex 9.25764 11.6647 5.2
      vertex 9.32918 11.3791 2.2
      vertex 9.32918 11.3791 5.2
    endloop
  endfacet
  facet normal 0.969982 -0.243175 0
    outer loop
      vertex 15.0708 11.3791 5.2
      vertex 15.1424 11.6647 2.2
      vertex 15.1424 11.6647 5.2
    endloop
  endfacet
  facet normal 0.969982 -0.243175 0
    outer loop
      vertex 15.1424 11.6647 2.2
      vertex 15.0708 11.3791 5.2
      vertex 15.0708 11.3791 2.2
    endloop
  endfacet
  facet normal -0.514246 0.857643 0
    outer loop
      vertex 10.7858 14.8958 2.2
      vertex 10.5333 14.7444 5.2
      vertex 10.7858 14.8958 5.2
    endloop
  endfacet
  facet normal -0.514246 0.857643 0
    outer loop
      vertex 10.5333 14.7444 5.2
      vertex 10.7858 14.8958 2.2
      vertex 10.5333 14.7444 2.2
    endloop
  endfacet
  facet normal 0.595699 0.803208 -0
    outer loop
      vertex 14.1032 14.569 2.2
      vertex 13.8667 14.7444 5.2
      vertex 14.1032 14.569 5.2
    endloop
  endfacet
  facet normal 0.595699 0.803208 0
    outer loop
      vertex 13.8667 14.7444 5.2
      vertex 14.1032 14.569 2.2
      vertex 13.8667 14.7444 2.2
    endloop
  endfacet
  facet normal -0.90402 -0.427491 0
    outer loop
      vertex 9.55424 10.8358 2.2
      vertex 9.42836 11.102 5.2
      vertex 9.42836 11.102 2.2
    endloop
  endfacet
  facet normal -0.90402 -0.427491 0
    outer loop
      vertex 9.42836 11.102 5.2
      vertex 9.55424 10.8358 2.2
      vertex 9.55424 10.8358 5.2
    endloop
  endfacet
  facet normal 0.941488 -0.337047 0
    outer loop
      vertex 14.9716 11.102 5.2
      vertex 15.0708 11.3791 2.2
      vertex 15.0708 11.3791 5.2
    endloop
  endfacet
  facet normal 0.941488 -0.337047 0
    outer loop
      vertex 15.0708 11.3791 2.2
      vertex 14.9716 11.102 5.2
      vertex 14.9716 11.102 2.2
    endloop
  endfacet
  facet normal 0.146746 0.989174 -0
    outer loop
      vertex 12.7853 15.1924 2.2
      vertex 12.4941 15.2356 5.2
      vertex 12.7853 15.1924 5.2
    endloop
  endfacet
  facet normal 0.146746 0.989174 0
    outer loop
      vertex 12.4941 15.2356 5.2
      vertex 12.7853 15.1924 2.2
      vertex 12.4941 15.2356 2.2
    endloop
  endfacet
  facet normal -0.427269 0.904125 0
    outer loop
      vertex 11.052 15.0216 2.2
      vertex 10.7858 14.8958 5.2
      vertex 11.052 15.0216 5.2
    endloop
  endfacet
  facet normal -0.427269 0.904125 0
    outer loop
      vertex 10.7858 14.8958 5.2
      vertex 11.052 15.0216 2.2
      vertex 10.7858 14.8958 2.2
    endloop
  endfacet
  facet normal 0.514246 0.857643 -0
    outer loop
      vertex 13.8667 14.7444 2.2
      vertex 13.6142 14.8958 5.2
      vertex 13.8667 14.7444 5.2
    endloop
  endfacet
  facet normal 0.514246 0.857643 0
    outer loop
      vertex 13.6142 14.8958 5.2
      vertex 13.8667 14.7444 2.2
      vertex 13.6142 14.8958 2.2
    endloop
  endfacet
  facet normal 0.427491 -0.90402 0
    outer loop
      vertex 13.348 9.47836 2.2
      vertex 13.6142 9.60424 5.2
      vertex 13.348 9.47836 5.2
    endloop
  endfacet
  facet normal 0.427491 -0.90402 0
    outer loop
      vertex 13.6142 9.60424 5.2
      vertex 13.348 9.47836 2.2
      vertex 13.6142 9.60424 2.2
    endloop
  endfacet
  facet normal -0.94151 -0.336986 0
    outer loop
      vertex 9.42836 11.102 2.2
      vertex 9.32918 11.3791 5.2
      vertex 9.32918 11.3791 2.2
    endloop
  endfacet
  facet normal -0.94151 -0.336986 0
    outer loop
      vertex 9.32918 11.3791 5.2
      vertex 9.42836 11.102 2.2
      vertex 9.42836 11.102 5.2
    endloop
  endfacet
  facet normal 0.857643 -0.514246 0
    outer loop
      vertex 14.6944 10.5833 5.2
      vertex 14.8458 10.8358 2.2
      vertex 14.8458 10.8358 5.2
    endloop
  endfacet
  facet normal 0.857643 -0.514246 0
    outer loop
      vertex 14.8458 10.8358 2.2
      vertex 14.6944 10.5833 5.2
      vertex 14.6944 10.5833 2.2
    endloop
  endfacet
  facet normal 0.904125 -0.427269 0
    outer loop
      vertex 14.8458 10.8358 5.2
      vertex 14.9716 11.102 2.2
      vertex 14.9716 11.102 5.2
    endloop
  endfacet
  facet normal 0.904125 -0.427269 0
    outer loop
      vertex 14.9716 11.102 2.2
      vertex 14.8458 10.8358 5.2
      vertex 14.8458 10.8358 2.2
    endloop
  endfacet
  facet normal 0.998803 -0.0489044 0
    outer loop
      vertex 15.1856 11.9559 5.2
      vertex 15.2 12.25 2.2
      vertex 15.2 12.25 5.2
    endloop
  endfacet
  facet normal 0.998803 -0.0489044 0
    outer loop
      vertex 15.2 12.25 2.2
      vertex 15.1856 11.9559 5.2
      vertex 15.1856 11.9559 2.2
    endloop
  endfacet
  facet normal -0.146746 0.989174 0
    outer loop
      vertex 11.9059 15.2356 2.2
      vertex 11.6147 15.1924 5.2
      vertex 11.9059 15.2356 5.2
    endloop
  endfacet
  facet normal -0.146746 0.989174 0
    outer loop
      vertex 11.6147 15.1924 5.2
      vertex 11.9059 15.2356 2.2
      vertex 11.6147 15.1924 2.2
    endloop
  endfacet
  facet normal 0.146712 -0.989179 0
    outer loop
      vertex 12.4941 9.26445 2.2
      vertex 12.7853 9.30764 5.2
      vertex 12.4941 9.26445 5.2
    endloop
  endfacet
  facet normal 0.146712 -0.989179 0
    outer loop
      vertex 12.7853 9.30764 5.2
      vertex 12.4941 9.26445 2.2
      vertex 12.7853 9.30764 2.2
    endloop
  endfacet
  facet normal 0.941488 0.337047 0
    outer loop
      vertex 15.0708 13.1209 5.2
      vertex 14.9716 13.398 2.2
      vertex 14.9716 13.398 5.2
    endloop
  endfacet
  facet normal 0.941488 0.337047 0
    outer loop
      vertex 14.9716 13.398 2.2
      vertex 15.0708 13.1209 5.2
      vertex 15.0708 13.1209 2.2
    endloop
  endfacet
  facet normal 0.740908 -0.671607 0
    outer loop
      vertex 14.3213 10.1287 5.2
      vertex 14.519 10.3468 2.2
      vertex 14.519 10.3468 5.2
    endloop
  endfacet
  facet normal 0.740908 -0.671607 0
    outer loop
      vertex 14.519 10.3468 2.2
      vertex 14.3213 10.1287 5.2
      vertex 14.3213 10.1287 2.2
    endloop
  endfacet
  facet normal 0.803208 -0.595699 0
    outer loop
      vertex 14.519 10.3468 5.2
      vertex 14.6944 10.5833 2.2
      vertex 14.6944 10.5833 5.2
    endloop
  endfacet
  facet normal 0.803208 -0.595699 0
    outer loop
      vertex 14.6944 10.5833 2.2
      vertex 14.519 10.3468 5.2
      vertex 14.519 10.3468 2.2
    endloop
  endfacet
  facet normal -0.243175 0.969982 0
    outer loop
      vertex 11.6147 15.1924 2.2
      vertex 11.3291 15.1208 5.2
      vertex 11.6147 15.1924 5.2
    endloop
  endfacet
  facet normal -0.243175 0.969982 0
    outer loop
      vertex 11.3291 15.1208 5.2
      vertex 11.6147 15.1924 2.2
      vertex 11.3291 15.1208 2.2
    endloop
  endfacet
  facet normal 0.803208 0.595699 0
    outer loop
      vertex 14.6944 13.9167 5.2
      vertex 14.519 14.1532 2.2
      vertex 14.519 14.1532 5.2
    endloop
  endfacet
  facet normal 0.803208 0.595699 0
    outer loop
      vertex 14.519 14.1532 2.2
      vertex 14.6944 13.9167 5.2
      vertex 14.6944 13.9167 2.2
    endloop
  endfacet
  facet normal 0.904125 0.427269 0
    outer loop
      vertex 14.9716 13.398 5.2
      vertex 14.8458 13.6642 2.2
      vertex 14.8458 13.6642 5.2
    endloop
  endfacet
  facet normal 0.904125 0.427269 0
    outer loop
      vertex 14.8458 13.6642 2.2
      vertex 14.9716 13.398 5.2
      vertex 14.9716 13.398 2.2
    endloop
  endfacet
  facet normal -0.857718 0.514121 0
    outer loop
      vertex 9.55424 13.6642 2.2
      vertex 9.70559 13.9167 5.2
      vertex 9.70559 13.9167 2.2
    endloop
  endfacet
  facet normal -0.857718 0.514121 0
    outer loop
      vertex 9.70559 13.9167 5.2
      vertex 9.55424 13.6642 2.2
      vertex 9.55424 13.6642 5.2
    endloop
  endfacet
  facet normal -0.671607 0.740908 0
    outer loop
      vertex 10.2968 14.569 2.2
      vertex 10.0787 14.3713 5.2
      vertex 10.2968 14.569 5.2
    endloop
  endfacet
  facet normal -0.671607 0.740908 0
    outer loop
      vertex 10.0787 14.3713 5.2
      vertex 10.2968 14.569 2.2
      vertex 10.0787 14.3713 2.2
    endloop
  endfacet
  facet normal -0.857718 -0.514121 0
    outer loop
      vertex 9.70559 10.5833 2.2
      vertex 9.55424 10.8358 5.2
      vertex 9.55424 10.8358 2.2
    endloop
  endfacet
  facet normal -0.857718 -0.514121 0
    outer loop
      vertex 9.55424 10.8358 5.2
      vertex 9.70559 10.5833 2.2
      vertex 9.70559 10.5833 5.2
    endloop
  endfacet
  facet normal -0.427491 -0.90402 0
    outer loop
      vertex 10.7858 9.60424 2.2
      vertex 11.052 9.47836 5.2
      vertex 10.7858 9.60424 5.2
    endloop
  endfacet
  facet normal -0.427491 -0.90402 -0
    outer loop
      vertex 11.052 9.47836 5.2
      vertex 10.7858 9.60424 2.2
      vertex 11.052 9.47836 2.2
    endloop
  endfacet
  facet normal -0.740857 -0.671663 0
    outer loop
      vertex 10.0787 10.1287 2.2
      vertex 9.88097 10.3468 5.2
      vertex 9.88097 10.3468 2.2
    endloop
  endfacet
  facet normal -0.740857 -0.671663 0
    outer loop
      vertex 9.88097 10.3468 5.2
      vertex 10.0787 10.1287 2.2
      vertex 10.0787 10.1287 5.2
    endloop
  endfacet
  facet normal -0.337047 0.941488 0
    outer loop
      vertex 11.3291 15.1208 2.2
      vertex 11.052 15.0216 5.2
      vertex 11.3291 15.1208 5.2
    endloop
  endfacet
  facet normal -0.337047 0.941488 0
    outer loop
      vertex 11.052 15.0216 5.2
      vertex 11.3291 15.1208 2.2
      vertex 11.052 15.0216 2.2
    endloop
  endfacet
  facet normal -0.514121 -0.857718 0
    outer loop
      vertex 10.5333 9.75559 2.2
      vertex 10.7858 9.60424 5.2
      vertex 10.5333 9.75559 5.2
    endloop
  endfacet
  facet normal -0.514121 -0.857718 -0
    outer loop
      vertex 10.7858 9.60424 5.2
      vertex 10.5333 9.75559 2.2
      vertex 10.7858 9.60424 2.2
    endloop
  endfacet
  facet normal 0.740908 0.671607 0
    outer loop
      vertex 14.519 14.1532 5.2
      vertex 14.3213 14.3713 2.2
      vertex 14.3213 14.3713 5.2
    endloop
  endfacet
  facet normal 0.740908 0.671607 0
    outer loop
      vertex 14.3213 14.3713 2.2
      vertex 14.519 14.1532 5.2
      vertex 14.519 14.1532 2.2
    endloop
  endfacet
  facet normal 0.595655 -0.803241 0
    outer loop
      vertex 13.8667 9.75559 2.2
      vertex 14.1032 9.93097 5.2
      vertex 13.8667 9.75559 5.2
    endloop
  endfacet
  facet normal 0.595655 -0.803241 0
    outer loop
      vertex 14.1032 9.93097 5.2
      vertex 13.8667 9.75559 2.2
      vertex 14.1032 9.93097 2.2
    endloop
  endfacet
  facet normal -0.0489044 0.998803 0
    outer loop
      vertex 12.2 15.25 2.2
      vertex 11.9059 15.2356 5.2
      vertex 12.2 15.25 5.2
    endloop
  endfacet
  facet normal -0.0489044 0.998803 0
    outer loop
      vertex 11.9059 15.2356 5.2
      vertex 12.2 15.25 2.2
      vertex 11.9059 15.2356 2.2
    endloop
  endfacet
  facet normal -0.94151 0.336986 0
    outer loop
      vertex 9.32918 13.1209 2.2
      vertex 9.42836 13.398 5.2
      vertex 9.42836 13.398 2.2
    endloop
  endfacet
  facet normal -0.94151 0.336986 0
    outer loop
      vertex 9.42836 13.398 5.2
      vertex 9.32918 13.1209 2.2
      vertex 9.32918 13.1209 5.2
    endloop
  endfacet
  facet normal 0.337047 0.941488 -0
    outer loop
      vertex 13.348 15.0216 2.2
      vertex 13.0709 15.1208 5.2
      vertex 13.348 15.0216 5.2
    endloop
  endfacet
  facet normal 0.337047 0.941488 0
    outer loop
      vertex 13.0709 15.1208 5.2
      vertex 13.348 15.0216 2.2
      vertex 13.0709 15.1208 2.2
    endloop
  endfacet
  facet normal -0.803241 -0.595655 0
    outer loop
      vertex 9.88097 10.3468 2.2
      vertex 9.70559 10.5833 5.2
      vertex 9.70559 10.5833 2.2
    endloop
  endfacet
  facet normal -0.803241 -0.595655 0
    outer loop
      vertex 9.70559 10.5833 5.2
      vertex 9.88097 10.3468 2.2
      vertex 9.88097 10.3468 5.2
    endloop
  endfacet
  facet normal -0.970031 0.242983 0
    outer loop
      vertex 9.25764 12.8353 2.2
      vertex 9.32918 13.1209 5.2
      vertex 9.32918 13.1209 2.2
    endloop
  endfacet
  facet normal -0.970031 0.242983 0
    outer loop
      vertex 9.32918 13.1209 5.2
      vertex 9.25764 12.8353 2.2
      vertex 9.25764 12.8353 5.2
    endloop
  endfacet
  facet normal -0.989179 -0.146712 0
    outer loop
      vertex 9.25764 11.6647 2.2
      vertex 9.21445 11.9559 5.2
      vertex 9.21445 11.9559 2.2
    endloop
  endfacet
  facet normal -0.989179 -0.146712 0
    outer loop
      vertex 9.21445 11.9559 5.2
      vertex 9.25764 11.6647 2.2
      vertex 9.25764 11.6647 5.2
    endloop
  endfacet
  facet normal -0.90402 0.427491 0
    outer loop
      vertex 9.42836 13.398 2.2
      vertex 9.55424 13.6642 5.2
      vertex 9.55424 13.6642 2.2
    endloop
  endfacet
  facet normal -0.90402 0.427491 0
    outer loop
      vertex 9.55424 13.6642 5.2
      vertex 9.42836 13.398 2.2
      vertex 9.42836 13.398 5.2
    endloop
  endfacet
  facet normal 0 0 -1
    outer loop
      vertex 15.1856 11.9559 2.2
      vertex 15.1856 12.5441 2.2
      vertex 15.2 12.25 2.2
    endloop
  endfacet
  facet normal 0 0 -1
    outer loop
      vertex 15.1424 11.6647 2.2
      vertex 15.1856 12.5441 2.2
      vertex 15.1856 11.9559 2.2
    endloop
  endfacet
  facet normal 0 0 -1
    outer loop
      vertex 15.1424 11.6647 2.2
      vertex 15.1424 12.8353 2.2
      vertex 15.1856 12.5441 2.2
    endloop
  endfacet
  facet normal 0 0 -1
    outer loop
      vertex 15.0708 11.3791 2.2
      vertex 15.1424 12.8353 2.2
      vertex 15.1424 11.6647 2.2
    endloop
  endfacet
  facet normal 0 0 -1
    outer loop
      vertex 15.0708 11.3791 2.2
      vertex 15.0708 13.1209 2.2
      vertex 15.1424 12.8353 2.2
    endloop
  endfacet
  facet normal 0 0 -1
    outer loop
      vertex 14.9716 11.102 2.2
      vertex 15.0708 13.1209 2.2
      vertex 15.0708 11.3791 2.2
    endloop
  endfacet
  facet normal 0 0 -1
    outer loop
      vertex 14.9716 11.102 2.2
      vertex 14.9716 13.398 2.2
      vertex 15.0708 13.1209 2.2
    endloop
  endfacet
  facet normal 0 0 -1
    outer loop
      vertex 14.8458 10.8358 2.2
      vertex 14.9716 13.398 2.2
      vertex 14.9716 11.102 2.2
    endloop
  endfacet
  facet normal 0 0 -1
    outer loop
      vertex 14.8458 10.8358 2.2
      vertex 14.8458 13.6642 2.2
      vertex 14.9716 13.398 2.2
    endloop
  endfacet
  facet normal 0 0 -1
    outer loop
      vertex 14.6944 10.5833 2.2
      vertex 14.8458 13.6642 2.2
      vertex 14.8458 10.8358 2.2
    endloop
  endfacet
  facet normal 0 0 -1
    outer loop
      vertex 14.6944 10.5833 2.2
      vertex 14.6944 13.9167 2.2
      vertex 14.8458 13.6642 2.2
    endloop
  endfacet
  facet normal 0 0 -1
    outer loop
      vertex 14.519 10.3468 2.2
      vertex 14.6944 13.9167 2.2
      vertex 14.6944 10.5833 2.2
    endloop
  endfacet
  facet normal 0 0 -1
    outer loop
      vertex 14.519 10.3468 2.2
      vertex 14.519 14.1532 2.2
      vertex 14.6944 13.9167 2.2
    endloop
  endfacet
  facet normal 0 0 -1
    outer loop
      vertex 14.3213 10.1287 2.2
      vertex 14.519 14.1532 2.2
      vertex 14.519 10.3468 2.2
    endloop
  endfacet
  facet normal 0 0 -1
    outer loop
      vertex 14.3213 10.1287 2.2
      vertex 14.3213 14.3713 2.2
      vertex 14.519 14.1532 2.2
    endloop
  endfacet
  facet normal 0 0 -1
    outer loop
      vertex 14.1032 9.93097 2.2
      vertex 14.3213 14.3713 2.2
      vertex 14.3213 10.1287 2.2
    endloop
  endfacet
  facet normal 0 0 -1
    outer loop
      vertex 14.1032 9.93097 2.2
      vertex 14.1032 14.569 2.2
      vertex 14.3213 14.3713 2.2
    endloop
  endfacet
  facet normal 0 0 -1
    outer loop
      vertex 13.8667 9.75559 2.2
      vertex 14.1032 14.569 2.2
      vertex 14.1032 9.93097 2.2
    endloop
  endfacet
  facet normal 0 0 -1
    outer loop
      vertex 13.8667 9.75559 2.2
      vertex 13.8667 14.7444 2.2
      vertex 14.1032 14.569 2.2
    endloop
  endfacet
  facet normal 0 0 -1
    outer loop
      vertex 13.6142 9.60424 2.2
      vertex 13.8667 14.7444 2.2
      vertex 13.8667 9.75559 2.2
    endloop
  endfacet
  facet normal 0 0 -1
    outer loop
      vertex 13.6142 9.60424 2.2
      vertex 13.6142 14.8958 2.2
      vertex 13.8667 14.7444 2.2
    endloop
  endfacet
  facet normal 0 0 -1
    outer loop
      vertex 13.348 9.47836 2.2
      vertex 13.6142 14.8958 2.2
      vertex 13.6142 9.60424 2.2
    endloop
  endfacet
  facet normal 0 0 -1
    outer loop
      vertex 13.348 9.47836 2.2
      vertex 13.348 15.0216 2.2
      vertex 13.6142 14.8958 2.2
    endloop
  endfacet
  facet normal 0 0 -1
    outer loop
      vertex 13.0709 9.37918 2.2
      vertex 13.348 15.0216 2.2
      vertex 13.348 9.47836 2.2
    endloop
  endfacet
  facet normal 0 0 -1
    outer loop
      vertex 13.0709 9.37918 2.2
      vertex 13.0709 15.1208 2.2
      vertex 13.348 15.0216 2.2
    endloop
  endfacet
  facet normal 0 0 -1
    outer loop
      vertex 12.7853 9.30764 2.2
      vertex 13.0709 15.1208 2.2
      vertex 13.0709 9.37918 2.2
    endloop
  endfacet
  facet normal 0 0 -1
    outer loop
      vertex 12.7853 9.30764 2.2
      vertex 12.7853 15.1924 2.2
      vertex 13.0709 15.1208 2.2
    endloop
  endfacet
  facet normal 0 0 -1
    outer loop
      vertex 12.4941 9.26445 2.2
      vertex 12.7853 15.1924 2.2
      vertex 12.7853 9.30764 2.2
    endloop
  endfacet
  facet normal 0 0 -1
    outer loop
      vertex 12.4941 9.26445 2.2
      vertex 12.4941 15.2356 2.2
      vertex 12.7853 15.1924 2.2
    endloop
  endfacet
  facet normal 0 0 -1
    outer loop
      vertex 12.2 9.25 2.2
      vertex 12.4941 15.2356 2.2
      vertex 12.4941 9.26445 2.2
    endloop
  endfacet
  facet normal 0 0 -1
    outer loop
      vertex 12.2 9.25 2.2
      vertex 12.2 15.25 2.2
      vertex 12.4941 15.2356 2.2
    endloop
  endfacet
  facet normal 0 0 -1
    outer loop
      vertex 11.9059 9.26445 2.2
      vertex 12.2 15.25 2.2
      vertex 12.2 9.25 2.2
    endloop
  endfacet
  facet normal 0 0 -1
    outer loop
      vertex 11.9059 9.26445 2.2
      vertex 11.9059 15.2356 2.2
      vertex 12.2 15.25 2.2
    endloop
  endfacet
  facet normal 0 0 -1
    outer loop
      vertex 11.6147 9.30764 2.2
      vertex 11.9059 15.2356 2.2
      vertex 11.9059 9.26445 2.2
    endloop
  endfacet
  facet normal 0 0 -1
    outer loop
      vertex 11.6147 9.30764 2.2
      vertex 11.6147 15.1924 2.2
      vertex 11.9059 15.2356 2.2
    endloop
  endfacet
  facet normal 0 0 -1
    outer loop
      vertex 11.3291 9.37918 2.2
      vertex 11.6147 15.1924 2.2
      vertex 11.6147 9.30764 2.2
    endloop
  endfacet
  facet normal 0 0 -1
    outer loop
      vertex 11.3291 9.37918 2.2
      vertex 11.3291 15.1208 2.2
      vertex 11.6147 15.1924 2.2
    endloop
  endfacet
  facet normal 0 0 -1
    outer loop
      vertex 11.052 9.47836 2.2
      vertex 11.3291 15.1208 2.2
      vertex 11.3291 9.37918 2.2
    endloop
  endfacet
  facet normal 0 0 -1
    outer loop
      vertex 11.052 9.47836 2.2
      vertex 11.052 15.0216 2.2
      vertex 11.3291 15.1208 2.2
    endloop
  endfacet
  facet normal 0 0 -1
    outer loop
      vertex 10.7858 9.60424 2.2
      vertex 11.052 15.0216 2.2
      vertex 11.052 9.47836 2.2
    endloop
  endfacet
  facet normal 0 0 -1
    outer loop
      vertex 10.7858 9.60424 2.2
      vertex 10.7858 14.8958 2.2
      vertex 11.052 15.0216 2.2
    endloop
  endfacet
  facet normal 0 0 -1
    outer loop
      vertex 10.5333 9.75559 2.2
      vertex 10.7858 14.8958 2.2
      vertex 10.7858 9.60424 2.2
    endloop
  endfacet
  facet normal 0 0 -1
    outer loop
      vertex 10.5333 9.75559 2.2
      vertex 10.5333 14.7444 2.2
      vertex 10.7858 14.8958 2.2
    endloop
  endfacet
  facet normal 0 0 -1
    outer loop
      vertex 10.2968 9.93097 2.2
      vertex 10.5333 14.7444 2.2
      vertex 10.5333 9.75559 2.2
    endloop
  endfacet
  facet normal 0 0 -1
    outer loop
      vertex 10.2968 9.93097 2.2
      vertex 10.2968 14.569 2.2
      vertex 10.5333 14.7444 2.2
    endloop
  endfacet
  facet normal 0 0 -1
    outer loop
      vertex 10.0787 10.1287 2.2
      vertex 10.2968 14.569 2.2
      vertex 10.2968 9.93097 2.2
    endloop
  endfacet
  facet normal 0 0 -1
    outer loop
      vertex 10.0787 10.1287 2.2
      vertex 10.0787 14.3713 2.2
      vertex 10.2968 14.569 2.2
    endloop
  endfacet
  facet normal 0 0 -1
    outer loop
      vertex 9.88097 10.3468 2.2
      vertex 10.0787 14.3713 2.2
      vertex 10.0787 10.1287 2.2
    endloop
  endfacet
  facet normal 0 0 -1
    outer loop
      vertex 9.88097 10.3468 2.2
      vertex 9.88097 14.1532 2.2
      vertex 10.0787 14.3713 2.2
    endloop
  endfacet
  facet normal 0 0 -1
    outer loop
      vertex 9.70559 10.5833 2.2
      vertex 9.88097 14.1532 2.2
      vertex 9.88097 10.3468 2.2
    endloop
  endfacet
  facet normal 0 0 -1
    outer loop
      vertex 9.70559 10.5833 2.2
      vertex 9.70559 13.9167 2.2
      vertex 9.88097 14.1532 2.2
    endloop
  endfacet
  facet normal 0 0 -1
    outer loop
      vertex 9.55424 10.8358 2.2
      vertex 9.70559 13.9167 2.2
      vertex 9.70559 10.5833 2.2
    endloop
  endfacet
  facet normal 0 0 -1
    outer loop
      vertex 9.55424 10.8358 2.2
      vertex 9.55424 13.6642 2.2
      vertex 9.70559 13.9167 2.2
    endloop
  endfacet
  facet normal 0 0 -1
    outer loop
      vertex 9.42836 11.102 2.2
      vertex 9.55424 13.6642 2.2
      vertex 9.55424 10.8358 2.2
    endloop
  endfacet
  facet normal 0 0 -1
    outer loop
      vertex 9.42836 11.102 2.2
      vertex 9.42836 13.398 2.2
      vertex 9.55424 13.6642 2.2
    endloop
  endfacet
  facet normal 0 0 -1
    outer loop
      vertex 9.32918 11.3791 2.2
      vertex 9.42836 13.398 2.2
      vertex 9.42836 11.102 2.2
    endloop
  endfacet
  facet normal 0 0 -1
    outer loop
      vertex 9.32918 11.3791 2.2
      vertex 9.32918 13.1209 2.2
      vertex 9.42836 13.398 2.2
    endloop
  endfacet
  facet normal 0 0 -1
    outer loop
      vertex 9.25764 11.6647 2.2
      vertex 9.32918 13.1209 2.2
      vertex 9.32918 11.3791 2.2
    endloop
  endfacet
  facet normal 0 0 -1
    outer loop
      vertex 9.25764 11.6647 2.2
      vertex 9.25764 12.8353 2.2
      vertex 9.32918 13.1209 2.2
    endloop
  endfacet
  facet normal 0 0 -1
    outer loop
      vertex 9.21445 11.9559 2.2
      vertex 9.25764 12.8353 2.2
      vertex 9.25764 11.6647 2.2
    endloop
  endfacet
  facet normal 0 0 -1
    outer loop
      vertex 9.21445 11.9559 2.2
      vertex 9.21445 12.5441 2.2
      vertex 9.25764 12.8353 2.2
    endloop
  endfacet
  facet normal 0 -0 -1
    outer loop
      vertex 9.21445 12.5441 2.2
      vertex 9.21445 11.9559 2.2
      vertex 9.2 12.25 2.2
    endloop
  endfacet
  facet normal -0.671663 -0.740857 0
    outer loop
      vertex 10.0787 10.1287 2.2
      vertex 10.2968 9.93097 5.2
      vertex 10.0787 10.1287 5.2
    endloop
  endfacet
  facet normal -0.671663 -0.740857 -0
    outer loop
      vertex 10.2968 9.93097 5.2
      vertex 10.0787 10.1287 2.2
      vertex 10.2968 9.93097 2.2
    endloop
  endfacet
  facet normal -0.803241 0.595655 0
    outer loop
      vertex 9.70559 13.9167 2.2
      vertex 9.88097 14.1532 5.2
      vertex 9.88097 14.1532 2.2
    endloop
  endfacet
  facet normal -0.803241 0.595655 0
    outer loop
      vertex 9.88097 14.1532 5.2
      vertex 9.70559 13.9167 2.2
      vertex 9.70559 13.9167 5.2
    endloop
  endfacet
  facet normal -0.0490738 -0.998795 0
    outer loop
      vertex 11.9059 9.26445 2.2
      vertex 12.2 9.25 5.2
      vertex 11.9059 9.26445 5.2
    endloop
  endfacet
  facet normal -0.0490738 -0.998795 -0
    outer loop
      vertex 12.2 9.25 5.2
      vertex 11.9059 9.26445 2.2
      vertex 12.2 9.25 2.2
    endloop
  endfacet
  facet normal -0.146712 -0.989179 0
    outer loop
      vertex 11.6147 9.30764 2.2
      vertex 11.9059 9.26445 5.2
      vertex 11.6147 9.30764 5.2
    endloop
  endfacet
  facet normal -0.146712 -0.989179 -0
    outer loop
      vertex 11.9059 9.26445 5.2
      vertex 11.6147 9.30764 2.2
      vertex 11.9059 9.26445 2.2
    endloop
  endfacet
  facet normal -0.989179 0.146712 0
    outer loop
      vertex 9.21445 12.5441 2.2
      vertex 9.25764 12.8353 5.2
      vertex 9.25764 12.8353 2.2
    endloop
  endfacet
  facet normal -0.989179 0.146712 0
    outer loop
      vertex 9.25764 12.8353 5.2
      vertex 9.21445 12.5441 2.2
      vertex 9.21445 12.5441 5.2
    endloop
  endfacet
  facet normal -0.998795 0.0490738 0
    outer loop
      vertex 9.2 12.25 2.2
      vertex 9.21445 12.5441 5.2
      vertex 9.21445 12.5441 2.2
    endloop
  endfacet
  facet normal -0.998795 0.0490738 0
    outer loop
      vertex 9.21445 12.5441 5.2
      vertex 9.2 12.25 2.2
      vertex 9.2 12.25 5.2
    endloop
  endfacet
  facet normal -0.336986 -0.94151 0
    outer loop
      vertex 11.052 9.47836 2.2
      vertex 11.3291 9.37918 5.2
      vertex 11.052 9.47836 5.2
    endloop
  endfacet
  facet normal -0.336986 -0.94151 -0
    outer loop
      vertex 11.3291 9.37918 5.2
      vertex 11.052 9.47836 2.2
      vertex 11.3291 9.37918 2.2
    endloop
  endfacet
  facet normal 0.671663 -0.740857 0
    outer loop
      vertex 14.1032 9.93097 2.2
      vertex 14.3213 10.1287 5.2
      vertex 14.1032 9.93097 5.2
    endloop
  endfacet
  facet normal 0.671663 -0.740857 0
    outer loop
      vertex 14.3213 10.1287 5.2
      vertex 14.1032 9.93097 2.2
      vertex 14.3213 10.1287 2.2
    endloop
  endfacet
  facet normal 0 0 1
    outer loop
      vertex 13.2 12.25 5.2
      vertex 15.2 12.25 5.2
      vertex 15.1856 12.5441 5.2
    endloop
  endfacet
  facet normal 0 0 1
    outer loop
      vertex 13.1952 12.348 5.2
      vertex 15.1856 12.5441 5.2
      vertex 15.1424 12.8353 5.2
    endloop
  endfacet
  facet normal 0 0 1
    outer loop
      vertex 15.2 12.25 5.2
      vertex 13.2 12.25 5.2
      vertex 15.1856 11.9559 5.2
    endloop
  endfacet
  facet normal 0 0 1
    outer loop
      vertex 13.1808 12.4451 5.2
      vertex 15.1424 12.8353 5.2
      vertex 15.0708 13.1209 5.2
    endloop
  endfacet
  facet normal -0 0 1
    outer loop
      vertex 13.1952 12.152 5.2
      vertex 15.1856 11.9559 5.2
      vertex 13.2 12.25 5.2
    endloop
  endfacet
  facet normal 0 0 1
    outer loop
      vertex 13.1569 12.5403 5.2
      vertex 15.0708 13.1209 5.2
      vertex 14.9716 13.398 5.2
    endloop
  endfacet
  facet normal 0 0 1
    outer loop
      vertex 15.1856 11.9559 5.2
      vertex 13.1952 12.152 5.2
      vertex 15.1424 11.6647 5.2
    endloop
  endfacet
  facet normal 0 0 1
    outer loop
      vertex 13.1239 12.6327 5.2
      vertex 14.9716 13.398 5.2
      vertex 14.8458 13.6642 5.2
    endloop
  endfacet
  facet normal -0 0 1
    outer loop
      vertex 13.1808 12.0549 5.2
      vertex 15.1424 11.6647 5.2
      vertex 13.1952 12.152 5.2
    endloop
  endfacet
  facet normal 0 0 1
    outer loop
      vertex 13.0819 12.7214 5.2
      vertex 14.8458 13.6642 5.2
      vertex 14.6944 13.9167 5.2
    endloop
  endfacet
  facet normal 0 0 1
    outer loop
      vertex 15.1424 11.6647 5.2
      vertex 13.1808 12.0549 5.2
      vertex 15.0708 11.3791 5.2
    endloop
  endfacet
  facet normal 0 0 1
    outer loop
      vertex 13.0315 12.8056 5.2
      vertex 14.6944 13.9167 5.2
      vertex 14.519 14.1532 5.2
    endloop
  endfacet
  facet normal -0 0 1
    outer loop
      vertex 13.1569 11.9597 5.2
      vertex 15.0708 11.3791 5.2
      vertex 13.1808 12.0549 5.2
    endloop
  endfacet
  facet normal 0 0 1
    outer loop
      vertex 12.973 12.8844 5.2
      vertex 14.519 14.1532 5.2
      vertex 14.3213 14.3713 5.2
    endloop
  endfacet
  facet normal 0 0 1
    outer loop
      vertex 15.0708 11.3791 5.2
      vertex 13.1569 11.9597 5.2
      vertex 14.9716 11.102 5.2
    endloop
  endfacet
  facet normal 0 0 1
    outer loop
      vertex 12.9071 12.9571 5.2
      vertex 14.3213 14.3713 5.2
      vertex 14.1032 14.569 5.2
    endloop
  endfacet
  facet normal -0 0 1
    outer loop
      vertex 13.1239 11.8673 5.2
      vertex 14.9716 11.102 5.2
      vertex 13.1569 11.9597 5.2
    endloop
  endfacet
  facet normal 0 0 1
    outer loop
      vertex 12.8344 13.023 5.2
      vertex 14.1032 14.569 5.2
      vertex 13.8667 14.7444 5.2
    endloop
  endfacet
  facet normal 0 0 1
    outer loop
      vertex 14.9716 11.102 5.2
      vertex 13.1239 11.8673 5.2
      vertex 14.8458 10.8358 5.2
    endloop
  endfacet
  facet normal 0 0 1
    outer loop
      vertex 12.7556 13.0815 5.2
      vertex 13.8667 14.7444 5.2
      vertex 13.6142 14.8958 5.2
    endloop
  endfacet
  facet normal -0 0 1
    outer loop
      vertex 13.0819 11.7786 5.2
      vertex 14.8458 10.8358 5.2
      vertex 13.1239 11.8673 5.2
    endloop
  endfacet
  facet normal 0 0 1
    outer loop
      vertex 12.6714 13.1319 5.2
      vertex 13.6142 14.8958 5.2
      vertex 13.348 15.0216 5.2
    endloop
  endfacet
  facet normal 0 0 1
    outer loop
      vertex 14.8458 10.8358 5.2
      vertex 13.0819 11.7786 5.2
      vertex 14.6944 10.5833 5.2
    endloop
  endfacet
  facet normal -0 0 1
    outer loop
      vertex 13.0315 11.6944 5.2
      vertex 14.6944 10.5833 5.2
      vertex 13.0819 11.7786 5.2
    endloop
  endfacet
  facet normal 0 0 1
    outer loop
      vertex 15.1856 12.5441 5.2
      vertex 13.1952 12.348 5.2
      vertex 13.2 12.25 5.2
    endloop
  endfacet
  facet normal 0 0 1
    outer loop
      vertex 15.1424 12.8353 5.2
      vertex 13.1808 12.4451 5.2
      vertex 13.1952 12.348 5.2
    endloop
  endfacet
  facet normal 0 0 1
    outer loop
      vertex 15.0708 13.1209 5.2
      vertex 13.1569 12.5403 5.2
      vertex 13.1808 12.4451 5.2
    endloop
  endfacet
  facet normal 0 0 1
    outer loop
      vertex 14.9716 13.398 5.2
      vertex 13.1239 12.6327 5.2
      vertex 13.1569 12.5403 5.2
    endloop
  endfacet
  facet normal 0 0 1
    outer loop
      vertex 14.8458 13.6642 5.2
      vertex 13.0819 12.7214 5.2
      vertex 13.1239 12.6327 5.2
    endloop
  endfacet
  facet normal 0 0 1
    outer loop
      vertex 12.5827 13.1739 5.2
      vertex 13.348 15.0216 5.2
      vertex 13.0709 15.1208 5.2
    endloop
  endfacet
  facet normal 0 0 1
    outer loop
      vertex 14.6944 13.9167 5.2
      vertex 13.0315 12.8056 5.2
      vertex 13.0819 12.7214 5.2
    endloop
  endfacet
  facet normal 0 0 1
    outer loop
      vertex 14.519 14.1532 5.2
      vertex 12.973 12.8844 5.2
      vertex 13.0315 12.8056 5.2
    endloop
  endfacet
  facet normal 0 0 1
    outer loop
      vertex 14.3213 14.3713 5.2
      vertex 12.9071 12.9571 5.2
      vertex 12.973 12.8844 5.2
    endloop
  endfacet
  facet normal 0 0 1
    outer loop
      vertex 14.1032 14.569 5.2
      vertex 12.8344 13.023 5.2
      vertex 12.9071 12.9571 5.2
    endloop
  endfacet
  facet normal 0 0 1
    outer loop
      vertex 12.4903 13.2069 5.2
      vertex 13.0709 15.1208 5.2
      vertex 12.7853 15.1924 5.2
    endloop
  endfacet
  facet normal 0 0 1
    outer loop
      vertex 13.8667 14.7444 5.2
      vertex 12.7556 13.0815 5.2
      vertex 12.8344 13.023 5.2
    endloop
  endfacet
  facet normal 0 0 1
    outer loop
      vertex 13.6142 14.8958 5.2
      vertex 12.6714 13.1319 5.2
      vertex 12.7556 13.0815 5.2
    endloop
  endfacet
  facet normal 0 0 1
    outer loop
      vertex 13.348 15.0216 5.2
      vertex 12.5827 13.1739 5.2
      vertex 12.6714 13.1319 5.2
    endloop
  endfacet
  facet normal 0 0 1
    outer loop
      vertex 12.3951 13.2308 5.2
      vertex 12.7853 15.1924 5.2
      vertex 12.4941 15.2356 5.2
    endloop
  endfacet
  facet normal 0 0 1
    outer loop
      vertex 13.0709 15.1208 5.2
      vertex 12.4903 13.2069 5.2
      vertex 12.5827 13.1739 5.2
    endloop
  endfacet
  facet normal 0 0 1
    outer loop
      vertex 12.7853 15.1924 5.2
      vertex 12.3951 13.2308 5.2
      vertex 12.4903 13.2069 5.2
    endloop
  endfacet
  facet normal 0 0 1
    outer loop
      vertex 12.4941 15.2356 5.2
      vertex 12.298 13.2452 5.2
      vertex 12.3951 13.2308 5.2
    endloop
  endfacet
  facet normal 0 0 1
    outer loop
      vertex 12.2 15.25 5.2
      vertex 12.298 13.2452 5.2
      vertex 12.4941 15.2356 5.2
    endloop
  endfacet
  facet normal 0 0 1
    outer loop
      vertex 12.2 15.25 5.2
      vertex 12.2 13.25 5.2
      vertex 12.298 13.2452 5.2
    endloop
  endfacet
  facet normal 0 0 1
    outer loop
      vertex 12.2 15.25 5.2
      vertex 12.102 13.2452 5.2
      vertex 12.2 13.25 5.2
    endloop
  endfacet
  facet normal -0 0 1
    outer loop
      vertex 11.9059 15.2356 5.2
      vertex 12.102 13.2452 5.2
      vertex 12.2 15.25 5.2
    endloop
  endfacet
  facet normal 0 0 1
    outer loop
      vertex 12.102 13.2452 5.2
      vertex 11.9059 15.2356 5.2
      vertex 12.0049 13.2308 5.2
    endloop
  endfacet
  facet normal -0 0 1
    outer loop
      vertex 11.6147 15.1924 5.2
      vertex 12.0049 13.2308 5.2
      vertex 11.9059 15.2356 5.2
    endloop
  endfacet
  facet normal 0 0 1
    outer loop
      vertex 12.0049 13.2308 5.2
      vertex 11.6147 15.1924 5.2
      vertex 11.9097 13.2069 5.2
    endloop
  endfacet
  facet normal -0 0 1
    outer loop
      vertex 11.3291 15.1208 5.2
      vertex 11.9097 13.2069 5.2
      vertex 11.6147 15.1924 5.2
    endloop
  endfacet
  facet normal 0 0 1
    outer loop
      vertex 11.9097 13.2069 5.2
      vertex 11.3291 15.1208 5.2
      vertex 11.8173 13.1739 5.2
    endloop
  endfacet
  facet normal -0 0 1
    outer loop
      vertex 11.052 15.0216 5.2
      vertex 11.8173 13.1739 5.2
      vertex 11.3291 15.1208 5.2
    endloop
  endfacet
  facet normal 0 0 1
    outer loop
      vertex 11.8173 13.1739 5.2
      vertex 11.052 15.0216 5.2
      vertex 11.7286 13.1319 5.2
    endloop
  endfacet
  facet normal -0 0 1
    outer loop
      vertex 10.7858 14.8958 5.2
      vertex 11.7286 13.1319 5.2
      vertex 11.052 15.0216 5.2
    endloop
  endfacet
  facet normal 0 0 1
    outer loop
      vertex 11.7286 13.1319 5.2
      vertex 10.7858 14.8958 5.2
      vertex 11.6444 13.0815 5.2
    endloop
  endfacet
  facet normal -0 0 1
    outer loop
      vertex 10.5333 14.7444 5.2
      vertex 11.6444 13.0815 5.2
      vertex 10.7858 14.8958 5.2
    endloop
  endfacet
  facet normal 0 0 1
    outer loop
      vertex 11.6444 13.0815 5.2
      vertex 10.5333 14.7444 5.2
      vertex 11.5656 13.023 5.2
    endloop
  endfacet
  facet normal -0 0 1
    outer loop
      vertex 10.2968 14.569 5.2
      vertex 11.5656 13.023 5.2
      vertex 10.5333 14.7444 5.2
    endloop
  endfacet
  facet normal 0 0 1
    outer loop
      vertex 11.5656 13.023 5.2
      vertex 10.2968 14.569 5.2
      vertex 11.4929 12.9571 5.2
    endloop
  endfacet
  facet normal -0 0 1
    outer loop
      vertex 10.0787 14.3713 5.2
      vertex 11.4929 12.9571 5.2
      vertex 10.2968 14.569 5.2
    endloop
  endfacet
  facet normal 0 0 1
    outer loop
      vertex 11.4929 12.9571 5.2
      vertex 10.0787 14.3713 5.2
      vertex 11.427 12.8844 5.2
    endloop
  endfacet
  facet normal -0 0 1
    outer loop
      vertex 9.88097 14.1532 5.2
      vertex 11.427 12.8844 5.2
      vertex 10.0787 14.3713 5.2
    endloop
  endfacet
  facet normal 0 0 1
    outer loop
      vertex 11.427 12.8844 5.2
      vertex 9.88097 14.1532 5.2
      vertex 11.3685 12.8056 5.2
    endloop
  endfacet
  facet normal -0 0 1
    outer loop
      vertex 9.70559 13.9167 5.2
      vertex 11.3685 12.8056 5.2
      vertex 9.88097 14.1532 5.2
    endloop
  endfacet
  facet normal 0 0 1
    outer loop
      vertex 14.6944 10.5833 5.2
      vertex 13.0315 11.6944 5.2
      vertex 14.519 10.3468 5.2
    endloop
  endfacet
  facet normal -0 0 1
    outer loop
      vertex 12.973 11.6156 5.2
      vertex 14.519 10.3468 5.2
      vertex 13.0315 11.6944 5.2
    endloop
  endfacet
  facet normal 0 0 1
    outer loop
      vertex 14.519 10.3468 5.2
      vertex 12.973 11.6156 5.2
      vertex 14.3213 10.1287 5.2
    endloop
  endfacet
  facet normal -0 0 1
    outer loop
      vertex 12.9071 11.5429 5.2
      vertex 14.3213 10.1287 5.2
      vertex 12.973 11.6156 5.2
    endloop
  endfacet
  facet normal 0 0 1
    outer loop
      vertex 14.3213 10.1287 5.2
      vertex 12.9071 11.5429 5.2
      vertex 14.1032 9.93097 5.2
    endloop
  endfacet
  facet normal -0 0 1
    outer loop
      vertex 12.8344 11.477 5.2
      vertex 14.1032 9.93097 5.2
      vertex 12.9071 11.5429 5.2
    endloop
  endfacet
  facet normal 0 0 1
    outer loop
      vertex 14.1032 9.93097 5.2
      vertex 12.8344 11.477 5.2
      vertex 13.8667 9.75559 5.2
    endloop
  endfacet
  facet normal -0 0 1
    outer loop
      vertex 12.7556 11.4185 5.2
      vertex 13.8667 9.75559 5.2
      vertex 12.8344 11.477 5.2
    endloop
  endfacet
  facet normal 0 0 1
    outer loop
      vertex 13.8667 9.75559 5.2
      vertex 12.7556 11.4185 5.2
      vertex 13.6142 9.60424 5.2
    endloop
  endfacet
  facet normal -0 0 1
    outer loop
      vertex 12.6714 11.3681 5.2
      vertex 13.6142 9.60424 5.2
      vertex 12.7556 11.4185 5.2
    endloop
  endfacet
  facet normal 0 0 1
    outer loop
      vertex 13.6142 9.60424 5.2
      vertex 12.6714 11.3681 5.2
      vertex 13.348 9.47836 5.2
    endloop
  endfacet
  facet normal -0 0 1
    outer loop
      vertex 12.5827 11.3261 5.2
      vertex 13.348 9.47836 5.2
      vertex 12.6714 11.3681 5.2
    endloop
  endfacet
  facet normal 0 0 1
    outer loop
      vertex 13.348 9.47836 5.2
      vertex 12.5827 11.3261 5.2
      vertex 13.0709 9.37918 5.2
    endloop
  endfacet
  facet normal -0 0 1
    outer loop
      vertex 12.4903 11.2931 5.2
      vertex 13.0709 9.37918 5.2
      vertex 12.5827 11.3261 5.2
    endloop
  endfacet
  facet normal 0 0 1
    outer loop
      vertex 13.0709 9.37918 5.2
      vertex 12.4903 11.2931 5.2
      vertex 12.7853 9.30764 5.2
    endloop
  endfacet
  facet normal -0 0 1
    outer loop
      vertex 12.3951 11.2692 5.2
      vertex 12.7853 9.30764 5.2
      vertex 12.4903 11.2931 5.2
    endloop
  endfacet
  facet normal 0 0 1
    outer loop
      vertex 12.7853 9.30764 5.2
      vertex 12.3951 11.2692 5.2
      vertex 12.4941 9.26445 5.2
    endloop
  endfacet
  facet normal -0 0 1
    outer loop
      vertex 12.298 11.2548 5.2
      vertex 12.4941 9.26445 5.2
      vertex 12.3951 11.2692 5.2
    endloop
  endfacet
  facet normal -0 0 1
    outer loop
      vertex 12.2 11.25 5.2
      vertex 12.4941 9.26445 5.2
      vertex 12.298 11.2548 5.2
    endloop
  endfacet
  facet normal 0 0 1
    outer loop
      vertex 12.2 11.25 5.2
      vertex 12.2 9.25 5.2
      vertex 12.4941 9.26445 5.2
    endloop
  endfacet
  facet normal 0 0 1
    outer loop
      vertex 12.102 11.2548 5.2
      vertex 12.2 9.25 5.2
      vertex 12.2 11.25 5.2
    endloop
  endfacet
  facet normal 0 0 1
    outer loop
      vertex 11.9059 9.26445 5.2
      vertex 12.102 11.2548 5.2
      vertex 12.0049 11.2692 5.2
    endloop
  endfacet
  facet normal 0 0 1
    outer loop
      vertex 11.6147 9.30764 5.2
      vertex 12.0049 11.2692 5.2
      vertex 11.9097 11.2931 5.2
    endloop
  endfacet
  facet normal 0 0 1
    outer loop
      vertex 12.102 11.2548 5.2
      vertex 11.9059 9.26445 5.2
      vertex 12.2 9.25 5.2
    endloop
  endfacet
  facet normal 0 0 1
    outer loop
      vertex 11.3291 9.37918 5.2
      vertex 11.9097 11.2931 5.2
      vertex 11.8173 11.3261 5.2
    endloop
  endfacet
  facet normal 0 0 1
    outer loop
      vertex 11.052 9.47836 5.2
      vertex 11.8173 11.3261 5.2
      vertex 11.7286 11.3681 5.2
    endloop
  endfacet
  facet normal 0 0 1
    outer loop
      vertex 10.7858 9.60424 5.2
      vertex 11.7286 11.3681 5.2
      vertex 11.6444 11.4185 5.2
    endloop
  endfacet
  facet normal 0 0 1
    outer loop
      vertex 12.0049 11.2692 5.2
      vertex 11.6147 9.30764 5.2
      vertex 11.9059 9.26445 5.2
    endloop
  endfacet
  facet normal 0 0 1
    outer loop
      vertex 10.5333 9.75559 5.2
      vertex 11.6444 11.4185 5.2
      vertex 11.5656 11.477 5.2
    endloop
  endfacet
  facet normal 0 0 1
    outer loop
      vertex 10.2968 9.93097 5.2
      vertex 11.5656 11.477 5.2
      vertex 11.4929 11.5429 5.2
    endloop
  endfacet
  facet normal 0 0 1
    outer loop
      vertex 10.0787 10.1287 5.2
      vertex 11.4929 11.5429 5.2
      vertex 11.427 11.6156 5.2
    endloop
  endfacet
  facet normal 0 0 1
    outer loop
      vertex 9.88097 10.3468 5.2
      vertex 11.427 11.6156 5.2
      vertex 11.3685 11.6944 5.2
    endloop
  endfacet
  facet normal 0 0 1
    outer loop
      vertex 11.9097 11.2931 5.2
      vertex 11.3291 9.37918 5.2
      vertex 11.6147 9.30764 5.2
    endloop
  endfacet
  facet normal 0 0 1
    outer loop
      vertex 9.70559 10.5833 5.2
      vertex 11.3685 11.6944 5.2
      vertex 11.3181 11.7786 5.2
    endloop
  endfacet
  facet normal 0 0 1
    outer loop
      vertex 9.55424 10.8358 5.2
      vertex 11.3181 11.7786 5.2
      vertex 11.2761 11.8673 5.2
    endloop
  endfacet
  facet normal 0 0 1
    outer loop
      vertex 9.42836 11.102 5.2
      vertex 11.2761 11.8673 5.2
      vertex 11.2431 11.9597 5.2
    endloop
  endfacet
  facet normal 0 0 1
    outer loop
      vertex 9.32918 11.3791 5.2
      vertex 11.2431 11.9597 5.2
      vertex 11.2192 12.0549 5.2
    endloop
  endfacet
  facet normal 0 0 1
    outer loop
      vertex 9.25764 11.6647 5.2
      vertex 11.2192 12.0549 5.2
      vertex 11.2048 12.152 5.2
    endloop
  endfacet
  facet normal 0 0 1
    outer loop
      vertex 9.21445 11.9559 5.2
      vertex 11.2048 12.152 5.2
      vertex 11.2 12.25 5.2
    endloop
  endfacet
  facet normal 0 0 1
    outer loop
      vertex 11.3685 12.8056 5.2
      vertex 9.70559 13.9167 5.2
      vertex 11.3181 12.7214 5.2
    endloop
  endfacet
  facet normal 0 0 1
    outer loop
      vertex 11.8173 11.3261 5.2
      vertex 11.052 9.47836 5.2
      vertex 11.3291 9.37918 5.2
    endloop
  endfacet
  facet normal -0 0 1
    outer loop
      vertex 9.55424 13.6642 5.2
      vertex 11.3181 12.7214 5.2
      vertex 9.70559 13.9167 5.2
    endloop
  endfacet
  facet normal 0 0 1
    outer loop
      vertex 11.7286 11.3681 5.2
      vertex 10.7858 9.60424 5.2
      vertex 11.052 9.47836 5.2
    endloop
  endfacet
  facet normal 0 0 1
    outer loop
      vertex 11.3181 12.7214 5.2
      vertex 9.55424 13.6642 5.2
      vertex 11.2761 12.6327 5.2
    endloop
  endfacet
  facet normal 0 0 1
    outer loop
      vertex 11.6444 11.4185 5.2
      vertex 10.5333 9.75559 5.2
      vertex 10.7858 9.60424 5.2
    endloop
  endfacet
  facet normal -0 0 1
    outer loop
      vertex 9.42836 13.398 5.2
      vertex 11.2761 12.6327 5.2
      vertex 9.55424 13.6642 5.2
    endloop
  endfacet
  facet normal 0 0 1
    outer loop
      vertex 11.5656 11.477 5.2
      vertex 10.2968 9.93097 5.2
      vertex 10.5333 9.75559 5.2
    endloop
  endfacet
  facet normal 0 0 1
    outer loop
      vertex 11.2761 12.6327 5.2
      vertex 9.42836 13.398 5.2
      vertex 11.2431 12.5403 5.2
    endloop
  endfacet
  facet normal 0 0 1
    outer loop
      vertex 11.4929 11.5429 5.2
      vertex 10.0787 10.1287 5.2
      vertex 10.2968 9.93097 5.2
    endloop
  endfacet
  facet normal -0 0 1
    outer loop
      vertex 9.32918 13.1209 5.2
      vertex 11.2431 12.5403 5.2
      vertex 9.42836 13.398 5.2
    endloop
  endfacet
  facet normal 0 0 1
    outer loop
      vertex 11.427 11.6156 5.2
      vertex 9.88097 10.3468 5.2
      vertex 10.0787 10.1287 5.2
    endloop
  endfacet
  facet normal 0 0 1
    outer loop
      vertex 11.2431 12.5403 5.2
      vertex 9.32918 13.1209 5.2
      vertex 11.2192 12.4451 5.2
    endloop
  endfacet
  facet normal 0 0 1
    outer loop
      vertex 11.3685 11.6944 5.2
      vertex 9.70559 10.5833 5.2
      vertex 9.88097 10.3468 5.2
    endloop
  endfacet
  facet normal -0 0 1
    outer loop
      vertex 9.25764 12.8353 5.2
      vertex 11.2192 12.4451 5.2
      vertex 9.32918 13.1209 5.2
    endloop
  endfacet
  facet normal 0 0 1
    outer loop
      vertex 11.3181 11.7786 5.2
      vertex 9.55424 10.8358 5.2
      vertex 9.70559 10.5833 5.2
    endloop
  endfacet
  facet normal 0 0 1
    outer loop
      vertex 11.2192 12.4451 5.2
      vertex 9.25764 12.8353 5.2
      vertex 11.2048 12.348 5.2
    endloop
  endfacet
  facet normal 0 0 1
    outer loop
      vertex 11.2761 11.8673 5.2
      vertex 9.42836 11.102 5.2
      vertex 9.55424 10.8358 5.2
    endloop
  endfacet
  facet normal -0 0 1
    outer loop
      vertex 9.21445 12.5441 5.2
      vertex 11.2048 12.348 5.2
      vertex 9.25764 12.8353 5.2
    endloop
  endfacet
  facet normal 0 0 1
    outer loop
      vertex 11.2431 11.9597 5.2
      vertex 9.32918 11.3791 5.2
      vertex 9.42836 11.102 5.2
    endloop
  endfacet
  facet normal 0 0 1
    outer loop
      vertex 11.2048 12.348 5.2
      vertex 9.21445 12.5441 5.2
      vertex 11.2 12.25 5.2
    endloop
  endfacet
  facet normal 0 0 1
    outer loop
      vertex 11.2192 12.0549 5.2
      vertex 9.25764 11.6647 5.2
      vertex 9.32918 11.3791 5.2
    endloop
  endfacet
  facet normal 0 0 1
    outer loop
      vertex 9.2 12.25 5.2
      vertex 11.2 12.25 5.2
      vertex 9.21445 12.5441 5.2
    endloop
  endfacet
  facet normal 0 0 1
    outer loop
      vertex 11.2048 12.152 5.2
      vertex 9.21445 11.9559 5.2
      vertex 9.25764 11.6647 5.2
    endloop
  endfacet
  facet normal 0 0 1
    outer loop
      vertex 11.2 12.25 5.2
      vertex 9.2 12.25 5.2
      vertex 9.21445 11.9559 5.2
    endloop
  endfacet
  facet normal -0.740908 -0.671607 0
    outer loop
      vertex 12.973 12.8844 3.2
      vertex 12.9071 12.9571 5.2
      vertex 12.9071 12.9571 3.2
    endloop
  endfacet
  facet normal -0.740908 -0.671607 0
    outer loop
      vertex 12.9071 12.9571 5.2
      vertex 12.973 12.8844 3.2
      vertex 12.973 12.8844 5.2
    endloop
  endfacet
  facet normal -0.989182 -0.146696 0
    outer loop
      vertex 13.1952 12.348 3.2
      vertex 13.1808 12.4451 5.2
      vertex 13.1808 12.4451 3.2
    endloop
  endfacet
  facet normal -0.989182 -0.146696 0
    outer loop
      vertex 13.1808 12.4451 5.2
      vertex 13.1952 12.348 3.2
      vertex 13.1952 12.348 5.2
    endloop
  endfacet
  facet normal -0.998803 -0.0489209 0
    outer loop
      vertex 13.2 12.25 3.2
      vertex 13.1952 12.348 5.2
      vertex 13.1952 12.348 3.2
    endloop
  endfacet
  facet normal -0.998803 -0.0489209 0
    outer loop
      vertex 13.1952 12.348 5.2
      vertex 13.2 12.25 3.2
      vertex 13.2 12.25 5.2
    endloop
  endfacet
  facet normal -0.969902 -0.243494 0
    outer loop
      vertex 13.1808 12.4451 3.2
      vertex 13.1569 12.5403 5.2
      vertex 13.1569 12.5403 3.2
    endloop
  endfacet
  facet normal -0.969902 -0.243494 0
    outer loop
      vertex 13.1569 12.5403 5.2
      vertex 13.1808 12.4451 3.2
      vertex 13.1808 12.4451 5.2
    endloop
  endfacet
  facet normal -0.336336 0.941742 0
    outer loop
      vertex 12.5827 11.3261 3.2
      vertex 12.4903 11.2931 5.2
      vertex 12.5827 11.3261 5.2
    endloop
  endfacet
  facet normal -0.336336 0.941742 0
    outer loop
      vertex 12.4903 11.2931 5.2
      vertex 12.5827 11.3261 3.2
      vertex 12.4903 11.2931 3.2
    endloop
  endfacet
  facet normal -0.858032 -0.513596 0
    outer loop
      vertex 13.0819 12.7214 3.2
      vertex 13.0315 12.8056 5.2
      vertex 13.0315 12.8056 3.2
    endloop
  endfacet
  facet normal -0.858032 -0.513596 0
    outer loop
      vertex 13.0315 12.8056 5.2
      vertex 13.0819 12.7214 3.2
      vertex 13.0819 12.7214 5.2
    endloop
  endfacet
  facet normal -0.941742 -0.336336 0
    outer loop
      vertex 13.1569 12.5403 3.2
      vertex 13.1239 12.6327 5.2
      vertex 13.1239 12.6327 3.2
    endloop
  endfacet
  facet normal -0.941742 -0.336336 0
    outer loop
      vertex 13.1239 12.6327 5.2
      vertex 13.1569 12.5403 3.2
      vertex 13.1569 12.5403 5.2
    endloop
  endfacet
  facet normal -0.243494 -0.969902 0
    outer loop
      vertex 12.3951 13.2308 3.2
      vertex 12.4903 13.2069 5.2
      vertex 12.3951 13.2308 5.2
    endloop
  endfacet
  facet normal -0.243494 -0.969902 -0
    outer loop
      vertex 12.4903 13.2069 5.2
      vertex 12.3951 13.2308 3.2
      vertex 12.4903 13.2069 3.2
    endloop
  endfacet
  facet normal 0.740908 -0.671607 0
    outer loop
      vertex 11.427 12.8844 5.2
      vertex 11.4929 12.9571 3.2
      vertex 11.4929 12.9571 5.2
    endloop
  endfacet
  facet normal 0.740908 -0.671607 0
    outer loop
      vertex 11.4929 12.9571 3.2
      vertex 11.427 12.8844 5.2
      vertex 11.427 12.8844 3.2
    endloop
  endfacet
  facet normal -0.0489209 0.998803 0
    outer loop
      vertex 12.298 11.2548 3.2
      vertex 12.2 11.25 5.2
      vertex 12.298 11.2548 5.2
    endloop
  endfacet
  facet normal -0.0489209 0.998803 0
    outer loop
      vertex 12.2 11.25 5.2
      vertex 12.298 11.2548 3.2
      vertex 12.2 11.25 3.2
    endloop
  endfacet
  facet normal -0.427955 -0.9038 0
    outer loop
      vertex 12.5827 13.1739 3.2
      vertex 12.6714 13.1319 5.2
      vertex 12.5827 13.1739 5.2
    endloop
  endfacet
  facet normal -0.427955 -0.9038 -0
    outer loop
      vertex 12.6714 13.1319 5.2
      vertex 12.5827 13.1739 3.2
      vertex 12.6714 13.1319 3.2
    endloop
  endfacet
  facet normal -0.671607 -0.740908 0
    outer loop
      vertex 12.8344 13.023 3.2
      vertex 12.9071 12.9571 5.2
      vertex 12.8344 13.023 5.2
    endloop
  endfacet
  facet normal -0.671607 -0.740908 -0
    outer loop
      vertex 12.9071 12.9571 5.2
      vertex 12.8344 13.023 3.2
      vertex 12.9071 12.9571 3.2
    endloop
  endfacet
  facet normal 0.59608 0.802925 -0
    outer loop
      vertex 11.6444 11.4185 3.2
      vertex 11.5656 11.477 5.2
      vertex 11.6444 11.4185 5.2
    endloop
  endfacet
  facet normal 0.59608 0.802925 0
    outer loop
      vertex 11.5656 11.477 5.2
      vertex 11.6444 11.4185 3.2
      vertex 11.5656 11.477 3.2
    endloop
  endfacet
  facet normal -0.243494 0.969902 0
    outer loop
      vertex 12.4903 11.2931 3.2
      vertex 12.3951 11.2692 5.2
      vertex 12.4903 11.2931 5.2
    endloop
  endfacet
  facet normal -0.243494 0.969902 0
    outer loop
      vertex 12.3951 11.2692 5.2
      vertex 12.4903 11.2931 3.2
      vertex 12.3951 11.2692 3.2
    endloop
  endfacet
  facet normal -0.989182 0.146696 0
    outer loop
      vertex 13.1808 12.0549 3.2
      vertex 13.1952 12.152 5.2
      vertex 13.1952 12.152 3.2
    endloop
  endfacet
  facet normal -0.989182 0.146696 0
    outer loop
      vertex 13.1952 12.152 5.2
      vertex 13.1808 12.0549 3.2
      vertex 13.1808 12.0549 5.2
    endloop
  endfacet
  facet normal -0.513596 0.858032 0
    outer loop
      vertex 12.7556 11.4185 3.2
      vertex 12.6714 11.3681 5.2
      vertex 12.7556 11.4185 5.2
    endloop
  endfacet
  facet normal -0.513596 0.858032 0
    outer loop
      vertex 12.6714 11.3681 5.2
      vertex 12.7556 11.4185 3.2
      vertex 12.6714 11.3681 3.2
    endloop
  endfacet
  facet normal 0.243494 0.969902 -0
    outer loop
      vertex 12.0049 11.2692 3.2
      vertex 11.9097 11.2931 5.2
      vertex 12.0049 11.2692 5.2
    endloop
  endfacet
  facet normal 0.243494 0.969902 0
    outer loop
      vertex 11.9097 11.2931 5.2
      vertex 12.0049 11.2692 3.2
      vertex 11.9097 11.2931 3.2
    endloop
  endfacet
  facet normal 0.59608 -0.802925 0
    outer loop
      vertex 11.5656 13.023 3.2
      vertex 11.6444 13.0815 5.2
      vertex 11.5656 13.023 5.2
    endloop
  endfacet
  facet normal 0.59608 -0.802925 0
    outer loop
      vertex 11.6444 13.0815 5.2
      vertex 11.5656 13.023 3.2
      vertex 11.6444 13.0815 3.2
    endloop
  endfacet
  facet normal 0.998803 0.0489209 0
    outer loop
      vertex 11.2048 12.152 5.2
      vertex 11.2 12.25 3.2
      vertex 11.2 12.25 5.2
    endloop
  endfacet
  facet normal 0.998803 0.0489209 0
    outer loop
      vertex 11.2 12.25 3.2
      vertex 11.2048 12.152 5.2
      vertex 11.2048 12.152 3.2
    endloop
  endfacet
  facet normal 0.969902 0.243494 0
    outer loop
      vertex 11.2431 11.9597 5.2
      vertex 11.2192 12.0549 3.2
      vertex 11.2192 12.0549 5.2
    endloop
  endfacet
  facet normal 0.969902 0.243494 0
    outer loop
      vertex 11.2192 12.0549 3.2
      vertex 11.2431 11.9597 5.2
      vertex 11.2431 11.9597 3.2
    endloop
  endfacet
  facet normal -0.969902 0.243494 0
    outer loop
      vertex 13.1569 11.9597 3.2
      vertex 13.1808 12.0549 5.2
      vertex 13.1808 12.0549 3.2
    endloop
  endfacet
  facet normal -0.969902 0.243494 0
    outer loop
      vertex 13.1808 12.0549 5.2
      vertex 13.1569 11.9597 3.2
      vertex 13.1569 11.9597 5.2
    endloop
  endfacet
  facet normal 0.513596 -0.858032 0
    outer loop
      vertex 11.6444 13.0815 3.2
      vertex 11.7286 13.1319 5.2
      vertex 11.6444 13.0815 5.2
    endloop
  endfacet
  facet normal 0.513596 -0.858032 0
    outer loop
      vertex 11.7286 13.1319 5.2
      vertex 11.6444 13.0815 3.2
      vertex 11.7286 13.1319 3.2
    endloop
  endfacet
  facet normal -0.59608 -0.802925 0
    outer loop
      vertex 12.7556 13.0815 3.2
      vertex 12.8344 13.023 5.2
      vertex 12.7556 13.0815 5.2
    endloop
  endfacet
  facet normal -0.59608 -0.802925 -0
    outer loop
      vertex 12.8344 13.023 5.2
      vertex 12.7556 13.0815 3.2
      vertex 12.8344 13.023 3.2
    endloop
  endfacet
  facet normal 0.9038 0.427955 0
    outer loop
      vertex 11.3181 11.7786 5.2
      vertex 11.2761 11.8673 3.2
      vertex 11.2761 11.8673 5.2
    endloop
  endfacet
  facet normal 0.9038 0.427955 0
    outer loop
      vertex 11.2761 11.8673 3.2
      vertex 11.3181 11.7786 5.2
      vertex 11.3181 11.7786 3.2
    endloop
  endfacet
  facet normal -0.941742 0.336336 0
    outer loop
      vertex 13.1239 11.8673 3.2
      vertex 13.1569 11.9597 5.2
      vertex 13.1569 11.9597 3.2
    endloop
  endfacet
  facet normal -0.941742 0.336336 0
    outer loop
      vertex 13.1569 11.9597 5.2
      vertex 13.1239 11.8673 3.2
      vertex 13.1239 11.8673 5.2
    endloop
  endfacet
  facet normal -0.146696 -0.989182 0
    outer loop
      vertex 12.298 13.2452 3.2
      vertex 12.3951 13.2308 5.2
      vertex 12.298 13.2452 5.2
    endloop
  endfacet
  facet normal -0.146696 -0.989182 -0
    outer loop
      vertex 12.3951 13.2308 5.2
      vertex 12.298 13.2452 3.2
      vertex 12.3951 13.2308 3.2
    endloop
  endfacet
  facet normal 0.427955 -0.9038 0
    outer loop
      vertex 11.7286 13.1319 3.2
      vertex 11.8173 13.1739 5.2
      vertex 11.7286 13.1319 5.2
    endloop
  endfacet
  facet normal 0.427955 -0.9038 0
    outer loop
      vertex 11.8173 13.1739 5.2
      vertex 11.7286 13.1319 3.2
      vertex 11.8173 13.1739 3.2
    endloop
  endfacet
  facet normal -0.513596 -0.858032 0
    outer loop
      vertex 12.6714 13.1319 3.2
      vertex 12.7556 13.0815 5.2
      vertex 12.6714 13.1319 5.2
    endloop
  endfacet
  facet normal -0.513596 -0.858032 -0
    outer loop
      vertex 12.7556 13.0815 5.2
      vertex 12.6714 13.1319 3.2
      vertex 12.7556 13.0815 3.2
    endloop
  endfacet
  facet normal -0.427955 0.9038 0
    outer loop
      vertex 12.6714 11.3681 3.2
      vertex 12.5827 11.3261 5.2
      vertex 12.6714 11.3681 5.2
    endloop
  endfacet
  facet normal -0.427955 0.9038 0
    outer loop
      vertex 12.5827 11.3261 5.2
      vertex 12.6714 11.3681 3.2
      vertex 12.5827 11.3261 3.2
    endloop
  endfacet
  facet normal 0.941742 0.336336 0
    outer loop
      vertex 11.2761 11.8673 5.2
      vertex 11.2431 11.9597 3.2
      vertex 11.2431 11.9597 5.2
    endloop
  endfacet
  facet normal 0.941742 0.336336 0
    outer loop
      vertex 11.2431 11.9597 3.2
      vertex 11.2761 11.8673 5.2
      vertex 11.2761 11.8673 3.2
    endloop
  endfacet
  facet normal -0.858032 0.513596 0
    outer loop
      vertex 13.0315 11.6944 3.2
      vertex 13.0819 11.7786 5.2
      vertex 13.0819 11.7786 3.2
    endloop
  endfacet
  facet normal -0.858032 0.513596 0
    outer loop
      vertex 13.0819 11.7786 5.2
      vertex 13.0315 11.6944 3.2
      vertex 13.0315 11.6944 5.2
    endloop
  endfacet
  facet normal -0.9038 0.427955 0
    outer loop
      vertex 13.0819 11.7786 3.2
      vertex 13.1239 11.8673 5.2
      vertex 13.1239 11.8673 3.2
    endloop
  endfacet
  facet normal -0.9038 0.427955 0
    outer loop
      vertex 13.1239 11.8673 5.2
      vertex 13.0819 11.7786 3.2
      vertex 13.0819 11.7786 5.2
    endloop
  endfacet
  facet normal -0.998803 0.0489209 0
    outer loop
      vertex 13.1952 12.152 3.2
      vertex 13.2 12.25 5.2
      vertex 13.2 12.25 3.2
    endloop
  endfacet
  facet normal -0.998803 0.0489209 0
    outer loop
      vertex 13.2 12.25 5.2
      vertex 13.1952 12.152 3.2
      vertex 13.1952 12.152 5.2
    endloop
  endfacet
  facet normal 0.146696 -0.989182 0
    outer loop
      vertex 12.0049 13.2308 3.2
      vertex 12.102 13.2452 5.2
      vertex 12.0049 13.2308 5.2
    endloop
  endfacet
  facet normal 0.146696 -0.989182 0
    outer loop
      vertex 12.102 13.2452 5.2
      vertex 12.0049 13.2308 3.2
      vertex 12.102 13.2452 3.2
    endloop
  endfacet
  facet normal -0.146696 0.989182 0
    outer loop
      vertex 12.3951 11.2692 3.2
      vertex 12.298 11.2548 5.2
      vertex 12.3951 11.2692 5.2
    endloop
  endfacet
  facet normal -0.146696 0.989182 0
    outer loop
      vertex 12.298 11.2548 5.2
      vertex 12.3951 11.2692 3.2
      vertex 12.298 11.2548 3.2
    endloop
  endfacet
  facet normal -0.740908 0.671607 0
    outer loop
      vertex 12.9071 11.5429 3.2
      vertex 12.973 11.6156 5.2
      vertex 12.973 11.6156 3.2
    endloop
  endfacet
  facet normal -0.740908 0.671607 0
    outer loop
      vertex 12.973 11.6156 5.2
      vertex 12.9071 11.5429 3.2
      vertex 12.9071 11.5429 5.2
    endloop
  endfacet
  facet normal -0.802925 0.59608 0
    outer loop
      vertex 12.973 11.6156 3.2
      vertex 13.0315 11.6944 5.2
      vertex 13.0315 11.6944 3.2
    endloop
  endfacet
  facet normal -0.802925 0.59608 0
    outer loop
      vertex 13.0315 11.6944 5.2
      vertex 12.973 11.6156 3.2
      vertex 12.973 11.6156 5.2
    endloop
  endfacet
  facet normal 0.243494 -0.969902 0
    outer loop
      vertex 11.9097 13.2069 3.2
      vertex 12.0049 13.2308 5.2
      vertex 11.9097 13.2069 5.2
    endloop
  endfacet
  facet normal 0.243494 -0.969902 0
    outer loop
      vertex 12.0049 13.2308 5.2
      vertex 11.9097 13.2069 3.2
      vertex 12.0049 13.2308 3.2
    endloop
  endfacet
  facet normal -0.802925 -0.59608 0
    outer loop
      vertex 13.0315 12.8056 3.2
      vertex 12.973 12.8844 5.2
      vertex 12.973 12.8844 3.2
    endloop
  endfacet
  facet normal -0.802925 -0.59608 0
    outer loop
      vertex 12.973 12.8844 5.2
      vertex 13.0315 12.8056 3.2
      vertex 13.0315 12.8056 5.2
    endloop
  endfacet
  facet normal -0.0489209 -0.998803 0
    outer loop
      vertex 12.2 13.25 3.2
      vertex 12.298 13.2452 5.2
      vertex 12.2 13.25 5.2
    endloop
  endfacet
  facet normal -0.0489209 -0.998803 -0
    outer loop
      vertex 12.298 13.2452 5.2
      vertex 12.2 13.25 3.2
      vertex 12.298 13.2452 3.2
    endloop
  endfacet
  facet normal -0.9038 -0.427955 0
    outer loop
      vertex 13.1239 12.6327 3.2
      vertex 13.0819 12.7214 5.2
      vertex 13.0819 12.7214 3.2
    endloop
  endfacet
  facet normal -0.9038 -0.427955 0
    outer loop
      vertex 13.0819 12.7214 5.2
      vertex 13.1239 12.6327 3.2
      vertex 13.1239 12.6327 5.2
    endloop
  endfacet
  facet normal 0.858032 -0.513596 0
    outer loop
      vertex 11.3181 12.7214 5.2
      vertex 11.3685 12.8056 3.2
      vertex 11.3685 12.8056 5.2
    endloop
  endfacet
  facet normal 0.858032 -0.513596 0
    outer loop
      vertex 11.3685 12.8056 3.2
      vertex 11.3181 12.7214 5.2
      vertex 11.3181 12.7214 3.2
    endloop
  endfacet
  facet normal 0.671607 -0.740908 0
    outer loop
      vertex 11.4929 12.9571 3.2
      vertex 11.5656 13.023 5.2
      vertex 11.4929 12.9571 5.2
    endloop
  endfacet
  facet normal 0.671607 -0.740908 0
    outer loop
      vertex 11.5656 13.023 5.2
      vertex 11.4929 12.9571 3.2
      vertex 11.5656 13.023 3.2
    endloop
  endfacet
  facet normal 0.858032 0.513596 0
    outer loop
      vertex 11.3685 11.6944 5.2
      vertex 11.3181 11.7786 3.2
      vertex 11.3181 11.7786 5.2
    endloop
  endfacet
  facet normal 0.858032 0.513596 0
    outer loop
      vertex 11.3181 11.7786 3.2
      vertex 11.3685 11.6944 5.2
      vertex 11.3685 11.6944 3.2
    endloop
  endfacet
  facet normal 0.427955 0.9038 -0
    outer loop
      vertex 11.8173 11.3261 3.2
      vertex 11.7286 11.3681 5.2
      vertex 11.8173 11.3261 5.2
    endloop
  endfacet
  facet normal 0.427955 0.9038 0
    outer loop
      vertex 11.7286 11.3681 5.2
      vertex 11.8173 11.3261 3.2
      vertex 11.7286 11.3681 3.2
    endloop
  endfacet
  facet normal 0.740908 0.671607 0
    outer loop
      vertex 11.4929 11.5429 5.2
      vertex 11.427 11.6156 3.2
      vertex 11.427 11.6156 5.2
    endloop
  endfacet
  facet normal 0.740908 0.671607 0
    outer loop
      vertex 11.427 11.6156 3.2
      vertex 11.4929 11.5429 5.2
      vertex 11.4929 11.5429 3.2
    endloop
  endfacet
  facet normal 0.336336 -0.941742 0
    outer loop
      vertex 11.8173 13.1739 3.2
      vertex 11.9097 13.2069 5.2
      vertex 11.8173 13.1739 5.2
    endloop
  endfacet
  facet normal 0.336336 -0.941742 0
    outer loop
      vertex 11.9097 13.2069 5.2
      vertex 11.8173 13.1739 3.2
      vertex 11.9097 13.2069 3.2
    endloop
  endfacet
  facet normal 0.513596 0.858032 -0
    outer loop
      vertex 11.7286 11.3681 3.2
      vertex 11.6444 11.4185 5.2
      vertex 11.7286 11.3681 5.2
    endloop
  endfacet
  facet normal 0.513596 0.858032 0
    outer loop
      vertex 11.6444 11.4185 5.2
      vertex 11.7286 11.3681 3.2
      vertex 11.6444 11.4185 3.2
    endloop
  endfacet
  facet normal -0.59608 0.802925 0
    outer loop
      vertex 12.8344 11.477 3.2
      vertex 12.7556 11.4185 5.2
      vertex 12.8344 11.477 5.2
    endloop
  endfacet
  facet normal -0.59608 0.802925 0
    outer loop
      vertex 12.7556 11.4185 5.2
      vertex 12.8344 11.477 3.2
      vertex 12.7556 11.4185 3.2
    endloop
  endfacet
  facet normal 0.0489209 -0.998803 0
    outer loop
      vertex 12.102 13.2452 3.2
      vertex 12.2 13.25 5.2
      vertex 12.102 13.2452 5.2
    endloop
  endfacet
  facet normal 0.0489209 -0.998803 0
    outer loop
      vertex 12.2 13.25 5.2
      vertex 12.102 13.2452 3.2
      vertex 12.2 13.25 3.2
    endloop
  endfacet
  facet normal 0.969902 -0.243494 0
    outer loop
      vertex 11.2192 12.4451 5.2
      vertex 11.2431 12.5403 3.2
      vertex 11.2431 12.5403 5.2
    endloop
  endfacet
  facet normal 0.969902 -0.243494 0
    outer loop
      vertex 11.2431 12.5403 3.2
      vertex 11.2192 12.4451 5.2
      vertex 11.2192 12.4451 3.2
    endloop
  endfacet
  facet normal 0.941742 -0.336336 0
    outer loop
      vertex 11.2431 12.5403 5.2
      vertex 11.2761 12.6327 3.2
      vertex 11.2761 12.6327 5.2
    endloop
  endfacet
  facet normal 0.941742 -0.336336 0
    outer loop
      vertex 11.2761 12.6327 3.2
      vertex 11.2431 12.5403 5.2
      vertex 11.2431 12.5403 3.2
    endloop
  endfacet
  facet normal 0.989182 0.146696 0
    outer loop
      vertex 11.2192 12.0549 5.2
      vertex 11.2048 12.152 3.2
      vertex 11.2048 12.152 5.2
    endloop
  endfacet
  facet normal 0.989182 0.146696 0
    outer loop
      vertex 11.2048 12.152 3.2
      vertex 11.2192 12.0549 5.2
      vertex 11.2192 12.0549 3.2
    endloop
  endfacet
  facet normal -0.336336 -0.941742 0
    outer loop
      vertex 12.4903 13.2069 3.2
      vertex 12.5827 13.1739 5.2
      vertex 12.4903 13.2069 5.2
    endloop
  endfacet
  facet normal -0.336336 -0.941742 -0
    outer loop
      vertex 12.5827 13.1739 5.2
      vertex 12.4903 13.2069 3.2
      vertex 12.5827 13.1739 3.2
    endloop
  endfacet
  facet normal 0.802925 0.59608 0
    outer loop
      vertex 11.427 11.6156 5.2
      vertex 11.3685 11.6944 3.2
      vertex 11.3685 11.6944 5.2
    endloop
  endfacet
  facet normal 0.802925 0.59608 0
    outer loop
      vertex 11.3685 11.6944 3.2
      vertex 11.427 11.6156 5.2
      vertex 11.427 11.6156 3.2
    endloop
  endfacet
  facet normal 0.9038 -0.427955 0
    outer loop
      vertex 11.2761 12.6327 5.2
      vertex 11.3181 12.7214 3.2
      vertex 11.3181 12.7214 5.2
    endloop
  endfacet
  facet normal 0.9038 -0.427955 0
    outer loop
      vertex 11.3181 12.7214 3.2
      vertex 11.2761 12.6327 5.2
      vertex 11.2761 12.6327 3.2
    endloop
  endfacet
  facet normal 0 0 1
    outer loop
      vertex 13.1952 12.348 3.2
      vertex 13.1952 12.152 3.2
      vertex 13.2 12.25 3.2
    endloop
  endfacet
  facet normal 0 0 1
    outer loop
      vertex 13.1808 12.4451 3.2
      vertex 13.1952 12.152 3.2
      vertex 13.1952 12.348 3.2
    endloop
  endfacet
  facet normal 0 0 1
    outer loop
      vertex 13.1808 12.4451 3.2
      vertex 13.1808 12.0549 3.2
      vertex 13.1952 12.152 3.2
    endloop
  endfacet
  facet normal 0 0 1
    outer loop
      vertex 13.1569 12.5403 3.2
      vertex 13.1808 12.0549 3.2
      vertex 13.1808 12.4451 3.2
    endloop
  endfacet
  facet normal 0 0 1
    outer loop
      vertex 13.1569 12.5403 3.2
      vertex 13.1569 11.9597 3.2
      vertex 13.1808 12.0549 3.2
    endloop
  endfacet
  facet normal 0 0 1
    outer loop
      vertex 13.1239 12.6327 3.2
      vertex 13.1569 11.9597 3.2
      vertex 13.1569 12.5403 3.2
    endloop
  endfacet
  facet normal 0 0 1
    outer loop
      vertex 13.1239 12.6327 3.2
      vertex 13.1239 11.8673 3.2
      vertex 13.1569 11.9597 3.2
    endloop
  endfacet
  facet normal 0 0 1
    outer loop
      vertex 13.0819 12.7214 3.2
      vertex 13.1239 11.8673 3.2
      vertex 13.1239 12.6327 3.2
    endloop
  endfacet
  facet normal 0 0 1
    outer loop
      vertex 13.0819 12.7214 3.2
      vertex 13.0819 11.7786 3.2
      vertex 13.1239 11.8673 3.2
    endloop
  endfacet
  facet normal 0 0 1
    outer loop
      vertex 13.0315 12.8056 3.2
      vertex 13.0819 11.7786 3.2
      vertex 13.0819 12.7214 3.2
    endloop
  endfacet
  facet normal 0 0 1
    outer loop
      vertex 13.0315 12.8056 3.2
      vertex 13.0315 11.6944 3.2
      vertex 13.0819 11.7786 3.2
    endloop
  endfacet
  facet normal 0 0 1
    outer loop
      vertex 12.973 12.8844 3.2
      vertex 13.0315 11.6944 3.2
      vertex 13.0315 12.8056 3.2
    endloop
  endfacet
  facet normal 0 0 1
    outer loop
      vertex 12.973 12.8844 3.2
      vertex 12.973 11.6156 3.2
      vertex 13.0315 11.6944 3.2
    endloop
  endfacet
  facet normal 0 0 1
    outer loop
      vertex 12.9071 12.9571 3.2
      vertex 12.973 11.6156 3.2
      vertex 12.973 12.8844 3.2
    endloop
  endfacet
  facet normal 0 0 1
    outer loop
      vertex 12.9071 12.9571 3.2
      vertex 12.9071 11.5429 3.2
      vertex 12.973 11.6156 3.2
    endloop
  endfacet
  facet normal 0 0 1
    outer loop
      vertex 12.8344 13.023 3.2
      vertex 12.9071 11.5429 3.2
      vertex 12.9071 12.9571 3.2
    endloop
  endfacet
  facet normal 0 0 1
    outer loop
      vertex 12.8344 13.023 3.2
      vertex 12.8344 11.477 3.2
      vertex 12.9071 11.5429 3.2
    endloop
  endfacet
  facet normal 0 0 1
    outer loop
      vertex 12.7556 13.0815 3.2
      vertex 12.8344 11.477 3.2
      vertex 12.8344 13.023 3.2
    endloop
  endfacet
  facet normal 0 0 1
    outer loop
      vertex 12.7556 13.0815 3.2
      vertex 12.7556 11.4185 3.2
      vertex 12.8344 11.477 3.2
    endloop
  endfacet
  facet normal 0 0 1
    outer loop
      vertex 12.6714 13.1319 3.2
      vertex 12.7556 11.4185 3.2
      vertex 12.7556 13.0815 3.2
    endloop
  endfacet
  facet normal 0 0 1
    outer loop
      vertex 12.6714 13.1319 3.2
      vertex 12.6714 11.3681 3.2
      vertex 12.7556 11.4185 3.2
    endloop
  endfacet
  facet normal 0 0 1
    outer loop
      vertex 12.5827 13.1739 3.2
      vertex 12.6714 11.3681 3.2
      vertex 12.6714 13.1319 3.2
    endloop
  endfacet
  facet normal 0 0 1
    outer loop
      vertex 12.5827 13.1739 3.2
      vertex 12.5827 11.3261 3.2
      vertex 12.6714 11.3681 3.2
    endloop
  endfacet
  facet normal 0 0 1
    outer loop
      vertex 12.4903 13.2069 3.2
      vertex 12.5827 11.3261 3.2
      vertex 12.5827 13.1739 3.2
    endloop
  endfacet
  facet normal 0 0 1
    outer loop
      vertex 12.4903 13.2069 3.2
      vertex 12.4903 11.2931 3.2
      vertex 12.5827 11.3261 3.2
    endloop
  endfacet
  facet normal 0 0 1
    outer loop
      vertex 12.3951 13.2308 3.2
      vertex 12.4903 11.2931 3.2
      vertex 12.4903 13.2069 3.2
    endloop
  endfacet
  facet normal 0 0 1
    outer loop
      vertex 12.3951 13.2308 3.2
      vertex 12.3951 11.2692 3.2
      vertex 12.4903 11.2931 3.2
    endloop
  endfacet
  facet normal 0 0 1
    outer loop
      vertex 12.298 13.2452 3.2
      vertex 12.3951 11.2692 3.2
      vertex 12.3951 13.2308 3.2
    endloop
  endfacet
  facet normal 0 0 1
    outer loop
      vertex 12.298 13.2452 3.2
      vertex 12.298 11.2548 3.2
      vertex 12.3951 11.2692 3.2
    endloop
  endfacet
  facet normal 0 0 1
    outer loop
      vertex 12.2 13.25 3.2
      vertex 12.298 11.2548 3.2
      vertex 12.298 13.2452 3.2
    endloop
  endfacet
  facet normal 0 0 1
    outer loop
      vertex 12.2 13.25 3.2
      vertex 12.2 11.25 3.2
      vertex 12.298 11.2548 3.2
    endloop
  endfacet
  facet normal -0 0 1
    outer loop
      vertex 12.102 13.2452 3.2
      vertex 12.2 11.25 3.2
      vertex 12.2 13.25 3.2
    endloop
  endfacet
  facet normal 0 0 1
    outer loop
      vertex 12.102 13.2452 3.2
      vertex 12.102 11.2548 3.2
      vertex 12.2 11.25 3.2
    endloop
  endfacet
  facet normal -0 0 1
    outer loop
      vertex 12.0049 13.2308 3.2
      vertex 12.102 11.2548 3.2
      vertex 12.102 13.2452 3.2
    endloop
  endfacet
  facet normal 0 0 1
    outer loop
      vertex 12.0049 13.2308 3.2
      vertex 12.0049 11.2692 3.2
      vertex 12.102 11.2548 3.2
    endloop
  endfacet
  facet normal -0 0 1
    outer loop
      vertex 11.9097 13.2069 3.2
      vertex 12.0049 11.2692 3.2
      vertex 12.0049 13.2308 3.2
    endloop
  endfacet
  facet normal 0 0 1
    outer loop
      vertex 11.9097 13.2069 3.2
      vertex 11.9097 11.2931 3.2
      vertex 12.0049 11.2692 3.2
    endloop
  endfacet
  facet normal -0 0 1
    outer loop
      vertex 11.8173 13.1739 3.2
      vertex 11.9097 11.2931 3.2
      vertex 11.9097 13.2069 3.2
    endloop
  endfacet
  facet normal 0 0 1
    outer loop
      vertex 11.8173 13.1739 3.2
      vertex 11.8173 11.3261 3.2
      vertex 11.9097 11.2931 3.2
    endloop
  endfacet
  facet normal -0 0 1
    outer loop
      vertex 11.7286 13.1319 3.2
      vertex 11.8173 11.3261 3.2
      vertex 11.8173 13.1739 3.2
    endloop
  endfacet
  facet normal 0 0 1
    outer loop
      vertex 11.7286 13.1319 3.2
      vertex 11.7286 11.3681 3.2
      vertex 11.8173 11.3261 3.2
    endloop
  endfacet
  facet normal -0 0 1
    outer loop
      vertex 11.6444 13.0815 3.2
      vertex 11.7286 11.3681 3.2
      vertex 11.7286 13.1319 3.2
    endloop
  endfacet
  facet normal 0 0 1
    outer loop
      vertex 11.6444 13.0815 3.2
      vertex 11.6444 11.4185 3.2
      vertex 11.7286 11.3681 3.2
    endloop
  endfacet
  facet normal -0 0 1
    outer loop
      vertex 11.5656 13.023 3.2
      vertex 11.6444 11.4185 3.2
      vertex 11.6444 13.0815 3.2
    endloop
  endfacet
  facet normal 0 0 1
    outer loop
      vertex 11.5656 13.023 3.2
      vertex 11.5656 11.477 3.2
      vertex 11.6444 11.4185 3.2
    endloop
  endfacet
  facet normal -0 0 1
    outer loop
      vertex 11.4929 12.9571 3.2
      vertex 11.5656 11.477 3.2
      vertex 11.5656 13.023 3.2
    endloop
  endfacet
  facet normal 0 0 1
    outer loop
      vertex 11.4929 12.9571 3.2
      vertex 11.4929 11.5429 3.2
      vertex 11.5656 11.477 3.2
    endloop
  endfacet
  facet normal -0 0 1
    outer loop
      vertex 11.427 12.8844 3.2
      vertex 11.4929 11.5429 3.2
      vertex 11.4929 12.9571 3.2
    endloop
  endfacet
  facet normal 0 0 1
    outer loop
      vertex 11.427 12.8844 3.2
      vertex 11.427 11.6156 3.2
      vertex 11.4929 11.5429 3.2
    endloop
  endfacet
  facet normal -0 0 1
    outer loop
      vertex 11.3685 12.8056 3.2
      vertex 11.427 11.6156 3.2
      vertex 11.427 12.8844 3.2
    endloop
  endfacet
  facet normal 0 0 1
    outer loop
      vertex 11.3685 12.8056 3.2
      vertex 11.3685 11.6944 3.2
      vertex 11.427 11.6156 3.2
    endloop
  endfacet
  facet normal -0 0 1
    outer loop
      vertex 11.3181 12.7214 3.2
      vertex 11.3685 11.6944 3.2
      vertex 11.3685 12.8056 3.2
    endloop
  endfacet
  facet normal 0 0 1
    outer loop
      vertex 11.3181 12.7214 3.2
      vertex 11.3181 11.7786 3.2
      vertex 11.3685 11.6944 3.2
    endloop
  endfacet
  facet normal -0 0 1
    outer loop
      vertex 11.2761 12.6327 3.2
      vertex 11.3181 11.7786 3.2
      vertex 11.3181 12.7214 3.2
    endloop
  endfacet
  facet normal 0 0 1
    outer loop
      vertex 11.2761 12.6327 3.2
      vertex 11.2761 11.8673 3.2
      vertex 11.3181 11.7786 3.2
    endloop
  endfacet
  facet normal -0 0 1
    outer loop
      vertex 11.2431 12.5403 3.2
      vertex 11.2761 11.8673 3.2
      vertex 11.2761 12.6327 3.2
    endloop
  endfacet
  facet normal 0 0 1
    outer loop
      vertex 11.2431 12.5403 3.2
      vertex 11.2431 11.9597 3.2
      vertex 11.2761 11.8673 3.2
    endloop
  endfacet
  facet normal -0 0 1
    outer loop
      vertex 11.2192 12.4451 3.2
      vertex 11.2431 11.9597 3.2
      vertex 11.2431 12.5403 3.2
    endloop
  endfacet
  facet normal 0 0 1
    outer loop
      vertex 11.2192 12.4451 3.2
      vertex 11.2192 12.0549 3.2
      vertex 11.2431 11.9597 3.2
    endloop
  endfacet
  facet normal -0 0 1
    outer loop
      vertex 11.2048 12.348 3.2
      vertex 11.2192 12.0549 3.2
      vertex 11.2192 12.4451 3.2
    endloop
  endfacet
  facet normal 0 0 1
    outer loop
      vertex 11.2048 12.348 3.2
      vertex 11.2048 12.152 3.2
      vertex 11.2192 12.0549 3.2
    endloop
  endfacet
  facet normal 0 -0 1
    outer loop
      vertex 11.2048 12.152 3.2
      vertex 11.2048 12.348 3.2
      vertex 11.2 12.25 3.2
    endloop
  endfacet
  facet normal 0.671607 0.740908 -0
    outer loop
      vertex 11.5656 11.477 3.2
      vertex 11.4929 11.5429 5.2
      vertex 11.5656 11.477 5.2
    endloop
  endfacet
  facet normal 0.671607 0.740908 0
    outer loop
      vertex 11.4929 11.5429 5.2
      vertex 11.5656 11.477 3.2
      vertex 11.4929 11.5429 3.2
    endloop
  endfacet
  facet normal 0.802925 -0.59608 0
    outer loop
      vertex 11.3685 12.8056 5.2
      vertex 11.427 12.8844 3.2
      vertex 11.427 12.8844 5.2
    endloop
  endfacet
  facet normal 0.802925 -0.59608 0
    outer loop
      vertex 11.427 12.8844 3.2
      vertex 11.3685 12.8056 5.2
      vertex 11.3685 12.8056 3.2
    endloop
  endfacet
  facet normal 0.0489209 0.998803 -0
    outer loop
      vertex 12.2 11.25 3.2
      vertex 12.102 11.2548 5.2
      vertex 12.2 11.25 5.2
    endloop
  endfacet
  facet normal 0.0489209 0.998803 0
    outer loop
      vertex 12.102 11.2548 5.2
      vertex 12.2 11.25 3.2
      vertex 12.102 11.2548 3.2
    endloop
  endfacet
  facet normal 0.146696 0.989182 -0
    outer loop
      vertex 12.102 11.2548 3.2
      vertex 12.0049 11.2692 5.2
      vertex 12.102 11.2548 5.2
    endloop
  endfacet
  facet normal 0.146696 0.989182 0
    outer loop
      vertex 12.0049 11.2692 5.2
      vertex 12.102 11.2548 3.2
      vertex 12.0049 11.2692 3.2
    endloop
  endfacet
  facet normal 0.989182 -0.146696 0
    outer loop
      vertex 11.2048 12.348 5.2
      vertex 11.2192 12.4451 3.2
      vertex 11.2192 12.4451 5.2
    endloop
  endfacet
  facet normal 0.989182 -0.146696 0
    outer loop
      vertex 11.2192 12.4451 3.2
      vertex 11.2048 12.348 5.2
      vertex 11.2048 12.348 3.2
    endloop
  endfacet
  facet normal 0.998803 -0.0489209 0
    outer loop
      vertex 11.2 12.25 5.2
      vertex 11.2048 12.348 3.2
      vertex 11.2048 12.348 5.2
    endloop
  endfacet
  facet normal 0.998803 -0.0489209 0
    outer loop
      vertex 11.2048 12.348 3.2
      vertex 11.2 12.25 5.2
      vertex 11.2 12.25 3.2
    endloop
  endfacet
  facet normal 0.336336 0.941742 -0
    outer loop
      vertex 11.9097 11.2931 3.2
      vertex 11.8173 11.3261 5.2
      vertex 11.9097 11.2931 5.2
    endloop
  endfacet
  facet normal 0.336336 0.941742 0
    outer loop
      vertex 11.8173 11.3261 5.2
      vertex 11.9097 11.2931 3.2
      vertex 11.8173 11.3261 3.2
    endloop
  endfacet
  facet normal -0.671607 0.740908 0
    outer loop
      vertex 12.9071 11.5429 3.2
      vertex 12.8344 11.477 5.2
      vertex 12.9071 11.5429 5.2
    endloop
  endfacet
  facet normal -0.671607 0.740908 0
    outer loop
      vertex 12.8344 11.477 5.2
      vertex 12.9071 11.5429 3.2
      vertex 12.8344 11.477 3.2
    endloop
  endfacet
  facet normal 0.989174 0.146746 0
    outer loop
      vertex 15.1856 32.5441 5.2
      vertex 15.1424 32.8353 2.2
      vertex 15.1424 32.8353 5.2
    endloop
  endfacet
  facet normal 0.989174 0.146746 0
    outer loop
      vertex 15.1424 32.8353 2.2
      vertex 15.1856 32.5441 5.2
      vertex 15.1856 32.5441 2.2
    endloop
  endfacet
  facet normal 0.998803 0.0489044 0
    outer loop
      vertex 15.2 32.25 5.2
      vertex 15.1856 32.5441 2.2
      vertex 15.1856 32.5441 5.2
    endloop
  endfacet
  facet normal 0.998803 0.0489044 0
    outer loop
      vertex 15.1856 32.5441 2.2
      vertex 15.2 32.25 5.2
      vertex 15.2 32.25 2.2
    endloop
  endfacet
  facet normal 0.969982 0.243175 0
    outer loop
      vertex 15.1424 32.8353 5.2
      vertex 15.0708 33.1209 2.2
      vertex 15.0708 33.1209 5.2
    endloop
  endfacet
  facet normal 0.969982 0.243175 0
    outer loop
      vertex 15.0708 33.1209 2.2
      vertex 15.1424 32.8353 5.2
      vertex 15.1424 32.8353 2.2
    endloop
  endfacet
  facet normal 0.337047 -0.941488 0
    outer loop
      vertex 13.0709 29.3792 2.2
      vertex 13.348 29.4784 5.2
      vertex 13.0709 29.3792 5.2
    endloop
  endfacet
  facet normal 0.337047 -0.941488 0
    outer loop
      vertex 13.348 29.4784 5.2
      vertex 13.0709 29.3792 2.2
      vertex 13.348 29.4784 2.2
    endloop
  endfacet
  facet normal 0.857643 0.514246 0
    outer loop
      vertex 14.8458 33.6642 5.2
      vertex 14.6944 33.9167 2.2
      vertex 14.6944 33.9167 5.2
    endloop
  endfacet
  facet normal 0.857643 0.514246 0
    outer loop
      vertex 14.6944 33.9167 2.2
      vertex 14.8458 33.6642 5.2
      vertex 14.8458 33.6642 2.2
    endloop
  endfacet
  facet normal 0.243175 0.969982 -0
    outer loop
      vertex 13.0709 35.1208 2.2
      vertex 12.7853 35.1924 5.2
      vertex 13.0709 35.1208 5.2
    endloop
  endfacet
  facet normal 0.243175 0.969982 0
    outer loop
      vertex 12.7853 35.1924 5.2
      vertex 13.0709 35.1208 2.2
      vertex 12.7853 35.1924 2.2
    endloop
  endfacet
  facet normal -0.740857 0.671663 0
    outer loop
      vertex 9.88097 34.1532 2.2
      vertex 10.0787 34.3713 5.2
      vertex 10.0787 34.3713 2.2
    endloop
  endfacet
  facet normal -0.740857 0.671663 0
    outer loop
      vertex 10.0787 34.3713 5.2
      vertex 9.88097 34.1532 2.2
      vertex 9.88097 34.1532 5.2
    endloop
  endfacet
  facet normal 0.0489044 -0.998803 0
    outer loop
      vertex 12.2 29.25 2.2
      vertex 12.4941 29.2644 5.2
      vertex 12.2 29.25 5.2
    endloop
  endfacet
  facet normal 0.0489044 -0.998803 0
    outer loop
      vertex 12.4941 29.2644 5.2
      vertex 12.2 29.25 2.2
      vertex 12.4941 29.2644 2.2
    endloop
  endfacet
  facet normal 0.427269 0.904125 -0
    outer loop
      vertex 13.6142 34.8958 2.2
      vertex 13.348 35.0216 5.2
      vertex 13.6142 34.8958 5.2
    endloop
  endfacet
  facet normal 0.427269 0.904125 0
    outer loop
      vertex 13.348 35.0216 5.2
      vertex 13.6142 34.8958 2.2
      vertex 13.348 35.0216 2.2
    endloop
  endfacet
  facet normal 0.671607 0.740908 -0
    outer loop
      vertex 14.3213 34.3713 2.2
      vertex 14.1032 34.569 5.2
      vertex 14.3213 34.3713 5.2
    endloop
  endfacet
  facet normal 0.671607 0.740908 0
    outer loop
      vertex 14.1032 34.569 5.2
      vertex 14.3213 34.3713 2.2
      vertex 14.1032 34.569 2.2
    endloop
  endfacet
  facet normal -0.595699 -0.803208 0
    outer loop
      vertex 10.2968 29.931 2.2
      vertex 10.5333 29.7556 5.2
      vertex 10.2968 29.931 5.2
    endloop
  endfacet
  facet normal -0.595699 -0.803208 -0
    outer loop
      vertex 10.5333 29.7556 5.2
      vertex 10.2968 29.931 2.2
      vertex 10.5333 29.7556 2.2
    endloop
  endfacet
  facet normal 0.0489044 0.998803 -0
    outer loop
      vertex 12.4941 35.2356 2.2
      vertex 12.2 35.25 5.2
      vertex 12.4941 35.2356 5.2
    endloop
  endfacet
  facet normal 0.0489044 0.998803 0
    outer loop
      vertex 12.2 35.25 5.2
      vertex 12.4941 35.2356 2.2
      vertex 12.2 35.25 2.2
    endloop
  endfacet
  facet normal 0.243175 -0.969982 0
    outer loop
      vertex 12.7853 29.3076 2.2
      vertex 13.0709 29.3792 5.2
      vertex 12.7853 29.3076 5.2
    endloop
  endfacet
  facet normal 0.243175 -0.969982 0
    outer loop
      vertex 13.0709 29.3792 5.2
      vertex 12.7853 29.3076 2.2
      vertex 13.0709 29.3792 2.2
    endloop
  endfacet
  facet normal 0.989174 -0.146746 0
    outer loop
      vertex 15.1424 31.6647 5.2
      vertex 15.1856 31.9559 2.2
      vertex 15.1856 31.9559 5.2
    endloop
  endfacet
  facet normal 0.989174 -0.146746 0
    outer loop
      vertex 15.1856 31.9559 2.2
      vertex 15.1424 31.6647 5.2
      vertex 15.1424 31.6647 2.2
    endloop
  endfacet
  facet normal 0.514246 -0.857643 0
    outer loop
      vertex 13.6142 29.6042 2.2
      vertex 13.8667 29.7556 5.2
      vertex 13.6142 29.6042 5.2
    endloop
  endfacet
  facet normal 0.514246 -0.857643 0
    outer loop
      vertex 13.8667 29.7556 5.2
      vertex 13.6142 29.6042 2.2
      vertex 13.8667 29.7556 2.2
    endloop
  endfacet
  facet normal -0.243175 -0.969982 0
    outer loop
      vertex 11.3291 29.3792 2.2
      vertex 11.6147 29.3076 5.2
      vertex 11.3291 29.3792 5.2
    endloop
  endfacet
  facet normal -0.243175 -0.969982 -0
    outer loop
      vertex 11.6147 29.3076 5.2
      vertex 11.3291 29.3792 2.2
      vertex 11.6147 29.3076 2.2
    endloop
  endfacet
  facet normal -0.595699 0.803208 0
    outer loop
      vertex 10.5333 34.7444 2.2
      vertex 10.2968 34.569 5.2
      vertex 10.5333 34.7444 5.2
    endloop
  endfacet
  facet normal -0.595699 0.803208 0
    outer loop
      vertex 10.2968 34.569 5.2
      vertex 10.5333 34.7444 2.2
      vertex 10.2968 34.569 2.2
    endloop
  endfacet
  facet normal -0.998795 -0.0490738 0
    outer loop
      vertex 9.21445 31.9559 2.2
      vertex 9.2 32.25 5.2
      vertex 9.2 32.25 2.2
    endloop
  endfacet
  facet normal -0.998795 -0.0490738 0
    outer loop
      vertex 9.2 32.25 5.2
      vertex 9.21445 31.9559 2.2
      vertex 9.21445 31.9559 5.2
    endloop
  endfacet
  facet normal -0.970031 -0.242983 0
    outer loop
      vertex 9.32918 31.3791 2.2
      vertex 9.25764 31.6647 5.2
      vertex 9.25764 31.6647 2.2
    endloop
  endfacet
  facet normal -0.970031 -0.242983 0
    outer loop
      vertex 9.25764 31.6647 5.2
      vertex 9.32918 31.3791 2.2
      vertex 9.32918 31.3791 5.2
    endloop
  endfacet
  facet normal 0.969982 -0.243175 0
    outer loop
      vertex 15.0708 31.3791 5.2
      vertex 15.1424 31.6647 2.2
      vertex 15.1424 31.6647 5.2
    endloop
  endfacet
  facet normal 0.969982 -0.243175 0
    outer loop
      vertex 15.1424 31.6647 2.2
      vertex 15.0708 31.3791 5.2
      vertex 15.0708 31.3791 2.2
    endloop
  endfacet
  facet normal -0.514246 0.857643 0
    outer loop
      vertex 10.7858 34.8958 2.2
      vertex 10.5333 34.7444 5.2
      vertex 10.7858 34.8958 5.2
    endloop
  endfacet
  facet normal -0.514246 0.857643 0
    outer loop
      vertex 10.5333 34.7444 5.2
      vertex 10.7858 34.8958 2.2
      vertex 10.5333 34.7444 2.2
    endloop
  endfacet
  facet normal 0.595699 0.803208 -0
    outer loop
      vertex 14.1032 34.569 2.2
      vertex 13.8667 34.7444 5.2
      vertex 14.1032 34.569 5.2
    endloop
  endfacet
  facet normal 0.595699 0.803208 0
    outer loop
      vertex 13.8667 34.7444 5.2
      vertex 14.1032 34.569 2.2
      vertex 13.8667 34.7444 2.2
    endloop
  endfacet
  facet normal -0.90402 -0.427491 0
    outer loop
      vertex 9.55424 30.8358 2.2
      vertex 9.42836 31.102 5.2
      vertex 9.42836 31.102 2.2
    endloop
  endfacet
  facet normal -0.90402 -0.427491 0
    outer loop
      vertex 9.42836 31.102 5.2
      vertex 9.55424 30.8358 2.2
      vertex 9.55424 30.8358 5.2
    endloop
  endfacet
  facet normal 0.941488 -0.337047 0
    outer loop
      vertex 14.9716 31.102 5.2
      vertex 15.0708 31.3791 2.2
      vertex 15.0708 31.3791 5.2
    endloop
  endfacet
  facet normal 0.941488 -0.337047 0
    outer loop
      vertex 15.0708 31.3791 2.2
      vertex 14.9716 31.102 5.2
      vertex 14.9716 31.102 2.2
    endloop
  endfacet
  facet normal 0.146746 0.989174 -0
    outer loop
      vertex 12.7853 35.1924 2.2
      vertex 12.4941 35.2356 5.2
      vertex 12.7853 35.1924 5.2
    endloop
  endfacet
  facet normal 0.146746 0.989174 0
    outer loop
      vertex 12.4941 35.2356 5.2
      vertex 12.7853 35.1924 2.2
      vertex 12.4941 35.2356 2.2
    endloop
  endfacet
  facet normal -0.427269 0.904125 0
    outer loop
      vertex 11.052 35.0216 2.2
      vertex 10.7858 34.8958 5.2
      vertex 11.052 35.0216 5.2
    endloop
  endfacet
  facet normal -0.427269 0.904125 0
    outer loop
      vertex 10.7858 34.8958 5.2
      vertex 11.052 35.0216 2.2
      vertex 10.7858 34.8958 2.2
    endloop
  endfacet
  facet normal 0.514246 0.857643 -0
    outer loop
      vertex 13.8667 34.7444 2.2
      vertex 13.6142 34.8958 5.2
      vertex 13.8667 34.7444 5.2
    endloop
  endfacet
  facet normal 0.514246 0.857643 0
    outer loop
      vertex 13.6142 34.8958 5.2
      vertex 13.8667 34.7444 2.2
      vertex 13.6142 34.8958 2.2
    endloop
  endfacet
  facet normal 0.427269 -0.904125 0
    outer loop
      vertex 13.348 29.4784 2.2
      vertex 13.6142 29.6042 5.2
      vertex 13.348 29.4784 5.2
    endloop
  endfacet
  facet normal 0.427269 -0.904125 0
    outer loop
      vertex 13.6142 29.6042 5.2
      vertex 13.348 29.4784 2.2
      vertex 13.6142 29.6042 2.2
    endloop
  endfacet
  facet normal -0.94151 -0.336986 0
    outer loop
      vertex 9.42836 31.102 2.2
      vertex 9.32918 31.3791 5.2
      vertex 9.32918 31.3791 2.2
    endloop
  endfacet
  facet normal -0.94151 -0.336986 0
    outer loop
      vertex 9.32918 31.3791 5.2
      vertex 9.42836 31.102 2.2
      vertex 9.42836 31.102 5.2
    endloop
  endfacet
  facet normal 0.857643 -0.514246 0
    outer loop
      vertex 14.6944 30.5833 5.2
      vertex 14.8458 30.8358 2.2
      vertex 14.8458 30.8358 5.2
    endloop
  endfacet
  facet normal 0.857643 -0.514246 0
    outer loop
      vertex 14.8458 30.8358 2.2
      vertex 14.6944 30.5833 5.2
      vertex 14.6944 30.5833 2.2
    endloop
  endfacet
  facet normal 0.904125 -0.427269 0
    outer loop
      vertex 14.8458 30.8358 5.2
      vertex 14.9716 31.102 2.2
      vertex 14.9716 31.102 5.2
    endloop
  endfacet
  facet normal 0.904125 -0.427269 0
    outer loop
      vertex 14.9716 31.102 2.2
      vertex 14.8458 30.8358 5.2
      vertex 14.8458 30.8358 2.2
    endloop
  endfacet
  facet normal 0.998803 -0.0489044 0
    outer loop
      vertex 15.1856 31.9559 5.2
      vertex 15.2 32.25 2.2
      vertex 15.2 32.25 5.2
    endloop
  endfacet
  facet normal 0.998803 -0.0489044 0
    outer loop
      vertex 15.2 32.25 2.2
      vertex 15.1856 31.9559 5.2
      vertex 15.1856 31.9559 2.2
    endloop
  endfacet
  facet normal -0.146746 0.989174 0
    outer loop
      vertex 11.9059 35.2356 2.2
      vertex 11.6147 35.1924 5.2
      vertex 11.9059 35.2356 5.2
    endloop
  endfacet
  facet normal -0.146746 0.989174 0
    outer loop
      vertex 11.6147 35.1924 5.2
      vertex 11.9059 35.2356 2.2
      vertex 11.6147 35.1924 2.2
    endloop
  endfacet
  facet normal 0.146746 -0.989174 0
    outer loop
      vertex 12.4941 29.2644 2.2
      vertex 12.7853 29.3076 5.2
      vertex 12.4941 29.2644 5.2
    endloop
  endfacet
  facet normal 0.146746 -0.989174 0
    outer loop
      vertex 12.7853 29.3076 5.2
      vertex 12.4941 29.2644 2.2
      vertex 12.7853 29.3076 2.2
    endloop
  endfacet
  facet normal 0.941488 0.337047 0
    outer loop
      vertex 15.0708 33.1209 5.2
      vertex 14.9716 33.398 2.2
      vertex 14.9716 33.398 5.2
    endloop
  endfacet
  facet normal 0.941488 0.337047 0
    outer loop
      vertex 14.9716 33.398 2.2
      vertex 15.0708 33.1209 5.2
      vertex 15.0708 33.1209 2.2
    endloop
  endfacet
  facet normal 0.740908 -0.671607 0
    outer loop
      vertex 14.3213 30.1287 5.2
      vertex 14.519 30.3468 2.2
      vertex 14.519 30.3468 5.2
    endloop
  endfacet
  facet normal 0.740908 -0.671607 0
    outer loop
      vertex 14.519 30.3468 2.2
      vertex 14.3213 30.1287 5.2
      vertex 14.3213 30.1287 2.2
    endloop
  endfacet
  facet normal 0.803208 -0.595699 0
    outer loop
      vertex 14.519 30.3468 5.2
      vertex 14.6944 30.5833 2.2
      vertex 14.6944 30.5833 5.2
    endloop
  endfacet
  facet normal 0.803208 -0.595699 0
    outer loop
      vertex 14.6944 30.5833 2.2
      vertex 14.519 30.3468 5.2
      vertex 14.519 30.3468 2.2
    endloop
  endfacet
  facet normal -0.243175 0.969982 0
    outer loop
      vertex 11.6147 35.1924 2.2
      vertex 11.3291 35.1208 5.2
      vertex 11.6147 35.1924 5.2
    endloop
  endfacet
  facet normal -0.243175 0.969982 0
    outer loop
      vertex 11.3291 35.1208 5.2
      vertex 11.6147 35.1924 2.2
      vertex 11.3291 35.1208 2.2
    endloop
  endfacet
  facet normal 0.803208 0.595699 0
    outer loop
      vertex 14.6944 33.9167 5.2
      vertex 14.519 34.1532 2.2
      vertex 14.519 34.1532 5.2
    endloop
  endfacet
  facet normal 0.803208 0.595699 0
    outer loop
      vertex 14.519 34.1532 2.2
      vertex 14.6944 33.9167 5.2
      vertex 14.6944 33.9167 2.2
    endloop
  endfacet
  facet normal 0.904125 0.427269 0
    outer loop
      vertex 14.9716 33.398 5.2
      vertex 14.8458 33.6642 2.2
      vertex 14.8458 33.6642 5.2
    endloop
  endfacet
  facet normal 0.904125 0.427269 0
    outer loop
      vertex 14.8458 33.6642 2.2
      vertex 14.9716 33.398 5.2
      vertex 14.9716 33.398 2.2
    endloop
  endfacet
  facet normal -0.857718 0.514121 0
    outer loop
      vertex 9.55424 33.6642 2.2
      vertex 9.70559 33.9167 5.2
      vertex 9.70559 33.9167 2.2
    endloop
  endfacet
  facet normal -0.857718 0.514121 0
    outer loop
      vertex 9.70559 33.9167 5.2
      vertex 9.55424 33.6642 2.2
      vertex 9.55424 33.6642 5.2
    endloop
  endfacet
  facet normal -0.671607 0.740908 0
    outer loop
      vertex 10.2968 34.569 2.2
      vertex 10.0787 34.3713 5.2
      vertex 10.2968 34.569 5.2
    endloop
  endfacet
  facet normal -0.671607 0.740908 0
    outer loop
      vertex 10.0787 34.3713 5.2
      vertex 10.2968 34.569 2.2
      vertex 10.0787 34.3713 2.2
    endloop
  endfacet
  facet normal -0.857718 -0.514121 0
    outer loop
      vertex 9.70559 30.5833 2.2
      vertex 9.55424 30.8358 5.2
      vertex 9.55424 30.8358 2.2
    endloop
  endfacet
  facet normal -0.857718 -0.514121 0
    outer loop
      vertex 9.55424 30.8358 5.2
      vertex 9.70559 30.5833 2.2
      vertex 9.70559 30.5833 5.2
    endloop
  endfacet
  facet normal -0.427269 -0.904125 0
    outer loop
      vertex 10.7858 29.6042 2.2
      vertex 11.052 29.4784 5.2
      vertex 10.7858 29.6042 5.2
    endloop
  endfacet
  facet normal -0.427269 -0.904125 -0
    outer loop
      vertex 11.052 29.4784 5.2
      vertex 10.7858 29.6042 2.2
      vertex 11.052 29.4784 2.2
    endloop
  endfacet
  facet normal -0.740857 -0.671663 0
    outer loop
      vertex 10.0787 30.1287 2.2
      vertex 9.88097 30.3468 5.2
      vertex 9.88097 30.3468 2.2
    endloop
  endfacet
  facet normal -0.740857 -0.671663 0
    outer loop
      vertex 9.88097 30.3468 5.2
      vertex 10.0787 30.1287 2.2
      vertex 10.0787 30.1287 5.2
    endloop
  endfacet
  facet normal -0.337047 0.941488 0
    outer loop
      vertex 11.3291 35.1208 2.2
      vertex 11.052 35.0216 5.2
      vertex 11.3291 35.1208 5.2
    endloop
  endfacet
  facet normal -0.337047 0.941488 0
    outer loop
      vertex 11.052 35.0216 5.2
      vertex 11.3291 35.1208 2.2
      vertex 11.052 35.0216 2.2
    endloop
  endfacet
  facet normal -0.514246 -0.857643 0
    outer loop
      vertex 10.5333 29.7556 2.2
      vertex 10.7858 29.6042 5.2
      vertex 10.5333 29.7556 5.2
    endloop
  endfacet
  facet normal -0.514246 -0.857643 -0
    outer loop
      vertex 10.7858 29.6042 5.2
      vertex 10.5333 29.7556 2.2
      vertex 10.7858 29.6042 2.2
    endloop
  endfacet
  facet normal 0.740908 0.671607 0
    outer loop
      vertex 14.519 34.1532 5.2
      vertex 14.3213 34.3713 2.2
      vertex 14.3213 34.3713 5.2
    endloop
  endfacet
  facet normal 0.740908 0.671607 0
    outer loop
      vertex 14.3213 34.3713 2.2
      vertex 14.519 34.1532 5.2
      vertex 14.519 34.1532 2.2
    endloop
  endfacet
  facet normal 0.595699 -0.803208 0
    outer loop
      vertex 13.8667 29.7556 2.2
      vertex 14.1032 29.931 5.2
      vertex 13.8667 29.7556 5.2
    endloop
  endfacet
  facet normal 0.595699 -0.803208 0
    outer loop
      vertex 14.1032 29.931 5.2
      vertex 13.8667 29.7556 2.2
      vertex 14.1032 29.931 2.2
    endloop
  endfacet
  facet normal -0.0489044 0.998803 0
    outer loop
      vertex 12.2 35.25 2.2
      vertex 11.9059 35.2356 5.2
      vertex 12.2 35.25 5.2
    endloop
  endfacet
  facet normal -0.0489044 0.998803 0
    outer loop
      vertex 11.9059 35.2356 5.2
      vertex 12.2 35.25 2.2
      vertex 11.9059 35.2356 2.2
    endloop
  endfacet
  facet normal -0.94151 0.336986 0
    outer loop
      vertex 9.32918 33.1209 2.2
      vertex 9.42836 33.398 5.2
      vertex 9.42836 33.398 2.2
    endloop
  endfacet
  facet normal -0.94151 0.336986 0
    outer loop
      vertex 9.42836 33.398 5.2
      vertex 9.32918 33.1209 2.2
      vertex 9.32918 33.1209 5.2
    endloop
  endfacet
  facet normal 0.337047 0.941488 -0
    outer loop
      vertex 13.348 35.0216 2.2
      vertex 13.0709 35.1208 5.2
      vertex 13.348 35.0216 5.2
    endloop
  endfacet
  facet normal 0.337047 0.941488 0
    outer loop
      vertex 13.0709 35.1208 5.2
      vertex 13.348 35.0216 2.2
      vertex 13.0709 35.1208 2.2
    endloop
  endfacet
  facet normal -0.803241 -0.595655 0
    outer loop
      vertex 9.88097 30.3468 2.2
      vertex 9.70559 30.5833 5.2
      vertex 9.70559 30.5833 2.2
    endloop
  endfacet
  facet normal -0.803241 -0.595655 0
    outer loop
      vertex 9.70559 30.5833 5.2
      vertex 9.88097 30.3468 2.2
      vertex 9.88097 30.3468 5.2
    endloop
  endfacet
  facet normal -0.970031 0.242983 0
    outer loop
      vertex 9.25764 32.8353 2.2
      vertex 9.32918 33.1209 5.2
      vertex 9.32918 33.1209 2.2
    endloop
  endfacet
  facet normal -0.970031 0.242983 0
    outer loop
      vertex 9.32918 33.1209 5.2
      vertex 9.25764 32.8353 2.2
      vertex 9.25764 32.8353 5.2
    endloop
  endfacet
  facet normal -0.989179 -0.146712 0
    outer loop
      vertex 9.25764 31.6647 2.2
      vertex 9.21445 31.9559 5.2
      vertex 9.21445 31.9559 2.2
    endloop
  endfacet
  facet normal -0.989179 -0.146712 0
    outer loop
      vertex 9.21445 31.9559 5.2
      vertex 9.25764 31.6647 2.2
      vertex 9.25764 31.6647 5.2
    endloop
  endfacet
  facet normal -0.90402 0.427491 0
    outer loop
      vertex 9.42836 33.398 2.2
      vertex 9.55424 33.6642 5.2
      vertex 9.55424 33.6642 2.2
    endloop
  endfacet
  facet normal -0.90402 0.427491 0
    outer loop
      vertex 9.55424 33.6642 5.2
      vertex 9.42836 33.398 2.2
      vertex 9.42836 33.398 5.2
    endloop
  endfacet
  facet normal 0 0 -1
    outer loop
      vertex 15.1856 31.9559 2.2
      vertex 15.1856 32.5441 2.2
      vertex 15.2 32.25 2.2
    endloop
  endfacet
  facet normal 0 0 -1
    outer loop
      vertex 15.1424 31.6647 2.2
      vertex 15.1856 32.5441 2.2
      vertex 15.1856 31.9559 2.2
    endloop
  endfacet
  facet normal 0 0 -1
    outer loop
      vertex 15.1424 31.6647 2.2
      vertex 15.1424 32.8353 2.2
      vertex 15.1856 32.5441 2.2
    endloop
  endfacet
  facet normal 0 0 -1
    outer loop
      vertex 15.0708 31.3791 2.2
      vertex 15.1424 32.8353 2.2
      vertex 15.1424 31.6647 2.2
    endloop
  endfacet
  facet normal 0 0 -1
    outer loop
      vertex 15.0708 31.3791 2.2
      vertex 15.0708 33.1209 2.2
      vertex 15.1424 32.8353 2.2
    endloop
  endfacet
  facet normal 0 0 -1
    outer loop
      vertex 14.9716 31.102 2.2
      vertex 15.0708 33.1209 2.2
      vertex 15.0708 31.3791 2.2
    endloop
  endfacet
  facet normal 0 0 -1
    outer loop
      vertex 14.9716 31.102 2.2
      vertex 14.9716 33.398 2.2
      vertex 15.0708 33.1209 2.2
    endloop
  endfacet
  facet normal 0 0 -1
    outer loop
      vertex 14.8458 30.8358 2.2
      vertex 14.9716 33.398 2.2
      vertex 14.9716 31.102 2.2
    endloop
  endfacet
  facet normal 0 0 -1
    outer loop
      vertex 14.8458 30.8358 2.2
      vertex 14.8458 33.6642 2.2
      vertex 14.9716 33.398 2.2
    endloop
  endfacet
  facet normal 0 0 -1
    outer loop
      vertex 14.6944 30.5833 2.2
      vertex 14.8458 33.6642 2.2
      vertex 14.8458 30.8358 2.2
    endloop
  endfacet
  facet normal 0 0 -1
    outer loop
      vertex 14.6944 30.5833 2.2
      vertex 14.6944 33.9167 2.2
      vertex 14.8458 33.6642 2.2
    endloop
  endfacet
  facet normal 0 0 -1
    outer loop
      vertex 14.519 30.3468 2.2
      vertex 14.6944 33.9167 2.2
      vertex 14.6944 30.5833 2.2
    endloop
  endfacet
  facet normal 0 0 -1
    outer loop
      vertex 14.519 30.3468 2.2
      vertex 14.519 34.1532 2.2
      vertex 14.6944 33.9167 2.2
    endloop
  endfacet
  facet normal 0 0 -1
    outer loop
      vertex 14.3213 30.1287 2.2
      vertex 14.519 34.1532 2.2
      vertex 14.519 30.3468 2.2
    endloop
  endfacet
  facet normal 0 0 -1
    outer loop
      vertex 14.3213 30.1287 2.2
      vertex 14.3213 34.3713 2.2
      vertex 14.519 34.1532 2.2
    endloop
  endfacet
  facet normal 0 0 -1
    outer loop
      vertex 14.1032 29.931 2.2
      vertex 14.3213 34.3713 2.2
      vertex 14.3213 30.1287 2.2
    endloop
  endfacet
  facet normal 0 0 -1
    outer loop
      vertex 14.1032 29.931 2.2
      vertex 14.1032 34.569 2.2
      vertex 14.3213 34.3713 2.2
    endloop
  endfacet
  facet normal 0 0 -1
    outer loop
      vertex 13.8667 29.7556 2.2
      vertex 14.1032 34.569 2.2
      vertex 14.1032 29.931 2.2
    endloop
  endfacet
  facet normal 0 0 -1
    outer loop
      vertex 13.8667 29.7556 2.2
      vertex 13.8667 34.7444 2.2
      vertex 14.1032 34.569 2.2
    endloop
  endfacet
  facet normal 0 0 -1
    outer loop
      vertex 13.6142 29.6042 2.2
      vertex 13.8667 34.7444 2.2
      vertex 13.8667 29.7556 2.2
    endloop
  endfacet
  facet normal 0 0 -1
    outer loop
      vertex 13.6142 29.6042 2.2
      vertex 13.6142 34.8958 2.2
      vertex 13.8667 34.7444 2.2
    endloop
  endfacet
  facet normal 0 0 -1
    outer loop
      vertex 13.348 29.4784 2.2
      vertex 13.6142 34.8958 2.2
      vertex 13.6142 29.6042 2.2
    endloop
  endfacet
  facet normal 0 0 -1
    outer loop
      vertex 13.348 29.4784 2.2
      vertex 13.348 35.0216 2.2
      vertex 13.6142 34.8958 2.2
    endloop
  endfacet
  facet normal 0 0 -1
    outer loop
      vertex 13.0709 29.3792 2.2
      vertex 13.348 35.0216 2.2
      vertex 13.348 29.4784 2.2
    endloop
  endfacet
  facet normal 0 0 -1
    outer loop
      vertex 13.0709 29.3792 2.2
      vertex 13.0709 35.1208 2.2
      vertex 13.348 35.0216 2.2
    endloop
  endfacet
  facet normal 0 0 -1
    outer loop
      vertex 12.7853 29.3076 2.2
      vertex 13.0709 35.1208 2.2
      vertex 13.0709 29.3792 2.2
    endloop
  endfacet
  facet normal 0 0 -1
    outer loop
      vertex 12.7853 29.3076 2.2
      vertex 12.7853 35.1924 2.2
      vertex 13.0709 35.1208 2.2
    endloop
  endfacet
  facet normal 0 0 -1
    outer loop
      vertex 12.4941 29.2644 2.2
      vertex 12.7853 35.1924 2.2
      vertex 12.7853 29.3076 2.2
    endloop
  endfacet
  facet normal 0 0 -1
    outer loop
      vertex 12.4941 29.2644 2.2
      vertex 12.4941 35.2356 2.2
      vertex 12.7853 35.1924 2.2
    endloop
  endfacet
  facet normal 0 0 -1
    outer loop
      vertex 12.2 29.25 2.2
      vertex 12.4941 35.2356 2.2
      vertex 12.4941 29.2644 2.2
    endloop
  endfacet
  facet normal 0 0 -1
    outer loop
      vertex 12.2 29.25 2.2
      vertex 12.2 35.25 2.2
      vertex 12.4941 35.2356 2.2
    endloop
  endfacet
  facet normal 0 0 -1
    outer loop
      vertex 11.9059 29.2644 2.2
      vertex 12.2 35.25 2.2
      vertex 12.2 29.25 2.2
    endloop
  endfacet
  facet normal 0 0 -1
    outer loop
      vertex 11.9059 29.2644 2.2
      vertex 11.9059 35.2356 2.2
      vertex 12.2 35.25 2.2
    endloop
  endfacet
  facet normal 0 0 -1
    outer loop
      vertex 11.6147 29.3076 2.2
      vertex 11.9059 35.2356 2.2
      vertex 11.9059 29.2644 2.2
    endloop
  endfacet
  facet normal 0 0 -1
    outer loop
      vertex 11.6147 29.3076 2.2
      vertex 11.6147 35.1924 2.2
      vertex 11.9059 35.2356 2.2
    endloop
  endfacet
  facet normal 0 0 -1
    outer loop
      vertex 11.3291 29.3792 2.2
      vertex 11.6147 35.1924 2.2
      vertex 11.6147 29.3076 2.2
    endloop
  endfacet
  facet normal 0 0 -1
    outer loop
      vertex 11.3291 29.3792 2.2
      vertex 11.3291 35.1208 2.2
      vertex 11.6147 35.1924 2.2
    endloop
  endfacet
  facet normal 0 0 -1
    outer loop
      vertex 11.052 29.4784 2.2
      vertex 11.3291 35.1208 2.2
      vertex 11.3291 29.3792 2.2
    endloop
  endfacet
  facet normal 0 0 -1
    outer loop
      vertex 11.052 29.4784 2.2
      vertex 11.052 35.0216 2.2
      vertex 11.3291 35.1208 2.2
    endloop
  endfacet
  facet normal 0 0 -1
    outer loop
      vertex 10.7858 29.6042 2.2
      vertex 11.052 35.0216 2.2
      vertex 11.052 29.4784 2.2
    endloop
  endfacet
  facet normal 0 0 -1
    outer loop
      vertex 10.7858 29.6042 2.2
      vertex 10.7858 34.8958 2.2
      vertex 11.052 35.0216 2.2
    endloop
  endfacet
  facet normal 0 0 -1
    outer loop
      vertex 10.5333 29.7556 2.2
      vertex 10.7858 34.8958 2.2
      vertex 10.7858 29.6042 2.2
    endloop
  endfacet
  facet normal 0 0 -1
    outer loop
      vertex 10.5333 29.7556 2.2
      vertex 10.5333 34.7444 2.2
      vertex 10.7858 34.8958 2.2
    endloop
  endfacet
  facet normal 0 0 -1
    outer loop
      vertex 10.2968 29.931 2.2
      vertex 10.5333 34.7444 2.2
      vertex 10.5333 29.7556 2.2
    endloop
  endfacet
  facet normal 0 0 -1
    outer loop
      vertex 10.2968 29.931 2.2
      vertex 10.2968 34.569 2.2
      vertex 10.5333 34.7444 2.2
    endloop
  endfacet
  facet normal 0 0 -1
    outer loop
      vertex 10.0787 30.1287 2.2
      vertex 10.2968 34.569 2.2
      vertex 10.2968 29.931 2.2
    endloop
  endfacet
  facet normal 0 0 -1
    outer loop
      vertex 10.0787 30.1287 2.2
      vertex 10.0787 34.3713 2.2
      vertex 10.2968 34.569 2.2
    endloop
  endfacet
  facet normal 0 0 -1
    outer loop
      vertex 9.88097 30.3468 2.2
      vertex 10.0787 34.3713 2.2
      vertex 10.0787 30.1287 2.2
    endloop
  endfacet
  facet normal 0 0 -1
    outer loop
      vertex 9.88097 30.3468 2.2
      vertex 9.88097 34.1532 2.2
      vertex 10.0787 34.3713 2.2
    endloop
  endfacet
  facet normal 0 0 -1
    outer loop
      vertex 9.70559 30.5833 2.2
      vertex 9.88097 34.1532 2.2
      vertex 9.88097 30.3468 2.2
    endloop
  endfacet
  facet normal 0 0 -1
    outer loop
      vertex 9.70559 30.5833 2.2
      vertex 9.70559 33.9167 2.2
      vertex 9.88097 34.1532 2.2
    endloop
  endfacet
  facet normal 0 0 -1
    outer loop
      vertex 9.55424 30.8358 2.2
      vertex 9.70559 33.9167 2.2
      vertex 9.70559 30.5833 2.2
    endloop
  endfacet
  facet normal 0 0 -1
    outer loop
      vertex 9.55424 30.8358 2.2
      vertex 9.55424 33.6642 2.2
      vertex 9.70559 33.9167 2.2
    endloop
  endfacet
  facet normal 0 0 -1
    outer loop
      vertex 9.42836 31.102 2.2
      vertex 9.55424 33.6642 2.2
      vertex 9.55424 30.8358 2.2
    endloop
  endfacet
  facet normal 0 0 -1
    outer loop
      vertex 9.42836 31.102 2.2
      vertex 9.42836 33.398 2.2
      vertex 9.55424 33.6642 2.2
    endloop
  endfacet
  facet normal 0 0 -1
    outer loop
      vertex 9.32918 31.3791 2.2
      vertex 9.42836 33.398 2.2
      vertex 9.42836 31.102 2.2
    endloop
  endfacet
  facet normal 0 0 -1
    outer loop
      vertex 9.32918 31.3791 2.2
      vertex 9.32918 33.1209 2.2
      vertex 9.42836 33.398 2.2
    endloop
  endfacet
  facet normal 0 0 -1
    outer loop
      vertex 9.25764 31.6647 2.2
      vertex 9.32918 33.1209 2.2
      vertex 9.32918 31.3791 2.2
    endloop
  endfacet
  facet normal 0 0 -1
    outer loop
      vertex 9.25764 31.6647 2.2
      vertex 9.25764 32.8353 2.2
      vertex 9.32918 33.1209 2.2
    endloop
  endfacet
  facet normal 0 0 -1
    outer loop
      vertex 9.21445 31.9559 2.2
      vertex 9.25764 32.8353 2.2
      vertex 9.25764 31.6647 2.2
    endloop
  endfacet
  facet normal 0 0 -1
    outer loop
      vertex 9.21445 31.9559 2.2
      vertex 9.21445 32.5441 2.2
      vertex 9.25764 32.8353 2.2
    endloop
  endfacet
  facet normal 0 -0 -1
    outer loop
      vertex 9.21445 32.5441 2.2
      vertex 9.21445 31.9559 2.2
      vertex 9.2 32.25 2.2
    endloop
  endfacet
  facet normal -0.671607 -0.740908 0
    outer loop
      vertex 10.0787 30.1287 2.2
      vertex 10.2968 29.931 5.2
      vertex 10.0787 30.1287 5.2
    endloop
  endfacet
  facet normal -0.671607 -0.740908 -0
    outer loop
      vertex 10.2968 29.931 5.2
      vertex 10.0787 30.1287 2.2
      vertex 10.2968 29.931 2.2
    endloop
  endfacet
  facet normal -0.803241 0.595655 0
    outer loop
      vertex 9.70559 33.9167 2.2
      vertex 9.88097 34.1532 5.2
      vertex 9.88097 34.1532 2.2
    endloop
  endfacet
  facet normal -0.803241 0.595655 0
    outer loop
      vertex 9.88097 34.1532 5.2
      vertex 9.70559 33.9167 2.2
      vertex 9.70559 33.9167 5.2
    endloop
  endfacet
  facet normal -0.0489044 -0.998803 0
    outer loop
      vertex 11.9059 29.2644 2.2
      vertex 12.2 29.25 5.2
      vertex 11.9059 29.2644 5.2
    endloop
  endfacet
  facet normal -0.0489044 -0.998803 -0
    outer loop
      vertex 12.2 29.25 5.2
      vertex 11.9059 29.2644 2.2
      vertex 12.2 29.25 2.2
    endloop
  endfacet
  facet normal -0.146746 -0.989174 0
    outer loop
      vertex 11.6147 29.3076 2.2
      vertex 11.9059 29.2644 5.2
      vertex 11.6147 29.3076 5.2
    endloop
  endfacet
  facet normal -0.146746 -0.989174 -0
    outer loop
      vertex 11.9059 29.2644 5.2
      vertex 11.6147 29.3076 2.2
      vertex 11.9059 29.2644 2.2
    endloop
  endfacet
  facet normal -0.989179 0.146712 0
    outer loop
      vertex 9.21445 32.5441 2.2
      vertex 9.25764 32.8353 5.2
      vertex 9.25764 32.8353 2.2
    endloop
  endfacet
  facet normal -0.989179 0.146712 0
    outer loop
      vertex 9.25764 32.8353 5.2
      vertex 9.21445 32.5441 2.2
      vertex 9.21445 32.5441 5.2
    endloop
  endfacet
  facet normal -0.998795 0.0490738 0
    outer loop
      vertex 9.2 32.25 2.2
      vertex 9.21445 32.5441 5.2
      vertex 9.21445 32.5441 2.2
    endloop
  endfacet
  facet normal -0.998795 0.0490738 0
    outer loop
      vertex 9.21445 32.5441 5.2
      vertex 9.2 32.25 2.2
      vertex 9.2 32.25 5.2
    endloop
  endfacet
  facet normal -0.337047 -0.941488 0
    outer loop
      vertex 11.052 29.4784 2.2
      vertex 11.3291 29.3792 5.2
      vertex 11.052 29.4784 5.2
    endloop
  endfacet
  facet normal -0.337047 -0.941488 -0
    outer loop
      vertex 11.3291 29.3792 5.2
      vertex 11.052 29.4784 2.2
      vertex 11.3291 29.3792 2.2
    endloop
  endfacet
  facet normal 0.671607 -0.740908 0
    outer loop
      vertex 14.1032 29.931 2.2
      vertex 14.3213 30.1287 5.2
      vertex 14.1032 29.931 5.2
    endloop
  endfacet
  facet normal 0.671607 -0.740908 0
    outer loop
      vertex 14.3213 30.1287 5.2
      vertex 14.1032 29.931 2.2
      vertex 14.3213 30.1287 2.2
    endloop
  endfacet
  facet normal 0 0 1
    outer loop
      vertex 13.2 32.25 5.2
      vertex 15.2 32.25 5.2
      vertex 15.1856 32.5441 5.2
    endloop
  endfacet
  facet normal 0 0 1
    outer loop
      vertex 13.1952 32.348 5.2
      vertex 15.1856 32.5441 5.2
      vertex 15.1424 32.8353 5.2
    endloop
  endfacet
  facet normal 0 0 1
    outer loop
      vertex 15.2 32.25 5.2
      vertex 13.2 32.25 5.2
      vertex 15.1856 31.9559 5.2
    endloop
  endfacet
  facet normal 0 0 1
    outer loop
      vertex 13.1808 32.4451 5.2
      vertex 15.1424 32.8353 5.2
      vertex 15.0708 33.1209 5.2
    endloop
  endfacet
  facet normal -0 0 1
    outer loop
      vertex 13.1952 32.152 5.2
      vertex 15.1856 31.9559 5.2
      vertex 13.2 32.25 5.2
    endloop
  endfacet
  facet normal 0 0 1
    outer loop
      vertex 13.1569 32.5403 5.2
      vertex 15.0708 33.1209 5.2
      vertex 14.9716 33.398 5.2
    endloop
  endfacet
  facet normal 0 0 1
    outer loop
      vertex 15.1856 31.9559 5.2
      vertex 13.1952 32.152 5.2
      vertex 15.1424 31.6647 5.2
    endloop
  endfacet
  facet normal 0 0 1
    outer loop
      vertex 13.1239 32.6327 5.2
      vertex 14.9716 33.398 5.2
      vertex 14.8458 33.6642 5.2
    endloop
  endfacet
  facet normal -0 0 1
    outer loop
      vertex 13.1808 32.0549 5.2
      vertex 15.1424 31.6647 5.2
      vertex 13.1952 32.152 5.2
    endloop
  endfacet
  facet normal 0 0 1
    outer loop
      vertex 13.0819 32.7214 5.2
      vertex 14.8458 33.6642 5.2
      vertex 14.6944 33.9167 5.2
    endloop
  endfacet
  facet normal 0 0 1
    outer loop
      vertex 15.1424 31.6647 5.2
      vertex 13.1808 32.0549 5.2
      vertex 15.0708 31.3791 5.2
    endloop
  endfacet
  facet normal 0 0 1
    outer loop
      vertex 13.0315 32.8056 5.2
      vertex 14.6944 33.9167 5.2
      vertex 14.519 34.1532 5.2
    endloop
  endfacet
  facet normal -0 0 1
    outer loop
      vertex 13.1569 31.9597 5.2
      vertex 15.0708 31.3791 5.2
      vertex 13.1808 32.0549 5.2
    endloop
  endfacet
  facet normal 0 0 1
    outer loop
      vertex 12.973 32.8844 5.2
      vertex 14.519 34.1532 5.2
      vertex 14.3213 34.3713 5.2
    endloop
  endfacet
  facet normal 0 0 1
    outer loop
      vertex 15.0708 31.3791 5.2
      vertex 13.1569 31.9597 5.2
      vertex 14.9716 31.102 5.2
    endloop
  endfacet
  facet normal 0 0 1
    outer loop
      vertex 12.9071 32.9571 5.2
      vertex 14.3213 34.3713 5.2
      vertex 14.1032 34.569 5.2
    endloop
  endfacet
  facet normal -0 0 1
    outer loop
      vertex 13.1239 31.8673 5.2
      vertex 14.9716 31.102 5.2
      vertex 13.1569 31.9597 5.2
    endloop
  endfacet
  facet normal 0 0 1
    outer loop
      vertex 12.8344 33.023 5.2
      vertex 14.1032 34.569 5.2
      vertex 13.8667 34.7444 5.2
    endloop
  endfacet
  facet normal 0 0 1
    outer loop
      vertex 14.9716 31.102 5.2
      vertex 13.1239 31.8673 5.2
      vertex 14.8458 30.8358 5.2
    endloop
  endfacet
  facet normal 0 0 1
    outer loop
      vertex 12.7556 33.0815 5.2
      vertex 13.8667 34.7444 5.2
      vertex 13.6142 34.8958 5.2
    endloop
  endfacet
  facet normal -0 0 1
    outer loop
      vertex 13.0819 31.7786 5.2
      vertex 14.8458 30.8358 5.2
      vertex 13.1239 31.8673 5.2
    endloop
  endfacet
  facet normal 0 0 1
    outer loop
      vertex 12.6714 33.1319 5.2
      vertex 13.6142 34.8958 5.2
      vertex 13.348 35.0216 5.2
    endloop
  endfacet
  facet normal 0 0 1
    outer loop
      vertex 14.8458 30.8358 5.2
      vertex 13.0819 31.7786 5.2
      vertex 14.6944 30.5833 5.2
    endloop
  endfacet
  facet normal -0 0 1
    outer loop
      vertex 13.0315 31.6944 5.2
      vertex 14.6944 30.5833 5.2
      vertex 13.0819 31.7786 5.2
    endloop
  endfacet
  facet normal 0 0 1
    outer loop
      vertex 15.1856 32.5441 5.2
      vertex 13.1952 32.348 5.2
      vertex 13.2 32.25 5.2
    endloop
  endfacet
  facet normal 0 0 1
    outer loop
      vertex 15.1424 32.8353 5.2
      vertex 13.1808 32.4451 5.2
      vertex 13.1952 32.348 5.2
    endloop
  endfacet
  facet normal 0 0 1
    outer loop
      vertex 15.0708 33.1209 5.2
      vertex 13.1569 32.5403 5.2
      vertex 13.1808 32.4451 5.2
    endloop
  endfacet
  facet normal 0 0 1
    outer loop
      vertex 14.9716 33.398 5.2
      vertex 13.1239 32.6327 5.2
      vertex 13.1569 32.5403 5.2
    endloop
  endfacet
  facet normal 0 0 1
    outer loop
      vertex 14.8458 33.6642 5.2
      vertex 13.0819 32.7214 5.2
      vertex 13.1239 32.6327 5.2
    endloop
  endfacet
  facet normal 0 0 1
    outer loop
      vertex 12.5827 33.1739 5.2
      vertex 13.348 35.0216 5.2
      vertex 13.0709 35.1208 5.2
    endloop
  endfacet
  facet normal 0 0 1
    outer loop
      vertex 14.6944 33.9167 5.2
      vertex 13.0315 32.8056 5.2
      vertex 13.0819 32.7214 5.2
    endloop
  endfacet
  facet normal 0 0 1
    outer loop
      vertex 14.519 34.1532 5.2
      vertex 12.973 32.8844 5.2
      vertex 13.0315 32.8056 5.2
    endloop
  endfacet
  facet normal 0 0 1
    outer loop
      vertex 14.3213 34.3713 5.2
      vertex 12.9071 32.9571 5.2
      vertex 12.973 32.8844 5.2
    endloop
  endfacet
  facet normal 0 0 1
    outer loop
      vertex 14.1032 34.569 5.2
      vertex 12.8344 33.023 5.2
      vertex 12.9071 32.9571 5.2
    endloop
  endfacet
  facet normal 0 0 1
    outer loop
      vertex 12.4903 33.2069 5.2
      vertex 13.0709 35.1208 5.2
      vertex 12.7853 35.1924 5.2
    endloop
  endfacet
  facet normal 0 0 1
    outer loop
      vertex 13.8667 34.7444 5.2
      vertex 12.7556 33.0815 5.2
      vertex 12.8344 33.023 5.2
    endloop
  endfacet
  facet normal 0 0 1
    outer loop
      vertex 13.6142 34.8958 5.2
      vertex 12.6714 33.1319 5.2
      vertex 12.7556 33.0815 5.2
    endloop
  endfacet
  facet normal 0 0 1
    outer loop
      vertex 13.348 35.0216 5.2
      vertex 12.5827 33.1739 5.2
      vertex 12.6714 33.1319 5.2
    endloop
  endfacet
  facet normal 0 0 1
    outer loop
      vertex 12.3951 33.2308 5.2
      vertex 12.7853 35.1924 5.2
      vertex 12.4941 35.2356 5.2
    endloop
  endfacet
  facet normal 0 0 1
    outer loop
      vertex 13.0709 35.1208 5.2
      vertex 12.4903 33.2069 5.2
      vertex 12.5827 33.1739 5.2
    endloop
  endfacet
  facet normal 0 0 1
    outer loop
      vertex 12.7853 35.1924 5.2
      vertex 12.3951 33.2308 5.2
      vertex 12.4903 33.2069 5.2
    endloop
  endfacet
  facet normal 0 0 1
    outer loop
      vertex 12.4941 35.2356 5.2
      vertex 12.298 33.2452 5.2
      vertex 12.3951 33.2308 5.2
    endloop
  endfacet
  facet normal 0 0 1
    outer loop
      vertex 12.2 35.25 5.2
      vertex 12.298 33.2452 5.2
      vertex 12.4941 35.2356 5.2
    endloop
  endfacet
  facet normal 0 0 1
    outer loop
      vertex 12.2 35.25 5.2
      vertex 12.2 33.25 5.2
      vertex 12.298 33.2452 5.2
    endloop
  endfacet
  facet normal 0 0 1
    outer loop
      vertex 12.2 35.25 5.2
      vertex 12.102 33.2452 5.2
      vertex 12.2 33.25 5.2
    endloop
  endfacet
  facet normal -0 0 1
    outer loop
      vertex 11.9059 35.2356 5.2
      vertex 12.102 33.2452 5.2
      vertex 12.2 35.25 5.2
    endloop
  endfacet
  facet normal 0 0 1
    outer loop
      vertex 12.102 33.2452 5.2
      vertex 11.9059 35.2356 5.2
      vertex 12.0049 33.2308 5.2
    endloop
  endfacet
  facet normal -0 0 1
    outer loop
      vertex 11.6147 35.1924 5.2
      vertex 12.0049 33.2308 5.2
      vertex 11.9059 35.2356 5.2
    endloop
  endfacet
  facet normal 0 0 1
    outer loop
      vertex 12.0049 33.2308 5.2
      vertex 11.6147 35.1924 5.2
      vertex 11.9097 33.2069 5.2
    endloop
  endfacet
  facet normal -0 0 1
    outer loop
      vertex 11.3291 35.1208 5.2
      vertex 11.9097 33.2069 5.2
      vertex 11.6147 35.1924 5.2
    endloop
  endfacet
  facet normal 0 0 1
    outer loop
      vertex 11.9097 33.2069 5.2
      vertex 11.3291 35.1208 5.2
      vertex 11.8173 33.1739 5.2
    endloop
  endfacet
  facet normal -0 0 1
    outer loop
      vertex 11.052 35.0216 5.2
      vertex 11.8173 33.1739 5.2
      vertex 11.3291 35.1208 5.2
    endloop
  endfacet
  facet normal 0 0 1
    outer loop
      vertex 11.8173 33.1739 5.2
      vertex 11.052 35.0216 5.2
      vertex 11.7286 33.1319 5.2
    endloop
  endfacet
  facet normal -0 0 1
    outer loop
      vertex 10.7858 34.8958 5.2
      vertex 11.7286 33.1319 5.2
      vertex 11.052 35.0216 5.2
    endloop
  endfacet
  facet normal 0 0 1
    outer loop
      vertex 11.7286 33.1319 5.2
      vertex 10.7858 34.8958 5.2
      vertex 11.6444 33.0815 5.2
    endloop
  endfacet
  facet normal -0 0 1
    outer loop
      vertex 10.5333 34.7444 5.2
      vertex 11.6444 33.0815 5.2
      vertex 10.7858 34.8958 5.2
    endloop
  endfacet
  facet normal 0 0 1
    outer loop
      vertex 11.6444 33.0815 5.2
      vertex 10.5333 34.7444 5.2
      vertex 11.5656 33.023 5.2
    endloop
  endfacet
  facet normal -0 0 1
    outer loop
      vertex 10.2968 34.569 5.2
      vertex 11.5656 33.023 5.2
      vertex 10.5333 34.7444 5.2
    endloop
  endfacet
  facet normal 0 0 1
    outer loop
      vertex 11.5656 33.023 5.2
      vertex 10.2968 34.569 5.2
      vertex 11.4929 32.9571 5.2
    endloop
  endfacet
  facet normal -0 0 1
    outer loop
      vertex 10.0787 34.3713 5.2
      vertex 11.4929 32.9571 5.2
      vertex 10.2968 34.569 5.2
    endloop
  endfacet
  facet normal 0 0 1
    outer loop
      vertex 11.4929 32.9571 5.2
      vertex 10.0787 34.3713 5.2
      vertex 11.427 32.8844 5.2
    endloop
  endfacet
  facet normal -0 0 1
    outer loop
      vertex 9.88097 34.1532 5.2
      vertex 11.427 32.8844 5.2
      vertex 10.0787 34.3713 5.2
    endloop
  endfacet
  facet normal 0 0 1
    outer loop
      vertex 11.427 32.8844 5.2
      vertex 9.88097 34.1532 5.2
      vertex 11.3685 32.8056 5.2
    endloop
  endfacet
  facet normal -0 0 1
    outer loop
      vertex 9.70559 33.9167 5.2
      vertex 11.3685 32.8056 5.2
      vertex 9.88097 34.1532 5.2
    endloop
  endfacet
  facet normal 0 0 1
    outer loop
      vertex 14.6944 30.5833 5.2
      vertex 13.0315 31.6944 5.2
      vertex 14.519 30.3468 5.2
    endloop
  endfacet
  facet normal -0 0 1
    outer loop
      vertex 12.973 31.6156 5.2
      vertex 14.519 30.3468 5.2
      vertex 13.0315 31.6944 5.2
    endloop
  endfacet
  facet normal 0 0 1
    outer loop
      vertex 14.519 30.3468 5.2
      vertex 12.973 31.6156 5.2
      vertex 14.3213 30.1287 5.2
    endloop
  endfacet
  facet normal -0 0 1
    outer loop
      vertex 12.9071 31.5429 5.2
      vertex 14.3213 30.1287 5.2
      vertex 12.973 31.6156 5.2
    endloop
  endfacet
  facet normal 0 0 1
    outer loop
      vertex 14.3213 30.1287 5.2
      vertex 12.9071 31.5429 5.2
      vertex 14.1032 29.931 5.2
    endloop
  endfacet
  facet normal -0 0 1
    outer loop
      vertex 12.8344 31.477 5.2
      vertex 14.1032 29.931 5.2
      vertex 12.9071 31.5429 5.2
    endloop
  endfacet
  facet normal 0 0 1
    outer loop
      vertex 14.1032 29.931 5.2
      vertex 12.8344 31.477 5.2
      vertex 13.8667 29.7556 5.2
    endloop
  endfacet
  facet normal -0 0 1
    outer loop
      vertex 12.7556 31.4185 5.2
      vertex 13.8667 29.7556 5.2
      vertex 12.8344 31.477 5.2
    endloop
  endfacet
  facet normal 0 0 1
    outer loop
      vertex 13.8667 29.7556 5.2
      vertex 12.7556 31.4185 5.2
      vertex 13.6142 29.6042 5.2
    endloop
  endfacet
  facet normal -0 0 1
    outer loop
      vertex 12.6714 31.3681 5.2
      vertex 13.6142 29.6042 5.2
      vertex 12.7556 31.4185 5.2
    endloop
  endfacet
  facet normal 0 0 1
    outer loop
      vertex 13.6142 29.6042 5.2
      vertex 12.6714 31.3681 5.2
      vertex 13.348 29.4784 5.2
    endloop
  endfacet
  facet normal -0 0 1
    outer loop
      vertex 12.5827 31.3261 5.2
      vertex 13.348 29.4784 5.2
      vertex 12.6714 31.3681 5.2
    endloop
  endfacet
  facet normal 0 0 1
    outer loop
      vertex 13.348 29.4784 5.2
      vertex 12.5827 31.3261 5.2
      vertex 13.0709 29.3792 5.2
    endloop
  endfacet
  facet normal -0 0 1
    outer loop
      vertex 12.4903 31.2931 5.2
      vertex 13.0709 29.3792 5.2
      vertex 12.5827 31.3261 5.2
    endloop
  endfacet
  facet normal 0 0 1
    outer loop
      vertex 13.0709 29.3792 5.2
      vertex 12.4903 31.2931 5.2
      vertex 12.7853 29.3076 5.2
    endloop
  endfacet
  facet normal -0 0 1
    outer loop
      vertex 12.3951 31.2692 5.2
      vertex 12.7853 29.3076 5.2
      vertex 12.4903 31.2931 5.2
    endloop
  endfacet
  facet normal 0 0 1
    outer loop
      vertex 12.7853 29.3076 5.2
      vertex 12.3951 31.2692 5.2
      vertex 12.4941 29.2644 5.2
    endloop
  endfacet
  facet normal -0 0 1
    outer loop
      vertex 12.298 31.2548 5.2
      vertex 12.4941 29.2644 5.2
      vertex 12.3951 31.2692 5.2
    endloop
  endfacet
  facet normal -0 0 1
    outer loop
      vertex 12.2 31.25 5.2
      vertex 12.4941 29.2644 5.2
      vertex 12.298 31.2548 5.2
    endloop
  endfacet
  facet normal 0 0 1
    outer loop
      vertex 12.2 31.25 5.2
      vertex 12.2 29.25 5.2
      vertex 12.4941 29.2644 5.2
    endloop
  endfacet
  facet normal 0 0 1
    outer loop
      vertex 12.102 31.2548 5.2
      vertex 12.2 29.25 5.2
      vertex 12.2 31.25 5.2
    endloop
  endfacet
  facet normal 0 0 1
    outer loop
      vertex 11.9059 29.2644 5.2
      vertex 12.102 31.2548 5.2
      vertex 12.0049 31.2692 5.2
    endloop
  endfacet
  facet normal 0 0 1
    outer loop
      vertex 11.6147 29.3076 5.2
      vertex 12.0049 31.2692 5.2
      vertex 11.9097 31.2931 5.2
    endloop
  endfacet
  facet normal 0 0 1
    outer loop
      vertex 12.102 31.2548 5.2
      vertex 11.9059 29.2644 5.2
      vertex 12.2 29.25 5.2
    endloop
  endfacet
  facet normal 0 0 1
    outer loop
      vertex 11.3291 29.3792 5.2
      vertex 11.9097 31.2931 5.2
      vertex 11.8173 31.3261 5.2
    endloop
  endfacet
  facet normal 0 0 1
    outer loop
      vertex 11.052 29.4784 5.2
      vertex 11.8173 31.3261 5.2
      vertex 11.7286 31.3681 5.2
    endloop
  endfacet
  facet normal 0 0 1
    outer loop
      vertex 10.7858 29.6042 5.2
      vertex 11.7286 31.3681 5.2
      vertex 11.6444 31.4185 5.2
    endloop
  endfacet
  facet normal 0 0 1
    outer loop
      vertex 12.0049 31.2692 5.2
      vertex 11.6147 29.3076 5.2
      vertex 11.9059 29.2644 5.2
    endloop
  endfacet
  facet normal 0 0 1
    outer loop
      vertex 10.5333 29.7556 5.2
      vertex 11.6444 31.4185 5.2
      vertex 11.5656 31.477 5.2
    endloop
  endfacet
  facet normal 0 0 1
    outer loop
      vertex 10.2968 29.931 5.2
      vertex 11.5656 31.477 5.2
      vertex 11.4929 31.5429 5.2
    endloop
  endfacet
  facet normal 0 0 1
    outer loop
      vertex 10.0787 30.1287 5.2
      vertex 11.4929 31.5429 5.2
      vertex 11.427 31.6156 5.2
    endloop
  endfacet
  facet normal 0 0 1
    outer loop
      vertex 9.88097 30.3468 5.2
      vertex 11.427 31.6156 5.2
      vertex 11.3685 31.6944 5.2
    endloop
  endfacet
  facet normal 0 0 1
    outer loop
      vertex 11.9097 31.2931 5.2
      vertex 11.3291 29.3792 5.2
      vertex 11.6147 29.3076 5.2
    endloop
  endfacet
  facet normal 0 0 1
    outer loop
      vertex 9.70559 30.5833 5.2
      vertex 11.3685 31.6944 5.2
      vertex 11.3181 31.7786 5.2
    endloop
  endfacet
  facet normal 0 0 1
    outer loop
      vertex 9.55424 30.8358 5.2
      vertex 11.3181 31.7786 5.2
      vertex 11.2761 31.8673 5.2
    endloop
  endfacet
  facet normal 0 0 1
    outer loop
      vertex 9.42836 31.102 5.2
      vertex 11.2761 31.8673 5.2
      vertex 11.2431 31.9597 5.2
    endloop
  endfacet
  facet normal 0 0 1
    outer loop
      vertex 9.32918 31.3791 5.2
      vertex 11.2431 31.9597 5.2
      vertex 11.2192 32.0549 5.2
    endloop
  endfacet
  facet normal 0 0 1
    outer loop
      vertex 9.25764 31.6647 5.2
      vertex 11.2192 32.0549 5.2
      vertex 11.2048 32.152 5.2
    endloop
  endfacet
  facet normal 0 0 1
    outer loop
      vertex 9.21445 31.9559 5.2
      vertex 11.2048 32.152 5.2
      vertex 11.2 32.25 5.2
    endloop
  endfacet
  facet normal 0 0 1
    outer loop
      vertex 11.3685 32.8056 5.2
      vertex 9.70559 33.9167 5.2
      vertex 11.3181 32.7214 5.2
    endloop
  endfacet
  facet normal 0 0 1
    outer loop
      vertex 11.8173 31.3261 5.2
      vertex 11.052 29.4784 5.2
      vertex 11.3291 29.3792 5.2
    endloop
  endfacet
  facet normal -0 0 1
    outer loop
      vertex 9.55424 33.6642 5.2
      vertex 11.3181 32.7214 5.2
      vertex 9.70559 33.9167 5.2
    endloop
  endfacet
  facet normal 0 0 1
    outer loop
      vertex 11.7286 31.3681 5.2
      vertex 10.7858 29.6042 5.2
      vertex 11.052 29.4784 5.2
    endloop
  endfacet
  facet normal 0 0 1
    outer loop
      vertex 11.3181 32.7214 5.2
      vertex 9.55424 33.6642 5.2
      vertex 11.2761 32.6327 5.2
    endloop
  endfacet
  facet normal 0 0 1
    outer loop
      vertex 11.6444 31.4185 5.2
      vertex 10.5333 29.7556 5.2
      vertex 10.7858 29.6042 5.2
    endloop
  endfacet
  facet normal -0 0 1
    outer loop
      vertex 9.42836 33.398 5.2
      vertex 11.2761 32.6327 5.2
      vertex 9.55424 33.6642 5.2
    endloop
  endfacet
  facet normal 0 0 1
    outer loop
      vertex 11.5656 31.477 5.2
      vertex 10.2968 29.931 5.2
      vertex 10.5333 29.7556 5.2
    endloop
  endfacet
  facet normal 0 0 1
    outer loop
      vertex 11.2761 32.6327 5.2
      vertex 9.42836 33.398 5.2
      vertex 11.2431 32.5403 5.2
    endloop
  endfacet
  facet normal 0 0 1
    outer loop
      vertex 11.4929 31.5429 5.2
      vertex 10.0787 30.1287 5.2
      vertex 10.2968 29.931 5.2
    endloop
  endfacet
  facet normal -0 0 1
    outer loop
      vertex 9.32918 33.1209 5.2
      vertex 11.2431 32.5403 5.2
      vertex 9.42836 33.398 5.2
    endloop
  endfacet
  facet normal 0 0 1
    outer loop
      vertex 11.427 31.6156 5.2
      vertex 9.88097 30.3468 5.2
      vertex 10.0787 30.1287 5.2
    endloop
  endfacet
  facet normal 0 0 1
    outer loop
      vertex 11.2431 32.5403 5.2
      vertex 9.32918 33.1209 5.2
      vertex 11.2192 32.4451 5.2
    endloop
  endfacet
  facet normal 0 0 1
    outer loop
      vertex 11.3685 31.6944 5.2
      vertex 9.70559 30.5833 5.2
      vertex 9.88097 30.3468 5.2
    endloop
  endfacet
  facet normal -0 0 1
    outer loop
      vertex 9.25764 32.8353 5.2
      vertex 11.2192 32.4451 5.2
      vertex 9.32918 33.1209 5.2
    endloop
  endfacet
  facet normal 0 0 1
    outer loop
      vertex 11.3181 31.7786 5.2
      vertex 9.55424 30.8358 5.2
      vertex 9.70559 30.5833 5.2
    endloop
  endfacet
  facet normal 0 0 1
    outer loop
      vertex 11.2192 32.4451 5.2
      vertex 9.25764 32.8353 5.2
      vertex 11.2048 32.348 5.2
    endloop
  endfacet
  facet normal 0 0 1
    outer loop
      vertex 11.2761 31.8673 5.2
      vertex 9.42836 31.102 5.2
      vertex 9.55424 30.8358 5.2
    endloop
  endfacet
  facet normal -0 0 1
    outer loop
      vertex 9.21445 32.5441 5.2
      vertex 11.2048 32.348 5.2
      vertex 9.25764 32.8353 5.2
    endloop
  endfacet
  facet normal 0 0 1
    outer loop
      vertex 11.2431 31.9597 5.2
      vertex 9.32918 31.3791 5.2
      vertex 9.42836 31.102 5.2
    endloop
  endfacet
  facet normal 0 0 1
    outer loop
      vertex 11.2048 32.348 5.2
      vertex 9.21445 32.5441 5.2
      vertex 11.2 32.25 5.2
    endloop
  endfacet
  facet normal 0 0 1
    outer loop
      vertex 11.2192 32.0549 5.2
      vertex 9.25764 31.6647 5.2
      vertex 9.32918 31.3791 5.2
    endloop
  endfacet
  facet normal 0 0 1
    outer loop
      vertex 9.2 32.25 5.2
      vertex 11.2 32.25 5.2
      vertex 9.21445 32.5441 5.2
    endloop
  endfacet
  facet normal 0 0 1
    outer loop
      vertex 11.2048 32.152 5.2
      vertex 9.21445 31.9559 5.2
      vertex 9.25764 31.6647 5.2
    endloop
  endfacet
  facet normal 0 0 1
    outer loop
      vertex 11.2 32.25 5.2
      vertex 9.2 32.25 5.2
      vertex 9.21445 31.9559 5.2
    endloop
  endfacet
  facet normal -0.740908 -0.671607 0
    outer loop
      vertex 12.973 32.8844 3.2
      vertex 12.9071 32.9571 5.2
      vertex 12.9071 32.9571 3.2
    endloop
  endfacet
  facet normal -0.740908 -0.671607 0
    outer loop
      vertex 12.9071 32.9571 5.2
      vertex 12.973 32.8844 3.2
      vertex 12.973 32.8844 5.2
    endloop
  endfacet
  facet normal -0.989182 -0.146696 0
    outer loop
      vertex 13.1952 32.348 3.2
      vertex 13.1808 32.4451 5.2
      vertex 13.1808 32.4451 3.2
    endloop
  endfacet
  facet normal -0.989182 -0.146696 0
    outer loop
      vertex 13.1808 32.4451 5.2
      vertex 13.1952 32.348 3.2
      vertex 13.1952 32.348 5.2
    endloop
  endfacet
  facet normal -0.998803 -0.0489209 0
    outer loop
      vertex 13.2 32.25 3.2
      vertex 13.1952 32.348 5.2
      vertex 13.1952 32.348 3.2
    endloop
  endfacet
  facet normal -0.998803 -0.0489209 0
    outer loop
      vertex 13.1952 32.348 5.2
      vertex 13.2 32.25 3.2
      vertex 13.2 32.25 5.2
    endloop
  endfacet
  facet normal -0.969902 -0.243494 0
    outer loop
      vertex 13.1808 32.4451 3.2
      vertex 13.1569 32.5403 5.2
      vertex 13.1569 32.5403 3.2
    endloop
  endfacet
  facet normal -0.969902 -0.243494 0
    outer loop
      vertex 13.1569 32.5403 5.2
      vertex 13.1808 32.4451 3.2
      vertex 13.1808 32.4451 5.2
    endloop
  endfacet
  facet normal -0.336336 0.941742 0
    outer loop
      vertex 12.5827 31.3261 3.2
      vertex 12.4903 31.2931 5.2
      vertex 12.5827 31.3261 5.2
    endloop
  endfacet
  facet normal -0.336336 0.941742 0
    outer loop
      vertex 12.4903 31.2931 5.2
      vertex 12.5827 31.3261 3.2
      vertex 12.4903 31.2931 3.2
    endloop
  endfacet
  facet normal -0.858032 -0.513596 0
    outer loop
      vertex 13.0819 32.7214 3.2
      vertex 13.0315 32.8056 5.2
      vertex 13.0315 32.8056 3.2
    endloop
  endfacet
  facet normal -0.858032 -0.513596 0
    outer loop
      vertex 13.0315 32.8056 5.2
      vertex 13.0819 32.7214 3.2
      vertex 13.0819 32.7214 5.2
    endloop
  endfacet
  facet normal -0.941742 -0.336336 0
    outer loop
      vertex 13.1569 32.5403 3.2
      vertex 13.1239 32.6327 5.2
      vertex 13.1239 32.6327 3.2
    endloop
  endfacet
  facet normal -0.941742 -0.336336 0
    outer loop
      vertex 13.1239 32.6327 5.2
      vertex 13.1569 32.5403 3.2
      vertex 13.1569 32.5403 5.2
    endloop
  endfacet
  facet normal -0.243494 -0.969902 0
    outer loop
      vertex 12.3951 33.2308 3.2
      vertex 12.4903 33.2069 5.2
      vertex 12.3951 33.2308 5.2
    endloop
  endfacet
  facet normal -0.243494 -0.969902 -0
    outer loop
      vertex 12.4903 33.2069 5.2
      vertex 12.3951 33.2308 3.2
      vertex 12.4903 33.2069 3.2
    endloop
  endfacet
  facet normal 0.740908 -0.671607 0
    outer loop
      vertex 11.427 32.8844 5.2
      vertex 11.4929 32.9571 3.2
      vertex 11.4929 32.9571 5.2
    endloop
  endfacet
  facet normal 0.740908 -0.671607 0
    outer loop
      vertex 11.4929 32.9571 3.2
      vertex 11.427 32.8844 5.2
      vertex 11.427 32.8844 3.2
    endloop
  endfacet
  facet normal -0.0489209 0.998803 0
    outer loop
      vertex 12.298 31.2548 3.2
      vertex 12.2 31.25 5.2
      vertex 12.298 31.2548 5.2
    endloop
  endfacet
  facet normal -0.0489209 0.998803 0
    outer loop
      vertex 12.2 31.25 5.2
      vertex 12.298 31.2548 3.2
      vertex 12.2 31.25 3.2
    endloop
  endfacet
  facet normal -0.427955 -0.9038 0
    outer loop
      vertex 12.5827 33.1739 3.2
      vertex 12.6714 33.1319 5.2
      vertex 12.5827 33.1739 5.2
    endloop
  endfacet
  facet normal -0.427955 -0.9038 -0
    outer loop
      vertex 12.6714 33.1319 5.2
      vertex 12.5827 33.1739 3.2
      vertex 12.6714 33.1319 3.2
    endloop
  endfacet
  facet normal -0.671607 -0.740908 0
    outer loop
      vertex 12.8344 33.023 3.2
      vertex 12.9071 32.9571 5.2
      vertex 12.8344 33.023 5.2
    endloop
  endfacet
  facet normal -0.671607 -0.740908 -0
    outer loop
      vertex 12.9071 32.9571 5.2
      vertex 12.8344 33.023 3.2
      vertex 12.9071 32.9571 3.2
    endloop
  endfacet
  facet normal 0.59608 0.802925 -0
    outer loop
      vertex 11.6444 31.4185 3.2
      vertex 11.5656 31.477 5.2
      vertex 11.6444 31.4185 5.2
    endloop
  endfacet
  facet normal 0.59608 0.802925 0
    outer loop
      vertex 11.5656 31.477 5.2
      vertex 11.6444 31.4185 3.2
      vertex 11.5656 31.477 3.2
    endloop
  endfacet
  facet normal -0.243494 0.969902 0
    outer loop
      vertex 12.4903 31.2931 3.2
      vertex 12.3951 31.2692 5.2
      vertex 12.4903 31.2931 5.2
    endloop
  endfacet
  facet normal -0.243494 0.969902 0
    outer loop
      vertex 12.3951 31.2692 5.2
      vertex 12.4903 31.2931 3.2
      vertex 12.3951 31.2692 3.2
    endloop
  endfacet
  facet normal -0.989182 0.146696 0
    outer loop
      vertex 13.1808 32.0549 3.2
      vertex 13.1952 32.152 5.2
      vertex 13.1952 32.152 3.2
    endloop
  endfacet
  facet normal -0.989182 0.146696 0
    outer loop
      vertex 13.1952 32.152 5.2
      vertex 13.1808 32.0549 3.2
      vertex 13.1808 32.0549 5.2
    endloop
  endfacet
  facet normal -0.513596 0.858032 0
    outer loop
      vertex 12.7556 31.4185 3.2
      vertex 12.6714 31.3681 5.2
      vertex 12.7556 31.4185 5.2
    endloop
  endfacet
  facet normal -0.513596 0.858032 0
    outer loop
      vertex 12.6714 31.3681 5.2
      vertex 12.7556 31.4185 3.2
      vertex 12.6714 31.3681 3.2
    endloop
  endfacet
  facet normal 0.243494 0.969902 -0
    outer loop
      vertex 12.0049 31.2692 3.2
      vertex 11.9097 31.2931 5.2
      vertex 12.0049 31.2692 5.2
    endloop
  endfacet
  facet normal 0.243494 0.969902 0
    outer loop
      vertex 11.9097 31.2931 5.2
      vertex 12.0049 31.2692 3.2
      vertex 11.9097 31.2931 3.2
    endloop
  endfacet
  facet normal 0.59608 -0.802925 0
    outer loop
      vertex 11.5656 33.023 3.2
      vertex 11.6444 33.0815 5.2
      vertex 11.5656 33.023 5.2
    endloop
  endfacet
  facet normal 0.59608 -0.802925 0
    outer loop
      vertex 11.6444 33.0815 5.2
      vertex 11.5656 33.023 3.2
      vertex 11.6444 33.0815 3.2
    endloop
  endfacet
  facet normal 0.998803 0.0489209 0
    outer loop
      vertex 11.2048 32.152 5.2
      vertex 11.2 32.25 3.2
      vertex 11.2 32.25 5.2
    endloop
  endfacet
  facet normal 0.998803 0.0489209 0
    outer loop
      vertex 11.2 32.25 3.2
      vertex 11.2048 32.152 5.2
      vertex 11.2048 32.152 3.2
    endloop
  endfacet
  facet normal 0.969902 0.243494 0
    outer loop
      vertex 11.2431 31.9597 5.2
      vertex 11.2192 32.0549 3.2
      vertex 11.2192 32.0549 5.2
    endloop
  endfacet
  facet normal 0.969902 0.243494 0
    outer loop
      vertex 11.2192 32.0549 3.2
      vertex 11.2431 31.9597 5.2
      vertex 11.2431 31.9597 3.2
    endloop
  endfacet
  facet normal -0.969902 0.243494 0
    outer loop
      vertex 13.1569 31.9597 3.2
      vertex 13.1808 32.0549 5.2
      vertex 13.1808 32.0549 3.2
    endloop
  endfacet
  facet normal -0.969902 0.243494 0
    outer loop
      vertex 13.1808 32.0549 5.2
      vertex 13.1569 31.9597 3.2
      vertex 13.1569 31.9597 5.2
    endloop
  endfacet
  facet normal 0.513596 -0.858032 0
    outer loop
      vertex 11.6444 33.0815 3.2
      vertex 11.7286 33.1319 5.2
      vertex 11.6444 33.0815 5.2
    endloop
  endfacet
  facet normal 0.513596 -0.858032 0
    outer loop
      vertex 11.7286 33.1319 5.2
      vertex 11.6444 33.0815 3.2
      vertex 11.7286 33.1319 3.2
    endloop
  endfacet
  facet normal -0.59608 -0.802925 0
    outer loop
      vertex 12.7556 33.0815 3.2
      vertex 12.8344 33.023 5.2
      vertex 12.7556 33.0815 5.2
    endloop
  endfacet
  facet normal -0.59608 -0.802925 -0
    outer loop
      vertex 12.8344 33.023 5.2
      vertex 12.7556 33.0815 3.2
      vertex 12.8344 33.023 3.2
    endloop
  endfacet
  facet normal 0.9038 0.427955 0
    outer loop
      vertex 11.3181 31.7786 5.2
      vertex 11.2761 31.8673 3.2
      vertex 11.2761 31.8673 5.2
    endloop
  endfacet
  facet normal 0.9038 0.427955 0
    outer loop
      vertex 11.2761 31.8673 3.2
      vertex 11.3181 31.7786 5.2
      vertex 11.3181 31.7786 3.2
    endloop
  endfacet
  facet normal -0.941742 0.336336 0
    outer loop
      vertex 13.1239 31.8673 3.2
      vertex 13.1569 31.9597 5.2
      vertex 13.1569 31.9597 3.2
    endloop
  endfacet
  facet normal -0.941742 0.336336 0
    outer loop
      vertex 13.1569 31.9597 5.2
      vertex 13.1239 31.8673 3.2
      vertex 13.1239 31.8673 5.2
    endloop
  endfacet
  facet normal -0.146696 -0.989182 0
    outer loop
      vertex 12.298 33.2452 3.2
      vertex 12.3951 33.2308 5.2
      vertex 12.298 33.2452 5.2
    endloop
  endfacet
  facet normal -0.146696 -0.989182 -0
    outer loop
      vertex 12.3951 33.2308 5.2
      vertex 12.298 33.2452 3.2
      vertex 12.3951 33.2308 3.2
    endloop
  endfacet
  facet normal 0.427955 -0.9038 0
    outer loop
      vertex 11.7286 33.1319 3.2
      vertex 11.8173 33.1739 5.2
      vertex 11.7286 33.1319 5.2
    endloop
  endfacet
  facet normal 0.427955 -0.9038 0
    outer loop
      vertex 11.8173 33.1739 5.2
      vertex 11.7286 33.1319 3.2
      vertex 11.8173 33.1739 3.2
    endloop
  endfacet
  facet normal -0.513596 -0.858032 0
    outer loop
      vertex 12.6714 33.1319 3.2
      vertex 12.7556 33.0815 5.2
      vertex 12.6714 33.1319 5.2
    endloop
  endfacet
  facet normal -0.513596 -0.858032 -0
    outer loop
      vertex 12.7556 33.0815 5.2
      vertex 12.6714 33.1319 3.2
      vertex 12.7556 33.0815 3.2
    endloop
  endfacet
  facet normal -0.427955 0.9038 0
    outer loop
      vertex 12.6714 31.3681 3.2
      vertex 12.5827 31.3261 5.2
      vertex 12.6714 31.3681 5.2
    endloop
  endfacet
  facet normal -0.427955 0.9038 0
    outer loop
      vertex 12.5827 31.3261 5.2
      vertex 12.6714 31.3681 3.2
      vertex 12.5827 31.3261 3.2
    endloop
  endfacet
  facet normal 0.941742 0.336336 0
    outer loop
      vertex 11.2761 31.8673 5.2
      vertex 11.2431 31.9597 3.2
      vertex 11.2431 31.9597 5.2
    endloop
  endfacet
  facet normal 0.941742 0.336336 0
    outer loop
      vertex 11.2431 31.9597 3.2
      vertex 11.2761 31.8673 5.2
      vertex 11.2761 31.8673 3.2
    endloop
  endfacet
  facet normal -0.858032 0.513596 0
    outer loop
      vertex 13.0315 31.6944 3.2
      vertex 13.0819 31.7786 5.2
      vertex 13.0819 31.7786 3.2
    endloop
  endfacet
  facet normal -0.858032 0.513596 0
    outer loop
      vertex 13.0819 31.7786 5.2
      vertex 13.0315 31.6944 3.2
      vertex 13.0315 31.6944 5.2
    endloop
  endfacet
  facet normal -0.9038 0.427955 0
    outer loop
      vertex 13.0819 31.7786 3.2
      vertex 13.1239 31.8673 5.2
      vertex 13.1239 31.8673 3.2
    endloop
  endfacet
  facet normal -0.9038 0.427955 0
    outer loop
      vertex 13.1239 31.8673 5.2
      vertex 13.0819 31.7786 3.2
      vertex 13.0819 31.7786 5.2
    endloop
  endfacet
  facet normal -0.998803 0.0489209 0
    outer loop
      vertex 13.1952 32.152 3.2
      vertex 13.2 32.25 5.2
      vertex 13.2 32.25 3.2
    endloop
  endfacet
  facet normal -0.998803 0.0489209 0
    outer loop
      vertex 13.2 32.25 5.2
      vertex 13.1952 32.152 3.2
      vertex 13.1952 32.152 5.2
    endloop
  endfacet
  facet normal 0.146696 -0.989182 0
    outer loop
      vertex 12.0049 33.2308 3.2
      vertex 12.102 33.2452 5.2
      vertex 12.0049 33.2308 5.2
    endloop
  endfacet
  facet normal 0.146696 -0.989182 0
    outer loop
      vertex 12.102 33.2452 5.2
      vertex 12.0049 33.2308 3.2
      vertex 12.102 33.2452 3.2
    endloop
  endfacet
  facet normal -0.146696 0.989182 0
    outer loop
      vertex 12.3951 31.2692 3.2
      vertex 12.298 31.2548 5.2
      vertex 12.3951 31.2692 5.2
    endloop
  endfacet
  facet normal -0.146696 0.989182 0
    outer loop
      vertex 12.298 31.2548 5.2
      vertex 12.3951 31.2692 3.2
      vertex 12.298 31.2548 3.2
    endloop
  endfacet
  facet normal -0.740908 0.671607 0
    outer loop
      vertex 12.9071 31.5429 3.2
      vertex 12.973 31.6156 5.2
      vertex 12.973 31.6156 3.2
    endloop
  endfacet
  facet normal -0.740908 0.671607 0
    outer loop
      vertex 12.973 31.6156 5.2
      vertex 12.9071 31.5429 3.2
      vertex 12.9071 31.5429 5.2
    endloop
  endfacet
  facet normal -0.802925 0.59608 0
    outer loop
      vertex 12.973 31.6156 3.2
      vertex 13.0315 31.6944 5.2
      vertex 13.0315 31.6944 3.2
    endloop
  endfacet
  facet normal -0.802925 0.59608 0
    outer loop
      vertex 13.0315 31.6944 5.2
      vertex 12.973 31.6156 3.2
      vertex 12.973 31.6156 5.2
    endloop
  endfacet
  facet normal 0.243494 -0.969902 0
    outer loop
      vertex 11.9097 33.2069 3.2
      vertex 12.0049 33.2308 5.2
      vertex 11.9097 33.2069 5.2
    endloop
  endfacet
  facet normal 0.243494 -0.969902 0
    outer loop
      vertex 12.0049 33.2308 5.2
      vertex 11.9097 33.2069 3.2
      vertex 12.0049 33.2308 3.2
    endloop
  endfacet
  facet normal -0.802925 -0.59608 0
    outer loop
      vertex 13.0315 32.8056 3.2
      vertex 12.973 32.8844 5.2
      vertex 12.973 32.8844 3.2
    endloop
  endfacet
  facet normal -0.802925 -0.59608 0
    outer loop
      vertex 12.973 32.8844 5.2
      vertex 13.0315 32.8056 3.2
      vertex 13.0315 32.8056 5.2
    endloop
  endfacet
  facet normal -0.0489209 -0.998803 0
    outer loop
      vertex 12.2 33.25 3.2
      vertex 12.298 33.2452 5.2
      vertex 12.2 33.25 5.2
    endloop
  endfacet
  facet normal -0.0489209 -0.998803 -0
    outer loop
      vertex 12.298 33.2452 5.2
      vertex 12.2 33.25 3.2
      vertex 12.298 33.2452 3.2
    endloop
  endfacet
  facet normal -0.9038 -0.427955 0
    outer loop
      vertex 13.1239 32.6327 3.2
      vertex 13.0819 32.7214 5.2
      vertex 13.0819 32.7214 3.2
    endloop
  endfacet
  facet normal -0.9038 -0.427955 0
    outer loop
      vertex 13.0819 32.7214 5.2
      vertex 13.1239 32.6327 3.2
      vertex 13.1239 32.6327 5.2
    endloop
  endfacet
  facet normal 0.858032 -0.513596 0
    outer loop
      vertex 11.3181 32.7214 5.2
      vertex 11.3685 32.8056 3.2
      vertex 11.3685 32.8056 5.2
    endloop
  endfacet
  facet normal 0.858032 -0.513596 0
    outer loop
      vertex 11.3685 32.8056 3.2
      vertex 11.3181 32.7214 5.2
      vertex 11.3181 32.7214 3.2
    endloop
  endfacet
  facet normal 0.671607 -0.740908 0
    outer loop
      vertex 11.4929 32.9571 3.2
      vertex 11.5656 33.023 5.2
      vertex 11.4929 32.9571 5.2
    endloop
  endfacet
  facet normal 0.671607 -0.740908 0
    outer loop
      vertex 11.5656 33.023 5.2
      vertex 11.4929 32.9571 3.2
      vertex 11.5656 33.023 3.2
    endloop
  endfacet
  facet normal 0.858032 0.513596 0
    outer loop
      vertex 11.3685 31.6944 5.2
      vertex 11.3181 31.7786 3.2
      vertex 11.3181 31.7786 5.2
    endloop
  endfacet
  facet normal 0.858032 0.513596 0
    outer loop
      vertex 11.3181 31.7786 3.2
      vertex 11.3685 31.6944 5.2
      vertex 11.3685 31.6944 3.2
    endloop
  endfacet
  facet normal 0.427955 0.9038 -0
    outer loop
      vertex 11.8173 31.3261 3.2
      vertex 11.7286 31.3681 5.2
      vertex 11.8173 31.3261 5.2
    endloop
  endfacet
  facet normal 0.427955 0.9038 0
    outer loop
      vertex 11.7286 31.3681 5.2
      vertex 11.8173 31.3261 3.2
      vertex 11.7286 31.3681 3.2
    endloop
  endfacet
  facet normal 0.740908 0.671607 0
    outer loop
      vertex 11.4929 31.5429 5.2
      vertex 11.427 31.6156 3.2
      vertex 11.427 31.6156 5.2
    endloop
  endfacet
  facet normal 0.740908 0.671607 0
    outer loop
      vertex 11.427 31.6156 3.2
      vertex 11.4929 31.5429 5.2
      vertex 11.4929 31.5429 3.2
    endloop
  endfacet
  facet normal 0.336336 -0.941742 0
    outer loop
      vertex 11.8173 33.1739 3.2
      vertex 11.9097 33.2069 5.2
      vertex 11.8173 33.1739 5.2
    endloop
  endfacet
  facet normal 0.336336 -0.941742 0
    outer loop
      vertex 11.9097 33.2069 5.2
      vertex 11.8173 33.1739 3.2
      vertex 11.9097 33.2069 3.2
    endloop
  endfacet
  facet normal 0.513596 0.858032 -0
    outer loop
      vertex 11.7286 31.3681 3.2
      vertex 11.6444 31.4185 5.2
      vertex 11.7286 31.3681 5.2
    endloop
  endfacet
  facet normal 0.513596 0.858032 0
    outer loop
      vertex 11.6444 31.4185 5.2
      vertex 11.7286 31.3681 3.2
      vertex 11.6444 31.4185 3.2
    endloop
  endfacet
  facet normal -0.59608 0.802925 0
    outer loop
      vertex 12.8344 31.477 3.2
      vertex 12.7556 31.4185 5.2
      vertex 12.8344 31.477 5.2
    endloop
  endfacet
  facet normal -0.59608 0.802925 0
    outer loop
      vertex 12.7556 31.4185 5.2
      vertex 12.8344 31.477 3.2
      vertex 12.7556 31.4185 3.2
    endloop
  endfacet
  facet normal 0.0489209 -0.998803 0
    outer loop
      vertex 12.102 33.2452 3.2
      vertex 12.2 33.25 5.2
      vertex 12.102 33.2452 5.2
    endloop
  endfacet
  facet normal 0.0489209 -0.998803 0
    outer loop
      vertex 12.2 33.25 5.2
      vertex 12.102 33.2452 3.2
      vertex 12.2 33.25 3.2
    endloop
  endfacet
  facet normal 0.969902 -0.243494 0
    outer loop
      vertex 11.2192 32.4451 5.2
      vertex 11.2431 32.5403 3.2
      vertex 11.2431 32.5403 5.2
    endloop
  endfacet
  facet normal 0.969902 -0.243494 0
    outer loop
      vertex 11.2431 32.5403 3.2
      vertex 11.2192 32.4451 5.2
      vertex 11.2192 32.4451 3.2
    endloop
  endfacet
  facet normal 0.941742 -0.336336 0
    outer loop
      vertex 11.2431 32.5403 5.2
      vertex 11.2761 32.6327 3.2
      vertex 11.2761 32.6327 5.2
    endloop
  endfacet
  facet normal 0.941742 -0.336336 0
    outer loop
      vertex 11.2761 32.6327 3.2
      vertex 11.2431 32.5403 5.2
      vertex 11.2431 32.5403 3.2
    endloop
  endfacet
  facet normal 0.989182 0.146696 0
    outer loop
      vertex 11.2192 32.0549 5.2
      vertex 11.2048 32.152 3.2
      vertex 11.2048 32.152 5.2
    endloop
  endfacet
  facet normal 0.989182 0.146696 0
    outer loop
      vertex 11.2048 32.152 3.2
      vertex 11.2192 32.0549 5.2
      vertex 11.2192 32.0549 3.2
    endloop
  endfacet
  facet normal -0.336336 -0.941742 0
    outer loop
      vertex 12.4903 33.2069 3.2
      vertex 12.5827 33.1739 5.2
      vertex 12.4903 33.2069 5.2
    endloop
  endfacet
  facet normal -0.336336 -0.941742 -0
    outer loop
      vertex 12.5827 33.1739 5.2
      vertex 12.4903 33.2069 3.2
      vertex 12.5827 33.1739 3.2
    endloop
  endfacet
  facet normal 0.802925 0.59608 0
    outer loop
      vertex 11.427 31.6156 5.2
      vertex 11.3685 31.6944 3.2
      vertex 11.3685 31.6944 5.2
    endloop
  endfacet
  facet normal 0.802925 0.59608 0
    outer loop
      vertex 11.3685 31.6944 3.2
      vertex 11.427 31.6156 5.2
      vertex 11.427 31.6156 3.2
    endloop
  endfacet
  facet normal 0.9038 -0.427955 0
    outer loop
      vertex 11.2761 32.6327 5.2
      vertex 11.3181 32.7214 3.2
      vertex 11.3181 32.7214 5.2
    endloop
  endfacet
  facet normal 0.9038 -0.427955 0
    outer loop
      vertex 11.3181 32.7214 3.2
      vertex 11.2761 32.6327 5.2
      vertex 11.2761 32.6327 3.2
    endloop
  endfacet
  facet normal 0 0 1
    outer loop
      vertex 13.1952 32.348 3.2
      vertex 13.1952 32.152 3.2
      vertex 13.2 32.25 3.2
    endloop
  endfacet
  facet normal 0 0 1
    outer loop
      vertex 13.1808 32.4451 3.2
      vertex 13.1952 32.152 3.2
      vertex 13.1952 32.348 3.2
    endloop
  endfacet
  facet normal 0 0 1
    outer loop
      vertex 13.1808 32.4451 3.2
      vertex 13.1808 32.0549 3.2
      vertex 13.1952 32.152 3.2
    endloop
  endfacet
  facet normal 0 0 1
    outer loop
      vertex 13.1569 32.5403 3.2
      vertex 13.1808 32.0549 3.2
      vertex 13.1808 32.4451 3.2
    endloop
  endfacet
  facet normal 0 0 1
    outer loop
      vertex 13.1569 32.5403 3.2
      vertex 13.1569 31.9597 3.2
      vertex 13.1808 32.0549 3.2
    endloop
  endfacet
  facet normal 0 0 1
    outer loop
      vertex 13.1239 32.6327 3.2
      vertex 13.1569 31.9597 3.2
      vertex 13.1569 32.5403 3.2
    endloop
  endfacet
  facet normal 0 0 1
    outer loop
      vertex 13.1239 32.6327 3.2
      vertex 13.1239 31.8673 3.2
      vertex 13.1569 31.9597 3.2
    endloop
  endfacet
  facet normal 0 0 1
    outer loop
      vertex 13.0819 32.7214 3.2
      vertex 13.1239 31.8673 3.2
      vertex 13.1239 32.6327 3.2
    endloop
  endfacet
  facet normal 0 0 1
    outer loop
      vertex 13.0819 32.7214 3.2
      vertex 13.0819 31.7786 3.2
      vertex 13.1239 31.8673 3.2
    endloop
  endfacet
  facet normal 0 0 1
    outer loop
      vertex 13.0315 32.8056 3.2
      vertex 13.0819 31.7786 3.2
      vertex 13.0819 32.7214 3.2
    endloop
  endfacet
  facet normal 0 0 1
    outer loop
      vertex 13.0315 32.8056 3.2
      vertex 13.0315 31.6944 3.2
      vertex 13.0819 31.7786 3.2
    endloop
  endfacet
  facet normal 0 0 1
    outer loop
      vertex 12.973 32.8844 3.2
      vertex 13.0315 31.6944 3.2
      vertex 13.0315 32.8056 3.2
    endloop
  endfacet
  facet normal 0 0 1
    outer loop
      vertex 12.973 32.8844 3.2
      vertex 12.973 31.6156 3.2
      vertex 13.0315 31.6944 3.2
    endloop
  endfacet
  facet normal 0 0 1
    outer loop
      vertex 12.9071 32.9571 3.2
      vertex 12.973 31.6156 3.2
      vertex 12.973 32.8844 3.2
    endloop
  endfacet
  facet normal 0 0 1
    outer loop
      vertex 12.9071 32.9571 3.2
      vertex 12.9071 31.5429 3.2
      vertex 12.973 31.6156 3.2
    endloop
  endfacet
  facet normal 0 0 1
    outer loop
      vertex 12.8344 33.023 3.2
      vertex 12.9071 31.5429 3.2
      vertex 12.9071 32.9571 3.2
    endloop
  endfacet
  facet normal 0 0 1
    outer loop
      vertex 12.8344 33.023 3.2
      vertex 12.8344 31.477 3.2
      vertex 12.9071 31.5429 3.2
    endloop
  endfacet
  facet normal 0 0 1
    outer loop
      vertex 12.7556 33.0815 3.2
      vertex 12.8344 31.477 3.2
      vertex 12.8344 33.023 3.2
    endloop
  endfacet
  facet normal 0 0 1
    outer loop
      vertex 12.7556 33.0815 3.2
      vertex 12.7556 31.4185 3.2
      vertex 12.8344 31.477 3.2
    endloop
  endfacet
  facet normal 0 0 1
    outer loop
      vertex 12.6714 33.1319 3.2
      vertex 12.7556 31.4185 3.2
      vertex 12.7556 33.0815 3.2
    endloop
  endfacet
  facet normal 0 0 1
    outer loop
      vertex 12.6714 33.1319 3.2
      vertex 12.6714 31.3681 3.2
      vertex 12.7556 31.4185 3.2
    endloop
  endfacet
  facet normal 0 0 1
    outer loop
      vertex 12.5827 33.1739 3.2
      vertex 12.6714 31.3681 3.2
      vertex 12.6714 33.1319 3.2
    endloop
  endfacet
  facet normal 0 0 1
    outer loop
      vertex 12.5827 33.1739 3.2
      vertex 12.5827 31.3261 3.2
      vertex 12.6714 31.3681 3.2
    endloop
  endfacet
  facet normal 0 0 1
    outer loop
      vertex 12.4903 33.2069 3.2
      vertex 12.5827 31.3261 3.2
      vertex 12.5827 33.1739 3.2
    endloop
  endfacet
  facet normal 0 0 1
    outer loop
      vertex 12.4903 33.2069 3.2
      vertex 12.4903 31.2931 3.2
      vertex 12.5827 31.3261 3.2
    endloop
  endfacet
  facet normal 0 0 1
    outer loop
      vertex 12.3951 33.2308 3.2
      vertex 12.4903 31.2931 3.2
      vertex 12.4903 33.2069 3.2
    endloop
  endfacet
  facet normal 0 0 1
    outer loop
      vertex 12.3951 33.2308 3.2
      vertex 12.3951 31.2692 3.2
      vertex 12.4903 31.2931 3.2
    endloop
  endfacet
  facet normal 0 0 1
    outer loop
      vertex 12.298 33.2452 3.2
      vertex 12.3951 31.2692 3.2
      vertex 12.3951 33.2308 3.2
    endloop
  endfacet
  facet normal 0 0 1
    outer loop
      vertex 12.298 33.2452 3.2
      vertex 12.298 31.2548 3.2
      vertex 12.3951 31.2692 3.2
    endloop
  endfacet
  facet normal 0 0 1
    outer loop
      vertex 12.2 33.25 3.2
      vertex 12.298 31.2548 3.2
      vertex 12.298 33.2452 3.2
    endloop
  endfacet
  facet normal 0 0 1
    outer loop
      vertex 12.2 33.25 3.2
      vertex 12.2 31.25 3.2
      vertex 12.298 31.2548 3.2
    endloop
  endfacet
  facet normal -0 0 1
    outer loop
      vertex 12.102 33.2452 3.2
      vertex 12.2 31.25 3.2
      vertex 12.2 33.25 3.2
    endloop
  endfacet
  facet normal 0 0 1
    outer loop
      vertex 12.102 33.2452 3.2
      vertex 12.102 31.2548 3.2
      vertex 12.2 31.25 3.2
    endloop
  endfacet
  facet normal -0 0 1
    outer loop
      vertex 12.0049 33.2308 3.2
      vertex 12.102 31.2548 3.2
      vertex 12.102 33.2452 3.2
    endloop
  endfacet
  facet normal 0 0 1
    outer loop
      vertex 12.0049 33.2308 3.2
      vertex 12.0049 31.2692 3.2
      vertex 12.102 31.2548 3.2
    endloop
  endfacet
  facet normal -0 0 1
    outer loop
      vertex 11.9097 33.2069 3.2
      vertex 12.0049 31.2692 3.2
      vertex 12.0049 33.2308 3.2
    endloop
  endfacet
  facet normal 0 0 1
    outer loop
      vertex 11.9097 33.2069 3.2
      vertex 11.9097 31.2931 3.2
      vertex 12.0049 31.2692 3.2
    endloop
  endfacet
  facet normal -0 0 1
    outer loop
      vertex 11.8173 33.1739 3.2
      vertex 11.9097 31.2931 3.2
      vertex 11.9097 33.2069 3.2
    endloop
  endfacet
  facet normal 0 0 1
    outer loop
      vertex 11.8173 33.1739 3.2
      vertex 11.8173 31.3261 3.2
      vertex 11.9097 31.2931 3.2
    endloop
  endfacet
  facet normal -0 0 1
    outer loop
      vertex 11.7286 33.1319 3.2
      vertex 11.8173 31.3261 3.2
      vertex 11.8173 33.1739 3.2
    endloop
  endfacet
  facet normal 0 0 1
    outer loop
      vertex 11.7286 33.1319 3.2
      vertex 11.7286 31.3681 3.2
      vertex 11.8173 31.3261 3.2
    endloop
  endfacet
  facet normal -0 0 1
    outer loop
      vertex 11.6444 33.0815 3.2
      vertex 11.7286 31.3681 3.2
      vertex 11.7286 33.1319 3.2
    endloop
  endfacet
  facet normal 0 0 1
    outer loop
      vertex 11.6444 33.0815 3.2
      vertex 11.6444 31.4185 3.2
      vertex 11.7286 31.3681 3.2
    endloop
  endfacet
  facet normal -0 0 1
    outer loop
      vertex 11.5656 33.023 3.2
      vertex 11.6444 31.4185 3.2
      vertex 11.6444 33.0815 3.2
    endloop
  endfacet
  facet normal 0 0 1
    outer loop
      vertex 11.5656 33.023 3.2
      vertex 11.5656 31.477 3.2
      vertex 11.6444 31.4185 3.2
    endloop
  endfacet
  facet normal -0 0 1
    outer loop
      vertex 11.4929 32.9571 3.2
      vertex 11.5656 31.477 3.2
      vertex 11.5656 33.023 3.2
    endloop
  endfacet
  facet normal 0 0 1
    outer loop
      vertex 11.4929 32.9571 3.2
      vertex 11.4929 31.5429 3.2
      vertex 11.5656 31.477 3.2
    endloop
  endfacet
  facet normal -0 0 1
    outer loop
      vertex 11.427 32.8844 3.2
      vertex 11.4929 31.5429 3.2
      vertex 11.4929 32.9571 3.2
    endloop
  endfacet
  facet normal 0 0 1
    outer loop
      vertex 11.427 32.8844 3.2
      vertex 11.427 31.6156 3.2
      vertex 11.4929 31.5429 3.2
    endloop
  endfacet
  facet normal -0 0 1
    outer loop
      vertex 11.3685 32.8056 3.2
      vertex 11.427 31.6156 3.2
      vertex 11.427 32.8844 3.2
    endloop
  endfacet
  facet normal 0 0 1
    outer loop
      vertex 11.3685 32.8056 3.2
      vertex 11.3685 31.6944 3.2
      vertex 11.427 31.6156 3.2
    endloop
  endfacet
  facet normal -0 0 1
    outer loop
      vertex 11.3181 32.7214 3.2
      vertex 11.3685 31.6944 3.2
      vertex 11.3685 32.8056 3.2
    endloop
  endfacet
  facet normal 0 0 1
    outer loop
      vertex 11.3181 32.7214 3.2
      vertex 11.3181 31.7786 3.2
      vertex 11.3685 31.6944 3.2
    endloop
  endfacet
  facet normal -0 0 1
    outer loop
      vertex 11.2761 32.6327 3.2
      vertex 11.3181 31.7786 3.2
      vertex 11.3181 32.7214 3.2
    endloop
  endfacet
  facet normal 0 0 1
    outer loop
      vertex 11.2761 32.6327 3.2
      vertex 11.2761 31.8673 3.2
      vertex 11.3181 31.7786 3.2
    endloop
  endfacet
  facet normal -0 0 1
    outer loop
      vertex 11.2431 32.5403 3.2
      vertex 11.2761 31.8673 3.2
      vertex 11.2761 32.6327 3.2
    endloop
  endfacet
  facet normal 0 0 1
    outer loop
      vertex 11.2431 32.5403 3.2
      vertex 11.2431 31.9597 3.2
      vertex 11.2761 31.8673 3.2
    endloop
  endfacet
  facet normal -0 0 1
    outer loop
      vertex 11.2192 32.4451 3.2
      vertex 11.2431 31.9597 3.2
      vertex 11.2431 32.5403 3.2
    endloop
  endfacet
  facet normal 0 0 1
    outer loop
      vertex 11.2192 32.4451 3.2
      vertex 11.2192 32.0549 3.2
      vertex 11.2431 31.9597 3.2
    endloop
  endfacet
  facet normal -0 0 1
    outer loop
      vertex 11.2048 32.348 3.2
      vertex 11.2192 32.0549 3.2
      vertex 11.2192 32.4451 3.2
    endloop
  endfacet
  facet normal 0 0 1
    outer loop
      vertex 11.2048 32.348 3.2
      vertex 11.2048 32.152 3.2
      vertex 11.2192 32.0549 3.2
    endloop
  endfacet
  facet normal 0 -0 1
    outer loop
      vertex 11.2048 32.152 3.2
      vertex 11.2048 32.348 3.2
      vertex 11.2 32.25 3.2
    endloop
  endfacet
  facet normal 0.671607 0.740908 -0
    outer loop
      vertex 11.5656 31.477 3.2
      vertex 11.4929 31.5429 5.2
      vertex 11.5656 31.477 5.2
    endloop
  endfacet
  facet normal 0.671607 0.740908 0
    outer loop
      vertex 11.4929 31.5429 5.2
      vertex 11.5656 31.477 3.2
      vertex 11.4929 31.5429 3.2
    endloop
  endfacet
  facet normal 0.802925 -0.59608 0
    outer loop
      vertex 11.3685 32.8056 5.2
      vertex 11.427 32.8844 3.2
      vertex 11.427 32.8844 5.2
    endloop
  endfacet
  facet normal 0.802925 -0.59608 0
    outer loop
      vertex 11.427 32.8844 3.2
      vertex 11.3685 32.8056 5.2
      vertex 11.3685 32.8056 3.2
    endloop
  endfacet
  facet normal 0.0489209 0.998803 -0
    outer loop
      vertex 12.2 31.25 3.2
      vertex 12.102 31.2548 5.2
      vertex 12.2 31.25 5.2
    endloop
  endfacet
  facet normal 0.0489209 0.998803 0
    outer loop
      vertex 12.102 31.2548 5.2
      vertex 12.2 31.25 3.2
      vertex 12.102 31.2548 3.2
    endloop
  endfacet
  facet normal 0.146696 0.989182 -0
    outer loop
      vertex 12.102 31.2548 3.2
      vertex 12.0049 31.2692 5.2
      vertex 12.102 31.2548 5.2
    endloop
  endfacet
  facet normal 0.146696 0.989182 0
    outer loop
      vertex 12.0049 31.2692 5.2
      vertex 12.102 31.2548 3.2
      vertex 12.0049 31.2692 3.2
    endloop
  endfacet
  facet normal 0.989182 -0.146696 0
    outer loop
      vertex 11.2048 32.348 5.2
      vertex 11.2192 32.4451 3.2
      vertex 11.2192 32.4451 5.2
    endloop
  endfacet
  facet normal 0.989182 -0.146696 0
    outer loop
      vertex 11.2192 32.4451 3.2
      vertex 11.2048 32.348 5.2
      vertex 11.2048 32.348 3.2
    endloop
  endfacet
  facet normal 0.998803 -0.0489209 0
    outer loop
      vertex 11.2 32.25 5.2
      vertex 11.2048 32.348 3.2
      vertex 11.2048 32.348 5.2
    endloop
  endfacet
  facet normal 0.998803 -0.0489209 0
    outer loop
      vertex 11.2048 32.348 3.2
      vertex 11.2 32.25 5.2
      vertex 11.2 32.25 3.2
    endloop
  endfacet
  facet normal 0.336336 0.941742 -0
    outer loop
      vertex 11.9097 31.2931 3.2
      vertex 11.8173 31.3261 5.2
      vertex 11.9097 31.2931 5.2
    endloop
  endfacet
  facet normal 0.336336 0.941742 0
    outer loop
      vertex 11.8173 31.3261 5.2
      vertex 11.9097 31.2931 3.2
      vertex 11.8173 31.3261 3.2
    endloop
  endfacet
  facet normal -0.671607 0.740908 0
    outer loop
      vertex 12.9071 31.5429 3.2
      vertex 12.8344 31.477 5.2
      vertex 12.9071 31.5429 5.2
    endloop
  endfacet
  facet normal -0.671607 0.740908 0
    outer loop
      vertex 12.8344 31.477 5.2
      vertex 12.9071 31.5429 3.2
      vertex 12.8344 31.477 3.2
    endloop
  endfacet
  facet normal 0.989174 0.146746 0
    outer loop
      vertex 53.1856 12.5441 5.2
      vertex 53.1424 12.8353 2.2
      vertex 53.1424 12.8353 5.2
    endloop
  endfacet
  facet normal 0.989174 0.146746 0
    outer loop
      vertex 53.1424 12.8353 2.2
      vertex 53.1856 12.5441 5.2
      vertex 53.1856 12.5441 2.2
    endloop
  endfacet
  facet normal 0.998803 0.0489044 0
    outer loop
      vertex 53.2 12.25 5.2
      vertex 53.1856 12.5441 2.2
      vertex 53.1856 12.5441 5.2
    endloop
  endfacet
  facet normal 0.998803 0.0489044 0
    outer loop
      vertex 53.1856 12.5441 2.2
      vertex 53.2 12.25 5.2
      vertex 53.2 12.25 2.2
    endloop
  endfacet
  facet normal 0.969982 0.243175 0
    outer loop
      vertex 53.1424 12.8353 5.2
      vertex 53.0708 13.1209 2.2
      vertex 53.0708 13.1209 5.2
    endloop
  endfacet
  facet normal 0.969982 0.243175 0
    outer loop
      vertex 53.0708 13.1209 2.2
      vertex 53.1424 12.8353 5.2
      vertex 53.1424 12.8353 2.2
    endloop
  endfacet
  facet normal 0.336986 -0.94151 0
    outer loop
      vertex 51.0709 9.37918 2.2
      vertex 51.348 9.47836 5.2
      vertex 51.0709 9.37918 5.2
    endloop
  endfacet
  facet normal 0.336986 -0.94151 0
    outer loop
      vertex 51.348 9.47836 5.2
      vertex 51.0709 9.37918 2.2
      vertex 51.348 9.47836 2.2
    endloop
  endfacet
  facet normal 0.857643 0.514246 0
    outer loop
      vertex 52.8458 13.6642 5.2
      vertex 52.6944 13.9167 2.2
      vertex 52.6944 13.9167 5.2
    endloop
  endfacet
  facet normal 0.857643 0.514246 0
    outer loop
      vertex 52.6944 13.9167 2.2
      vertex 52.8458 13.6642 5.2
      vertex 52.8458 13.6642 2.2
    endloop
  endfacet
  facet normal 0.243175 0.969982 -0
    outer loop
      vertex 51.0709 15.1208 2.2
      vertex 50.7853 15.1924 5.2
      vertex 51.0709 15.1208 5.2
    endloop
  endfacet
  facet normal 0.243175 0.969982 0
    outer loop
      vertex 50.7853 15.1924 5.2
      vertex 51.0709 15.1208 2.2
      vertex 50.7853 15.1924 2.2
    endloop
  endfacet
  facet normal -0.740908 0.671607 0
    outer loop
      vertex 47.881 14.1532 2.2
      vertex 48.0787 14.3713 5.2
      vertex 48.0787 14.3713 2.2
    endloop
  endfacet
  facet normal -0.740908 0.671607 0
    outer loop
      vertex 48.0787 14.3713 5.2
      vertex 47.881 14.1532 2.2
      vertex 47.881 14.1532 5.2
    endloop
  endfacet
  facet normal 0.0490738 -0.998795 0
    outer loop
      vertex 50.2 9.25 2.2
      vertex 50.4941 9.26445 5.2
      vertex 50.2 9.25 5.2
    endloop
  endfacet
  facet normal 0.0490738 -0.998795 0
    outer loop
      vertex 50.4941 9.26445 5.2
      vertex 50.2 9.25 2.2
      vertex 50.4941 9.26445 2.2
    endloop
  endfacet
  facet normal 0.427269 0.904125 -0
    outer loop
      vertex 51.6142 14.8958 2.2
      vertex 51.348 15.0216 5.2
      vertex 51.6142 14.8958 5.2
    endloop
  endfacet
  facet normal 0.427269 0.904125 0
    outer loop
      vertex 51.348 15.0216 5.2
      vertex 51.6142 14.8958 2.2
      vertex 51.348 15.0216 2.2
    endloop
  endfacet
  facet normal 0.671607 0.740908 -0
    outer loop
      vertex 52.3213 14.3713 2.2
      vertex 52.1032 14.569 5.2
      vertex 52.3213 14.3713 5.2
    endloop
  endfacet
  facet normal 0.671607 0.740908 0
    outer loop
      vertex 52.1032 14.569 5.2
      vertex 52.3213 14.3713 2.2
      vertex 52.1032 14.569 2.2
    endloop
  endfacet
  facet normal -0.595655 -0.803241 0
    outer loop
      vertex 48.2968 9.93097 2.2
      vertex 48.5333 9.75559 5.2
      vertex 48.2968 9.93097 5.2
    endloop
  endfacet
  facet normal -0.595655 -0.803241 -0
    outer loop
      vertex 48.5333 9.75559 5.2
      vertex 48.2968 9.93097 2.2
      vertex 48.5333 9.75559 2.2
    endloop
  endfacet
  facet normal 0.0489044 0.998803 -0
    outer loop
      vertex 50.4941 15.2356 2.2
      vertex 50.2 15.25 5.2
      vertex 50.4941 15.2356 5.2
    endloop
  endfacet
  facet normal 0.0489044 0.998803 0
    outer loop
      vertex 50.2 15.25 5.2
      vertex 50.4941 15.2356 2.2
      vertex 50.2 15.25 2.2
    endloop
  endfacet
  facet normal 0.242983 -0.970031 0
    outer loop
      vertex 50.7853 9.30764 2.2
      vertex 51.0709 9.37918 5.2
      vertex 50.7853 9.30764 5.2
    endloop
  endfacet
  facet normal 0.242983 -0.970031 0
    outer loop
      vertex 51.0709 9.37918 5.2
      vertex 50.7853 9.30764 2.2
      vertex 51.0709 9.37918 2.2
    endloop
  endfacet
  facet normal 0.989174 -0.146746 0
    outer loop
      vertex 53.1424 11.6647 5.2
      vertex 53.1856 11.9559 2.2
      vertex 53.1856 11.9559 5.2
    endloop
  endfacet
  facet normal 0.989174 -0.146746 0
    outer loop
      vertex 53.1856 11.9559 2.2
      vertex 53.1424 11.6647 5.2
      vertex 53.1424 11.6647 2.2
    endloop
  endfacet
  facet normal 0.514121 -0.857718 0
    outer loop
      vertex 51.6142 9.60424 2.2
      vertex 51.8667 9.75559 5.2
      vertex 51.6142 9.60424 5.2
    endloop
  endfacet
  facet normal 0.514121 -0.857718 0
    outer loop
      vertex 51.8667 9.75559 5.2
      vertex 51.6142 9.60424 2.2
      vertex 51.8667 9.75559 2.2
    endloop
  endfacet
  facet normal -0.242983 -0.970031 0
    outer loop
      vertex 49.3291 9.37918 2.2
      vertex 49.6147 9.30764 5.2
      vertex 49.3291 9.37918 5.2
    endloop
  endfacet
  facet normal -0.242983 -0.970031 -0
    outer loop
      vertex 49.6147 9.30764 5.2
      vertex 49.3291 9.37918 2.2
      vertex 49.6147 9.30764 2.2
    endloop
  endfacet
  facet normal -0.595699 0.803208 0
    outer loop
      vertex 48.5333 14.7444 2.2
      vertex 48.2968 14.569 5.2
      vertex 48.5333 14.7444 5.2
    endloop
  endfacet
  facet normal -0.595699 0.803208 0
    outer loop
      vertex 48.2968 14.569 5.2
      vertex 48.5333 14.7444 2.2
      vertex 48.2968 14.569 2.2
    endloop
  endfacet
  facet normal -0.998803 -0.0489044 0
    outer loop
      vertex 47.2144 11.9559 2.2
      vertex 47.2 12.25 5.2
      vertex 47.2 12.25 2.2
    endloop
  endfacet
  facet normal -0.998803 -0.0489044 0
    outer loop
      vertex 47.2 12.25 5.2
      vertex 47.2144 11.9559 2.2
      vertex 47.2144 11.9559 5.2
    endloop
  endfacet
  facet normal -0.969982 -0.243175 0
    outer loop
      vertex 47.3292 11.3791 2.2
      vertex 47.2576 11.6647 5.2
      vertex 47.2576 11.6647 2.2
    endloop
  endfacet
  facet normal -0.969982 -0.243175 0
    outer loop
      vertex 47.2576 11.6647 5.2
      vertex 47.3292 11.3791 2.2
      vertex 47.3292 11.3791 5.2
    endloop
  endfacet
  facet normal 0.969982 -0.243175 0
    outer loop
      vertex 53.0708 11.3791 5.2
      vertex 53.1424 11.6647 2.2
      vertex 53.1424 11.6647 5.2
    endloop
  endfacet
  facet normal 0.969982 -0.243175 0
    outer loop
      vertex 53.1424 11.6647 2.2
      vertex 53.0708 11.3791 5.2
      vertex 53.0708 11.3791 2.2
    endloop
  endfacet
  facet normal -0.514246 0.857643 0
    outer loop
      vertex 48.7858 14.8958 2.2
      vertex 48.5333 14.7444 5.2
      vertex 48.7858 14.8958 5.2
    endloop
  endfacet
  facet normal -0.514246 0.857643 0
    outer loop
      vertex 48.5333 14.7444 5.2
      vertex 48.7858 14.8958 2.2
      vertex 48.5333 14.7444 2.2
    endloop
  endfacet
  facet normal 0.595699 0.803208 -0
    outer loop
      vertex 52.1032 14.569 2.2
      vertex 51.8667 14.7444 5.2
      vertex 52.1032 14.569 5.2
    endloop
  endfacet
  facet normal 0.595699 0.803208 0
    outer loop
      vertex 51.8667 14.7444 5.2
      vertex 52.1032 14.569 2.2
      vertex 51.8667 14.7444 2.2
    endloop
  endfacet
  facet normal -0.904125 -0.427269 0
    outer loop
      vertex 47.5542 10.8358 2.2
      vertex 47.4284 11.102 5.2
      vertex 47.4284 11.102 2.2
    endloop
  endfacet
  facet normal -0.904125 -0.427269 0
    outer loop
      vertex 47.4284 11.102 5.2
      vertex 47.5542 10.8358 2.2
      vertex 47.5542 10.8358 5.2
    endloop
  endfacet
  facet normal 0.941488 -0.337047 0
    outer loop
      vertex 52.9716 11.102 5.2
      vertex 53.0708 11.3791 2.2
      vertex 53.0708 11.3791 5.2
    endloop
  endfacet
  facet normal 0.941488 -0.337047 0
    outer loop
      vertex 53.0708 11.3791 2.2
      vertex 52.9716 11.102 5.2
      vertex 52.9716 11.102 2.2
    endloop
  endfacet
  facet normal 0.146746 0.989174 -0
    outer loop
      vertex 50.7853 15.1924 2.2
      vertex 50.4941 15.2356 5.2
      vertex 50.7853 15.1924 5.2
    endloop
  endfacet
  facet normal 0.146746 0.989174 0
    outer loop
      vertex 50.4941 15.2356 5.2
      vertex 50.7853 15.1924 2.2
      vertex 50.4941 15.2356 2.2
    endloop
  endfacet
  facet normal -0.427269 0.904125 0
    outer loop
      vertex 49.052 15.0216 2.2
      vertex 48.7858 14.8958 5.2
      vertex 49.052 15.0216 5.2
    endloop
  endfacet
  facet normal -0.427269 0.904125 0
    outer loop
      vertex 48.7858 14.8958 5.2
      vertex 49.052 15.0216 2.2
      vertex 48.7858 14.8958 2.2
    endloop
  endfacet
  facet normal 0.514246 0.857643 -0
    outer loop
      vertex 51.8667 14.7444 2.2
      vertex 51.6142 14.8958 5.2
      vertex 51.8667 14.7444 5.2
    endloop
  endfacet
  facet normal 0.514246 0.857643 0
    outer loop
      vertex 51.6142 14.8958 5.2
      vertex 51.8667 14.7444 2.2
      vertex 51.6142 14.8958 2.2
    endloop
  endfacet
  facet normal 0.427491 -0.90402 0
    outer loop
      vertex 51.348 9.47836 2.2
      vertex 51.6142 9.60424 5.2
      vertex 51.348 9.47836 5.2
    endloop
  endfacet
  facet normal 0.427491 -0.90402 0
    outer loop
      vertex 51.6142 9.60424 5.2
      vertex 51.348 9.47836 2.2
      vertex 51.6142 9.60424 2.2
    endloop
  endfacet
  facet normal -0.941488 -0.337047 0
    outer loop
      vertex 47.4284 11.102 2.2
      vertex 47.3292 11.3791 5.2
      vertex 47.3292 11.3791 2.2
    endloop
  endfacet
  facet normal -0.941488 -0.337047 0
    outer loop
      vertex 47.3292 11.3791 5.2
      vertex 47.4284 11.102 2.2
      vertex 47.4284 11.102 5.2
    endloop
  endfacet
  facet normal 0.857643 -0.514246 0
    outer loop
      vertex 52.6944 10.5833 5.2
      vertex 52.8458 10.8358 2.2
      vertex 52.8458 10.8358 5.2
    endloop
  endfacet
  facet normal 0.857643 -0.514246 0
    outer loop
      vertex 52.8458 10.8358 2.2
      vertex 52.6944 10.5833 5.2
      vertex 52.6944 10.5833 2.2
    endloop
  endfacet
  facet normal 0.904125 -0.427269 0
    outer loop
      vertex 52.8458 10.8358 5.2
      vertex 52.9716 11.102 2.2
      vertex 52.9716 11.102 5.2
    endloop
  endfacet
  facet normal 0.904125 -0.427269 0
    outer loop
      vertex 52.9716 11.102 2.2
      vertex 52.8458 10.8358 5.2
      vertex 52.8458 10.8358 2.2
    endloop
  endfacet
  facet normal 0.998803 -0.0489044 0
    outer loop
      vertex 53.1856 11.9559 5.2
      vertex 53.2 12.25 2.2
      vertex 53.2 12.25 5.2
    endloop
  endfacet
  facet normal 0.998803 -0.0489044 0
    outer loop
      vertex 53.2 12.25 2.2
      vertex 53.1856 11.9559 5.2
      vertex 53.1856 11.9559 2.2
    endloop
  endfacet
  facet normal -0.146746 0.989174 0
    outer loop
      vertex 49.9059 15.2356 2.2
      vertex 49.6147 15.1924 5.2
      vertex 49.9059 15.2356 5.2
    endloop
  endfacet
  facet normal -0.146746 0.989174 0
    outer loop
      vertex 49.6147 15.1924 5.2
      vertex 49.9059 15.2356 2.2
      vertex 49.6147 15.1924 2.2
    endloop
  endfacet
  facet normal 0.146712 -0.989179 0
    outer loop
      vertex 50.4941 9.26445 2.2
      vertex 50.7853 9.30764 5.2
      vertex 50.4941 9.26445 5.2
    endloop
  endfacet
  facet normal 0.146712 -0.989179 0
    outer loop
      vertex 50.7853 9.30764 5.2
      vertex 50.4941 9.26445 2.2
      vertex 50.7853 9.30764 2.2
    endloop
  endfacet
  facet normal 0.941488 0.337047 0
    outer loop
      vertex 53.0708 13.1209 5.2
      vertex 52.9716 13.398 2.2
      vertex 52.9716 13.398 5.2
    endloop
  endfacet
  facet normal 0.941488 0.337047 0
    outer loop
      vertex 52.9716 13.398 2.2
      vertex 53.0708 13.1209 5.2
      vertex 53.0708 13.1209 2.2
    endloop
  endfacet
  facet normal 0.740908 -0.671607 0
    outer loop
      vertex 52.3213 10.1287 5.2
      vertex 52.519 10.3468 2.2
      vertex 52.519 10.3468 5.2
    endloop
  endfacet
  facet normal 0.740908 -0.671607 0
    outer loop
      vertex 52.519 10.3468 2.2
      vertex 52.3213 10.1287 5.2
      vertex 52.3213 10.1287 2.2
    endloop
  endfacet
  facet normal 0.803208 -0.595699 0
    outer loop
      vertex 52.519 10.3468 5.2
      vertex 52.6944 10.5833 2.2
      vertex 52.6944 10.5833 5.2
    endloop
  endfacet
  facet normal 0.803208 -0.595699 0
    outer loop
      vertex 52.6944 10.5833 2.2
      vertex 52.519 10.3468 5.2
      vertex 52.519 10.3468 2.2
    endloop
  endfacet
  facet normal -0.243175 0.969982 0
    outer loop
      vertex 49.6147 15.1924 2.2
      vertex 49.3291 15.1208 5.2
      vertex 49.6147 15.1924 5.2
    endloop
  endfacet
  facet normal -0.243175 0.969982 0
    outer loop
      vertex 49.3291 15.1208 5.2
      vertex 49.6147 15.1924 2.2
      vertex 49.3291 15.1208 2.2
    endloop
  endfacet
  facet normal 0.803208 0.595699 0
    outer loop
      vertex 52.6944 13.9167 5.2
      vertex 52.519 14.1532 2.2
      vertex 52.519 14.1532 5.2
    endloop
  endfacet
  facet normal 0.803208 0.595699 0
    outer loop
      vertex 52.519 14.1532 2.2
      vertex 52.6944 13.9167 5.2
      vertex 52.6944 13.9167 2.2
    endloop
  endfacet
  facet normal 0.904125 0.427269 0
    outer loop
      vertex 52.9716 13.398 5.2
      vertex 52.8458 13.6642 2.2
      vertex 52.8458 13.6642 5.2
    endloop
  endfacet
  facet normal 0.904125 0.427269 0
    outer loop
      vertex 52.8458 13.6642 2.2
      vertex 52.9716 13.398 5.2
      vertex 52.9716 13.398 2.2
    endloop
  endfacet
  facet normal -0.857643 0.514246 0
    outer loop
      vertex 47.5542 13.6642 2.2
      vertex 47.7056 13.9167 5.2
      vertex 47.7056 13.9167 2.2
    endloop
  endfacet
  facet normal -0.857643 0.514246 0
    outer loop
      vertex 47.7056 13.9167 5.2
      vertex 47.5542 13.6642 2.2
      vertex 47.5542 13.6642 5.2
    endloop
  endfacet
  facet normal -0.671607 0.740908 0
    outer loop
      vertex 48.2968 14.569 2.2
      vertex 48.0787 14.3713 5.2
      vertex 48.2968 14.569 5.2
    endloop
  endfacet
  facet normal -0.671607 0.740908 0
    outer loop
      vertex 48.0787 14.3713 5.2
      vertex 48.2968 14.569 2.2
      vertex 48.0787 14.3713 2.2
    endloop
  endfacet
  facet normal -0.857643 -0.514246 0
    outer loop
      vertex 47.7056 10.5833 2.2
      vertex 47.5542 10.8358 5.2
      vertex 47.5542 10.8358 2.2
    endloop
  endfacet
  facet normal -0.857643 -0.514246 0
    outer loop
      vertex 47.5542 10.8358 5.2
      vertex 47.7056 10.5833 2.2
      vertex 47.7056 10.5833 5.2
    endloop
  endfacet
  facet normal -0.427491 -0.90402 0
    outer loop
      vertex 48.7858 9.60424 2.2
      vertex 49.052 9.47836 5.2
      vertex 48.7858 9.60424 5.2
    endloop
  endfacet
  facet normal -0.427491 -0.90402 -0
    outer loop
      vertex 49.052 9.47836 5.2
      vertex 48.7858 9.60424 2.2
      vertex 49.052 9.47836 2.2
    endloop
  endfacet
  facet normal -0.740908 -0.671607 0
    outer loop
      vertex 48.0787 10.1287 2.2
      vertex 47.881 10.3468 5.2
      vertex 47.881 10.3468 2.2
    endloop
  endfacet
  facet normal -0.740908 -0.671607 0
    outer loop
      vertex 47.881 10.3468 5.2
      vertex 48.0787 10.1287 2.2
      vertex 48.0787 10.1287 5.2
    endloop
  endfacet
  facet normal -0.337047 0.941488 0
    outer loop
      vertex 49.3291 15.1208 2.2
      vertex 49.052 15.0216 5.2
      vertex 49.3291 15.1208 5.2
    endloop
  endfacet
  facet normal -0.337047 0.941488 0
    outer loop
      vertex 49.052 15.0216 5.2
      vertex 49.3291 15.1208 2.2
      vertex 49.052 15.0216 2.2
    endloop
  endfacet
  facet normal -0.514121 -0.857718 0
    outer loop
      vertex 48.5333 9.75559 2.2
      vertex 48.7858 9.60424 5.2
      vertex 48.5333 9.75559 5.2
    endloop
  endfacet
  facet normal -0.514121 -0.857718 -0
    outer loop
      vertex 48.7858 9.60424 5.2
      vertex 48.5333 9.75559 2.2
      vertex 48.7858 9.60424 2.2
    endloop
  endfacet
  facet normal 0.740908 0.671607 0
    outer loop
      vertex 52.519 14.1532 5.2
      vertex 52.3213 14.3713 2.2
      vertex 52.3213 14.3713 5.2
    endloop
  endfacet
  facet normal 0.740908 0.671607 0
    outer loop
      vertex 52.3213 14.3713 2.2
      vertex 52.519 14.1532 5.2
      vertex 52.519 14.1532 2.2
    endloop
  endfacet
  facet normal 0.595655 -0.803241 0
    outer loop
      vertex 51.8667 9.75559 2.2
      vertex 52.1032 9.93097 5.2
      vertex 51.8667 9.75559 5.2
    endloop
  endfacet
  facet normal 0.595655 -0.803241 0
    outer loop
      vertex 52.1032 9.93097 5.2
      vertex 51.8667 9.75559 2.2
      vertex 52.1032 9.93097 2.2
    endloop
  endfacet
  facet normal -0.0489044 0.998803 0
    outer loop
      vertex 50.2 15.25 2.2
      vertex 49.9059 15.2356 5.2
      vertex 50.2 15.25 5.2
    endloop
  endfacet
  facet normal -0.0489044 0.998803 0
    outer loop
      vertex 49.9059 15.2356 5.2
      vertex 50.2 15.25 2.2
      vertex 49.9059 15.2356 2.2
    endloop
  endfacet
  facet normal -0.941488 0.337047 0
    outer loop
      vertex 47.3292 13.1209 2.2
      vertex 47.4284 13.398 5.2
      vertex 47.4284 13.398 2.2
    endloop
  endfacet
  facet normal -0.941488 0.337047 0
    outer loop
      vertex 47.4284 13.398 5.2
      vertex 47.3292 13.1209 2.2
      vertex 47.3292 13.1209 5.2
    endloop
  endfacet
  facet normal 0.337047 0.941488 -0
    outer loop
      vertex 51.348 15.0216 2.2
      vertex 51.0709 15.1208 5.2
      vertex 51.348 15.0216 5.2
    endloop
  endfacet
  facet normal 0.337047 0.941488 0
    outer loop
      vertex 51.0709 15.1208 5.2
      vertex 51.348 15.0216 2.2
      vertex 51.0709 15.1208 2.2
    endloop
  endfacet
  facet normal -0.803208 -0.595699 0
    outer loop
      vertex 47.881 10.3468 2.2
      vertex 47.7056 10.5833 5.2
      vertex 47.7056 10.5833 2.2
    endloop
  endfacet
  facet normal -0.803208 -0.595699 0
    outer loop
      vertex 47.7056 10.5833 5.2
      vertex 47.881 10.3468 2.2
      vertex 47.881 10.3468 5.2
    endloop
  endfacet
  facet normal -0.969982 0.243175 0
    outer loop
      vertex 47.2576 12.8353 2.2
      vertex 47.3292 13.1209 5.2
      vertex 47.3292 13.1209 2.2
    endloop
  endfacet
  facet normal -0.969982 0.243175 0
    outer loop
      vertex 47.3292 13.1209 5.2
      vertex 47.2576 12.8353 2.2
      vertex 47.2576 12.8353 5.2
    endloop
  endfacet
  facet normal -0.989174 -0.146746 0
    outer loop
      vertex 47.2576 11.6647 2.2
      vertex 47.2144 11.9559 5.2
      vertex 47.2144 11.9559 2.2
    endloop
  endfacet
  facet normal -0.989174 -0.146746 0
    outer loop
      vertex 47.2144 11.9559 5.2
      vertex 47.2576 11.6647 2.2
      vertex 47.2576 11.6647 5.2
    endloop
  endfacet
  facet normal -0.904125 0.427269 0
    outer loop
      vertex 47.4284 13.398 2.2
      vertex 47.5542 13.6642 5.2
      vertex 47.5542 13.6642 2.2
    endloop
  endfacet
  facet normal -0.904125 0.427269 0
    outer loop
      vertex 47.5542 13.6642 5.2
      vertex 47.4284 13.398 2.2
      vertex 47.4284 13.398 5.2
    endloop
  endfacet
  facet normal 0 0 -1
    outer loop
      vertex 53.1856 11.9559 2.2
      vertex 53.1856 12.5441 2.2
      vertex 53.2 12.25 2.2
    endloop
  endfacet
  facet normal 0 0 -1
    outer loop
      vertex 53.1424 11.6647 2.2
      vertex 53.1856 12.5441 2.2
      vertex 53.1856 11.9559 2.2
    endloop
  endfacet
  facet normal 0 0 -1
    outer loop
      vertex 53.1424 11.6647 2.2
      vertex 53.1424 12.8353 2.2
      vertex 53.1856 12.5441 2.2
    endloop
  endfacet
  facet normal 0 0 -1
    outer loop
      vertex 53.0708 11.3791 2.2
      vertex 53.1424 12.8353 2.2
      vertex 53.1424 11.6647 2.2
    endloop
  endfacet
  facet normal 0 0 -1
    outer loop
      vertex 53.0708 11.3791 2.2
      vertex 53.0708 13.1209 2.2
      vertex 53.1424 12.8353 2.2
    endloop
  endfacet
  facet normal 0 0 -1
    outer loop
      vertex 52.9716 11.102 2.2
      vertex 53.0708 13.1209 2.2
      vertex 53.0708 11.3791 2.2
    endloop
  endfacet
  facet normal 0 0 -1
    outer loop
      vertex 52.9716 11.102 2.2
      vertex 52.9716 13.398 2.2
      vertex 53.0708 13.1209 2.2
    endloop
  endfacet
  facet normal 0 0 -1
    outer loop
      vertex 52.8458 10.8358 2.2
      vertex 52.9716 13.398 2.2
      vertex 52.9716 11.102 2.2
    endloop
  endfacet
  facet normal 0 0 -1
    outer loop
      vertex 52.8458 10.8358 2.2
      vertex 52.8458 13.6642 2.2
      vertex 52.9716 13.398 2.2
    endloop
  endfacet
  facet normal 0 0 -1
    outer loop
      vertex 52.6944 10.5833 2.2
      vertex 52.8458 13.6642 2.2
      vertex 52.8458 10.8358 2.2
    endloop
  endfacet
  facet normal 0 0 -1
    outer loop
      vertex 52.6944 10.5833 2.2
      vertex 52.6944 13.9167 2.2
      vertex 52.8458 13.6642 2.2
    endloop
  endfacet
  facet normal 0 0 -1
    outer loop
      vertex 52.519 10.3468 2.2
      vertex 52.6944 13.9167 2.2
      vertex 52.6944 10.5833 2.2
    endloop
  endfacet
  facet normal 0 0 -1
    outer loop
      vertex 52.519 10.3468 2.2
      vertex 52.519 14.1532 2.2
      vertex 52.6944 13.9167 2.2
    endloop
  endfacet
  facet normal 0 0 -1
    outer loop
      vertex 52.3213 10.1287 2.2
      vertex 52.519 14.1532 2.2
      vertex 52.519 10.3468 2.2
    endloop
  endfacet
  facet normal 0 0 -1
    outer loop
      vertex 52.3213 10.1287 2.2
      vertex 52.3213 14.3713 2.2
      vertex 52.519 14.1532 2.2
    endloop
  endfacet
  facet normal 0 0 -1
    outer loop
      vertex 52.1032 9.93097 2.2
      vertex 52.3213 14.3713 2.2
      vertex 52.3213 10.1287 2.2
    endloop
  endfacet
  facet normal 0 0 -1
    outer loop
      vertex 52.1032 9.93097 2.2
      vertex 52.1032 14.569 2.2
      vertex 52.3213 14.3713 2.2
    endloop
  endfacet
  facet normal 0 0 -1
    outer loop
      vertex 51.8667 9.75559 2.2
      vertex 52.1032 14.569 2.2
      vertex 52.1032 9.93097 2.2
    endloop
  endfacet
  facet normal 0 0 -1
    outer loop
      vertex 51.8667 9.75559 2.2
      vertex 51.8667 14.7444 2.2
      vertex 52.1032 14.569 2.2
    endloop
  endfacet
  facet normal 0 0 -1
    outer loop
      vertex 51.6142 9.60424 2.2
      vertex 51.8667 14.7444 2.2
      vertex 51.8667 9.75559 2.2
    endloop
  endfacet
  facet normal 0 0 -1
    outer loop
      vertex 51.6142 9.60424 2.2
      vertex 51.6142 14.8958 2.2
      vertex 51.8667 14.7444 2.2
    endloop
  endfacet
  facet normal 0 0 -1
    outer loop
      vertex 51.348 9.47836 2.2
      vertex 51.6142 14.8958 2.2
      vertex 51.6142 9.60424 2.2
    endloop
  endfacet
  facet normal 0 0 -1
    outer loop
      vertex 51.348 9.47836 2.2
      vertex 51.348 15.0216 2.2
      vertex 51.6142 14.8958 2.2
    endloop
  endfacet
  facet normal 0 0 -1
    outer loop
      vertex 51.0709 9.37918 2.2
      vertex 51.348 15.0216 2.2
      vertex 51.348 9.47836 2.2
    endloop
  endfacet
  facet normal 0 0 -1
    outer loop
      vertex 51.0709 9.37918 2.2
      vertex 51.0709 15.1208 2.2
      vertex 51.348 15.0216 2.2
    endloop
  endfacet
  facet normal 0 0 -1
    outer loop
      vertex 50.7853 9.30764 2.2
      vertex 51.0709 15.1208 2.2
      vertex 51.0709 9.37918 2.2
    endloop
  endfacet
  facet normal 0 0 -1
    outer loop
      vertex 50.7853 9.30764 2.2
      vertex 50.7853 15.1924 2.2
      vertex 51.0709 15.1208 2.2
    endloop
  endfacet
  facet normal 0 0 -1
    outer loop
      vertex 50.4941 9.26445 2.2
      vertex 50.7853 15.1924 2.2
      vertex 50.7853 9.30764 2.2
    endloop
  endfacet
  facet normal 0 0 -1
    outer loop
      vertex 50.4941 9.26445 2.2
      vertex 50.4941 15.2356 2.2
      vertex 50.7853 15.1924 2.2
    endloop
  endfacet
  facet normal 0 0 -1
    outer loop
      vertex 50.2 9.25 2.2
      vertex 50.4941 15.2356 2.2
      vertex 50.4941 9.26445 2.2
    endloop
  endfacet
  facet normal 0 0 -1
    outer loop
      vertex 50.2 9.25 2.2
      vertex 50.2 15.25 2.2
      vertex 50.4941 15.2356 2.2
    endloop
  endfacet
  facet normal 0 0 -1
    outer loop
      vertex 49.9059 9.26445 2.2
      vertex 50.2 15.25 2.2
      vertex 50.2 9.25 2.2
    endloop
  endfacet
  facet normal 0 0 -1
    outer loop
      vertex 49.9059 9.26445 2.2
      vertex 49.9059 15.2356 2.2
      vertex 50.2 15.25 2.2
    endloop
  endfacet
  facet normal 0 0 -1
    outer loop
      vertex 49.6147 9.30764 2.2
      vertex 49.9059 15.2356 2.2
      vertex 49.9059 9.26445 2.2
    endloop
  endfacet
  facet normal 0 0 -1
    outer loop
      vertex 49.6147 9.30764 2.2
      vertex 49.6147 15.1924 2.2
      vertex 49.9059 15.2356 2.2
    endloop
  endfacet
  facet normal 0 0 -1
    outer loop
      vertex 49.3291 9.37918 2.2
      vertex 49.6147 15.1924 2.2
      vertex 49.6147 9.30764 2.2
    endloop
  endfacet
  facet normal 0 0 -1
    outer loop
      vertex 49.3291 9.37918 2.2
      vertex 49.3291 15.1208 2.2
      vertex 49.6147 15.1924 2.2
    endloop
  endfacet
  facet normal 0 0 -1
    outer loop
      vertex 49.052 9.47836 2.2
      vertex 49.3291 15.1208 2.2
      vertex 49.3291 9.37918 2.2
    endloop
  endfacet
  facet normal 0 0 -1
    outer loop
      vertex 49.052 9.47836 2.2
      vertex 49.052 15.0216 2.2
      vertex 49.3291 15.1208 2.2
    endloop
  endfacet
  facet normal 0 0 -1
    outer loop
      vertex 48.7858 9.60424 2.2
      vertex 49.052 15.0216 2.2
      vertex 49.052 9.47836 2.2
    endloop
  endfacet
  facet normal 0 0 -1
    outer loop
      vertex 48.7858 9.60424 2.2
      vertex 48.7858 14.8958 2.2
      vertex 49.052 15.0216 2.2
    endloop
  endfacet
  facet normal 0 0 -1
    outer loop
      vertex 48.5333 9.75559 2.2
      vertex 48.7858 14.8958 2.2
      vertex 48.7858 9.60424 2.2
    endloop
  endfacet
  facet normal 0 0 -1
    outer loop
      vertex 48.5333 9.75559 2.2
      vertex 48.5333 14.7444 2.2
      vertex 48.7858 14.8958 2.2
    endloop
  endfacet
  facet normal 0 0 -1
    outer loop
      vertex 48.2968 9.93097 2.2
      vertex 48.5333 14.7444 2.2
      vertex 48.5333 9.75559 2.2
    endloop
  endfacet
  facet normal 0 0 -1
    outer loop
      vertex 48.2968 9.93097 2.2
      vertex 48.2968 14.569 2.2
      vertex 48.5333 14.7444 2.2
    endloop
  endfacet
  facet normal 0 0 -1
    outer loop
      vertex 48.0787 10.1287 2.2
      vertex 48.2968 14.569 2.2
      vertex 48.2968 9.93097 2.2
    endloop
  endfacet
  facet normal 0 0 -1
    outer loop
      vertex 48.0787 10.1287 2.2
      vertex 48.0787 14.3713 2.2
      vertex 48.2968 14.569 2.2
    endloop
  endfacet
  facet normal 0 0 -1
    outer loop
      vertex 47.881 10.3468 2.2
      vertex 48.0787 14.3713 2.2
      vertex 48.0787 10.1287 2.2
    endloop
  endfacet
  facet normal 0 0 -1
    outer loop
      vertex 47.881 10.3468 2.2
      vertex 47.881 14.1532 2.2
      vertex 48.0787 14.3713 2.2
    endloop
  endfacet
  facet normal 0 0 -1
    outer loop
      vertex 47.7056 10.5833 2.2
      vertex 47.881 14.1532 2.2
      vertex 47.881 10.3468 2.2
    endloop
  endfacet
  facet normal 0 0 -1
    outer loop
      vertex 47.7056 10.5833 2.2
      vertex 47.7056 13.9167 2.2
      vertex 47.881 14.1532 2.2
    endloop
  endfacet
  facet normal 0 0 -1
    outer loop
      vertex 47.5542 10.8358 2.2
      vertex 47.7056 13.9167 2.2
      vertex 47.7056 10.5833 2.2
    endloop
  endfacet
  facet normal 0 0 -1
    outer loop
      vertex 47.5542 10.8358 2.2
      vertex 47.5542 13.6642 2.2
      vertex 47.7056 13.9167 2.2
    endloop
  endfacet
  facet normal 0 0 -1
    outer loop
      vertex 47.4284 11.102 2.2
      vertex 47.5542 13.6642 2.2
      vertex 47.5542 10.8358 2.2
    endloop
  endfacet
  facet normal 0 0 -1
    outer loop
      vertex 47.4284 11.102 2.2
      vertex 47.4284 13.398 2.2
      vertex 47.5542 13.6642 2.2
    endloop
  endfacet
  facet normal 0 0 -1
    outer loop
      vertex 47.3292 11.3791 2.2
      vertex 47.4284 13.398 2.2
      vertex 47.4284 11.102 2.2
    endloop
  endfacet
  facet normal 0 0 -1
    outer loop
      vertex 47.3292 11.3791 2.2
      vertex 47.3292 13.1209 2.2
      vertex 47.4284 13.398 2.2
    endloop
  endfacet
  facet normal 0 0 -1
    outer loop
      vertex 47.2576 11.6647 2.2
      vertex 47.3292 13.1209 2.2
      vertex 47.3292 11.3791 2.2
    endloop
  endfacet
  facet normal 0 0 -1
    outer loop
      vertex 47.2576 11.6647 2.2
      vertex 47.2576 12.8353 2.2
      vertex 47.3292 13.1209 2.2
    endloop
  endfacet
  facet normal 0 0 -1
    outer loop
      vertex 47.2144 11.9559 2.2
      vertex 47.2576 12.8353 2.2
      vertex 47.2576 11.6647 2.2
    endloop
  endfacet
  facet normal 0 0 -1
    outer loop
      vertex 47.2144 11.9559 2.2
      vertex 47.2144 12.5441 2.2
      vertex 47.2576 12.8353 2.2
    endloop
  endfacet
  facet normal 0 -0 -1
    outer loop
      vertex 47.2144 12.5441 2.2
      vertex 47.2144 11.9559 2.2
      vertex 47.2 12.25 2.2
    endloop
  endfacet
  facet normal -0.671663 -0.740857 0
    outer loop
      vertex 48.0787 10.1287 2.2
      vertex 48.2968 9.93097 5.2
      vertex 48.0787 10.1287 5.2
    endloop
  endfacet
  facet normal -0.671663 -0.740857 -0
    outer loop
      vertex 48.2968 9.93097 5.2
      vertex 48.0787 10.1287 2.2
      vertex 48.2968 9.93097 2.2
    endloop
  endfacet
  facet normal -0.803208 0.595699 0
    outer loop
      vertex 47.7056 13.9167 2.2
      vertex 47.881 14.1532 5.2
      vertex 47.881 14.1532 2.2
    endloop
  endfacet
  facet normal -0.803208 0.595699 0
    outer loop
      vertex 47.881 14.1532 5.2
      vertex 47.7056 13.9167 2.2
      vertex 47.7056 13.9167 5.2
    endloop
  endfacet
  facet normal -0.0490738 -0.998795 0
    outer loop
      vertex 49.9059 9.26445 2.2
      vertex 50.2 9.25 5.2
      vertex 49.9059 9.26445 5.2
    endloop
  endfacet
  facet normal -0.0490738 -0.998795 -0
    outer loop
      vertex 50.2 9.25 5.2
      vertex 49.9059 9.26445 2.2
      vertex 50.2 9.25 2.2
    endloop
  endfacet
  facet normal -0.146712 -0.989179 0
    outer loop
      vertex 49.6147 9.30764 2.2
      vertex 49.9059 9.26445 5.2
      vertex 49.6147 9.30764 5.2
    endloop
  endfacet
  facet normal -0.146712 -0.989179 -0
    outer loop
      vertex 49.9059 9.26445 5.2
      vertex 49.6147 9.30764 2.2
      vertex 49.9059 9.26445 2.2
    endloop
  endfacet
  facet normal -0.989174 0.146746 0
    outer loop
      vertex 47.2144 12.5441 2.2
      vertex 47.2576 12.8353 5.2
      vertex 47.2576 12.8353 2.2
    endloop
  endfacet
  facet normal -0.989174 0.146746 0
    outer loop
      vertex 47.2576 12.8353 5.2
      vertex 47.2144 12.5441 2.2
      vertex 47.2144 12.5441 5.2
    endloop
  endfacet
  facet normal -0.998803 0.0489044 0
    outer loop
      vertex 47.2 12.25 2.2
      vertex 47.2144 12.5441 5.2
      vertex 47.2144 12.5441 2.2
    endloop
  endfacet
  facet normal -0.998803 0.0489044 0
    outer loop
      vertex 47.2144 12.5441 5.2
      vertex 47.2 12.25 2.2
      vertex 47.2 12.25 5.2
    endloop
  endfacet
  facet normal -0.336986 -0.94151 0
    outer loop
      vertex 49.052 9.47836 2.2
      vertex 49.3291 9.37918 5.2
      vertex 49.052 9.47836 5.2
    endloop
  endfacet
  facet normal -0.336986 -0.94151 -0
    outer loop
      vertex 49.3291 9.37918 5.2
      vertex 49.052 9.47836 2.2
      vertex 49.3291 9.37918 2.2
    endloop
  endfacet
  facet normal 0.671663 -0.740857 0
    outer loop
      vertex 52.1032 9.93097 2.2
      vertex 52.3213 10.1287 5.2
      vertex 52.1032 9.93097 5.2
    endloop
  endfacet
  facet normal 0.671663 -0.740857 0
    outer loop
      vertex 52.3213 10.1287 5.2
      vertex 52.1032 9.93097 2.2
      vertex 52.3213 10.1287 2.2
    endloop
  endfacet
  facet normal 0 0 1
    outer loop
      vertex 51.2 12.25 5.2
      vertex 53.2 12.25 5.2
      vertex 53.1856 12.5441 5.2
    endloop
  endfacet
  facet normal 0 0 1
    outer loop
      vertex 51.1952 12.348 5.2
      vertex 53.1856 12.5441 5.2
      vertex 53.1424 12.8353 5.2
    endloop
  endfacet
  facet normal 0 0 1
    outer loop
      vertex 53.2 12.25 5.2
      vertex 51.2 12.25 5.2
      vertex 53.1856 11.9559 5.2
    endloop
  endfacet
  facet normal 0 0 1
    outer loop
      vertex 51.1808 12.4451 5.2
      vertex 53.1424 12.8353 5.2
      vertex 53.0708 13.1209 5.2
    endloop
  endfacet
  facet normal -0 0 1
    outer loop
      vertex 51.1952 12.152 5.2
      vertex 53.1856 11.9559 5.2
      vertex 51.2 12.25 5.2
    endloop
  endfacet
  facet normal 0 0 1
    outer loop
      vertex 51.1569 12.5403 5.2
      vertex 53.0708 13.1209 5.2
      vertex 52.9716 13.398 5.2
    endloop
  endfacet
  facet normal 0 0 1
    outer loop
      vertex 53.1856 11.9559 5.2
      vertex 51.1952 12.152 5.2
      vertex 53.1424 11.6647 5.2
    endloop
  endfacet
  facet normal 0 0 1
    outer loop
      vertex 51.1239 12.6327 5.2
      vertex 52.9716 13.398 5.2
      vertex 52.8458 13.6642 5.2
    endloop
  endfacet
  facet normal -0 0 1
    outer loop
      vertex 51.1808 12.0549 5.2
      vertex 53.1424 11.6647 5.2
      vertex 51.1952 12.152 5.2
    endloop
  endfacet
  facet normal 0 0 1
    outer loop
      vertex 51.0819 12.7214 5.2
      vertex 52.8458 13.6642 5.2
      vertex 52.6944 13.9167 5.2
    endloop
  endfacet
  facet normal 0 0 1
    outer loop
      vertex 53.1424 11.6647 5.2
      vertex 51.1808 12.0549 5.2
      vertex 53.0708 11.3791 5.2
    endloop
  endfacet
  facet normal 0 0 1
    outer loop
      vertex 51.0315 12.8056 5.2
      vertex 52.6944 13.9167 5.2
      vertex 52.519 14.1532 5.2
    endloop
  endfacet
  facet normal -0 0 1
    outer loop
      vertex 51.1569 11.9597 5.2
      vertex 53.0708 11.3791 5.2
      vertex 51.1808 12.0549 5.2
    endloop
  endfacet
  facet normal 0 0 1
    outer loop
      vertex 50.973 12.8844 5.2
      vertex 52.519 14.1532 5.2
      vertex 52.3213 14.3713 5.2
    endloop
  endfacet
  facet normal 0 0 1
    outer loop
      vertex 53.0708 11.3791 5.2
      vertex 51.1569 11.9597 5.2
      vertex 52.9716 11.102 5.2
    endloop
  endfacet
  facet normal 0 0 1
    outer loop
      vertex 50.9071 12.9571 5.2
      vertex 52.3213 14.3713 5.2
      vertex 52.1032 14.569 5.2
    endloop
  endfacet
  facet normal -0 0 1
    outer loop
      vertex 51.1239 11.8673 5.2
      vertex 52.9716 11.102 5.2
      vertex 51.1569 11.9597 5.2
    endloop
  endfacet
  facet normal 0 0 1
    outer loop
      vertex 50.8344 13.023 5.2
      vertex 52.1032 14.569 5.2
      vertex 51.8667 14.7444 5.2
    endloop
  endfacet
  facet normal 0 0 1
    outer loop
      vertex 52.9716 11.102 5.2
      vertex 51.1239 11.8673 5.2
      vertex 52.8458 10.8358 5.2
    endloop
  endfacet
  facet normal 0 0 1
    outer loop
      vertex 50.7556 13.0815 5.2
      vertex 51.8667 14.7444 5.2
      vertex 51.6142 14.8958 5.2
    endloop
  endfacet
  facet normal -0 0 1
    outer loop
      vertex 51.0819 11.7786 5.2
      vertex 52.8458 10.8358 5.2
      vertex 51.1239 11.8673 5.2
    endloop
  endfacet
  facet normal 0 0 1
    outer loop
      vertex 50.6714 13.1319 5.2
      vertex 51.6142 14.8958 5.2
      vertex 51.348 15.0216 5.2
    endloop
  endfacet
  facet normal 0 0 1
    outer loop
      vertex 52.8458 10.8358 5.2
      vertex 51.0819 11.7786 5.2
      vertex 52.6944 10.5833 5.2
    endloop
  endfacet
  facet normal -0 0 1
    outer loop
      vertex 51.0315 11.6944 5.2
      vertex 52.6944 10.5833 5.2
      vertex 51.0819 11.7786 5.2
    endloop
  endfacet
  facet normal 0 0 1
    outer loop
      vertex 53.1856 12.5441 5.2
      vertex 51.1952 12.348 5.2
      vertex 51.2 12.25 5.2
    endloop
  endfacet
  facet normal 0 0 1
    outer loop
      vertex 53.1424 12.8353 5.2
      vertex 51.1808 12.4451 5.2
      vertex 51.1952 12.348 5.2
    endloop
  endfacet
  facet normal 0 0 1
    outer loop
      vertex 53.0708 13.1209 5.2
      vertex 51.1569 12.5403 5.2
      vertex 51.1808 12.4451 5.2
    endloop
  endfacet
  facet normal 0 0 1
    outer loop
      vertex 52.9716 13.398 5.2
      vertex 51.1239 12.6327 5.2
      vertex 51.1569 12.5403 5.2
    endloop
  endfacet
  facet normal 0 0 1
    outer loop
      vertex 52.8458 13.6642 5.2
      vertex 51.0819 12.7214 5.2
      vertex 51.1239 12.6327 5.2
    endloop
  endfacet
  facet normal 0 0 1
    outer loop
      vertex 50.5827 13.1739 5.2
      vertex 51.348 15.0216 5.2
      vertex 51.0709 15.1208 5.2
    endloop
  endfacet
  facet normal 0 0 1
    outer loop
      vertex 52.6944 13.9167 5.2
      vertex 51.0315 12.8056 5.2
      vertex 51.0819 12.7214 5.2
    endloop
  endfacet
  facet normal 0 0 1
    outer loop
      vertex 52.519 14.1532 5.2
      vertex 50.973 12.8844 5.2
      vertex 51.0315 12.8056 5.2
    endloop
  endfacet
  facet normal 0 0 1
    outer loop
      vertex 52.3213 14.3713 5.2
      vertex 50.9071 12.9571 5.2
      vertex 50.973 12.8844 5.2
    endloop
  endfacet
  facet normal 0 0 1
    outer loop
      vertex 52.1032 14.569 5.2
      vertex 50.8344 13.023 5.2
      vertex 50.9071 12.9571 5.2
    endloop
  endfacet
  facet normal 0 0 1
    outer loop
      vertex 50.4903 13.2069 5.2
      vertex 51.0709 15.1208 5.2
      vertex 50.7853 15.1924 5.2
    endloop
  endfacet
  facet normal 0 0 1
    outer loop
      vertex 51.8667 14.7444 5.2
      vertex 50.7556 13.0815 5.2
      vertex 50.8344 13.023 5.2
    endloop
  endfacet
  facet normal 0 0 1
    outer loop
      vertex 51.6142 14.8958 5.2
      vertex 50.6714 13.1319 5.2
      vertex 50.7556 13.0815 5.2
    endloop
  endfacet
  facet normal 0 0 1
    outer loop
      vertex 51.348 15.0216 5.2
      vertex 50.5827 13.1739 5.2
      vertex 50.6714 13.1319 5.2
    endloop
  endfacet
  facet normal 0 0 1
    outer loop
      vertex 50.3951 13.2308 5.2
      vertex 50.7853 15.1924 5.2
      vertex 50.4941 15.2356 5.2
    endloop
  endfacet
  facet normal 0 0 1
    outer loop
      vertex 51.0709 15.1208 5.2
      vertex 50.4903 13.2069 5.2
      vertex 50.5827 13.1739 5.2
    endloop
  endfacet
  facet normal 0 0 1
    outer loop
      vertex 50.7853 15.1924 5.2
      vertex 50.3951 13.2308 5.2
      vertex 50.4903 13.2069 5.2
    endloop
  endfacet
  facet normal 0 0 1
    outer loop
      vertex 50.4941 15.2356 5.2
      vertex 50.298 13.2452 5.2
      vertex 50.3951 13.2308 5.2
    endloop
  endfacet
  facet normal 0 0 1
    outer loop
      vertex 50.2 15.25 5.2
      vertex 50.298 13.2452 5.2
      vertex 50.4941 15.2356 5.2
    endloop
  endfacet
  facet normal 0 0 1
    outer loop
      vertex 50.2 15.25 5.2
      vertex 50.2 13.25 5.2
      vertex 50.298 13.2452 5.2
    endloop
  endfacet
  facet normal 0 0 1
    outer loop
      vertex 50.2 15.25 5.2
      vertex 50.102 13.2452 5.2
      vertex 50.2 13.25 5.2
    endloop
  endfacet
  facet normal -0 0 1
    outer loop
      vertex 49.9059 15.2356 5.2
      vertex 50.102 13.2452 5.2
      vertex 50.2 15.25 5.2
    endloop
  endfacet
  facet normal 0 0 1
    outer loop
      vertex 50.102 13.2452 5.2
      vertex 49.9059 15.2356 5.2
      vertex 50.0049 13.2308 5.2
    endloop
  endfacet
  facet normal -0 0 1
    outer loop
      vertex 49.6147 15.1924 5.2
      vertex 50.0049 13.2308 5.2
      vertex 49.9059 15.2356 5.2
    endloop
  endfacet
  facet normal 0 0 1
    outer loop
      vertex 50.0049 13.2308 5.2
      vertex 49.6147 15.1924 5.2
      vertex 49.9097 13.2069 5.2
    endloop
  endfacet
  facet normal -0 0 1
    outer loop
      vertex 49.3291 15.1208 5.2
      vertex 49.9097 13.2069 5.2
      vertex 49.6147 15.1924 5.2
    endloop
  endfacet
  facet normal 0 0 1
    outer loop
      vertex 49.9097 13.2069 5.2
      vertex 49.3291 15.1208 5.2
      vertex 49.8173 13.1739 5.2
    endloop
  endfacet
  facet normal -0 0 1
    outer loop
      vertex 49.052 15.0216 5.2
      vertex 49.8173 13.1739 5.2
      vertex 49.3291 15.1208 5.2
    endloop
  endfacet
  facet normal 0 0 1
    outer loop
      vertex 49.8173 13.1739 5.2
      vertex 49.052 15.0216 5.2
      vertex 49.7286 13.1319 5.2
    endloop
  endfacet
  facet normal -0 0 1
    outer loop
      vertex 48.7858 14.8958 5.2
      vertex 49.7286 13.1319 5.2
      vertex 49.052 15.0216 5.2
    endloop
  endfacet
  facet normal 0 0 1
    outer loop
      vertex 49.7286 13.1319 5.2
      vertex 48.7858 14.8958 5.2
      vertex 49.6444 13.0815 5.2
    endloop
  endfacet
  facet normal -0 0 1
    outer loop
      vertex 48.5333 14.7444 5.2
      vertex 49.6444 13.0815 5.2
      vertex 48.7858 14.8958 5.2
    endloop
  endfacet
  facet normal 0 0 1
    outer loop
      vertex 49.6444 13.0815 5.2
      vertex 48.5333 14.7444 5.2
      vertex 49.5656 13.023 5.2
    endloop
  endfacet
  facet normal -0 0 1
    outer loop
      vertex 48.2968 14.569 5.2
      vertex 49.5656 13.023 5.2
      vertex 48.5333 14.7444 5.2
    endloop
  endfacet
  facet normal 0 0 1
    outer loop
      vertex 49.5656 13.023 5.2
      vertex 48.2968 14.569 5.2
      vertex 49.4929 12.9571 5.2
    endloop
  endfacet
  facet normal -0 0 1
    outer loop
      vertex 48.0787 14.3713 5.2
      vertex 49.4929 12.9571 5.2
      vertex 48.2968 14.569 5.2
    endloop
  endfacet
  facet normal 0 0 1
    outer loop
      vertex 49.4929 12.9571 5.2
      vertex 48.0787 14.3713 5.2
      vertex 49.427 12.8844 5.2
    endloop
  endfacet
  facet normal -0 0 1
    outer loop
      vertex 47.881 14.1532 5.2
      vertex 49.427 12.8844 5.2
      vertex 48.0787 14.3713 5.2
    endloop
  endfacet
  facet normal 0 0 1
    outer loop
      vertex 49.427 12.8844 5.2
      vertex 47.881 14.1532 5.2
      vertex 49.3685 12.8056 5.2
    endloop
  endfacet
  facet normal -0 0 1
    outer loop
      vertex 47.7056 13.9167 5.2
      vertex 49.3685 12.8056 5.2
      vertex 47.881 14.1532 5.2
    endloop
  endfacet
  facet normal 0 0 1
    outer loop
      vertex 52.6944 10.5833 5.2
      vertex 51.0315 11.6944 5.2
      vertex 52.519 10.3468 5.2
    endloop
  endfacet
  facet normal -0 0 1
    outer loop
      vertex 50.973 11.6156 5.2
      vertex 52.519 10.3468 5.2
      vertex 51.0315 11.6944 5.2
    endloop
  endfacet
  facet normal 0 0 1
    outer loop
      vertex 52.519 10.3468 5.2
      vertex 50.973 11.6156 5.2
      vertex 52.3213 10.1287 5.2
    endloop
  endfacet
  facet normal -0 0 1
    outer loop
      vertex 50.9071 11.5429 5.2
      vertex 52.3213 10.1287 5.2
      vertex 50.973 11.6156 5.2
    endloop
  endfacet
  facet normal 0 0 1
    outer loop
      vertex 52.3213 10.1287 5.2
      vertex 50.9071 11.5429 5.2
      vertex 52.1032 9.93097 5.2
    endloop
  endfacet
  facet normal -0 0 1
    outer loop
      vertex 50.8344 11.477 5.2
      vertex 52.1032 9.93097 5.2
      vertex 50.9071 11.5429 5.2
    endloop
  endfacet
  facet normal 0 0 1
    outer loop
      vertex 52.1032 9.93097 5.2
      vertex 50.8344 11.477 5.2
      vertex 51.8667 9.75559 5.2
    endloop
  endfacet
  facet normal -0 0 1
    outer loop
      vertex 50.7556 11.4185 5.2
      vertex 51.8667 9.75559 5.2
      vertex 50.8344 11.477 5.2
    endloop
  endfacet
  facet normal 0 0 1
    outer loop
      vertex 51.8667 9.75559 5.2
      vertex 50.7556 11.4185 5.2
      vertex 51.6142 9.60424 5.2
    endloop
  endfacet
  facet normal -0 0 1
    outer loop
      vertex 50.6714 11.3681 5.2
      vertex 51.6142 9.60424 5.2
      vertex 50.7556 11.4185 5.2
    endloop
  endfacet
  facet normal 0 0 1
    outer loop
      vertex 51.6142 9.60424 5.2
      vertex 50.6714 11.3681 5.2
      vertex 51.348 9.47836 5.2
    endloop
  endfacet
  facet normal -0 0 1
    outer loop
      vertex 50.5827 11.3261 5.2
      vertex 51.348 9.47836 5.2
      vertex 50.6714 11.3681 5.2
    endloop
  endfacet
  facet normal 0 0 1
    outer loop
      vertex 51.348 9.47836 5.2
      vertex 50.5827 11.3261 5.2
      vertex 51.0709 9.37918 5.2
    endloop
  endfacet
  facet normal -0 0 1
    outer loop
      vertex 50.4903 11.2931 5.2
      vertex 51.0709 9.37918 5.2
      vertex 50.5827 11.3261 5.2
    endloop
  endfacet
  facet normal 0 0 1
    outer loop
      vertex 51.0709 9.37918 5.2
      vertex 50.4903 11.2931 5.2
      vertex 50.7853 9.30764 5.2
    endloop
  endfacet
  facet normal -0 0 1
    outer loop
      vertex 50.3951 11.2692 5.2
      vertex 50.7853 9.30764 5.2
      vertex 50.4903 11.2931 5.2
    endloop
  endfacet
  facet normal 0 0 1
    outer loop
      vertex 50.7853 9.30764 5.2
      vertex 50.3951 11.2692 5.2
      vertex 50.4941 9.26445 5.2
    endloop
  endfacet
  facet normal -0 0 1
    outer loop
      vertex 50.298 11.2548 5.2
      vertex 50.4941 9.26445 5.2
      vertex 50.3951 11.2692 5.2
    endloop
  endfacet
  facet normal -0 0 1
    outer loop
      vertex 50.2 11.25 5.2
      vertex 50.4941 9.26445 5.2
      vertex 50.298 11.2548 5.2
    endloop
  endfacet
  facet normal 0 0 1
    outer loop
      vertex 50.2 11.25 5.2
      vertex 50.2 9.25 5.2
      vertex 50.4941 9.26445 5.2
    endloop
  endfacet
  facet normal 0 0 1
    outer loop
      vertex 50.102 11.2548 5.2
      vertex 50.2 9.25 5.2
      vertex 50.2 11.25 5.2
    endloop
  endfacet
  facet normal 0 0 1
    outer loop
      vertex 49.9059 9.26445 5.2
      vertex 50.102 11.2548 5.2
      vertex 50.0049 11.2692 5.2
    endloop
  endfacet
  facet normal 0 0 1
    outer loop
      vertex 49.6147 9.30764 5.2
      vertex 50.0049 11.2692 5.2
      vertex 49.9097 11.2931 5.2
    endloop
  endfacet
  facet normal 0 0 1
    outer loop
      vertex 50.102 11.2548 5.2
      vertex 49.9059 9.26445 5.2
      vertex 50.2 9.25 5.2
    endloop
  endfacet
  facet normal 0 0 1
    outer loop
      vertex 49.3291 9.37918 5.2
      vertex 49.9097 11.2931 5.2
      vertex 49.8173 11.3261 5.2
    endloop
  endfacet
  facet normal 0 0 1
    outer loop
      vertex 49.052 9.47836 5.2
      vertex 49.8173 11.3261 5.2
      vertex 49.7286 11.3681 5.2
    endloop
  endfacet
  facet normal 0 0 1
    outer loop
      vertex 48.7858 9.60424 5.2
      vertex 49.7286 11.3681 5.2
      vertex 49.6444 11.4185 5.2
    endloop
  endfacet
  facet normal 0 0 1
    outer loop
      vertex 50.0049 11.2692 5.2
      vertex 49.6147 9.30764 5.2
      vertex 49.9059 9.26445 5.2
    endloop
  endfacet
  facet normal 0 0 1
    outer loop
      vertex 48.5333 9.75559 5.2
      vertex 49.6444 11.4185 5.2
      vertex 49.5656 11.477 5.2
    endloop
  endfacet
  facet normal 0 0 1
    outer loop
      vertex 48.2968 9.93097 5.2
      vertex 49.5656 11.477 5.2
      vertex 49.4929 11.5429 5.2
    endloop
  endfacet
  facet normal 0 0 1
    outer loop
      vertex 48.0787 10.1287 5.2
      vertex 49.4929 11.5429 5.2
      vertex 49.427 11.6156 5.2
    endloop
  endfacet
  facet normal 0 0 1
    outer loop
      vertex 47.881 10.3468 5.2
      vertex 49.427 11.6156 5.2
      vertex 49.3685 11.6944 5.2
    endloop
  endfacet
  facet normal 0 0 1
    outer loop
      vertex 49.9097 11.2931 5.2
      vertex 49.3291 9.37918 5.2
      vertex 49.6147 9.30764 5.2
    endloop
  endfacet
  facet normal 0 0 1
    outer loop
      vertex 47.7056 10.5833 5.2
      vertex 49.3685 11.6944 5.2
      vertex 49.3181 11.7786 5.2
    endloop
  endfacet
  facet normal 0 0 1
    outer loop
      vertex 47.5542 10.8358 5.2
      vertex 49.3181 11.7786 5.2
      vertex 49.2761 11.8673 5.2
    endloop
  endfacet
  facet normal 0 0 1
    outer loop
      vertex 47.4284 11.102 5.2
      vertex 49.2761 11.8673 5.2
      vertex 49.2431 11.9597 5.2
    endloop
  endfacet
  facet normal 0 0 1
    outer loop
      vertex 47.3292 11.3791 5.2
      vertex 49.2431 11.9597 5.2
      vertex 49.2192 12.0549 5.2
    endloop
  endfacet
  facet normal 0 0 1
    outer loop
      vertex 47.2576 11.6647 5.2
      vertex 49.2192 12.0549 5.2
      vertex 49.2048 12.152 5.2
    endloop
  endfacet
  facet normal 0 0 1
    outer loop
      vertex 47.2144 11.9559 5.2
      vertex 49.2048 12.152 5.2
      vertex 49.2 12.25 5.2
    endloop
  endfacet
  facet normal 0 0 1
    outer loop
      vertex 49.3685 12.8056 5.2
      vertex 47.7056 13.9167 5.2
      vertex 49.3181 12.7214 5.2
    endloop
  endfacet
  facet normal 0 0 1
    outer loop
      vertex 49.8173 11.3261 5.2
      vertex 49.052 9.47836 5.2
      vertex 49.3291 9.37918 5.2
    endloop
  endfacet
  facet normal -0 0 1
    outer loop
      vertex 47.5542 13.6642 5.2
      vertex 49.3181 12.7214 5.2
      vertex 47.7056 13.9167 5.2
    endloop
  endfacet
  facet normal 0 0 1
    outer loop
      vertex 49.7286 11.3681 5.2
      vertex 48.7858 9.60424 5.2
      vertex 49.052 9.47836 5.2
    endloop
  endfacet
  facet normal 0 0 1
    outer loop
      vertex 49.3181 12.7214 5.2
      vertex 47.5542 13.6642 5.2
      vertex 49.2761 12.6327 5.2
    endloop
  endfacet
  facet normal 0 0 1
    outer loop
      vertex 49.6444 11.4185 5.2
      vertex 48.5333 9.75559 5.2
      vertex 48.7858 9.60424 5.2
    endloop
  endfacet
  facet normal -0 0 1
    outer loop
      vertex 47.4284 13.398 5.2
      vertex 49.2761 12.6327 5.2
      vertex 47.5542 13.6642 5.2
    endloop
  endfacet
  facet normal 0 0 1
    outer loop
      vertex 49.5656 11.477 5.2
      vertex 48.2968 9.93097 5.2
      vertex 48.5333 9.75559 5.2
    endloop
  endfacet
  facet normal 0 0 1
    outer loop
      vertex 49.2761 12.6327 5.2
      vertex 47.4284 13.398 5.2
      vertex 49.2431 12.5403 5.2
    endloop
  endfacet
  facet normal 0 0 1
    outer loop
      vertex 49.4929 11.5429 5.2
      vertex 48.0787 10.1287 5.2
      vertex 48.2968 9.93097 5.2
    endloop
  endfacet
  facet normal -0 0 1
    outer loop
      vertex 47.3292 13.1209 5.2
      vertex 49.2431 12.5403 5.2
      vertex 47.4284 13.398 5.2
    endloop
  endfacet
  facet normal 0 0 1
    outer loop
      vertex 49.427 11.6156 5.2
      vertex 47.881 10.3468 5.2
      vertex 48.0787 10.1287 5.2
    endloop
  endfacet
  facet normal 0 0 1
    outer loop
      vertex 49.2431 12.5403 5.2
      vertex 47.3292 13.1209 5.2
      vertex 49.2192 12.4451 5.2
    endloop
  endfacet
  facet normal 0 0 1
    outer loop
      vertex 49.3685 11.6944 5.2
      vertex 47.7056 10.5833 5.2
      vertex 47.881 10.3468 5.2
    endloop
  endfacet
  facet normal -0 0 1
    outer loop
      vertex 47.2576 12.8353 5.2
      vertex 49.2192 12.4451 5.2
      vertex 47.3292 13.1209 5.2
    endloop
  endfacet
  facet normal 0 0 1
    outer loop
      vertex 49.3181 11.7786 5.2
      vertex 47.5542 10.8358 5.2
      vertex 47.7056 10.5833 5.2
    endloop
  endfacet
  facet normal 0 0 1
    outer loop
      vertex 49.2192 12.4451 5.2
      vertex 47.2576 12.8353 5.2
      vertex 49.2048 12.348 5.2
    endloop
  endfacet
  facet normal 0 0 1
    outer loop
      vertex 49.2761 11.8673 5.2
      vertex 47.4284 11.102 5.2
      vertex 47.5542 10.8358 5.2
    endloop
  endfacet
  facet normal -0 0 1
    outer loop
      vertex 47.2144 12.5441 5.2
      vertex 49.2048 12.348 5.2
      vertex 47.2576 12.8353 5.2
    endloop
  endfacet
  facet normal 0 0 1
    outer loop
      vertex 49.2431 11.9597 5.2
      vertex 47.3292 11.3791 5.2
      vertex 47.4284 11.102 5.2
    endloop
  endfacet
  facet normal 0 0 1
    outer loop
      vertex 49.2048 12.348 5.2
      vertex 47.2144 12.5441 5.2
      vertex 49.2 12.25 5.2
    endloop
  endfacet
  facet normal 0 0 1
    outer loop
      vertex 49.2192 12.0549 5.2
      vertex 47.2576 11.6647 5.2
      vertex 47.3292 11.3791 5.2
    endloop
  endfacet
  facet normal 0 0 1
    outer loop
      vertex 47.2 12.25 5.2
      vertex 49.2 12.25 5.2
      vertex 47.2144 12.5441 5.2
    endloop
  endfacet
  facet normal 0 0 1
    outer loop
      vertex 49.2048 12.152 5.2
      vertex 47.2144 11.9559 5.2
      vertex 47.2576 11.6647 5.2
    endloop
  endfacet
  facet normal 0 0 1
    outer loop
      vertex 49.2 12.25 5.2
      vertex 47.2 12.25 5.2
      vertex 47.2144 11.9559 5.2
    endloop
  endfacet
  facet normal -0.740908 -0.671607 0
    outer loop
      vertex 50.973 12.8844 3.2
      vertex 50.9071 12.9571 5.2
      vertex 50.9071 12.9571 3.2
    endloop
  endfacet
  facet normal -0.740908 -0.671607 0
    outer loop
      vertex 50.9071 12.9571 5.2
      vertex 50.973 12.8844 3.2
      vertex 50.973 12.8844 5.2
    endloop
  endfacet
  facet normal -0.989182 -0.146696 0
    outer loop
      vertex 51.1952 12.348 3.2
      vertex 51.1808 12.4451 5.2
      vertex 51.1808 12.4451 3.2
    endloop
  endfacet
  facet normal -0.989182 -0.146696 0
    outer loop
      vertex 51.1808 12.4451 5.2
      vertex 51.1952 12.348 3.2
      vertex 51.1952 12.348 5.2
    endloop
  endfacet
  facet normal -0.998803 -0.0489209 0
    outer loop
      vertex 51.2 12.25 3.2
      vertex 51.1952 12.348 5.2
      vertex 51.1952 12.348 3.2
    endloop
  endfacet
  facet normal -0.998803 -0.0489209 0
    outer loop
      vertex 51.1952 12.348 5.2
      vertex 51.2 12.25 3.2
      vertex 51.2 12.25 5.2
    endloop
  endfacet
  facet normal -0.969902 -0.243494 0
    outer loop
      vertex 51.1808 12.4451 3.2
      vertex 51.1569 12.5403 5.2
      vertex 51.1569 12.5403 3.2
    endloop
  endfacet
  facet normal -0.969902 -0.243494 0
    outer loop
      vertex 51.1569 12.5403 5.2
      vertex 51.1808 12.4451 3.2
      vertex 51.1808 12.4451 5.2
    endloop
  endfacet
  facet normal -0.336336 0.941742 0
    outer loop
      vertex 50.5827 11.3261 3.2
      vertex 50.4903 11.2931 5.2
      vertex 50.5827 11.3261 5.2
    endloop
  endfacet
  facet normal -0.336336 0.941742 0
    outer loop
      vertex 50.4903 11.2931 5.2
      vertex 50.5827 11.3261 3.2
      vertex 50.4903 11.2931 3.2
    endloop
  endfacet
  facet normal -0.858032 -0.513596 0
    outer loop
      vertex 51.0819 12.7214 3.2
      vertex 51.0315 12.8056 5.2
      vertex 51.0315 12.8056 3.2
    endloop
  endfacet
  facet normal -0.858032 -0.513596 0
    outer loop
      vertex 51.0315 12.8056 5.2
      vertex 51.0819 12.7214 3.2
      vertex 51.0819 12.7214 5.2
    endloop
  endfacet
  facet normal -0.941742 -0.336336 0
    outer loop
      vertex 51.1569 12.5403 3.2
      vertex 51.1239 12.6327 5.2
      vertex 51.1239 12.6327 3.2
    endloop
  endfacet
  facet normal -0.941742 -0.336336 0
    outer loop
      vertex 51.1239 12.6327 5.2
      vertex 51.1569 12.5403 3.2
      vertex 51.1569 12.5403 5.2
    endloop
  endfacet
  facet normal -0.243494 -0.969902 0
    outer loop
      vertex 50.3951 13.2308 3.2
      vertex 50.4903 13.2069 5.2
      vertex 50.3951 13.2308 5.2
    endloop
  endfacet
  facet normal -0.243494 -0.969902 -0
    outer loop
      vertex 50.4903 13.2069 5.2
      vertex 50.3951 13.2308 3.2
      vertex 50.4903 13.2069 3.2
    endloop
  endfacet
  facet normal 0.740908 -0.671607 0
    outer loop
      vertex 49.427 12.8844 5.2
      vertex 49.4929 12.9571 3.2
      vertex 49.4929 12.9571 5.2
    endloop
  endfacet
  facet normal 0.740908 -0.671607 0
    outer loop
      vertex 49.4929 12.9571 3.2
      vertex 49.427 12.8844 5.2
      vertex 49.427 12.8844 3.2
    endloop
  endfacet
  facet normal -0.0489209 0.998803 0
    outer loop
      vertex 50.298 11.2548 3.2
      vertex 50.2 11.25 5.2
      vertex 50.298 11.2548 5.2
    endloop
  endfacet
  facet normal -0.0489209 0.998803 0
    outer loop
      vertex 50.2 11.25 5.2
      vertex 50.298 11.2548 3.2
      vertex 50.2 11.25 3.2
    endloop
  endfacet
  facet normal -0.427955 -0.9038 0
    outer loop
      vertex 50.5827 13.1739 3.2
      vertex 50.6714 13.1319 5.2
      vertex 50.5827 13.1739 5.2
    endloop
  endfacet
  facet normal -0.427955 -0.9038 -0
    outer loop
      vertex 50.6714 13.1319 5.2
      vertex 50.5827 13.1739 3.2
      vertex 50.6714 13.1319 3.2
    endloop
  endfacet
  facet normal -0.671607 -0.740908 0
    outer loop
      vertex 50.8344 13.023 3.2
      vertex 50.9071 12.9571 5.2
      vertex 50.8344 13.023 5.2
    endloop
  endfacet
  facet normal -0.671607 -0.740908 -0
    outer loop
      vertex 50.9071 12.9571 5.2
      vertex 50.8344 13.023 3.2
      vertex 50.9071 12.9571 3.2
    endloop
  endfacet
  facet normal 0.59608 0.802925 -0
    outer loop
      vertex 49.6444 11.4185 3.2
      vertex 49.5656 11.477 5.2
      vertex 49.6444 11.4185 5.2
    endloop
  endfacet
  facet normal 0.59608 0.802925 0
    outer loop
      vertex 49.5656 11.477 5.2
      vertex 49.6444 11.4185 3.2
      vertex 49.5656 11.477 3.2
    endloop
  endfacet
  facet normal -0.243494 0.969902 0
    outer loop
      vertex 50.4903 11.2931 3.2
      vertex 50.3951 11.2692 5.2
      vertex 50.4903 11.2931 5.2
    endloop
  endfacet
  facet normal -0.243494 0.969902 0
    outer loop
      vertex 50.3951 11.2692 5.2
      vertex 50.4903 11.2931 3.2
      vertex 50.3951 11.2692 3.2
    endloop
  endfacet
  facet normal -0.989182 0.146696 0
    outer loop
      vertex 51.1808 12.0549 3.2
      vertex 51.1952 12.152 5.2
      vertex 51.1952 12.152 3.2
    endloop
  endfacet
  facet normal -0.989182 0.146696 0
    outer loop
      vertex 51.1952 12.152 5.2
      vertex 51.1808 12.0549 3.2
      vertex 51.1808 12.0549 5.2
    endloop
  endfacet
  facet normal -0.513596 0.858032 0
    outer loop
      vertex 50.7556 11.4185 3.2
      vertex 50.6714 11.3681 5.2
      vertex 50.7556 11.4185 5.2
    endloop
  endfacet
  facet normal -0.513596 0.858032 0
    outer loop
      vertex 50.6714 11.3681 5.2
      vertex 50.7556 11.4185 3.2
      vertex 50.6714 11.3681 3.2
    endloop
  endfacet
  facet normal 0.243494 0.969902 -0
    outer loop
      vertex 50.0049 11.2692 3.2
      vertex 49.9097 11.2931 5.2
      vertex 50.0049 11.2692 5.2
    endloop
  endfacet
  facet normal 0.243494 0.969902 0
    outer loop
      vertex 49.9097 11.2931 5.2
      vertex 50.0049 11.2692 3.2
      vertex 49.9097 11.2931 3.2
    endloop
  endfacet
  facet normal 0.59608 -0.802925 0
    outer loop
      vertex 49.5656 13.023 3.2
      vertex 49.6444 13.0815 5.2
      vertex 49.5656 13.023 5.2
    endloop
  endfacet
  facet normal 0.59608 -0.802925 0
    outer loop
      vertex 49.6444 13.0815 5.2
      vertex 49.5656 13.023 3.2
      vertex 49.6444 13.0815 3.2
    endloop
  endfacet
  facet normal 0.998803 0.0489209 0
    outer loop
      vertex 49.2048 12.152 5.2
      vertex 49.2 12.25 3.2
      vertex 49.2 12.25 5.2
    endloop
  endfacet
  facet normal 0.998803 0.0489209 0
    outer loop
      vertex 49.2 12.25 3.2
      vertex 49.2048 12.152 5.2
      vertex 49.2048 12.152 3.2
    endloop
  endfacet
  facet normal 0.969902 0.243494 0
    outer loop
      vertex 49.2431 11.9597 5.2
      vertex 49.2192 12.0549 3.2
      vertex 49.2192 12.0549 5.2
    endloop
  endfacet
  facet normal 0.969902 0.243494 0
    outer loop
      vertex 49.2192 12.0549 3.2
      vertex 49.2431 11.9597 5.2
      vertex 49.2431 11.9597 3.2
    endloop
  endfacet
  facet normal -0.969902 0.243494 0
    outer loop
      vertex 51.1569 11.9597 3.2
      vertex 51.1808 12.0549 5.2
      vertex 51.1808 12.0549 3.2
    endloop
  endfacet
  facet normal -0.969902 0.243494 0
    outer loop
      vertex 51.1808 12.0549 5.2
      vertex 51.1569 11.9597 3.2
      vertex 51.1569 11.9597 5.2
    endloop
  endfacet
  facet normal 0.513596 -0.858032 0
    outer loop
      vertex 49.6444 13.0815 3.2
      vertex 49.7286 13.1319 5.2
      vertex 49.6444 13.0815 5.2
    endloop
  endfacet
  facet normal 0.513596 -0.858032 0
    outer loop
      vertex 49.7286 13.1319 5.2
      vertex 49.6444 13.0815 3.2
      vertex 49.7286 13.1319 3.2
    endloop
  endfacet
  facet normal -0.59608 -0.802925 0
    outer loop
      vertex 50.7556 13.0815 3.2
      vertex 50.8344 13.023 5.2
      vertex 50.7556 13.0815 5.2
    endloop
  endfacet
  facet normal -0.59608 -0.802925 -0
    outer loop
      vertex 50.8344 13.023 5.2
      vertex 50.7556 13.0815 3.2
      vertex 50.8344 13.023 3.2
    endloop
  endfacet
  facet normal 0.9038 0.427955 0
    outer loop
      vertex 49.3181 11.7786 5.2
      vertex 49.2761 11.8673 3.2
      vertex 49.2761 11.8673 5.2
    endloop
  endfacet
  facet normal 0.9038 0.427955 0
    outer loop
      vertex 49.2761 11.8673 3.2
      vertex 49.3181 11.7786 5.2
      vertex 49.3181 11.7786 3.2
    endloop
  endfacet
  facet normal -0.941742 0.336336 0
    outer loop
      vertex 51.1239 11.8673 3.2
      vertex 51.1569 11.9597 5.2
      vertex 51.1569 11.9597 3.2
    endloop
  endfacet
  facet normal -0.941742 0.336336 0
    outer loop
      vertex 51.1569 11.9597 5.2
      vertex 51.1239 11.8673 3.2
      vertex 51.1239 11.8673 5.2
    endloop
  endfacet
  facet normal -0.146696 -0.989182 0
    outer loop
      vertex 50.298 13.2452 3.2
      vertex 50.3951 13.2308 5.2
      vertex 50.298 13.2452 5.2
    endloop
  endfacet
  facet normal -0.146696 -0.989182 -0
    outer loop
      vertex 50.3951 13.2308 5.2
      vertex 50.298 13.2452 3.2
      vertex 50.3951 13.2308 3.2
    endloop
  endfacet
  facet normal 0.427955 -0.9038 0
    outer loop
      vertex 49.7286 13.1319 3.2
      vertex 49.8173 13.1739 5.2
      vertex 49.7286 13.1319 5.2
    endloop
  endfacet
  facet normal 0.427955 -0.9038 0
    outer loop
      vertex 49.8173 13.1739 5.2
      vertex 49.7286 13.1319 3.2
      vertex 49.8173 13.1739 3.2
    endloop
  endfacet
  facet normal -0.513596 -0.858032 0
    outer loop
      vertex 50.6714 13.1319 3.2
      vertex 50.7556 13.0815 5.2
      vertex 50.6714 13.1319 5.2
    endloop
  endfacet
  facet normal -0.513596 -0.858032 -0
    outer loop
      vertex 50.7556 13.0815 5.2
      vertex 50.6714 13.1319 3.2
      vertex 50.7556 13.0815 3.2
    endloop
  endfacet
  facet normal -0.427955 0.9038 0
    outer loop
      vertex 50.6714 11.3681 3.2
      vertex 50.5827 11.3261 5.2
      vertex 50.6714 11.3681 5.2
    endloop
  endfacet
  facet normal -0.427955 0.9038 0
    outer loop
      vertex 50.5827 11.3261 5.2
      vertex 50.6714 11.3681 3.2
      vertex 50.5827 11.3261 3.2
    endloop
  endfacet
  facet normal 0.941742 0.336336 0
    outer loop
      vertex 49.2761 11.8673 5.2
      vertex 49.2431 11.9597 3.2
      vertex 49.2431 11.9597 5.2
    endloop
  endfacet
  facet normal 0.941742 0.336336 0
    outer loop
      vertex 49.2431 11.9597 3.2
      vertex 49.2761 11.8673 5.2
      vertex 49.2761 11.8673 3.2
    endloop
  endfacet
  facet normal -0.858032 0.513596 0
    outer loop
      vertex 51.0315 11.6944 3.2
      vertex 51.0819 11.7786 5.2
      vertex 51.0819 11.7786 3.2
    endloop
  endfacet
  facet normal -0.858032 0.513596 0
    outer loop
      vertex 51.0819 11.7786 5.2
      vertex 51.0315 11.6944 3.2
      vertex 51.0315 11.6944 5.2
    endloop
  endfacet
  facet normal -0.9038 0.427955 0
    outer loop
      vertex 51.0819 11.7786 3.2
      vertex 51.1239 11.8673 5.2
      vertex 51.1239 11.8673 3.2
    endloop
  endfacet
  facet normal -0.9038 0.427955 0
    outer loop
      vertex 51.1239 11.8673 5.2
      vertex 51.0819 11.7786 3.2
      vertex 51.0819 11.7786 5.2
    endloop
  endfacet
  facet normal -0.998803 0.0489209 0
    outer loop
      vertex 51.1952 12.152 3.2
      vertex 51.2 12.25 5.2
      vertex 51.2 12.25 3.2
    endloop
  endfacet
  facet normal -0.998803 0.0489209 0
    outer loop
      vertex 51.2 12.25 5.2
      vertex 51.1952 12.152 3.2
      vertex 51.1952 12.152 5.2
    endloop
  endfacet
  facet normal 0.146696 -0.989182 0
    outer loop
      vertex 50.0049 13.2308 3.2
      vertex 50.102 13.2452 5.2
      vertex 50.0049 13.2308 5.2
    endloop
  endfacet
  facet normal 0.146696 -0.989182 0
    outer loop
      vertex 50.102 13.2452 5.2
      vertex 50.0049 13.2308 3.2
      vertex 50.102 13.2452 3.2
    endloop
  endfacet
  facet normal -0.146696 0.989182 0
    outer loop
      vertex 50.3951 11.2692 3.2
      vertex 50.298 11.2548 5.2
      vertex 50.3951 11.2692 5.2
    endloop
  endfacet
  facet normal -0.146696 0.989182 0
    outer loop
      vertex 50.298 11.2548 5.2
      vertex 50.3951 11.2692 3.2
      vertex 50.298 11.2548 3.2
    endloop
  endfacet
  facet normal -0.740908 0.671607 0
    outer loop
      vertex 50.9071 11.5429 3.2
      vertex 50.973 11.6156 5.2
      vertex 50.973 11.6156 3.2
    endloop
  endfacet
  facet normal -0.740908 0.671607 0
    outer loop
      vertex 50.973 11.6156 5.2
      vertex 50.9071 11.5429 3.2
      vertex 50.9071 11.5429 5.2
    endloop
  endfacet
  facet normal -0.802925 0.59608 0
    outer loop
      vertex 50.973 11.6156 3.2
      vertex 51.0315 11.6944 5.2
      vertex 51.0315 11.6944 3.2
    endloop
  endfacet
  facet normal -0.802925 0.59608 0
    outer loop
      vertex 51.0315 11.6944 5.2
      vertex 50.973 11.6156 3.2
      vertex 50.973 11.6156 5.2
    endloop
  endfacet
  facet normal 0.243494 -0.969902 0
    outer loop
      vertex 49.9097 13.2069 3.2
      vertex 50.0049 13.2308 5.2
      vertex 49.9097 13.2069 5.2
    endloop
  endfacet
  facet normal 0.243494 -0.969902 0
    outer loop
      vertex 50.0049 13.2308 5.2
      vertex 49.9097 13.2069 3.2
      vertex 50.0049 13.2308 3.2
    endloop
  endfacet
  facet normal -0.802925 -0.59608 0
    outer loop
      vertex 51.0315 12.8056 3.2
      vertex 50.973 12.8844 5.2
      vertex 50.973 12.8844 3.2
    endloop
  endfacet
  facet normal -0.802925 -0.59608 0
    outer loop
      vertex 50.973 12.8844 5.2
      vertex 51.0315 12.8056 3.2
      vertex 51.0315 12.8056 5.2
    endloop
  endfacet
  facet normal -0.0489209 -0.998803 0
    outer loop
      vertex 50.2 13.25 3.2
      vertex 50.298 13.2452 5.2
      vertex 50.2 13.25 5.2
    endloop
  endfacet
  facet normal -0.0489209 -0.998803 -0
    outer loop
      vertex 50.298 13.2452 5.2
      vertex 50.2 13.25 3.2
      vertex 50.298 13.2452 3.2
    endloop
  endfacet
  facet normal -0.9038 -0.427955 0
    outer loop
      vertex 51.1239 12.6327 3.2
      vertex 51.0819 12.7214 5.2
      vertex 51.0819 12.7214 3.2
    endloop
  endfacet
  facet normal -0.9038 -0.427955 0
    outer loop
      vertex 51.0819 12.7214 5.2
      vertex 51.1239 12.6327 3.2
      vertex 51.1239 12.6327 5.2
    endloop
  endfacet
  facet normal 0.858032 -0.513596 0
    outer loop
      vertex 49.3181 12.7214 5.2
      vertex 49.3685 12.8056 3.2
      vertex 49.3685 12.8056 5.2
    endloop
  endfacet
  facet normal 0.858032 -0.513596 0
    outer loop
      vertex 49.3685 12.8056 3.2
      vertex 49.3181 12.7214 5.2
      vertex 49.3181 12.7214 3.2
    endloop
  endfacet
  facet normal 0.671607 -0.740908 0
    outer loop
      vertex 49.4929 12.9571 3.2
      vertex 49.5656 13.023 5.2
      vertex 49.4929 12.9571 5.2
    endloop
  endfacet
  facet normal 0.671607 -0.740908 0
    outer loop
      vertex 49.5656 13.023 5.2
      vertex 49.4929 12.9571 3.2
      vertex 49.5656 13.023 3.2
    endloop
  endfacet
  facet normal 0.858032 0.513596 0
    outer loop
      vertex 49.3685 11.6944 5.2
      vertex 49.3181 11.7786 3.2
      vertex 49.3181 11.7786 5.2
    endloop
  endfacet
  facet normal 0.858032 0.513596 0
    outer loop
      vertex 49.3181 11.7786 3.2
      vertex 49.3685 11.6944 5.2
      vertex 49.3685 11.6944 3.2
    endloop
  endfacet
  facet normal 0.427955 0.9038 -0
    outer loop
      vertex 49.8173 11.3261 3.2
      vertex 49.7286 11.3681 5.2
      vertex 49.8173 11.3261 5.2
    endloop
  endfacet
  facet normal 0.427955 0.9038 0
    outer loop
      vertex 49.7286 11.3681 5.2
      vertex 49.8173 11.3261 3.2
      vertex 49.7286 11.3681 3.2
    endloop
  endfacet
  facet normal 0.740908 0.671607 0
    outer loop
      vertex 49.4929 11.5429 5.2
      vertex 49.427 11.6156 3.2
      vertex 49.427 11.6156 5.2
    endloop
  endfacet
  facet normal 0.740908 0.671607 0
    outer loop
      vertex 49.427 11.6156 3.2
      vertex 49.4929 11.5429 5.2
      vertex 49.4929 11.5429 3.2
    endloop
  endfacet
  facet normal 0.336336 -0.941742 0
    outer loop
      vertex 49.8173 13.1739 3.2
      vertex 49.9097 13.2069 5.2
      vertex 49.8173 13.1739 5.2
    endloop
  endfacet
  facet normal 0.336336 -0.941742 0
    outer loop
      vertex 49.9097 13.2069 5.2
      vertex 49.8173 13.1739 3.2
      vertex 49.9097 13.2069 3.2
    endloop
  endfacet
  facet normal 0.513596 0.858032 -0
    outer loop
      vertex 49.7286 11.3681 3.2
      vertex 49.6444 11.4185 5.2
      vertex 49.7286 11.3681 5.2
    endloop
  endfacet
  facet normal 0.513596 0.858032 0
    outer loop
      vertex 49.6444 11.4185 5.2
      vertex 49.7286 11.3681 3.2
      vertex 49.6444 11.4185 3.2
    endloop
  endfacet
  facet normal -0.59608 0.802925 0
    outer loop
      vertex 50.8344 11.477 3.2
      vertex 50.7556 11.4185 5.2
      vertex 50.8344 11.477 5.2
    endloop
  endfacet
  facet normal -0.59608 0.802925 0
    outer loop
      vertex 50.7556 11.4185 5.2
      vertex 50.8344 11.477 3.2
      vertex 50.7556 11.4185 3.2
    endloop
  endfacet
  facet normal 0.0489209 -0.998803 0
    outer loop
      vertex 50.102 13.2452 3.2
      vertex 50.2 13.25 5.2
      vertex 50.102 13.2452 5.2
    endloop
  endfacet
  facet normal 0.0489209 -0.998803 0
    outer loop
      vertex 50.2 13.25 5.2
      vertex 50.102 13.2452 3.2
      vertex 50.2 13.25 3.2
    endloop
  endfacet
  facet normal 0.969902 -0.243494 0
    outer loop
      vertex 49.2192 12.4451 5.2
      vertex 49.2431 12.5403 3.2
      vertex 49.2431 12.5403 5.2
    endloop
  endfacet
  facet normal 0.969902 -0.243494 0
    outer loop
      vertex 49.2431 12.5403 3.2
      vertex 49.2192 12.4451 5.2
      vertex 49.2192 12.4451 3.2
    endloop
  endfacet
  facet normal 0.941742 -0.336336 0
    outer loop
      vertex 49.2431 12.5403 5.2
      vertex 49.2761 12.6327 3.2
      vertex 49.2761 12.6327 5.2
    endloop
  endfacet
  facet normal 0.941742 -0.336336 0
    outer loop
      vertex 49.2761 12.6327 3.2
      vertex 49.2431 12.5403 5.2
      vertex 49.2431 12.5403 3.2
    endloop
  endfacet
  facet normal 0.989182 0.146696 0
    outer loop
      vertex 49.2192 12.0549 5.2
      vertex 49.2048 12.152 3.2
      vertex 49.2048 12.152 5.2
    endloop
  endfacet
  facet normal 0.989182 0.146696 0
    outer loop
      vertex 49.2048 12.152 3.2
      vertex 49.2192 12.0549 5.2
      vertex 49.2192 12.0549 3.2
    endloop
  endfacet
  facet normal -0.336336 -0.941742 0
    outer loop
      vertex 50.4903 13.2069 3.2
      vertex 50.5827 13.1739 5.2
      vertex 50.4903 13.2069 5.2
    endloop
  endfacet
  facet normal -0.336336 -0.941742 -0
    outer loop
      vertex 50.5827 13.1739 5.2
      vertex 50.4903 13.2069 3.2
      vertex 50.5827 13.1739 3.2
    endloop
  endfacet
  facet normal 0.802925 0.59608 0
    outer loop
      vertex 49.427 11.6156 5.2
      vertex 49.3685 11.6944 3.2
      vertex 49.3685 11.6944 5.2
    endloop
  endfacet
  facet normal 0.802925 0.59608 0
    outer loop
      vertex 49.3685 11.6944 3.2
      vertex 49.427 11.6156 5.2
      vertex 49.427 11.6156 3.2
    endloop
  endfacet
  facet normal 0.9038 -0.427955 0
    outer loop
      vertex 49.2761 12.6327 5.2
      vertex 49.3181 12.7214 3.2
      vertex 49.3181 12.7214 5.2
    endloop
  endfacet
  facet normal 0.9038 -0.427955 0
    outer loop
      vertex 49.3181 12.7214 3.2
      vertex 49.2761 12.6327 5.2
      vertex 49.2761 12.6327 3.2
    endloop
  endfacet
  facet normal 0 0 1
    outer loop
      vertex 51.1952 12.348 3.2
      vertex 51.1952 12.152 3.2
      vertex 51.2 12.25 3.2
    endloop
  endfacet
  facet normal 0 0 1
    outer loop
      vertex 51.1808 12.4451 3.2
      vertex 51.1952 12.152 3.2
      vertex 51.1952 12.348 3.2
    endloop
  endfacet
  facet normal 0 0 1
    outer loop
      vertex 51.1808 12.4451 3.2
      vertex 51.1808 12.0549 3.2
      vertex 51.1952 12.152 3.2
    endloop
  endfacet
  facet normal 0 0 1
    outer loop
      vertex 51.1569 12.5403 3.2
      vertex 51.1808 12.0549 3.2
      vertex 51.1808 12.4451 3.2
    endloop
  endfacet
  facet normal 0 0 1
    outer loop
      vertex 51.1569 12.5403 3.2
      vertex 51.1569 11.9597 3.2
      vertex 51.1808 12.0549 3.2
    endloop
  endfacet
  facet normal 0 0 1
    outer loop
      vertex 51.1239 12.6327 3.2
      vertex 51.1569 11.9597 3.2
      vertex 51.1569 12.5403 3.2
    endloop
  endfacet
  facet normal 0 0 1
    outer loop
      vertex 51.1239 12.6327 3.2
      vertex 51.1239 11.8673 3.2
      vertex 51.1569 11.9597 3.2
    endloop
  endfacet
  facet normal 0 0 1
    outer loop
      vertex 51.0819 12.7214 3.2
      vertex 51.1239 11.8673 3.2
      vertex 51.1239 12.6327 3.2
    endloop
  endfacet
  facet normal 0 0 1
    outer loop
      vertex 51.0819 12.7214 3.2
      vertex 51.0819 11.7786 3.2
      vertex 51.1239 11.8673 3.2
    endloop
  endfacet
  facet normal 0 0 1
    outer loop
      vertex 51.0315 12.8056 3.2
      vertex 51.0819 11.7786 3.2
      vertex 51.0819 12.7214 3.2
    endloop
  endfacet
  facet normal 0 0 1
    outer loop
      vertex 51.0315 12.8056 3.2
      vertex 51.0315 11.6944 3.2
      vertex 51.0819 11.7786 3.2
    endloop
  endfacet
  facet normal 0 0 1
    outer loop
      vertex 50.973 12.8844 3.2
      vertex 51.0315 11.6944 3.2
      vertex 51.0315 12.8056 3.2
    endloop
  endfacet
  facet normal 0 0 1
    outer loop
      vertex 50.973 12.8844 3.2
      vertex 50.973 11.6156 3.2
      vertex 51.0315 11.6944 3.2
    endloop
  endfacet
  facet normal 0 0 1
    outer loop
      vertex 50.9071 12.9571 3.2
      vertex 50.973 11.6156 3.2
      vertex 50.973 12.8844 3.2
    endloop
  endfacet
  facet normal 0 0 1
    outer loop
      vertex 50.9071 12.9571 3.2
      vertex 50.9071 11.5429 3.2
      vertex 50.973 11.6156 3.2
    endloop
  endfacet
  facet normal 0 0 1
    outer loop
      vertex 50.8344 13.023 3.2
      vertex 50.9071 11.5429 3.2
      vertex 50.9071 12.9571 3.2
    endloop
  endfacet
  facet normal 0 0 1
    outer loop
      vertex 50.8344 13.023 3.2
      vertex 50.8344 11.477 3.2
      vertex 50.9071 11.5429 3.2
    endloop
  endfacet
  facet normal 0 0 1
    outer loop
      vertex 50.7556 13.0815 3.2
      vertex 50.8344 11.477 3.2
      vertex 50.8344 13.023 3.2
    endloop
  endfacet
  facet normal 0 0 1
    outer loop
      vertex 50.7556 13.0815 3.2
      vertex 50.7556 11.4185 3.2
      vertex 50.8344 11.477 3.2
    endloop
  endfacet
  facet normal 0 0 1
    outer loop
      vertex 50.6714 13.1319 3.2
      vertex 50.7556 11.4185 3.2
      vertex 50.7556 13.0815 3.2
    endloop
  endfacet
  facet normal 0 0 1
    outer loop
      vertex 50.6714 13.1319 3.2
      vertex 50.6714 11.3681 3.2
      vertex 50.7556 11.4185 3.2
    endloop
  endfacet
  facet normal 0 0 1
    outer loop
      vertex 50.5827 13.1739 3.2
      vertex 50.6714 11.3681 3.2
      vertex 50.6714 13.1319 3.2
    endloop
  endfacet
  facet normal 0 0 1
    outer loop
      vertex 50.5827 13.1739 3.2
      vertex 50.5827 11.3261 3.2
      vertex 50.6714 11.3681 3.2
    endloop
  endfacet
  facet normal 0 0 1
    outer loop
      vertex 50.4903 13.2069 3.2
      vertex 50.5827 11.3261 3.2
      vertex 50.5827 13.1739 3.2
    endloop
  endfacet
  facet normal 0 0 1
    outer loop
      vertex 50.4903 13.2069 3.2
      vertex 50.4903 11.2931 3.2
      vertex 50.5827 11.3261 3.2
    endloop
  endfacet
  facet normal 0 0 1
    outer loop
      vertex 50.3951 13.2308 3.2
      vertex 50.4903 11.2931 3.2
      vertex 50.4903 13.2069 3.2
    endloop
  endfacet
  facet normal 0 0 1
    outer loop
      vertex 50.3951 13.2308 3.2
      vertex 50.3951 11.2692 3.2
      vertex 50.4903 11.2931 3.2
    endloop
  endfacet
  facet normal 0 0 1
    outer loop
      vertex 50.298 13.2452 3.2
      vertex 50.3951 11.2692 3.2
      vertex 50.3951 13.2308 3.2
    endloop
  endfacet
  facet normal 0 0 1
    outer loop
      vertex 50.298 13.2452 3.2
      vertex 50.298 11.2548 3.2
      vertex 50.3951 11.2692 3.2
    endloop
  endfacet
  facet normal 0 0 1
    outer loop
      vertex 50.2 13.25 3.2
      vertex 50.298 11.2548 3.2
      vertex 50.298 13.2452 3.2
    endloop
  endfacet
  facet normal 0 0 1
    outer loop
      vertex 50.2 13.25 3.2
      vertex 50.2 11.25 3.2
      vertex 50.298 11.2548 3.2
    endloop
  endfacet
  facet normal -0 0 1
    outer loop
      vertex 50.102 13.2452 3.2
      vertex 50.2 11.25 3.2
      vertex 50.2 13.25 3.2
    endloop
  endfacet
  facet normal 0 0 1
    outer loop
      vertex 50.102 13.2452 3.2
      vertex 50.102 11.2548 3.2
      vertex 50.2 11.25 3.2
    endloop
  endfacet
  facet normal -0 0 1
    outer loop
      vertex 50.0049 13.2308 3.2
      vertex 50.102 11.2548 3.2
      vertex 50.102 13.2452 3.2
    endloop
  endfacet
  facet normal 0 0 1
    outer loop
      vertex 50.0049 13.2308 3.2
      vertex 50.0049 11.2692 3.2
      vertex 50.102 11.2548 3.2
    endloop
  endfacet
  facet normal -0 0 1
    outer loop
      vertex 49.9097 13.2069 3.2
      vertex 50.0049 11.2692 3.2
      vertex 50.0049 13.2308 3.2
    endloop
  endfacet
  facet normal 0 0 1
    outer loop
      vertex 49.9097 13.2069 3.2
      vertex 49.9097 11.2931 3.2
      vertex 50.0049 11.2692 3.2
    endloop
  endfacet
  facet normal -0 0 1
    outer loop
      vertex 49.8173 13.1739 3.2
      vertex 49.9097 11.2931 3.2
      vertex 49.9097 13.2069 3.2
    endloop
  endfacet
  facet normal 0 0 1
    outer loop
      vertex 49.8173 13.1739 3.2
      vertex 49.8173 11.3261 3.2
      vertex 49.9097 11.2931 3.2
    endloop
  endfacet
  facet normal -0 0 1
    outer loop
      vertex 49.7286 13.1319 3.2
      vertex 49.8173 11.3261 3.2
      vertex 49.8173 13.1739 3.2
    endloop
  endfacet
  facet normal 0 0 1
    outer loop
      vertex 49.7286 13.1319 3.2
      vertex 49.7286 11.3681 3.2
      vertex 49.8173 11.3261 3.2
    endloop
  endfacet
  facet normal -0 0 1
    outer loop
      vertex 49.6444 13.0815 3.2
      vertex 49.7286 11.3681 3.2
      vertex 49.7286 13.1319 3.2
    endloop
  endfacet
  facet normal 0 0 1
    outer loop
      vertex 49.6444 13.0815 3.2
      vertex 49.6444 11.4185 3.2
      vertex 49.7286 11.3681 3.2
    endloop
  endfacet
  facet normal -0 0 1
    outer loop
      vertex 49.5656 13.023 3.2
      vertex 49.6444 11.4185 3.2
      vertex 49.6444 13.0815 3.2
    endloop
  endfacet
  facet normal 0 0 1
    outer loop
      vertex 49.5656 13.023 3.2
      vertex 49.5656 11.477 3.2
      vertex 49.6444 11.4185 3.2
    endloop
  endfacet
  facet normal -0 0 1
    outer loop
      vertex 49.4929 12.9571 3.2
      vertex 49.5656 11.477 3.2
      vertex 49.5656 13.023 3.2
    endloop
  endfacet
  facet normal 0 0 1
    outer loop
      vertex 49.4929 12.9571 3.2
      vertex 49.4929 11.5429 3.2
      vertex 49.5656 11.477 3.2
    endloop
  endfacet
  facet normal -0 0 1
    outer loop
      vertex 49.427 12.8844 3.2
      vertex 49.4929 11.5429 3.2
      vertex 49.4929 12.9571 3.2
    endloop
  endfacet
  facet normal 0 0 1
    outer loop
      vertex 49.427 12.8844 3.2
      vertex 49.427 11.6156 3.2
      vertex 49.4929 11.5429 3.2
    endloop
  endfacet
  facet normal -0 0 1
    outer loop
      vertex 49.3685 12.8056 3.2
      vertex 49.427 11.6156 3.2
      vertex 49.427 12.8844 3.2
    endloop
  endfacet
  facet normal 0 0 1
    outer loop
      vertex 49.3685 12.8056 3.2
      vertex 49.3685 11.6944 3.2
      vertex 49.427 11.6156 3.2
    endloop
  endfacet
  facet normal -0 0 1
    outer loop
      vertex 49.3181 12.7214 3.2
      vertex 49.3685 11.6944 3.2
      vertex 49.3685 12.8056 3.2
    endloop
  endfacet
  facet normal 0 0 1
    outer loop
      vertex 49.3181 12.7214 3.2
      vertex 49.3181 11.7786 3.2
      vertex 49.3685 11.6944 3.2
    endloop
  endfacet
  facet normal -0 0 1
    outer loop
      vertex 49.2761 12.6327 3.2
      vertex 49.3181 11.7786 3.2
      vertex 49.3181 12.7214 3.2
    endloop
  endfacet
  facet normal 0 0 1
    outer loop
      vertex 49.2761 12.6327 3.2
      vertex 49.2761 11.8673 3.2
      vertex 49.3181 11.7786 3.2
    endloop
  endfacet
  facet normal -0 0 1
    outer loop
      vertex 49.2431 12.5403 3.2
      vertex 49.2761 11.8673 3.2
      vertex 49.2761 12.6327 3.2
    endloop
  endfacet
  facet normal 0 0 1
    outer loop
      vertex 49.2431 12.5403 3.2
      vertex 49.2431 11.9597 3.2
      vertex 49.2761 11.8673 3.2
    endloop
  endfacet
  facet normal -0 0 1
    outer loop
      vertex 49.2192 12.4451 3.2
      vertex 49.2431 11.9597 3.2
      vertex 49.2431 12.5403 3.2
    endloop
  endfacet
  facet normal 0 0 1
    outer loop
      vertex 49.2192 12.4451 3.2
      vertex 49.2192 12.0549 3.2
      vertex 49.2431 11.9597 3.2
    endloop
  endfacet
  facet normal -0 0 1
    outer loop
      vertex 49.2048 12.348 3.2
      vertex 49.2192 12.0549 3.2
      vertex 49.2192 12.4451 3.2
    endloop
  endfacet
  facet normal 0 0 1
    outer loop
      vertex 49.2048 12.348 3.2
      vertex 49.2048 12.152 3.2
      vertex 49.2192 12.0549 3.2
    endloop
  endfacet
  facet normal 0 -0 1
    outer loop
      vertex 49.2048 12.152 3.2
      vertex 49.2048 12.348 3.2
      vertex 49.2 12.25 3.2
    endloop
  endfacet
  facet normal 0.671607 0.740908 -0
    outer loop
      vertex 49.5656 11.477 3.2
      vertex 49.4929 11.5429 5.2
      vertex 49.5656 11.477 5.2
    endloop
  endfacet
  facet normal 0.671607 0.740908 0
    outer loop
      vertex 49.4929 11.5429 5.2
      vertex 49.5656 11.477 3.2
      vertex 49.4929 11.5429 3.2
    endloop
  endfacet
  facet normal 0.802925 -0.59608 0
    outer loop
      vertex 49.3685 12.8056 5.2
      vertex 49.427 12.8844 3.2
      vertex 49.427 12.8844 5.2
    endloop
  endfacet
  facet normal 0.802925 -0.59608 0
    outer loop
      vertex 49.427 12.8844 3.2
      vertex 49.3685 12.8056 5.2
      vertex 49.3685 12.8056 3.2
    endloop
  endfacet
  facet normal 0.0489209 0.998803 -0
    outer loop
      vertex 50.2 11.25 3.2
      vertex 50.102 11.2548 5.2
      vertex 50.2 11.25 5.2
    endloop
  endfacet
  facet normal 0.0489209 0.998803 0
    outer loop
      vertex 50.102 11.2548 5.2
      vertex 50.2 11.25 3.2
      vertex 50.102 11.2548 3.2
    endloop
  endfacet
  facet normal 0.146696 0.989182 -0
    outer loop
      vertex 50.102 11.2548 3.2
      vertex 50.0049 11.2692 5.2
      vertex 50.102 11.2548 5.2
    endloop
  endfacet
  facet normal 0.146696 0.989182 0
    outer loop
      vertex 50.0049 11.2692 5.2
      vertex 50.102 11.2548 3.2
      vertex 50.0049 11.2692 3.2
    endloop
  endfacet
  facet normal 0.989182 -0.146696 0
    outer loop
      vertex 49.2048 12.348 5.2
      vertex 49.2192 12.4451 3.2
      vertex 49.2192 12.4451 5.2
    endloop
  endfacet
  facet normal 0.989182 -0.146696 0
    outer loop
      vertex 49.2192 12.4451 3.2
      vertex 49.2048 12.348 5.2
      vertex 49.2048 12.348 3.2
    endloop
  endfacet
  facet normal 0.998803 -0.0489209 0
    outer loop
      vertex 49.2 12.25 5.2
      vertex 49.2048 12.348 3.2
      vertex 49.2048 12.348 5.2
    endloop
  endfacet
  facet normal 0.998803 -0.0489209 0
    outer loop
      vertex 49.2048 12.348 3.2
      vertex 49.2 12.25 5.2
      vertex 49.2 12.25 3.2
    endloop
  endfacet
  facet normal 0.336336 0.941742 -0
    outer loop
      vertex 49.9097 11.2931 3.2
      vertex 49.8173 11.3261 5.2
      vertex 49.9097 11.2931 5.2
    endloop
  endfacet
  facet normal 0.336336 0.941742 0
    outer loop
      vertex 49.8173 11.3261 5.2
      vertex 49.9097 11.2931 3.2
      vertex 49.8173 11.3261 3.2
    endloop
  endfacet
  facet normal -0.671607 0.740908 0
    outer loop
      vertex 50.9071 11.5429 3.2
      vertex 50.8344 11.477 5.2
      vertex 50.9071 11.5429 5.2
    endloop
  endfacet
  facet normal -0.671607 0.740908 0
    outer loop
      vertex 50.8344 11.477 5.2
      vertex 50.9071 11.5429 3.2
      vertex 50.8344 11.477 3.2
    endloop
  endfacet
  facet normal 0.989174 0.146746 0
    outer loop
      vertex 53.1856 32.5441 5.2
      vertex 53.1424 32.8353 2.2
      vertex 53.1424 32.8353 5.2
    endloop
  endfacet
  facet normal 0.989174 0.146746 0
    outer loop
      vertex 53.1424 32.8353 2.2
      vertex 53.1856 32.5441 5.2
      vertex 53.1856 32.5441 2.2
    endloop
  endfacet
  facet normal 0.998803 0.0489044 0
    outer loop
      vertex 53.2 32.25 5.2
      vertex 53.1856 32.5441 2.2
      vertex 53.1856 32.5441 5.2
    endloop
  endfacet
  facet normal 0.998803 0.0489044 0
    outer loop
      vertex 53.1856 32.5441 2.2
      vertex 53.2 32.25 5.2
      vertex 53.2 32.25 2.2
    endloop
  endfacet
  facet normal 0.969982 0.243175 0
    outer loop
      vertex 53.1424 32.8353 5.2
      vertex 53.0708 33.1209 2.2
      vertex 53.0708 33.1209 5.2
    endloop
  endfacet
  facet normal 0.969982 0.243175 0
    outer loop
      vertex 53.0708 33.1209 2.2
      vertex 53.1424 32.8353 5.2
      vertex 53.1424 32.8353 2.2
    endloop
  endfacet
  facet normal 0.337047 -0.941488 0
    outer loop
      vertex 51.0709 29.3792 2.2
      vertex 51.348 29.4784 5.2
      vertex 51.0709 29.3792 5.2
    endloop
  endfacet
  facet normal 0.337047 -0.941488 0
    outer loop
      vertex 51.348 29.4784 5.2
      vertex 51.0709 29.3792 2.2
      vertex 51.348 29.4784 2.2
    endloop
  endfacet
  facet normal 0.857643 0.514246 0
    outer loop
      vertex 52.8458 33.6642 5.2
      vertex 52.6944 33.9167 2.2
      vertex 52.6944 33.9167 5.2
    endloop
  endfacet
  facet normal 0.857643 0.514246 0
    outer loop
      vertex 52.6944 33.9167 2.2
      vertex 52.8458 33.6642 5.2
      vertex 52.8458 33.6642 2.2
    endloop
  endfacet
  facet normal 0.243175 0.969982 -0
    outer loop
      vertex 51.0709 35.1208 2.2
      vertex 50.7853 35.1924 5.2
      vertex 51.0709 35.1208 5.2
    endloop
  endfacet
  facet normal 0.243175 0.969982 0
    outer loop
      vertex 50.7853 35.1924 5.2
      vertex 51.0709 35.1208 2.2
      vertex 50.7853 35.1924 2.2
    endloop
  endfacet
  facet normal -0.740908 0.671607 0
    outer loop
      vertex 47.881 34.1532 2.2
      vertex 48.0787 34.3713 5.2
      vertex 48.0787 34.3713 2.2
    endloop
  endfacet
  facet normal -0.740908 0.671607 0
    outer loop
      vertex 48.0787 34.3713 5.2
      vertex 47.881 34.1532 2.2
      vertex 47.881 34.1532 5.2
    endloop
  endfacet
  facet normal 0.0489044 -0.998803 0
    outer loop
      vertex 50.2 29.25 2.2
      vertex 50.4941 29.2644 5.2
      vertex 50.2 29.25 5.2
    endloop
  endfacet
  facet normal 0.0489044 -0.998803 0
    outer loop
      vertex 50.4941 29.2644 5.2
      vertex 50.2 29.25 2.2
      vertex 50.4941 29.2644 2.2
    endloop
  endfacet
  facet normal 0.427269 0.904125 -0
    outer loop
      vertex 51.6142 34.8958 2.2
      vertex 51.348 35.0216 5.2
      vertex 51.6142 34.8958 5.2
    endloop
  endfacet
  facet normal 0.427269 0.904125 0
    outer loop
      vertex 51.348 35.0216 5.2
      vertex 51.6142 34.8958 2.2
      vertex 51.348 35.0216 2.2
    endloop
  endfacet
  facet normal 0.671607 0.740908 -0
    outer loop
      vertex 52.3213 34.3713 2.2
      vertex 52.1032 34.569 5.2
      vertex 52.3213 34.3713 5.2
    endloop
  endfacet
  facet normal 0.671607 0.740908 0
    outer loop
      vertex 52.1032 34.569 5.2
      vertex 52.3213 34.3713 2.2
      vertex 52.1032 34.569 2.2
    endloop
  endfacet
  facet normal -0.595699 -0.803208 0
    outer loop
      vertex 48.2968 29.931 2.2
      vertex 48.5333 29.7556 5.2
      vertex 48.2968 29.931 5.2
    endloop
  endfacet
  facet normal -0.595699 -0.803208 -0
    outer loop
      vertex 48.5333 29.7556 5.2
      vertex 48.2968 29.931 2.2
      vertex 48.5333 29.7556 2.2
    endloop
  endfacet
  facet normal 0.0489044 0.998803 -0
    outer loop
      vertex 50.4941 35.2356 2.2
      vertex 50.2 35.25 5.2
      vertex 50.4941 35.2356 5.2
    endloop
  endfacet
  facet normal 0.0489044 0.998803 0
    outer loop
      vertex 50.2 35.25 5.2
      vertex 50.4941 35.2356 2.2
      vertex 50.2 35.25 2.2
    endloop
  endfacet
  facet normal 0.243175 -0.969982 0
    outer loop
      vertex 50.7853 29.3076 2.2
      vertex 51.0709 29.3792 5.2
      vertex 50.7853 29.3076 5.2
    endloop
  endfacet
  facet normal 0.243175 -0.969982 0
    outer loop
      vertex 51.0709 29.3792 5.2
      vertex 50.7853 29.3076 2.2
      vertex 51.0709 29.3792 2.2
    endloop
  endfacet
  facet normal 0.989174 -0.146746 0
    outer loop
      vertex 53.1424 31.6647 5.2
      vertex 53.1856 31.9559 2.2
      vertex 53.1856 31.9559 5.2
    endloop
  endfacet
  facet normal 0.989174 -0.146746 0
    outer loop
      vertex 53.1856 31.9559 2.2
      vertex 53.1424 31.6647 5.2
      vertex 53.1424 31.6647 2.2
    endloop
  endfacet
  facet normal 0.514246 -0.857643 0
    outer loop
      vertex 51.6142 29.6042 2.2
      vertex 51.8667 29.7556 5.2
      vertex 51.6142 29.6042 5.2
    endloop
  endfacet
  facet normal 0.514246 -0.857643 0
    outer loop
      vertex 51.8667 29.7556 5.2
      vertex 51.6142 29.6042 2.2
      vertex 51.8667 29.7556 2.2
    endloop
  endfacet
  facet normal -0.243175 -0.969982 0
    outer loop
      vertex 49.3291 29.3792 2.2
      vertex 49.6147 29.3076 5.2
      vertex 49.3291 29.3792 5.2
    endloop
  endfacet
  facet normal -0.243175 -0.969982 -0
    outer loop
      vertex 49.6147 29.3076 5.2
      vertex 49.3291 29.3792 2.2
      vertex 49.6147 29.3076 2.2
    endloop
  endfacet
  facet normal -0.595699 0.803208 0
    outer loop
      vertex 48.5333 34.7444 2.2
      vertex 48.2968 34.569 5.2
      vertex 48.5333 34.7444 5.2
    endloop
  endfacet
  facet normal -0.595699 0.803208 0
    outer loop
      vertex 48.2968 34.569 5.2
      vertex 48.5333 34.7444 2.2
      vertex 48.2968 34.569 2.2
    endloop
  endfacet
  facet normal -0.998803 -0.0489044 0
    outer loop
      vertex 47.2144 31.9559 2.2
      vertex 47.2 32.25 5.2
      vertex 47.2 32.25 2.2
    endloop
  endfacet
  facet normal -0.998803 -0.0489044 0
    outer loop
      vertex 47.2 32.25 5.2
      vertex 47.2144 31.9559 2.2
      vertex 47.2144 31.9559 5.2
    endloop
  endfacet
  facet normal -0.969982 -0.243175 0
    outer loop
      vertex 47.3292 31.3791 2.2
      vertex 47.2576 31.6647 5.2
      vertex 47.2576 31.6647 2.2
    endloop
  endfacet
  facet normal -0.969982 -0.243175 0
    outer loop
      vertex 47.2576 31.6647 5.2
      vertex 47.3292 31.3791 2.2
      vertex 47.3292 31.3791 5.2
    endloop
  endfacet
  facet normal 0.969982 -0.243175 0
    outer loop
      vertex 53.0708 31.3791 5.2
      vertex 53.1424 31.6647 2.2
      vertex 53.1424 31.6647 5.2
    endloop
  endfacet
  facet normal 0.969982 -0.243175 0
    outer loop
      vertex 53.1424 31.6647 2.2
      vertex 53.0708 31.3791 5.2
      vertex 53.0708 31.3791 2.2
    endloop
  endfacet
  facet normal -0.514246 0.857643 0
    outer loop
      vertex 48.7858 34.8958 2.2
      vertex 48.5333 34.7444 5.2
      vertex 48.7858 34.8958 5.2
    endloop
  endfacet
  facet normal -0.514246 0.857643 0
    outer loop
      vertex 48.5333 34.7444 5.2
      vertex 48.7858 34.8958 2.2
      vertex 48.5333 34.7444 2.2
    endloop
  endfacet
  facet normal 0.595699 0.803208 -0
    outer loop
      vertex 52.1032 34.569 2.2
      vertex 51.8667 34.7444 5.2
      vertex 52.1032 34.569 5.2
    endloop
  endfacet
  facet normal 0.595699 0.803208 0
    outer loop
      vertex 51.8667 34.7444 5.2
      vertex 52.1032 34.569 2.2
      vertex 51.8667 34.7444 2.2
    endloop
  endfacet
  facet normal -0.904125 -0.427269 0
    outer loop
      vertex 47.5542 30.8358 2.2
      vertex 47.4284 31.102 5.2
      vertex 47.4284 31.102 2.2
    endloop
  endfacet
  facet normal -0.904125 -0.427269 0
    outer loop
      vertex 47.4284 31.102 5.2
      vertex 47.5542 30.8358 2.2
      vertex 47.5542 30.8358 5.2
    endloop
  endfacet
  facet normal 0.941488 -0.337047 0
    outer loop
      vertex 52.9716 31.102 5.2
      vertex 53.0708 31.3791 2.2
      vertex 53.0708 31.3791 5.2
    endloop
  endfacet
  facet normal 0.941488 -0.337047 0
    outer loop
      vertex 53.0708 31.3791 2.2
      vertex 52.9716 31.102 5.2
      vertex 52.9716 31.102 2.2
    endloop
  endfacet
  facet normal 0.146746 0.989174 -0
    outer loop
      vertex 50.7853 35.1924 2.2
      vertex 50.4941 35.2356 5.2
      vertex 50.7853 35.1924 5.2
    endloop
  endfacet
  facet normal 0.146746 0.989174 0
    outer loop
      vertex 50.4941 35.2356 5.2
      vertex 50.7853 35.1924 2.2
      vertex 50.4941 35.2356 2.2
    endloop
  endfacet
  facet normal -0.427269 0.904125 0
    outer loop
      vertex 49.052 35.0216 2.2
      vertex 48.7858 34.8958 5.2
      vertex 49.052 35.0216 5.2
    endloop
  endfacet
  facet normal -0.427269 0.904125 0
    outer loop
      vertex 48.7858 34.8958 5.2
      vertex 49.052 35.0216 2.2
      vertex 48.7858 34.8958 2.2
    endloop
  endfacet
  facet normal 0.514246 0.857643 -0
    outer loop
      vertex 51.8667 34.7444 2.2
      vertex 51.6142 34.8958 5.2
      vertex 51.8667 34.7444 5.2
    endloop
  endfacet
  facet normal 0.514246 0.857643 0
    outer loop
      vertex 51.6142 34.8958 5.2
      vertex 51.8667 34.7444 2.2
      vertex 51.6142 34.8958 2.2
    endloop
  endfacet
  facet normal 0.427269 -0.904125 0
    outer loop
      vertex 51.348 29.4784 2.2
      vertex 51.6142 29.6042 5.2
      vertex 51.348 29.4784 5.2
    endloop
  endfacet
  facet normal 0.427269 -0.904125 0
    outer loop
      vertex 51.6142 29.6042 5.2
      vertex 51.348 29.4784 2.2
      vertex 51.6142 29.6042 2.2
    endloop
  endfacet
  facet normal -0.941488 -0.337047 0
    outer loop
      vertex 47.4284 31.102 2.2
      vertex 47.3292 31.3791 5.2
      vertex 47.3292 31.3791 2.2
    endloop
  endfacet
  facet normal -0.941488 -0.337047 0
    outer loop
      vertex 47.3292 31.3791 5.2
      vertex 47.4284 31.102 2.2
      vertex 47.4284 31.102 5.2
    endloop
  endfacet
  facet normal 0.857643 -0.514246 0
    outer loop
      vertex 52.6944 30.5833 5.2
      vertex 52.8458 30.8358 2.2
      vertex 52.8458 30.8358 5.2
    endloop
  endfacet
  facet normal 0.857643 -0.514246 0
    outer loop
      vertex 52.8458 30.8358 2.2
      vertex 52.6944 30.5833 5.2
      vertex 52.6944 30.5833 2.2
    endloop
  endfacet
  facet normal 0.904125 -0.427269 0
    outer loop
      vertex 52.8458 30.8358 5.2
      vertex 52.9716 31.102 2.2
      vertex 52.9716 31.102 5.2
    endloop
  endfacet
  facet normal 0.904125 -0.427269 0
    outer loop
      vertex 52.9716 31.102 2.2
      vertex 52.8458 30.8358 5.2
      vertex 52.8458 30.8358 2.2
    endloop
  endfacet
  facet normal 0.998803 -0.0489044 0
    outer loop
      vertex 53.1856 31.9559 5.2
      vertex 53.2 32.25 2.2
      vertex 53.2 32.25 5.2
    endloop
  endfacet
  facet normal 0.998803 -0.0489044 0
    outer loop
      vertex 53.2 32.25 2.2
      vertex 53.1856 31.9559 5.2
      vertex 53.1856 31.9559 2.2
    endloop
  endfacet
  facet normal -0.146746 0.989174 0
    outer loop
      vertex 49.9059 35.2356 2.2
      vertex 49.6147 35.1924 5.2
      vertex 49.9059 35.2356 5.2
    endloop
  endfacet
  facet normal -0.146746 0.989174 0
    outer loop
      vertex 49.6147 35.1924 5.2
      vertex 49.9059 35.2356 2.2
      vertex 49.6147 35.1924 2.2
    endloop
  endfacet
  facet normal 0.146746 -0.989174 0
    outer loop
      vertex 50.4941 29.2644 2.2
      vertex 50.7853 29.3076 5.2
      vertex 50.4941 29.2644 5.2
    endloop
  endfacet
  facet normal 0.146746 -0.989174 0
    outer loop
      vertex 50.7853 29.3076 5.2
      vertex 50.4941 29.2644 2.2
      vertex 50.7853 29.3076 2.2
    endloop
  endfacet
  facet normal 0.941488 0.337047 0
    outer loop
      vertex 53.0708 33.1209 5.2
      vertex 52.9716 33.398 2.2
      vertex 52.9716 33.398 5.2
    endloop
  endfacet
  facet normal 0.941488 0.337047 0
    outer loop
      vertex 52.9716 33.398 2.2
      vertex 53.0708 33.1209 5.2
      vertex 53.0708 33.1209 2.2
    endloop
  endfacet
  facet normal 0.740908 -0.671607 0
    outer loop
      vertex 52.3213 30.1287 5.2
      vertex 52.519 30.3468 2.2
      vertex 52.519 30.3468 5.2
    endloop
  endfacet
  facet normal 0.740908 -0.671607 0
    outer loop
      vertex 52.519 30.3468 2.2
      vertex 52.3213 30.1287 5.2
      vertex 52.3213 30.1287 2.2
    endloop
  endfacet
  facet normal 0.803208 -0.595699 0
    outer loop
      vertex 52.519 30.3468 5.2
      vertex 52.6944 30.5833 2.2
      vertex 52.6944 30.5833 5.2
    endloop
  endfacet
  facet normal 0.803208 -0.595699 0
    outer loop
      vertex 52.6944 30.5833 2.2
      vertex 52.519 30.3468 5.2
      vertex 52.519 30.3468 2.2
    endloop
  endfacet
  facet normal -0.243175 0.969982 0
    outer loop
      vertex 49.6147 35.1924 2.2
      vertex 49.3291 35.1208 5.2
      vertex 49.6147 35.1924 5.2
    endloop
  endfacet
  facet normal -0.243175 0.969982 0
    outer loop
      vertex 49.3291 35.1208 5.2
      vertex 49.6147 35.1924 2.2
      vertex 49.3291 35.1208 2.2
    endloop
  endfacet
  facet normal 0.803208 0.595699 0
    outer loop
      vertex 52.6944 33.9167 5.2
      vertex 52.519 34.1532 2.2
      vertex 52.519 34.1532 5.2
    endloop
  endfacet
  facet normal 0.803208 0.595699 0
    outer loop
      vertex 52.519 34.1532 2.2
      vertex 52.6944 33.9167 5.2
      vertex 52.6944 33.9167 2.2
    endloop
  endfacet
  facet normal 0.904125 0.427269 0
    outer loop
      vertex 52.9716 33.398 5.2
      vertex 52.8458 33.6642 2.2
      vertex 52.8458 33.6642 5.2
    endloop
  endfacet
  facet normal 0.904125 0.427269 0
    outer loop
      vertex 52.8458 33.6642 2.2
      vertex 52.9716 33.398 5.2
      vertex 52.9716 33.398 2.2
    endloop
  endfacet
  facet normal -0.857643 0.514246 0
    outer loop
      vertex 47.5542 33.6642 2.2
      vertex 47.7056 33.9167 5.2
      vertex 47.7056 33.9167 2.2
    endloop
  endfacet
  facet normal -0.857643 0.514246 0
    outer loop
      vertex 47.7056 33.9167 5.2
      vertex 47.5542 33.6642 2.2
      vertex 47.5542 33.6642 5.2
    endloop
  endfacet
  facet normal -0.671607 0.740908 0
    outer loop
      vertex 48.2968 34.569 2.2
      vertex 48.0787 34.3713 5.2
      vertex 48.2968 34.569 5.2
    endloop
  endfacet
  facet normal -0.671607 0.740908 0
    outer loop
      vertex 48.0787 34.3713 5.2
      vertex 48.2968 34.569 2.2
      vertex 48.0787 34.3713 2.2
    endloop
  endfacet
  facet normal -0.857643 -0.514246 0
    outer loop
      vertex 47.7056 30.5833 2.2
      vertex 47.5542 30.8358 5.2
      vertex 47.5542 30.8358 2.2
    endloop
  endfacet
  facet normal -0.857643 -0.514246 0
    outer loop
      vertex 47.5542 30.8358 5.2
      vertex 47.7056 30.5833 2.2
      vertex 47.7056 30.5833 5.2
    endloop
  endfacet
  facet normal -0.427269 -0.904125 0
    outer loop
      vertex 48.7858 29.6042 2.2
      vertex 49.052 29.4784 5.2
      vertex 48.7858 29.6042 5.2
    endloop
  endfacet
  facet normal -0.427269 -0.904125 -0
    outer loop
      vertex 49.052 29.4784 5.2
      vertex 48.7858 29.6042 2.2
      vertex 49.052 29.4784 2.2
    endloop
  endfacet
  facet normal -0.740908 -0.671607 0
    outer loop
      vertex 48.0787 30.1287 2.2
      vertex 47.881 30.3468 5.2
      vertex 47.881 30.3468 2.2
    endloop
  endfacet
  facet normal -0.740908 -0.671607 0
    outer loop
      vertex 47.881 30.3468 5.2
      vertex 48.0787 30.1287 2.2
      vertex 48.0787 30.1287 5.2
    endloop
  endfacet
  facet normal -0.337047 0.941488 0
    outer loop
      vertex 49.3291 35.1208 2.2
      vertex 49.052 35.0216 5.2
      vertex 49.3291 35.1208 5.2
    endloop
  endfacet
  facet normal -0.337047 0.941488 0
    outer loop
      vertex 49.052 35.0216 5.2
      vertex 49.3291 35.1208 2.2
      vertex 49.052 35.0216 2.2
    endloop
  endfacet
  facet normal -0.514246 -0.857643 0
    outer loop
      vertex 48.5333 29.7556 2.2
      vertex 48.7858 29.6042 5.2
      vertex 48.5333 29.7556 5.2
    endloop
  endfacet
  facet normal -0.514246 -0.857643 -0
    outer loop
      vertex 48.7858 29.6042 5.2
      vertex 48.5333 29.7556 2.2
      vertex 48.7858 29.6042 2.2
    endloop
  endfacet
  facet normal 0.740908 0.671607 0
    outer loop
      vertex 52.519 34.1532 5.2
      vertex 52.3213 34.3713 2.2
      vertex 52.3213 34.3713 5.2
    endloop
  endfacet
  facet normal 0.740908 0.671607 0
    outer loop
      vertex 52.3213 34.3713 2.2
      vertex 52.519 34.1532 5.2
      vertex 52.519 34.1532 2.2
    endloop
  endfacet
  facet normal 0.595699 -0.803208 0
    outer loop
      vertex 51.8667 29.7556 2.2
      vertex 52.1032 29.931 5.2
      vertex 51.8667 29.7556 5.2
    endloop
  endfacet
  facet normal 0.595699 -0.803208 0
    outer loop
      vertex 52.1032 29.931 5.2
      vertex 51.8667 29.7556 2.2
      vertex 52.1032 29.931 2.2
    endloop
  endfacet
  facet normal -0.0489044 0.998803 0
    outer loop
      vertex 50.2 35.25 2.2
      vertex 49.9059 35.2356 5.2
      vertex 50.2 35.25 5.2
    endloop
  endfacet
  facet normal -0.0489044 0.998803 0
    outer loop
      vertex 49.9059 35.2356 5.2
      vertex 50.2 35.25 2.2
      vertex 49.9059 35.2356 2.2
    endloop
  endfacet
  facet normal -0.941488 0.337047 0
    outer loop
      vertex 47.3292 33.1209 2.2
      vertex 47.4284 33.398 5.2
      vertex 47.4284 33.398 2.2
    endloop
  endfacet
  facet normal -0.941488 0.337047 0
    outer loop
      vertex 47.4284 33.398 5.2
      vertex 47.3292 33.1209 2.2
      vertex 47.3292 33.1209 5.2
    endloop
  endfacet
  facet normal 0.337047 0.941488 -0
    outer loop
      vertex 51.348 35.0216 2.2
      vertex 51.0709 35.1208 5.2
      vertex 51.348 35.0216 5.2
    endloop
  endfacet
  facet normal 0.337047 0.941488 0
    outer loop
      vertex 51.0709 35.1208 5.2
      vertex 51.348 35.0216 2.2
      vertex 51.0709 35.1208 2.2
    endloop
  endfacet
  facet normal -0.803208 -0.595699 0
    outer loop
      vertex 47.881 30.3468 2.2
      vertex 47.7056 30.5833 5.2
      vertex 47.7056 30.5833 2.2
    endloop
  endfacet
  facet normal -0.803208 -0.595699 0
    outer loop
      vertex 47.7056 30.5833 5.2
      vertex 47.881 30.3468 2.2
      vertex 47.881 30.3468 5.2
    endloop
  endfacet
  facet normal -0.969982 0.243175 0
    outer loop
      vertex 47.2576 32.8353 2.2
      vertex 47.3292 33.1209 5.2
      vertex 47.3292 33.1209 2.2
    endloop
  endfacet
  facet normal -0.969982 0.243175 0
    outer loop
      vertex 47.3292 33.1209 5.2
      vertex 47.2576 32.8353 2.2
      vertex 47.2576 32.8353 5.2
    endloop
  endfacet
  facet normal -0.989174 -0.146746 0
    outer loop
      vertex 47.2576 31.6647 2.2
      vertex 47.2144 31.9559 5.2
      vertex 47.2144 31.9559 2.2
    endloop
  endfacet
  facet normal -0.989174 -0.146746 0
    outer loop
      vertex 47.2144 31.9559 5.2
      vertex 47.2576 31.6647 2.2
      vertex 47.2576 31.6647 5.2
    endloop
  endfacet
  facet normal -0.904125 0.427269 0
    outer loop
      vertex 47.4284 33.398 2.2
      vertex 47.5542 33.6642 5.2
      vertex 47.5542 33.6642 2.2
    endloop
  endfacet
  facet normal -0.904125 0.427269 0
    outer loop
      vertex 47.5542 33.6642 5.2
      vertex 47.4284 33.398 2.2
      vertex 47.4284 33.398 5.2
    endloop
  endfacet
  facet normal 0 0 -1
    outer loop
      vertex 53.1856 31.9559 2.2
      vertex 53.1856 32.5441 2.2
      vertex 53.2 32.25 2.2
    endloop
  endfacet
  facet normal 0 0 -1
    outer loop
      vertex 53.1424 31.6647 2.2
      vertex 53.1856 32.5441 2.2
      vertex 53.1856 31.9559 2.2
    endloop
  endfacet
  facet normal 0 0 -1
    outer loop
      vertex 53.1424 31.6647 2.2
      vertex 53.1424 32.8353 2.2
      vertex 53.1856 32.5441 2.2
    endloop
  endfacet
  facet normal 0 0 -1
    outer loop
      vertex 53.0708 31.3791 2.2
      vertex 53.1424 32.8353 2.2
      vertex 53.1424 31.6647 2.2
    endloop
  endfacet
  facet normal 0 0 -1
    outer loop
      vertex 53.0708 31.3791 2.2
      vertex 53.0708 33.1209 2.2
      vertex 53.1424 32.8353 2.2
    endloop
  endfacet
  facet normal 0 0 -1
    outer loop
      vertex 52.9716 31.102 2.2
      vertex 53.0708 33.1209 2.2
      vertex 53.0708 31.3791 2.2
    endloop
  endfacet
  facet normal 0 0 -1
    outer loop
      vertex 52.9716 31.102 2.2
      vertex 52.9716 33.398 2.2
      vertex 53.0708 33.1209 2.2
    endloop
  endfacet
  facet normal 0 0 -1
    outer loop
      vertex 52.8458 30.8358 2.2
      vertex 52.9716 33.398 2.2
      vertex 52.9716 31.102 2.2
    endloop
  endfacet
  facet normal 0 0 -1
    outer loop
      vertex 52.8458 30.8358 2.2
      vertex 52.8458 33.6642 2.2
      vertex 52.9716 33.398 2.2
    endloop
  endfacet
  facet normal 0 0 -1
    outer loop
      vertex 52.6944 30.5833 2.2
      vertex 52.8458 33.6642 2.2
      vertex 52.8458 30.8358 2.2
    endloop
  endfacet
  facet normal 0 0 -1
    outer loop
      vertex 52.6944 30.5833 2.2
      vertex 52.6944 33.9167 2.2
      vertex 52.8458 33.6642 2.2
    endloop
  endfacet
  facet normal 0 0 -1
    outer loop
      vertex 52.519 30.3468 2.2
      vertex 52.6944 33.9167 2.2
      vertex 52.6944 30.5833 2.2
    endloop
  endfacet
  facet normal 0 0 -1
    outer loop
      vertex 52.519 30.3468 2.2
      vertex 52.519 34.1532 2.2
      vertex 52.6944 33.9167 2.2
    endloop
  endfacet
  facet normal 0 0 -1
    outer loop
      vertex 52.3213 30.1287 2.2
      vertex 52.519 34.1532 2.2
      vertex 52.519 30.3468 2.2
    endloop
  endfacet
  facet normal 0 0 -1
    outer loop
      vertex 52.3213 30.1287 2.2
      vertex 52.3213 34.3713 2.2
      vertex 52.519 34.1532 2.2
    endloop
  endfacet
  facet normal 0 0 -1
    outer loop
      vertex 52.1032 29.931 2.2
      vertex 52.3213 34.3713 2.2
      vertex 52.3213 30.1287 2.2
    endloop
  endfacet
  facet normal 0 0 -1
    outer loop
      vertex 52.1032 29.931 2.2
      vertex 52.1032 34.569 2.2
      vertex 52.3213 34.3713 2.2
    endloop
  endfacet
  facet normal 0 0 -1
    outer loop
      vertex 51.8667 29.7556 2.2
      vertex 52.1032 34.569 2.2
      vertex 52.1032 29.931 2.2
    endloop
  endfacet
  facet normal 0 0 -1
    outer loop
      vertex 51.8667 29.7556 2.2
      vertex 51.8667 34.7444 2.2
      vertex 52.1032 34.569 2.2
    endloop
  endfacet
  facet normal 0 0 -1
    outer loop
      vertex 51.6142 29.6042 2.2
      vertex 51.8667 34.7444 2.2
      vertex 51.8667 29.7556 2.2
    endloop
  endfacet
  facet normal 0 0 -1
    outer loop
      vertex 51.6142 29.6042 2.2
      vertex 51.6142 34.8958 2.2
      vertex 51.8667 34.7444 2.2
    endloop
  endfacet
  facet normal 0 0 -1
    outer loop
      vertex 51.348 29.4784 2.2
      vertex 51.6142 34.8958 2.2
      vertex 51.6142 29.6042 2.2
    endloop
  endfacet
  facet normal 0 0 -1
    outer loop
      vertex 51.348 29.4784 2.2
      vertex 51.348 35.0216 2.2
      vertex 51.6142 34.8958 2.2
    endloop
  endfacet
  facet normal 0 0 -1
    outer loop
      vertex 51.0709 29.3792 2.2
      vertex 51.348 35.0216 2.2
      vertex 51.348 29.4784 2.2
    endloop
  endfacet
  facet normal 0 0 -1
    outer loop
      vertex 51.0709 29.3792 2.2
      vertex 51.0709 35.1208 2.2
      vertex 51.348 35.0216 2.2
    endloop
  endfacet
  facet normal 0 0 -1
    outer loop
      vertex 50.7853 29.3076 2.2
      vertex 51.0709 35.1208 2.2
      vertex 51.0709 29.3792 2.2
    endloop
  endfacet
  facet normal 0 0 -1
    outer loop
      vertex 50.7853 29.3076 2.2
      vertex 50.7853 35.1924 2.2
      vertex 51.0709 35.1208 2.2
    endloop
  endfacet
  facet normal 0 0 -1
    outer loop
      vertex 50.4941 29.2644 2.2
      vertex 50.7853 35.1924 2.2
      vertex 50.7853 29.3076 2.2
    endloop
  endfacet
  facet normal 0 0 -1
    outer loop
      vertex 50.4941 29.2644 2.2
      vertex 50.4941 35.2356 2.2
      vertex 50.7853 35.1924 2.2
    endloop
  endfacet
  facet normal 0 0 -1
    outer loop
      vertex 50.2 29.25 2.2
      vertex 50.4941 35.2356 2.2
      vertex 50.4941 29.2644 2.2
    endloop
  endfacet
  facet normal 0 0 -1
    outer loop
      vertex 50.2 29.25 2.2
      vertex 50.2 35.25 2.2
      vertex 50.4941 35.2356 2.2
    endloop
  endfacet
  facet normal 0 0 -1
    outer loop
      vertex 49.9059 29.2644 2.2
      vertex 50.2 35.25 2.2
      vertex 50.2 29.25 2.2
    endloop
  endfacet
  facet normal 0 0 -1
    outer loop
      vertex 49.9059 29.2644 2.2
      vertex 49.9059 35.2356 2.2
      vertex 50.2 35.25 2.2
    endloop
  endfacet
  facet normal 0 0 -1
    outer loop
      vertex 49.6147 29.3076 2.2
      vertex 49.9059 35.2356 2.2
      vertex 49.9059 29.2644 2.2
    endloop
  endfacet
  facet normal 0 0 -1
    outer loop
      vertex 49.6147 29.3076 2.2
      vertex 49.6147 35.1924 2.2
      vertex 49.9059 35.2356 2.2
    endloop
  endfacet
  facet normal 0 0 -1
    outer loop
      vertex 49.3291 29.3792 2.2
      vertex 49.6147 35.1924 2.2
      vertex 49.6147 29.3076 2.2
    endloop
  endfacet
  facet normal 0 0 -1
    outer loop
      vertex 49.3291 29.3792 2.2
      vertex 49.3291 35.1208 2.2
      vertex 49.6147 35.1924 2.2
    endloop
  endfacet
  facet normal 0 0 -1
    outer loop
      vertex 49.052 29.4784 2.2
      vertex 49.3291 35.1208 2.2
      vertex 49.3291 29.3792 2.2
    endloop
  endfacet
  facet normal 0 0 -1
    outer loop
      vertex 49.052 29.4784 2.2
      vertex 49.052 35.0216 2.2
      vertex 49.3291 35.1208 2.2
    endloop
  endfacet
  facet normal 0 0 -1
    outer loop
      vertex 48.7858 29.6042 2.2
      vertex 49.052 35.0216 2.2
      vertex 49.052 29.4784 2.2
    endloop
  endfacet
  facet normal 0 0 -1
    outer loop
      vertex 48.7858 29.6042 2.2
      vertex 48.7858 34.8958 2.2
      vertex 49.052 35.0216 2.2
    endloop
  endfacet
  facet normal 0 0 -1
    outer loop
      vertex 48.5333 29.7556 2.2
      vertex 48.7858 34.8958 2.2
      vertex 48.7858 29.6042 2.2
    endloop
  endfacet
  facet normal 0 0 -1
    outer loop
      vertex 48.5333 29.7556 2.2
      vertex 48.5333 34.7444 2.2
      vertex 48.7858 34.8958 2.2
    endloop
  endfacet
  facet normal 0 0 -1
    outer loop
      vertex 48.2968 29.931 2.2
      vertex 48.5333 34.7444 2.2
      vertex 48.5333 29.7556 2.2
    endloop
  endfacet
  facet normal 0 0 -1
    outer loop
      vertex 48.2968 29.931 2.2
      vertex 48.2968 34.569 2.2
      vertex 48.5333 34.7444 2.2
    endloop
  endfacet
  facet normal 0 0 -1
    outer loop
      vertex 48.0787 30.1287 2.2
      vertex 48.2968 34.569 2.2
      vertex 48.2968 29.931 2.2
    endloop
  endfacet
  facet normal 0 0 -1
    outer loop
      vertex 48.0787 30.1287 2.2
      vertex 48.0787 34.3713 2.2
      vertex 48.2968 34.569 2.2
    endloop
  endfacet
  facet normal 0 0 -1
    outer loop
      vertex 47.881 30.3468 2.2
      vertex 48.0787 34.3713 2.2
      vertex 48.0787 30.1287 2.2
    endloop
  endfacet
  facet normal 0 0 -1
    outer loop
      vertex 47.881 30.3468 2.2
      vertex 47.881 34.1532 2.2
      vertex 48.0787 34.3713 2.2
    endloop
  endfacet
  facet normal 0 0 -1
    outer loop
      vertex 47.7056 30.5833 2.2
      vertex 47.881 34.1532 2.2
      vertex 47.881 30.3468 2.2
    endloop
  endfacet
  facet normal 0 0 -1
    outer loop
      vertex 47.7056 30.5833 2.2
      vertex 47.7056 33.9167 2.2
      vertex 47.881 34.1532 2.2
    endloop
  endfacet
  facet normal 0 0 -1
    outer loop
      vertex 47.5542 30.8358 2.2
      vertex 47.7056 33.9167 2.2
      vertex 47.7056 30.5833 2.2
    endloop
  endfacet
  facet normal 0 0 -1
    outer loop
      vertex 47.5542 30.8358 2.2
      vertex 47.5542 33.6642 2.2
      vertex 47.7056 33.9167 2.2
    endloop
  endfacet
  facet normal 0 0 -1
    outer loop
      vertex 47.4284 31.102 2.2
      vertex 47.5542 33.6642 2.2
      vertex 47.5542 30.8358 2.2
    endloop
  endfacet
  facet normal 0 0 -1
    outer loop
      vertex 47.4284 31.102 2.2
      vertex 47.4284 33.398 2.2
      vertex 47.5542 33.6642 2.2
    endloop
  endfacet
  facet normal 0 0 -1
    outer loop
      vertex 47.3292 31.3791 2.2
      vertex 47.4284 33.398 2.2
      vertex 47.4284 31.102 2.2
    endloop
  endfacet
  facet normal 0 0 -1
    outer loop
      vertex 47.3292 31.3791 2.2
      vertex 47.3292 33.1209 2.2
      vertex 47.4284 33.398 2.2
    endloop
  endfacet
  facet normal 0 0 -1
    outer loop
      vertex 47.2576 31.6647 2.2
      vertex 47.3292 33.1209 2.2
      vertex 47.3292 31.3791 2.2
    endloop
  endfacet
  facet normal 0 0 -1
    outer loop
      vertex 47.2576 31.6647 2.2
      vertex 47.2576 32.8353 2.2
      vertex 47.3292 33.1209 2.2
    endloop
  endfacet
  facet normal 0 0 -1
    outer loop
      vertex 47.2144 31.9559 2.2
      vertex 47.2576 32.8353 2.2
      vertex 47.2576 31.6647 2.2
    endloop
  endfacet
  facet normal 0 0 -1
    outer loop
      vertex 47.2144 31.9559 2.2
      vertex 47.2144 32.5441 2.2
      vertex 47.2576 32.8353 2.2
    endloop
  endfacet
  facet normal 0 -0 -1
    outer loop
      vertex 47.2144 32.5441 2.2
      vertex 47.2144 31.9559 2.2
      vertex 47.2 32.25 2.2
    endloop
  endfacet
  facet normal -0.671607 -0.740908 0
    outer loop
      vertex 48.0787 30.1287 2.2
      vertex 48.2968 29.931 5.2
      vertex 48.0787 30.1287 5.2
    endloop
  endfacet
  facet normal -0.671607 -0.740908 -0
    outer loop
      vertex 48.2968 29.931 5.2
      vertex 48.0787 30.1287 2.2
      vertex 48.2968 29.931 2.2
    endloop
  endfacet
  facet normal -0.803208 0.595699 0
    outer loop
      vertex 47.7056 33.9167 2.2
      vertex 47.881 34.1532 5.2
      vertex 47.881 34.1532 2.2
    endloop
  endfacet
  facet normal -0.803208 0.595699 0
    outer loop
      vertex 47.881 34.1532 5.2
      vertex 47.7056 33.9167 2.2
      vertex 47.7056 33.9167 5.2
    endloop
  endfacet
  facet normal -0.0489044 -0.998803 0
    outer loop
      vertex 49.9059 29.2644 2.2
      vertex 50.2 29.25 5.2
      vertex 49.9059 29.2644 5.2
    endloop
  endfacet
  facet normal -0.0489044 -0.998803 -0
    outer loop
      vertex 50.2 29.25 5.2
      vertex 49.9059 29.2644 2.2
      vertex 50.2 29.25 2.2
    endloop
  endfacet
  facet normal -0.146746 -0.989174 0
    outer loop
      vertex 49.6147 29.3076 2.2
      vertex 49.9059 29.2644 5.2
      vertex 49.6147 29.3076 5.2
    endloop
  endfacet
  facet normal -0.146746 -0.989174 -0
    outer loop
      vertex 49.9059 29.2644 5.2
      vertex 49.6147 29.3076 2.2
      vertex 49.9059 29.2644 2.2
    endloop
  endfacet
  facet normal -0.989174 0.146746 0
    outer loop
      vertex 47.2144 32.5441 2.2
      vertex 47.2576 32.8353 5.2
      vertex 47.2576 32.8353 2.2
    endloop
  endfacet
  facet normal -0.989174 0.146746 0
    outer loop
      vertex 47.2576 32.8353 5.2
      vertex 47.2144 32.5441 2.2
      vertex 47.2144 32.5441 5.2
    endloop
  endfacet
  facet normal -0.998803 0.0489044 0
    outer loop
      vertex 47.2 32.25 2.2
      vertex 47.2144 32.5441 5.2
      vertex 47.2144 32.5441 2.2
    endloop
  endfacet
  facet normal -0.998803 0.0489044 0
    outer loop
      vertex 47.2144 32.5441 5.2
      vertex 47.2 32.25 2.2
      vertex 47.2 32.25 5.2
    endloop
  endfacet
  facet normal -0.337047 -0.941488 0
    outer loop
      vertex 49.052 29.4784 2.2
      vertex 49.3291 29.3792 5.2
      vertex 49.052 29.4784 5.2
    endloop
  endfacet
  facet normal -0.337047 -0.941488 -0
    outer loop
      vertex 49.3291 29.3792 5.2
      vertex 49.052 29.4784 2.2
      vertex 49.3291 29.3792 2.2
    endloop
  endfacet
  facet normal 0.671607 -0.740908 0
    outer loop
      vertex 52.1032 29.931 2.2
      vertex 52.3213 30.1287 5.2
      vertex 52.1032 29.931 5.2
    endloop
  endfacet
  facet normal 0.671607 -0.740908 0
    outer loop
      vertex 52.3213 30.1287 5.2
      vertex 52.1032 29.931 2.2
      vertex 52.3213 30.1287 2.2
    endloop
  endfacet
  facet normal 0 0 1
    outer loop
      vertex 51.2 32.25 5.2
      vertex 53.2 32.25 5.2
      vertex 53.1856 32.5441 5.2
    endloop
  endfacet
  facet normal 0 0 1
    outer loop
      vertex 51.1952 32.348 5.2
      vertex 53.1856 32.5441 5.2
      vertex 53.1424 32.8353 5.2
    endloop
  endfacet
  facet normal 0 0 1
    outer loop
      vertex 53.2 32.25 5.2
      vertex 51.2 32.25 5.2
      vertex 53.1856 31.9559 5.2
    endloop
  endfacet
  facet normal 0 0 1
    outer loop
      vertex 51.1808 32.4451 5.2
      vertex 53.1424 32.8353 5.2
      vertex 53.0708 33.1209 5.2
    endloop
  endfacet
  facet normal -0 0 1
    outer loop
      vertex 51.1952 32.152 5.2
      vertex 53.1856 31.9559 5.2
      vertex 51.2 32.25 5.2
    endloop
  endfacet
  facet normal 0 0 1
    outer loop
      vertex 51.1569 32.5403 5.2
      vertex 53.0708 33.1209 5.2
      vertex 52.9716 33.398 5.2
    endloop
  endfacet
  facet normal 0 0 1
    outer loop
      vertex 53.1856 31.9559 5.2
      vertex 51.1952 32.152 5.2
      vertex 53.1424 31.6647 5.2
    endloop
  endfacet
  facet normal 0 0 1
    outer loop
      vertex 51.1239 32.6327 5.2
      vertex 52.9716 33.398 5.2
      vertex 52.8458 33.6642 5.2
    endloop
  endfacet
  facet normal -0 0 1
    outer loop
      vertex 51.1808 32.0549 5.2
      vertex 53.1424 31.6647 5.2
      vertex 51.1952 32.152 5.2
    endloop
  endfacet
  facet normal 0 0 1
    outer loop
      vertex 51.0819 32.7214 5.2
      vertex 52.8458 33.6642 5.2
      vertex 52.6944 33.9167 5.2
    endloop
  endfacet
  facet normal 0 0 1
    outer loop
      vertex 53.1424 31.6647 5.2
      vertex 51.1808 32.0549 5.2
      vertex 53.0708 31.3791 5.2
    endloop
  endfacet
  facet normal 0 0 1
    outer loop
      vertex 51.0315 32.8056 5.2
      vertex 52.6944 33.9167 5.2
      vertex 52.519 34.1532 5.2
    endloop
  endfacet
  facet normal -0 0 1
    outer loop
      vertex 51.1569 31.9597 5.2
      vertex 53.0708 31.3791 5.2
      vertex 51.1808 32.0549 5.2
    endloop
  endfacet
  facet normal 0 0 1
    outer loop
      vertex 50.973 32.8844 5.2
      vertex 52.519 34.1532 5.2
      vertex 52.3213 34.3713 5.2
    endloop
  endfacet
  facet normal 0 0 1
    outer loop
      vertex 53.0708 31.3791 5.2
      vertex 51.1569 31.9597 5.2
      vertex 52.9716 31.102 5.2
    endloop
  endfacet
  facet normal 0 0 1
    outer loop
      vertex 50.9071 32.9571 5.2
      vertex 52.3213 34.3713 5.2
      vertex 52.1032 34.569 5.2
    endloop
  endfacet
  facet normal -0 0 1
    outer loop
      vertex 51.1239 31.8673 5.2
      vertex 52.9716 31.102 5.2
      vertex 51.1569 31.9597 5.2
    endloop
  endfacet
  facet normal 0 0 1
    outer loop
      vertex 50.8344 33.023 5.2
      vertex 52.1032 34.569 5.2
      vertex 51.8667 34.7444 5.2
    endloop
  endfacet
  facet normal 0 0 1
    outer loop
      vertex 52.9716 31.102 5.2
      vertex 51.1239 31.8673 5.2
      vertex 52.8458 30.8358 5.2
    endloop
  endfacet
  facet normal 0 0 1
    outer loop
      vertex 50.7556 33.0815 5.2
      vertex 51.8667 34.7444 5.2
      vertex 51.6142 34.8958 5.2
    endloop
  endfacet
  facet normal -0 0 1
    outer loop
      vertex 51.0819 31.7786 5.2
      vertex 52.8458 30.8358 5.2
      vertex 51.1239 31.8673 5.2
    endloop
  endfacet
  facet normal 0 0 1
    outer loop
      vertex 50.6714 33.1319 5.2
      vertex 51.6142 34.8958 5.2
      vertex 51.348 35.0216 5.2
    endloop
  endfacet
  facet normal 0 0 1
    outer loop
      vertex 52.8458 30.8358 5.2
      vertex 51.0819 31.7786 5.2
      vertex 52.6944 30.5833 5.2
    endloop
  endfacet
  facet normal -0 0 1
    outer loop
      vertex 51.0315 31.6944 5.2
      vertex 52.6944 30.5833 5.2
      vertex 51.0819 31.7786 5.2
    endloop
  endfacet
  facet normal 0 0 1
    outer loop
      vertex 53.1856 32.5441 5.2
      vertex 51.1952 32.348 5.2
      vertex 51.2 32.25 5.2
    endloop
  endfacet
  facet normal 0 0 1
    outer loop
      vertex 53.1424 32.8353 5.2
      vertex 51.1808 32.4451 5.2
      vertex 51.1952 32.348 5.2
    endloop
  endfacet
  facet normal 0 0 1
    outer loop
      vertex 53.0708 33.1209 5.2
      vertex 51.1569 32.5403 5.2
      vertex 51.1808 32.4451 5.2
    endloop
  endfacet
  facet normal 0 0 1
    outer loop
      vertex 52.9716 33.398 5.2
      vertex 51.1239 32.6327 5.2
      vertex 51.1569 32.5403 5.2
    endloop
  endfacet
  facet normal 0 0 1
    outer loop
      vertex 52.8458 33.6642 5.2
      vertex 51.0819 32.7214 5.2
      vertex 51.1239 32.6327 5.2
    endloop
  endfacet
  facet normal 0 0 1
    outer loop
      vertex 50.5827 33.1739 5.2
      vertex 51.348 35.0216 5.2
      vertex 51.0709 35.1208 5.2
    endloop
  endfacet
  facet normal 0 0 1
    outer loop
      vertex 52.6944 33.9167 5.2
      vertex 51.0315 32.8056 5.2
      vertex 51.0819 32.7214 5.2
    endloop
  endfacet
  facet normal 0 0 1
    outer loop
      vertex 52.519 34.1532 5.2
      vertex 50.973 32.8844 5.2
      vertex 51.0315 32.8056 5.2
    endloop
  endfacet
  facet normal 0 0 1
    outer loop
      vertex 52.3213 34.3713 5.2
      vertex 50.9071 32.9571 5.2
      vertex 50.973 32.8844 5.2
    endloop
  endfacet
  facet normal 0 0 1
    outer loop
      vertex 52.1032 34.569 5.2
      vertex 50.8344 33.023 5.2
      vertex 50.9071 32.9571 5.2
    endloop
  endfacet
  facet normal 0 0 1
    outer loop
      vertex 50.4903 33.2069 5.2
      vertex 51.0709 35.1208 5.2
      vertex 50.7853 35.1924 5.2
    endloop
  endfacet
  facet normal 0 0 1
    outer loop
      vertex 51.8667 34.7444 5.2
      vertex 50.7556 33.0815 5.2
      vertex 50.8344 33.023 5.2
    endloop
  endfacet
  facet normal 0 0 1
    outer loop
      vertex 51.6142 34.8958 5.2
      vertex 50.6714 33.1319 5.2
      vertex 50.7556 33.0815 5.2
    endloop
  endfacet
  facet normal 0 0 1
    outer loop
      vertex 51.348 35.0216 5.2
      vertex 50.5827 33.1739 5.2
      vertex 50.6714 33.1319 5.2
    endloop
  endfacet
  facet normal 0 0 1
    outer loop
      vertex 50.3951 33.2308 5.2
      vertex 50.7853 35.1924 5.2
      vertex 50.4941 35.2356 5.2
    endloop
  endfacet
  facet normal 0 0 1
    outer loop
      vertex 51.0709 35.1208 5.2
      vertex 50.4903 33.2069 5.2
      vertex 50.5827 33.1739 5.2
    endloop
  endfacet
  facet normal 0 0 1
    outer loop
      vertex 50.7853 35.1924 5.2
      vertex 50.3951 33.2308 5.2
      vertex 50.4903 33.2069 5.2
    endloop
  endfacet
  facet normal 0 0 1
    outer loop
      vertex 50.4941 35.2356 5.2
      vertex 50.298 33.2452 5.2
      vertex 50.3951 33.2308 5.2
    endloop
  endfacet
  facet normal 0 0 1
    outer loop
      vertex 50.2 35.25 5.2
      vertex 50.298 33.2452 5.2
      vertex 50.4941 35.2356 5.2
    endloop
  endfacet
  facet normal 0 0 1
    outer loop
      vertex 50.2 35.25 5.2
      vertex 50.2 33.25 5.2
      vertex 50.298 33.2452 5.2
    endloop
  endfacet
  facet normal 0 0 1
    outer loop
      vertex 50.2 35.25 5.2
      vertex 50.102 33.2452 5.2
      vertex 50.2 33.25 5.2
    endloop
  endfacet
  facet normal -0 0 1
    outer loop
      vertex 49.9059 35.2356 5.2
      vertex 50.102 33.2452 5.2
      vertex 50.2 35.25 5.2
    endloop
  endfacet
  facet normal 0 0 1
    outer loop
      vertex 50.102 33.2452 5.2
      vertex 49.9059 35.2356 5.2
      vertex 50.0049 33.2308 5.2
    endloop
  endfacet
  facet normal -0 0 1
    outer loop
      vertex 49.6147 35.1924 5.2
      vertex 50.0049 33.2308 5.2
      vertex 49.9059 35.2356 5.2
    endloop
  endfacet
  facet normal 0 0 1
    outer loop
      vertex 50.0049 33.2308 5.2
      vertex 49.6147 35.1924 5.2
      vertex 49.9097 33.2069 5.2
    endloop
  endfacet
  facet normal -0 0 1
    outer loop
      vertex 49.3291 35.1208 5.2
      vertex 49.9097 33.2069 5.2
      vertex 49.6147 35.1924 5.2
    endloop
  endfacet
  facet normal 0 0 1
    outer loop
      vertex 49.9097 33.2069 5.2
      vertex 49.3291 35.1208 5.2
      vertex 49.8173 33.1739 5.2
    endloop
  endfacet
  facet normal -0 0 1
    outer loop
      vertex 49.052 35.0216 5.2
      vertex 49.8173 33.1739 5.2
      vertex 49.3291 35.1208 5.2
    endloop
  endfacet
  facet normal 0 0 1
    outer loop
      vertex 49.8173 33.1739 5.2
      vertex 49.052 35.0216 5.2
      vertex 49.7286 33.1319 5.2
    endloop
  endfacet
  facet normal -0 0 1
    outer loop
      vertex 48.7858 34.8958 5.2
      vertex 49.7286 33.1319 5.2
      vertex 49.052 35.0216 5.2
    endloop
  endfacet
  facet normal 0 0 1
    outer loop
      vertex 49.7286 33.1319 5.2
      vertex 48.7858 34.8958 5.2
      vertex 49.6444 33.0815 5.2
    endloop
  endfacet
  facet normal -0 0 1
    outer loop
      vertex 48.5333 34.7444 5.2
      vertex 49.6444 33.0815 5.2
      vertex 48.7858 34.8958 5.2
    endloop
  endfacet
  facet normal 0 0 1
    outer loop
      vertex 49.6444 33.0815 5.2
      vertex 48.5333 34.7444 5.2
      vertex 49.5656 33.023 5.2
    endloop
  endfacet
  facet normal -0 0 1
    outer loop
      vertex 48.2968 34.569 5.2
      vertex 49.5656 33.023 5.2
      vertex 48.5333 34.7444 5.2
    endloop
  endfacet
  facet normal 0 0 1
    outer loop
      vertex 49.5656 33.023 5.2
      vertex 48.2968 34.569 5.2
      vertex 49.4929 32.9571 5.2
    endloop
  endfacet
  facet normal -0 0 1
    outer loop
      vertex 48.0787 34.3713 5.2
      vertex 49.4929 32.9571 5.2
      vertex 48.2968 34.569 5.2
    endloop
  endfacet
  facet normal 0 0 1
    outer loop
      vertex 49.4929 32.9571 5.2
      vertex 48.0787 34.3713 5.2
      vertex 49.427 32.8844 5.2
    endloop
  endfacet
  facet normal -0 0 1
    outer loop
      vertex 47.881 34.1532 5.2
      vertex 49.427 32.8844 5.2
      vertex 48.0787 34.3713 5.2
    endloop
  endfacet
  facet normal 0 0 1
    outer loop
      vertex 49.427 32.8844 5.2
      vertex 47.881 34.1532 5.2
      vertex 49.3685 32.8056 5.2
    endloop
  endfacet
  facet normal -0 0 1
    outer loop
      vertex 47.7056 33.9167 5.2
      vertex 49.3685 32.8056 5.2
      vertex 47.881 34.1532 5.2
    endloop
  endfacet
  facet normal 0 0 1
    outer loop
      vertex 52.6944 30.5833 5.2
      vertex 51.0315 31.6944 5.2
      vertex 52.519 30.3468 5.2
    endloop
  endfacet
  facet normal -0 0 1
    outer loop
      vertex 50.973 31.6156 5.2
      vertex 52.519 30.3468 5.2
      vertex 51.0315 31.6944 5.2
    endloop
  endfacet
  facet normal 0 0 1
    outer loop
      vertex 52.519 30.3468 5.2
      vertex 50.973 31.6156 5.2
      vertex 52.3213 30.1287 5.2
    endloop
  endfacet
  facet normal -0 0 1
    outer loop
      vertex 50.9071 31.5429 5.2
      vertex 52.3213 30.1287 5.2
      vertex 50.973 31.6156 5.2
    endloop
  endfacet
  facet normal 0 0 1
    outer loop
      vertex 52.3213 30.1287 5.2
      vertex 50.9071 31.5429 5.2
      vertex 52.1032 29.931 5.2
    endloop
  endfacet
  facet normal -0 0 1
    outer loop
      vertex 50.8344 31.477 5.2
      vertex 52.1032 29.931 5.2
      vertex 50.9071 31.5429 5.2
    endloop
  endfacet
  facet normal 0 0 1
    outer loop
      vertex 52.1032 29.931 5.2
      vertex 50.8344 31.477 5.2
      vertex 51.8667 29.7556 5.2
    endloop
  endfacet
  facet normal -0 0 1
    outer loop
      vertex 50.7556 31.4185 5.2
      vertex 51.8667 29.7556 5.2
      vertex 50.8344 31.477 5.2
    endloop
  endfacet
  facet normal 0 0 1
    outer loop
      vertex 51.8667 29.7556 5.2
      vertex 50.7556 31.4185 5.2
      vertex 51.6142 29.6042 5.2
    endloop
  endfacet
  facet normal -0 0 1
    outer loop
      vertex 50.6714 31.3681 5.2
      vertex 51.6142 29.6042 5.2
      vertex 50.7556 31.4185 5.2
    endloop
  endfacet
  facet normal 0 0 1
    outer loop
      vertex 51.6142 29.6042 5.2
      vertex 50.6714 31.3681 5.2
      vertex 51.348 29.4784 5.2
    endloop
  endfacet
  facet normal -0 0 1
    outer loop
      vertex 50.5827 31.3261 5.2
      vertex 51.348 29.4784 5.2
      vertex 50.6714 31.3681 5.2
    endloop
  endfacet
  facet normal 0 0 1
    outer loop
      vertex 51.348 29.4784 5.2
      vertex 50.5827 31.3261 5.2
      vertex 51.0709 29.3792 5.2
    endloop
  endfacet
  facet normal -0 0 1
    outer loop
      vertex 50.4903 31.2931 5.2
      vertex 51.0709 29.3792 5.2
      vertex 50.5827 31.3261 5.2
    endloop
  endfacet
  facet normal 0 0 1
    outer loop
      vertex 51.0709 29.3792 5.2
      vertex 50.4903 31.2931 5.2
      vertex 50.7853 29.3076 5.2
    endloop
  endfacet
  facet normal -0 0 1
    outer loop
      vertex 50.3951 31.2692 5.2
      vertex 50.7853 29.3076 5.2
      vertex 50.4903 31.2931 5.2
    endloop
  endfacet
  facet normal 0 0 1
    outer loop
      vertex 50.7853 29.3076 5.2
      vertex 50.3951 31.2692 5.2
      vertex 50.4941 29.2644 5.2
    endloop
  endfacet
  facet normal -0 0 1
    outer loop
      vertex 50.298 31.2548 5.2
      vertex 50.4941 29.2644 5.2
      vertex 50.3951 31.2692 5.2
    endloop
  endfacet
  facet normal -0 0 1
    outer loop
      vertex 50.2 31.25 5.2
      vertex 50.4941 29.2644 5.2
      vertex 50.298 31.2548 5.2
    endloop
  endfacet
  facet normal 0 0 1
    outer loop
      vertex 50.2 31.25 5.2
      vertex 50.2 29.25 5.2
      vertex 50.4941 29.2644 5.2
    endloop
  endfacet
  facet normal 0 0 1
    outer loop
      vertex 50.102 31.2548 5.2
      vertex 50.2 29.25 5.2
      vertex 50.2 31.25 5.2
    endloop
  endfacet
  facet normal 0 0 1
    outer loop
      vertex 49.9059 29.2644 5.2
      vertex 50.102 31.2548 5.2
      vertex 50.0049 31.2692 5.2
    endloop
  endfacet
  facet normal 0 0 1
    outer loop
      vertex 49.6147 29.3076 5.2
      vertex 50.0049 31.2692 5.2
      vertex 49.9097 31.2931 5.2
    endloop
  endfacet
  facet normal 0 0 1
    outer loop
      vertex 50.102 31.2548 5.2
      vertex 49.9059 29.2644 5.2
      vertex 50.2 29.25 5.2
    endloop
  endfacet
  facet normal 0 0 1
    outer loop
      vertex 49.3291 29.3792 5.2
      vertex 49.9097 31.2931 5.2
      vertex 49.8173 31.3261 5.2
    endloop
  endfacet
  facet normal 0 0 1
    outer loop
      vertex 49.052 29.4784 5.2
      vertex 49.8173 31.3261 5.2
      vertex 49.7286 31.3681 5.2
    endloop
  endfacet
  facet normal 0 0 1
    outer loop
      vertex 48.7858 29.6042 5.2
      vertex 49.7286 31.3681 5.2
      vertex 49.6444 31.4185 5.2
    endloop
  endfacet
  facet normal 0 0 1
    outer loop
      vertex 50.0049 31.2692 5.2
      vertex 49.6147 29.3076 5.2
      vertex 49.9059 29.2644 5.2
    endloop
  endfacet
  facet normal 0 0 1
    outer loop
      vertex 48.5333 29.7556 5.2
      vertex 49.6444 31.4185 5.2
      vertex 49.5656 31.477 5.2
    endloop
  endfacet
  facet normal 0 0 1
    outer loop
      vertex 48.2968 29.931 5.2
      vertex 49.5656 31.477 5.2
      vertex 49.4929 31.5429 5.2
    endloop
  endfacet
  facet normal 0 0 1
    outer loop
      vertex 48.0787 30.1287 5.2
      vertex 49.4929 31.5429 5.2
      vertex 49.427 31.6156 5.2
    endloop
  endfacet
  facet normal 0 0 1
    outer loop
      vertex 47.881 30.3468 5.2
      vertex 49.427 31.6156 5.2
      vertex 49.3685 31.6944 5.2
    endloop
  endfacet
  facet normal 0 0 1
    outer loop
      vertex 49.9097 31.2931 5.2
      vertex 49.3291 29.3792 5.2
      vertex 49.6147 29.3076 5.2
    endloop
  endfacet
  facet normal 0 0 1
    outer loop
      vertex 47.7056 30.5833 5.2
      vertex 49.3685 31.6944 5.2
      vertex 49.3181 31.7786 5.2
    endloop
  endfacet
  facet normal 0 0 1
    outer loop
      vertex 47.5542 30.8358 5.2
      vertex 49.3181 31.7786 5.2
      vertex 49.2761 31.8673 5.2
    endloop
  endfacet
  facet normal 0 0 1
    outer loop
      vertex 47.4284 31.102 5.2
      vertex 49.2761 31.8673 5.2
      vertex 49.2431 31.9597 5.2
    endloop
  endfacet
  facet normal 0 0 1
    outer loop
      vertex 47.3292 31.3791 5.2
      vertex 49.2431 31.9597 5.2
      vertex 49.2192 32.0549 5.2
    endloop
  endfacet
  facet normal 0 0 1
    outer loop
      vertex 47.2576 31.6647 5.2
      vertex 49.2192 32.0549 5.2
      vertex 49.2048 32.152 5.2
    endloop
  endfacet
  facet normal 0 0 1
    outer loop
      vertex 47.2144 31.9559 5.2
      vertex 49.2048 32.152 5.2
      vertex 49.2 32.25 5.2
    endloop
  endfacet
  facet normal 0 0 1
    outer loop
      vertex 49.3685 32.8056 5.2
      vertex 47.7056 33.9167 5.2
      vertex 49.3181 32.7214 5.2
    endloop
  endfacet
  facet normal 0 0 1
    outer loop
      vertex 49.8173 31.3261 5.2
      vertex 49.052 29.4784 5.2
      vertex 49.3291 29.3792 5.2
    endloop
  endfacet
  facet normal -0 0 1
    outer loop
      vertex 47.5542 33.6642 5.2
      vertex 49.3181 32.7214 5.2
      vertex 47.7056 33.9167 5.2
    endloop
  endfacet
  facet normal 0 0 1
    outer loop
      vertex 49.7286 31.3681 5.2
      vertex 48.7858 29.6042 5.2
      vertex 49.052 29.4784 5.2
    endloop
  endfacet
  facet normal 0 0 1
    outer loop
      vertex 49.3181 32.7214 5.2
      vertex 47.5542 33.6642 5.2
      vertex 49.2761 32.6327 5.2
    endloop
  endfacet
  facet normal 0 0 1
    outer loop
      vertex 49.6444 31.4185 5.2
      vertex 48.5333 29.7556 5.2
      vertex 48.7858 29.6042 5.2
    endloop
  endfacet
  facet normal -0 0 1
    outer loop
      vertex 47.4284 33.398 5.2
      vertex 49.2761 32.6327 5.2
      vertex 47.5542 33.6642 5.2
    endloop
  endfacet
  facet normal 0 0 1
    outer loop
      vertex 49.5656 31.477 5.2
      vertex 48.2968 29.931 5.2
      vertex 48.5333 29.7556 5.2
    endloop
  endfacet
  facet normal 0 0 1
    outer loop
      vertex 49.2761 32.6327 5.2
      vertex 47.4284 33.398 5.2
      vertex 49.2431 32.5403 5.2
    endloop
  endfacet
  facet normal 0 0 1
    outer loop
      vertex 49.4929 31.5429 5.2
      vertex 48.0787 30.1287 5.2
      vertex 48.2968 29.931 5.2
    endloop
  endfacet
  facet normal -0 0 1
    outer loop
      vertex 47.3292 33.1209 5.2
      vertex 49.2431 32.5403 5.2
      vertex 47.4284 33.398 5.2
    endloop
  endfacet
  facet normal 0 0 1
    outer loop
      vertex 49.427 31.6156 5.2
      vertex 47.881 30.3468 5.2
      vertex 48.0787 30.1287 5.2
    endloop
  endfacet
  facet normal 0 0 1
    outer loop
      vertex 49.2431 32.5403 5.2
      vertex 47.3292 33.1209 5.2
      vertex 49.2192 32.4451 5.2
    endloop
  endfacet
  facet normal 0 0 1
    outer loop
      vertex 49.3685 31.6944 5.2
      vertex 47.7056 30.5833 5.2
      vertex 47.881 30.3468 5.2
    endloop
  endfacet
  facet normal -0 0 1
    outer loop
      vertex 47.2576 32.8353 5.2
      vertex 49.2192 32.4451 5.2
      vertex 47.3292 33.1209 5.2
    endloop
  endfacet
  facet normal 0 0 1
    outer loop
      vertex 49.3181 31.7786 5.2
      vertex 47.5542 30.8358 5.2
      vertex 47.7056 30.5833 5.2
    endloop
  endfacet
  facet normal 0 0 1
    outer loop
      vertex 49.2192 32.4451 5.2
      vertex 47.2576 32.8353 5.2
      vertex 49.2048 32.348 5.2
    endloop
  endfacet
  facet normal 0 0 1
    outer loop
      vertex 49.2761 31.8673 5.2
      vertex 47.4284 31.102 5.2
      vertex 47.5542 30.8358 5.2
    endloop
  endfacet
  facet normal -0 0 1
    outer loop
      vertex 47.2144 32.5441 5.2
      vertex 49.2048 32.348 5.2
      vertex 47.2576 32.8353 5.2
    endloop
  endfacet
  facet normal 0 0 1
    outer loop
      vertex 49.2431 31.9597 5.2
      vertex 47.3292 31.3791 5.2
      vertex 47.4284 31.102 5.2
    endloop
  endfacet
  facet normal 0 0 1
    outer loop
      vertex 49.2048 32.348 5.2
      vertex 47.2144 32.5441 5.2
      vertex 49.2 32.25 5.2
    endloop
  endfacet
  facet normal 0 0 1
    outer loop
      vertex 49.2192 32.0549 5.2
      vertex 47.2576 31.6647 5.2
      vertex 47.3292 31.3791 5.2
    endloop
  endfacet
  facet normal 0 0 1
    outer loop
      vertex 47.2 32.25 5.2
      vertex 49.2 32.25 5.2
      vertex 47.2144 32.5441 5.2
    endloop
  endfacet
  facet normal 0 0 1
    outer loop
      vertex 49.2048 32.152 5.2
      vertex 47.2144 31.9559 5.2
      vertex 47.2576 31.6647 5.2
    endloop
  endfacet
  facet normal 0 0 1
    outer loop
      vertex 49.2 32.25 5.2
      vertex 47.2 32.25 5.2
      vertex 47.2144 31.9559 5.2
    endloop
  endfacet
  facet normal -0.740908 -0.671607 0
    outer loop
      vertex 50.973 32.8844 3.2
      vertex 50.9071 32.9571 5.2
      vertex 50.9071 32.9571 3.2
    endloop
  endfacet
  facet normal -0.740908 -0.671607 0
    outer loop
      vertex 50.9071 32.9571 5.2
      vertex 50.973 32.8844 3.2
      vertex 50.973 32.8844 5.2
    endloop
  endfacet
  facet normal -0.989182 -0.146696 0
    outer loop
      vertex 51.1952 32.348 3.2
      vertex 51.1808 32.4451 5.2
      vertex 51.1808 32.4451 3.2
    endloop
  endfacet
  facet normal -0.989182 -0.146696 0
    outer loop
      vertex 51.1808 32.4451 5.2
      vertex 51.1952 32.348 3.2
      vertex 51.1952 32.348 5.2
    endloop
  endfacet
  facet normal -0.998803 -0.0489209 0
    outer loop
      vertex 51.2 32.25 3.2
      vertex 51.1952 32.348 5.2
      vertex 51.1952 32.348 3.2
    endloop
  endfacet
  facet normal -0.998803 -0.0489209 0
    outer loop
      vertex 51.1952 32.348 5.2
      vertex 51.2 32.25 3.2
      vertex 51.2 32.25 5.2
    endloop
  endfacet
  facet normal -0.969902 -0.243494 0
    outer loop
      vertex 51.1808 32.4451 3.2
      vertex 51.1569 32.5403 5.2
      vertex 51.1569 32.5403 3.2
    endloop
  endfacet
  facet normal -0.969902 -0.243494 0
    outer loop
      vertex 51.1569 32.5403 5.2
      vertex 51.1808 32.4451 3.2
      vertex 51.1808 32.4451 5.2
    endloop
  endfacet
  facet normal -0.336336 0.941742 0
    outer loop
      vertex 50.5827 31.3261 3.2
      vertex 50.4903 31.2931 5.2
      vertex 50.5827 31.3261 5.2
    endloop
  endfacet
  facet normal -0.336336 0.941742 0
    outer loop
      vertex 50.4903 31.2931 5.2
      vertex 50.5827 31.3261 3.2
      vertex 50.4903 31.2931 3.2
    endloop
  endfacet
  facet normal -0.858032 -0.513596 0
    outer loop
      vertex 51.0819 32.7214 3.2
      vertex 51.0315 32.8056 5.2
      vertex 51.0315 32.8056 3.2
    endloop
  endfacet
  facet normal -0.858032 -0.513596 0
    outer loop
      vertex 51.0315 32.8056 5.2
      vertex 51.0819 32.7214 3.2
      vertex 51.0819 32.7214 5.2
    endloop
  endfacet
  facet normal -0.941742 -0.336336 0
    outer loop
      vertex 51.1569 32.5403 3.2
      vertex 51.1239 32.6327 5.2
      vertex 51.1239 32.6327 3.2
    endloop
  endfacet
  facet normal -0.941742 -0.336336 0
    outer loop
      vertex 51.1239 32.6327 5.2
      vertex 51.1569 32.5403 3.2
      vertex 51.1569 32.5403 5.2
    endloop
  endfacet
  facet normal -0.243494 -0.969902 0
    outer loop
      vertex 50.3951 33.2308 3.2
      vertex 50.4903 33.2069 5.2
      vertex 50.3951 33.2308 5.2
    endloop
  endfacet
  facet normal -0.243494 -0.969902 -0
    outer loop
      vertex 50.4903 33.2069 5.2
      vertex 50.3951 33.2308 3.2
      vertex 50.4903 33.2069 3.2
    endloop
  endfacet
  facet normal 0.740908 -0.671607 0
    outer loop
      vertex 49.427 32.8844 5.2
      vertex 49.4929 32.9571 3.2
      vertex 49.4929 32.9571 5.2
    endloop
  endfacet
  facet normal 0.740908 -0.671607 0
    outer loop
      vertex 49.4929 32.9571 3.2
      vertex 49.427 32.8844 5.2
      vertex 49.427 32.8844 3.2
    endloop
  endfacet
  facet normal -0.0489209 0.998803 0
    outer loop
      vertex 50.298 31.2548 3.2
      vertex 50.2 31.25 5.2
      vertex 50.298 31.2548 5.2
    endloop
  endfacet
  facet normal -0.0489209 0.998803 0
    outer loop
      vertex 50.2 31.25 5.2
      vertex 50.298 31.2548 3.2
      vertex 50.2 31.25 3.2
    endloop
  endfacet
  facet normal -0.427955 -0.9038 0
    outer loop
      vertex 50.5827 33.1739 3.2
      vertex 50.6714 33.1319 5.2
      vertex 50.5827 33.1739 5.2
    endloop
  endfacet
  facet normal -0.427955 -0.9038 -0
    outer loop
      vertex 50.6714 33.1319 5.2
      vertex 50.5827 33.1739 3.2
      vertex 50.6714 33.1319 3.2
    endloop
  endfacet
  facet normal -0.671607 -0.740908 0
    outer loop
      vertex 50.8344 33.023 3.2
      vertex 50.9071 32.9571 5.2
      vertex 50.8344 33.023 5.2
    endloop
  endfacet
  facet normal -0.671607 -0.740908 -0
    outer loop
      vertex 50.9071 32.9571 5.2
      vertex 50.8344 33.023 3.2
      vertex 50.9071 32.9571 3.2
    endloop
  endfacet
  facet normal 0.59608 0.802925 -0
    outer loop
      vertex 49.6444 31.4185 3.2
      vertex 49.5656 31.477 5.2
      vertex 49.6444 31.4185 5.2
    endloop
  endfacet
  facet normal 0.59608 0.802925 0
    outer loop
      vertex 49.5656 31.477 5.2
      vertex 49.6444 31.4185 3.2
      vertex 49.5656 31.477 3.2
    endloop
  endfacet
  facet normal -0.243494 0.969902 0
    outer loop
      vertex 50.4903 31.2931 3.2
      vertex 50.3951 31.2692 5.2
      vertex 50.4903 31.2931 5.2
    endloop
  endfacet
  facet normal -0.243494 0.969902 0
    outer loop
      vertex 50.3951 31.2692 5.2
      vertex 50.4903 31.2931 3.2
      vertex 50.3951 31.2692 3.2
    endloop
  endfacet
  facet normal -0.989182 0.146696 0
    outer loop
      vertex 51.1808 32.0549 3.2
      vertex 51.1952 32.152 5.2
      vertex 51.1952 32.152 3.2
    endloop
  endfacet
  facet normal -0.989182 0.146696 0
    outer loop
      vertex 51.1952 32.152 5.2
      vertex 51.1808 32.0549 3.2
      vertex 51.1808 32.0549 5.2
    endloop
  endfacet
  facet normal -0.513596 0.858032 0
    outer loop
      vertex 50.7556 31.4185 3.2
      vertex 50.6714 31.3681 5.2
      vertex 50.7556 31.4185 5.2
    endloop
  endfacet
  facet normal -0.513596 0.858032 0
    outer loop
      vertex 50.6714 31.3681 5.2
      vertex 50.7556 31.4185 3.2
      vertex 50.6714 31.3681 3.2
    endloop
  endfacet
  facet normal 0.243494 0.969902 -0
    outer loop
      vertex 50.0049 31.2692 3.2
      vertex 49.9097 31.2931 5.2
      vertex 50.0049 31.2692 5.2
    endloop
  endfacet
  facet normal 0.243494 0.969902 0
    outer loop
      vertex 49.9097 31.2931 5.2
      vertex 50.0049 31.2692 3.2
      vertex 49.9097 31.2931 3.2
    endloop
  endfacet
  facet normal 0.59608 -0.802925 0
    outer loop
      vertex 49.5656 33.023 3.2
      vertex 49.6444 33.0815 5.2
      vertex 49.5656 33.023 5.2
    endloop
  endfacet
  facet normal 0.59608 -0.802925 0
    outer loop
      vertex 49.6444 33.0815 5.2
      vertex 49.5656 33.023 3.2
      vertex 49.6444 33.0815 3.2
    endloop
  endfacet
  facet normal 0.998803 0.0489209 0
    outer loop
      vertex 49.2048 32.152 5.2
      vertex 49.2 32.25 3.2
      vertex 49.2 32.25 5.2
    endloop
  endfacet
  facet normal 0.998803 0.0489209 0
    outer loop
      vertex 49.2 32.25 3.2
      vertex 49.2048 32.152 5.2
      vertex 49.2048 32.152 3.2
    endloop
  endfacet
  facet normal 0.969902 0.243494 0
    outer loop
      vertex 49.2431 31.9597 5.2
      vertex 49.2192 32.0549 3.2
      vertex 49.2192 32.0549 5.2
    endloop
  endfacet
  facet normal 0.969902 0.243494 0
    outer loop
      vertex 49.2192 32.0549 3.2
      vertex 49.2431 31.9597 5.2
      vertex 49.2431 31.9597 3.2
    endloop
  endfacet
  facet normal -0.969902 0.243494 0
    outer loop
      vertex 51.1569 31.9597 3.2
      vertex 51.1808 32.0549 5.2
      vertex 51.1808 32.0549 3.2
    endloop
  endfacet
  facet normal -0.969902 0.243494 0
    outer loop
      vertex 51.1808 32.0549 5.2
      vertex 51.1569 31.9597 3.2
      vertex 51.1569 31.9597 5.2
    endloop
  endfacet
  facet normal 0.513596 -0.858032 0
    outer loop
      vertex 49.6444 33.0815 3.2
      vertex 49.7286 33.1319 5.2
      vertex 49.6444 33.0815 5.2
    endloop
  endfacet
  facet normal 0.513596 -0.858032 0
    outer loop
      vertex 49.7286 33.1319 5.2
      vertex 49.6444 33.0815 3.2
      vertex 49.7286 33.1319 3.2
    endloop
  endfacet
  facet normal -0.59608 -0.802925 0
    outer loop
      vertex 50.7556 33.0815 3.2
      vertex 50.8344 33.023 5.2
      vertex 50.7556 33.0815 5.2
    endloop
  endfacet
  facet normal -0.59608 -0.802925 -0
    outer loop
      vertex 50.8344 33.023 5.2
      vertex 50.7556 33.0815 3.2
      vertex 50.8344 33.023 3.2
    endloop
  endfacet
  facet normal 0.9038 0.427955 0
    outer loop
      vertex 49.3181 31.7786 5.2
      vertex 49.2761 31.8673 3.2
      vertex 49.2761 31.8673 5.2
    endloop
  endfacet
  facet normal 0.9038 0.427955 0
    outer loop
      vertex 49.2761 31.8673 3.2
      vertex 49.3181 31.7786 5.2
      vertex 49.3181 31.7786 3.2
    endloop
  endfacet
  facet normal -0.941742 0.336336 0
    outer loop
      vertex 51.1239 31.8673 3.2
      vertex 51.1569 31.9597 5.2
      vertex 51.1569 31.9597 3.2
    endloop
  endfacet
  facet normal -0.941742 0.336336 0
    outer loop
      vertex 51.1569 31.9597 5.2
      vertex 51.1239 31.8673 3.2
      vertex 51.1239 31.8673 5.2
    endloop
  endfacet
  facet normal -0.146696 -0.989182 0
    outer loop
      vertex 50.298 33.2452 3.2
      vertex 50.3951 33.2308 5.2
      vertex 50.298 33.2452 5.2
    endloop
  endfacet
  facet normal -0.146696 -0.989182 -0
    outer loop
      vertex 50.3951 33.2308 5.2
      vertex 50.298 33.2452 3.2
      vertex 50.3951 33.2308 3.2
    endloop
  endfacet
  facet normal 0.427955 -0.9038 0
    outer loop
      vertex 49.7286 33.1319 3.2
      vertex 49.8173 33.1739 5.2
      vertex 49.7286 33.1319 5.2
    endloop
  endfacet
  facet normal 0.427955 -0.9038 0
    outer loop
      vertex 49.8173 33.1739 5.2
      vertex 49.7286 33.1319 3.2
      vertex 49.8173 33.1739 3.2
    endloop
  endfacet
  facet normal -0.513596 -0.858032 0
    outer loop
      vertex 50.6714 33.1319 3.2
      vertex 50.7556 33.0815 5.2
      vertex 50.6714 33.1319 5.2
    endloop
  endfacet
  facet normal -0.513596 -0.858032 -0
    outer loop
      vertex 50.7556 33.0815 5.2
      vertex 50.6714 33.1319 3.2
      vertex 50.7556 33.0815 3.2
    endloop
  endfacet
  facet normal -0.427955 0.9038 0
    outer loop
      vertex 50.6714 31.3681 3.2
      vertex 50.5827 31.3261 5.2
      vertex 50.6714 31.3681 5.2
    endloop
  endfacet
  facet normal -0.427955 0.9038 0
    outer loop
      vertex 50.5827 31.3261 5.2
      vertex 50.6714 31.3681 3.2
      vertex 50.5827 31.3261 3.2
    endloop
  endfacet
  facet normal 0.941742 0.336336 0
    outer loop
      vertex 49.2761 31.8673 5.2
      vertex 49.2431 31.9597 3.2
      vertex 49.2431 31.9597 5.2
    endloop
  endfacet
  facet normal 0.941742 0.336336 0
    outer loop
      vertex 49.2431 31.9597 3.2
      vertex 49.2761 31.8673 5.2
      vertex 49.2761 31.8673 3.2
    endloop
  endfacet
  facet normal -0.858032 0.513596 0
    outer loop
      vertex 51.0315 31.6944 3.2
      vertex 51.0819 31.7786 5.2
      vertex 51.0819 31.7786 3.2
    endloop
  endfacet
  facet normal -0.858032 0.513596 0
    outer loop
      vertex 51.0819 31.7786 5.2
      vertex 51.0315 31.6944 3.2
      vertex 51.0315 31.6944 5.2
    endloop
  endfacet
  facet normal -0.9038 0.427955 0
    outer loop
      vertex 51.0819 31.7786 3.2
      vertex 51.1239 31.8673 5.2
      vertex 51.1239 31.8673 3.2
    endloop
  endfacet
  facet normal -0.9038 0.427955 0
    outer loop
      vertex 51.1239 31.8673 5.2
      vertex 51.0819 31.7786 3.2
      vertex 51.0819 31.7786 5.2
    endloop
  endfacet
  facet normal -0.998803 0.0489209 0
    outer loop
      vertex 51.1952 32.152 3.2
      vertex 51.2 32.25 5.2
      vertex 51.2 32.25 3.2
    endloop
  endfacet
  facet normal -0.998803 0.0489209 0
    outer loop
      vertex 51.2 32.25 5.2
      vertex 51.1952 32.152 3.2
      vertex 51.1952 32.152 5.2
    endloop
  endfacet
  facet normal 0.146696 -0.989182 0
    outer loop
      vertex 50.0049 33.2308 3.2
      vertex 50.102 33.2452 5.2
      vertex 50.0049 33.2308 5.2
    endloop
  endfacet
  facet normal 0.146696 -0.989182 0
    outer loop
      vertex 50.102 33.2452 5.2
      vertex 50.0049 33.2308 3.2
      vertex 50.102 33.2452 3.2
    endloop
  endfacet
  facet normal -0.146696 0.989182 0
    outer loop
      vertex 50.3951 31.2692 3.2
      vertex 50.298 31.2548 5.2
      vertex 50.3951 31.2692 5.2
    endloop
  endfacet
  facet normal -0.146696 0.989182 0
    outer loop
      vertex 50.298 31.2548 5.2
      vertex 50.3951 31.2692 3.2
      vertex 50.298 31.2548 3.2
    endloop
  endfacet
  facet normal -0.740908 0.671607 0
    outer loop
      vertex 50.9071 31.5429 3.2
      vertex 50.973 31.6156 5.2
      vertex 50.973 31.6156 3.2
    endloop
  endfacet
  facet normal -0.740908 0.671607 0
    outer loop
      vertex 50.973 31.6156 5.2
      vertex 50.9071 31.5429 3.2
      vertex 50.9071 31.5429 5.2
    endloop
  endfacet
  facet normal -0.802925 0.59608 0
    outer loop
      vertex 50.973 31.6156 3.2
      vertex 51.0315 31.6944 5.2
      vertex 51.0315 31.6944 3.2
    endloop
  endfacet
  facet normal -0.802925 0.59608 0
    outer loop
      vertex 51.0315 31.6944 5.2
      vertex 50.973 31.6156 3.2
      vertex 50.973 31.6156 5.2
    endloop
  endfacet
  facet normal 0.243494 -0.969902 0
    outer loop
      vertex 49.9097 33.2069 3.2
      vertex 50.0049 33.2308 5.2
      vertex 49.9097 33.2069 5.2
    endloop
  endfacet
  facet normal 0.243494 -0.969902 0
    outer loop
      vertex 50.0049 33.2308 5.2
      vertex 49.9097 33.2069 3.2
      vertex 50.0049 33.2308 3.2
    endloop
  endfacet
  facet normal -0.802925 -0.59608 0
    outer loop
      vertex 51.0315 32.8056 3.2
      vertex 50.973 32.8844 5.2
      vertex 50.973 32.8844 3.2
    endloop
  endfacet
  facet normal -0.802925 -0.59608 0
    outer loop
      vertex 50.973 32.8844 5.2
      vertex 51.0315 32.8056 3.2
      vertex 51.0315 32.8056 5.2
    endloop
  endfacet
  facet normal -0.0489209 -0.998803 0
    outer loop
      vertex 50.2 33.25 3.2
      vertex 50.298 33.2452 5.2
      vertex 50.2 33.25 5.2
    endloop
  endfacet
  facet normal -0.0489209 -0.998803 -0
    outer loop
      vertex 50.298 33.2452 5.2
      vertex 50.2 33.25 3.2
      vertex 50.298 33.2452 3.2
    endloop
  endfacet
  facet normal -0.9038 -0.427955 0
    outer loop
      vertex 51.1239 32.6327 3.2
      vertex 51.0819 32.7214 5.2
      vertex 51.0819 32.7214 3.2
    endloop
  endfacet
  facet normal -0.9038 -0.427955 0
    outer loop
      vertex 51.0819 32.7214 5.2
      vertex 51.1239 32.6327 3.2
      vertex 51.1239 32.6327 5.2
    endloop
  endfacet
  facet normal 0.858032 -0.513596 0
    outer loop
      vertex 49.3181 32.7214 5.2
      vertex 49.3685 32.8056 3.2
      vertex 49.3685 32.8056 5.2
    endloop
  endfacet
  facet normal 0.858032 -0.513596 0
    outer loop
      vertex 49.3685 32.8056 3.2
      vertex 49.3181 32.7214 5.2
      vertex 49.3181 32.7214 3.2
    endloop
  endfacet
  facet normal 0.671607 -0.740908 0
    outer loop
      vertex 49.4929 32.9571 3.2
      vertex 49.5656 33.023 5.2
      vertex 49.4929 32.9571 5.2
    endloop
  endfacet
  facet normal 0.671607 -0.740908 0
    outer loop
      vertex 49.5656 33.023 5.2
      vertex 49.4929 32.9571 3.2
      vertex 49.5656 33.023 3.2
    endloop
  endfacet
  facet normal 0.858032 0.513596 0
    outer loop
      vertex 49.3685 31.6944 5.2
      vertex 49.3181 31.7786 3.2
      vertex 49.3181 31.7786 5.2
    endloop
  endfacet
  facet normal 0.858032 0.513596 0
    outer loop
      vertex 49.3181 31.7786 3.2
      vertex 49.3685 31.6944 5.2
      vertex 49.3685 31.6944 3.2
    endloop
  endfacet
  facet normal 0.427955 0.9038 -0
    outer loop
      vertex 49.8173 31.3261 3.2
      vertex 49.7286 31.3681 5.2
      vertex 49.8173 31.3261 5.2
    endloop
  endfacet
  facet normal 0.427955 0.9038 0
    outer loop
      vertex 49.7286 31.3681 5.2
      vertex 49.8173 31.3261 3.2
      vertex 49.7286 31.3681 3.2
    endloop
  endfacet
  facet normal 0.740908 0.671607 0
    outer loop
      vertex 49.4929 31.5429 5.2
      vertex 49.427 31.6156 3.2
      vertex 49.427 31.6156 5.2
    endloop
  endfacet
  facet normal 0.740908 0.671607 0
    outer loop
      vertex 49.427 31.6156 3.2
      vertex 49.4929 31.5429 5.2
      vertex 49.4929 31.5429 3.2
    endloop
  endfacet
  facet normal 0.336336 -0.941742 0
    outer loop
      vertex 49.8173 33.1739 3.2
      vertex 49.9097 33.2069 5.2
      vertex 49.8173 33.1739 5.2
    endloop
  endfacet
  facet normal 0.336336 -0.941742 0
    outer loop
      vertex 49.9097 33.2069 5.2
      vertex 49.8173 33.1739 3.2
      vertex 49.9097 33.2069 3.2
    endloop
  endfacet
  facet normal 0.513596 0.858032 -0
    outer loop
      vertex 49.7286 31.3681 3.2
      vertex 49.6444 31.4185 5.2
      vertex 49.7286 31.3681 5.2
    endloop
  endfacet
  facet normal 0.513596 0.858032 0
    outer loop
      vertex 49.6444 31.4185 5.2
      vertex 49.7286 31.3681 3.2
      vertex 49.6444 31.4185 3.2
    endloop
  endfacet
  facet normal -0.59608 0.802925 0
    outer loop
      vertex 50.8344 31.477 3.2
      vertex 50.7556 31.4185 5.2
      vertex 50.8344 31.477 5.2
    endloop
  endfacet
  facet normal -0.59608 0.802925 0
    outer loop
      vertex 50.7556 31.4185 5.2
      vertex 50.8344 31.477 3.2
      vertex 50.7556 31.4185 3.2
    endloop
  endfacet
  facet normal 0.0489209 -0.998803 0
    outer loop
      vertex 50.102 33.2452 3.2
      vertex 50.2 33.25 5.2
      vertex 50.102 33.2452 5.2
    endloop
  endfacet
  facet normal 0.0489209 -0.998803 0
    outer loop
      vertex 50.2 33.25 5.2
      vertex 50.102 33.2452 3.2
      vertex 50.2 33.25 3.2
    endloop
  endfacet
  facet normal 0.969902 -0.243494 0
    outer loop
      vertex 49.2192 32.4451 5.2
      vertex 49.2431 32.5403 3.2
      vertex 49.2431 32.5403 5.2
    endloop
  endfacet
  facet normal 0.969902 -0.243494 0
    outer loop
      vertex 49.2431 32.5403 3.2
      vertex 49.2192 32.4451 5.2
      vertex 49.2192 32.4451 3.2
    endloop
  endfacet
  facet normal 0.941742 -0.336336 0
    outer loop
      vertex 49.2431 32.5403 5.2
      vertex 49.2761 32.6327 3.2
      vertex 49.2761 32.6327 5.2
    endloop
  endfacet
  facet normal 0.941742 -0.336336 0
    outer loop
      vertex 49.2761 32.6327 3.2
      vertex 49.2431 32.5403 5.2
      vertex 49.2431 32.5403 3.2
    endloop
  endfacet
  facet normal 0.989182 0.146696 0
    outer loop
      vertex 49.2192 32.0549 5.2
      vertex 49.2048 32.152 3.2
      vertex 49.2048 32.152 5.2
    endloop
  endfacet
  facet normal 0.989182 0.146696 0
    outer loop
      vertex 49.2048 32.152 3.2
      vertex 49.2192 32.0549 5.2
      vertex 49.2192 32.0549 3.2
    endloop
  endfacet
  facet normal -0.336336 -0.941742 0
    outer loop
      vertex 50.4903 33.2069 3.2
      vertex 50.5827 33.1739 5.2
      vertex 50.4903 33.2069 5.2
    endloop
  endfacet
  facet normal -0.336336 -0.941742 -0
    outer loop
      vertex 50.5827 33.1739 5.2
      vertex 50.4903 33.2069 3.2
      vertex 50.5827 33.1739 3.2
    endloop
  endfacet
  facet normal 0.802925 0.59608 0
    outer loop
      vertex 49.427 31.6156 5.2
      vertex 49.3685 31.6944 3.2
      vertex 49.3685 31.6944 5.2
    endloop
  endfacet
  facet normal 0.802925 0.59608 0
    outer loop
      vertex 49.3685 31.6944 3.2
      vertex 49.427 31.6156 5.2
      vertex 49.427 31.6156 3.2
    endloop
  endfacet
  facet normal 0.9038 -0.427955 0
    outer loop
      vertex 49.2761 32.6327 5.2
      vertex 49.3181 32.7214 3.2
      vertex 49.3181 32.7214 5.2
    endloop
  endfacet
  facet normal 0.9038 -0.427955 0
    outer loop
      vertex 49.3181 32.7214 3.2
      vertex 49.2761 32.6327 5.2
      vertex 49.2761 32.6327 3.2
    endloop
  endfacet
  facet normal 0 0 1
    outer loop
      vertex 51.1952 32.348 3.2
      vertex 51.1952 32.152 3.2
      vertex 51.2 32.25 3.2
    endloop
  endfacet
  facet normal 0 0 1
    outer loop
      vertex 51.1808 32.4451 3.2
      vertex 51.1952 32.152 3.2
      vertex 51.1952 32.348 3.2
    endloop
  endfacet
  facet normal 0 0 1
    outer loop
      vertex 51.1808 32.4451 3.2
      vertex 51.1808 32.0549 3.2
      vertex 51.1952 32.152 3.2
    endloop
  endfacet
  facet normal 0 0 1
    outer loop
      vertex 51.1569 32.5403 3.2
      vertex 51.1808 32.0549 3.2
      vertex 51.1808 32.4451 3.2
    endloop
  endfacet
  facet normal 0 0 1
    outer loop
      vertex 51.1569 32.5403 3.2
      vertex 51.1569 31.9597 3.2
      vertex 51.1808 32.0549 3.2
    endloop
  endfacet
  facet normal 0 0 1
    outer loop
      vertex 51.1239 32.6327 3.2
      vertex 51.1569 31.9597 3.2
      vertex 51.1569 32.5403 3.2
    endloop
  endfacet
  facet normal 0 0 1
    outer loop
      vertex 51.1239 32.6327 3.2
      vertex 51.1239 31.8673 3.2
      vertex 51.1569 31.9597 3.2
    endloop
  endfacet
  facet normal 0 0 1
    outer loop
      vertex 51.0819 32.7214 3.2
      vertex 51.1239 31.8673 3.2
      vertex 51.1239 32.6327 3.2
    endloop
  endfacet
  facet normal 0 0 1
    outer loop
      vertex 51.0819 32.7214 3.2
      vertex 51.0819 31.7786 3.2
      vertex 51.1239 31.8673 3.2
    endloop
  endfacet
  facet normal 0 0 1
    outer loop
      vertex 51.0315 32.8056 3.2
      vertex 51.0819 31.7786 3.2
      vertex 51.0819 32.7214 3.2
    endloop
  endfacet
  facet normal 0 0 1
    outer loop
      vertex 51.0315 32.8056 3.2
      vertex 51.0315 31.6944 3.2
      vertex 51.0819 31.7786 3.2
    endloop
  endfacet
  facet normal 0 0 1
    outer loop
      vertex 50.973 32.8844 3.2
      vertex 51.0315 31.6944 3.2
      vertex 51.0315 32.8056 3.2
    endloop
  endfacet
  facet normal 0 0 1
    outer loop
      vertex 50.973 32.8844 3.2
      vertex 50.973 31.6156 3.2
      vertex 51.0315 31.6944 3.2
    endloop
  endfacet
  facet normal 0 0 1
    outer loop
      vertex 50.9071 32.9571 3.2
      vertex 50.973 31.6156 3.2
      vertex 50.973 32.8844 3.2
    endloop
  endfacet
  facet normal 0 0 1
    outer loop
      vertex 50.9071 32.9571 3.2
      vertex 50.9071 31.5429 3.2
      vertex 50.973 31.6156 3.2
    endloop
  endfacet
  facet normal 0 0 1
    outer loop
      vertex 50.8344 33.023 3.2
      vertex 50.9071 31.5429 3.2
      vertex 50.9071 32.9571 3.2
    endloop
  endfacet
  facet normal 0 0 1
    outer loop
      vertex 50.8344 33.023 3.2
      vertex 50.8344 31.477 3.2
      vertex 50.9071 31.5429 3.2
    endloop
  endfacet
  facet normal 0 0 1
    outer loop
      vertex 50.7556 33.0815 3.2
      vertex 50.8344 31.477 3.2
      vertex 50.8344 33.023 3.2
    endloop
  endfacet
  facet normal 0 0 1
    outer loop
      vertex 50.7556 33.0815 3.2
      vertex 50.7556 31.4185 3.2
      vertex 50.8344 31.477 3.2
    endloop
  endfacet
  facet normal 0 0 1
    outer loop
      vertex 50.6714 33.1319 3.2
      vertex 50.7556 31.4185 3.2
      vertex 50.7556 33.0815 3.2
    endloop
  endfacet
  facet normal 0 0 1
    outer loop
      vertex 50.6714 33.1319 3.2
      vertex 50.6714 31.3681 3.2
      vertex 50.7556 31.4185 3.2
    endloop
  endfacet
  facet normal 0 0 1
    outer loop
      vertex 50.5827 33.1739 3.2
      vertex 50.6714 31.3681 3.2
      vertex 50.6714 33.1319 3.2
    endloop
  endfacet
  facet normal 0 0 1
    outer loop
      vertex 50.5827 33.1739 3.2
      vertex 50.5827 31.3261 3.2
      vertex 50.6714 31.3681 3.2
    endloop
  endfacet
  facet normal 0 0 1
    outer loop
      vertex 50.4903 33.2069 3.2
      vertex 50.5827 31.3261 3.2
      vertex 50.5827 33.1739 3.2
    endloop
  endfacet
  facet normal 0 0 1
    outer loop
      vertex 50.4903 33.2069 3.2
      vertex 50.4903 31.2931 3.2
      vertex 50.5827 31.3261 3.2
    endloop
  endfacet
  facet normal 0 0 1
    outer loop
      vertex 50.3951 33.2308 3.2
      vertex 50.4903 31.2931 3.2
      vertex 50.4903 33.2069 3.2
    endloop
  endfacet
  facet normal 0 0 1
    outer loop
      vertex 50.3951 33.2308 3.2
      vertex 50.3951 31.2692 3.2
      vertex 50.4903 31.2931 3.2
    endloop
  endfacet
  facet normal 0 0 1
    outer loop
      vertex 50.298 33.2452 3.2
      vertex 50.3951 31.2692 3.2
      vertex 50.3951 33.2308 3.2
    endloop
  endfacet
  facet normal 0 0 1
    outer loop
      vertex 50.298 33.2452 3.2
      vertex 50.298 31.2548 3.2
      vertex 50.3951 31.2692 3.2
    endloop
  endfacet
  facet normal 0 0 1
    outer loop
      vertex 50.2 33.25 3.2
      vertex 50.298 31.2548 3.2
      vertex 50.298 33.2452 3.2
    endloop
  endfacet
  facet normal 0 0 1
    outer loop
      vertex 50.2 33.25 3.2
      vertex 50.2 31.25 3.2
      vertex 50.298 31.2548 3.2
    endloop
  endfacet
  facet normal -0 0 1
    outer loop
      vertex 50.102 33.2452 3.2
      vertex 50.2 31.25 3.2
      vertex 50.2 33.25 3.2
    endloop
  endfacet
  facet normal 0 0 1
    outer loop
      vertex 50.102 33.2452 3.2
      vertex 50.102 31.2548 3.2
      vertex 50.2 31.25 3.2
    endloop
  endfacet
  facet normal -0 0 1
    outer loop
      vertex 50.0049 33.2308 3.2
      vertex 50.102 31.2548 3.2
      vertex 50.102 33.2452 3.2
    endloop
  endfacet
  facet normal 0 0 1
    outer loop
      vertex 50.0049 33.2308 3.2
      vertex 50.0049 31.2692 3.2
      vertex 50.102 31.2548 3.2
    endloop
  endfacet
  facet normal -0 0 1
    outer loop
      vertex 49.9097 33.2069 3.2
      vertex 50.0049 31.2692 3.2
      vertex 50.0049 33.2308 3.2
    endloop
  endfacet
  facet normal 0 0 1
    outer loop
      vertex 49.9097 33.2069 3.2
      vertex 49.9097 31.2931 3.2
      vertex 50.0049 31.2692 3.2
    endloop
  endfacet
  facet normal -0 0 1
    outer loop
      vertex 49.8173 33.1739 3.2
      vertex 49.9097 31.2931 3.2
      vertex 49.9097 33.2069 3.2
    endloop
  endfacet
  facet normal 0 0 1
    outer loop
      vertex 49.8173 33.1739 3.2
      vertex 49.8173 31.3261 3.2
      vertex 49.9097 31.2931 3.2
    endloop
  endfacet
  facet normal -0 0 1
    outer loop
      vertex 49.7286 33.1319 3.2
      vertex 49.8173 31.3261 3.2
      vertex 49.8173 33.1739 3.2
    endloop
  endfacet
  facet normal 0 0 1
    outer loop
      vertex 49.7286 33.1319 3.2
      vertex 49.7286 31.3681 3.2
      vertex 49.8173 31.3261 3.2
    endloop
  endfacet
  facet normal -0 0 1
    outer loop
      vertex 49.6444 33.0815 3.2
      vertex 49.7286 31.3681 3.2
      vertex 49.7286 33.1319 3.2
    endloop
  endfacet
  facet normal 0 0 1
    outer loop
      vertex 49.6444 33.0815 3.2
      vertex 49.6444 31.4185 3.2
      vertex 49.7286 31.3681 3.2
    endloop
  endfacet
  facet normal -0 0 1
    outer loop
      vertex 49.5656 33.023 3.2
      vertex 49.6444 31.4185 3.2
      vertex 49.6444 33.0815 3.2
    endloop
  endfacet
  facet normal 0 0 1
    outer loop
      vertex 49.5656 33.023 3.2
      vertex 49.5656 31.477 3.2
      vertex 49.6444 31.4185 3.2
    endloop
  endfacet
  facet normal -0 0 1
    outer loop
      vertex 49.4929 32.9571 3.2
      vertex 49.5656 31.477 3.2
      vertex 49.5656 33.023 3.2
    endloop
  endfacet
  facet normal 0 0 1
    outer loop
      vertex 49.4929 32.9571 3.2
      vertex 49.4929 31.5429 3.2
      vertex 49.5656 31.477 3.2
    endloop
  endfacet
  facet normal -0 0 1
    outer loop
      vertex 49.427 32.8844 3.2
      vertex 49.4929 31.5429 3.2
      vertex 49.4929 32.9571 3.2
    endloop
  endfacet
  facet normal 0 0 1
    outer loop
      vertex 49.427 32.8844 3.2
      vertex 49.427 31.6156 3.2
      vertex 49.4929 31.5429 3.2
    endloop
  endfacet
  facet normal -0 0 1
    outer loop
      vertex 49.3685 32.8056 3.2
      vertex 49.427 31.6156 3.2
      vertex 49.427 32.8844 3.2
    endloop
  endfacet
  facet normal 0 0 1
    outer loop
      vertex 49.3685 32.8056 3.2
      vertex 49.3685 31.6944 3.2
      vertex 49.427 31.6156 3.2
    endloop
  endfacet
  facet normal -0 0 1
    outer loop
      vertex 49.3181 32.7214 3.2
      vertex 49.3685 31.6944 3.2
      vertex 49.3685 32.8056 3.2
    endloop
  endfacet
  facet normal 0 0 1
    outer loop
      vertex 49.3181 32.7214 3.2
      vertex 49.3181 31.7786 3.2
      vertex 49.3685 31.6944 3.2
    endloop
  endfacet
  facet normal -0 0 1
    outer loop
      vertex 49.2761 32.6327 3.2
      vertex 49.3181 31.7786 3.2
      vertex 49.3181 32.7214 3.2
    endloop
  endfacet
  facet normal 0 0 1
    outer loop
      vertex 49.2761 32.6327 3.2
      vertex 49.2761 31.8673 3.2
      vertex 49.3181 31.7786 3.2
    endloop
  endfacet
  facet normal -0 0 1
    outer loop
      vertex 49.2431 32.5403 3.2
      vertex 49.2761 31.8673 3.2
      vertex 49.2761 32.6327 3.2
    endloop
  endfacet
  facet normal 0 0 1
    outer loop
      vertex 49.2431 32.5403 3.2
      vertex 49.2431 31.9597 3.2
      vertex 49.2761 31.8673 3.2
    endloop
  endfacet
  facet normal -0 0 1
    outer loop
      vertex 49.2192 32.4451 3.2
      vertex 49.2431 31.9597 3.2
      vertex 49.2431 32.5403 3.2
    endloop
  endfacet
  facet normal 0 0 1
    outer loop
      vertex 49.2192 32.4451 3.2
      vertex 49.2192 32.0549 3.2
      vertex 49.2431 31.9597 3.2
    endloop
  endfacet
  facet normal -0 0 1
    outer loop
      vertex 49.2048 32.348 3.2
      vertex 49.2192 32.0549 3.2
      vertex 49.2192 32.4451 3.2
    endloop
  endfacet
  facet normal 0 0 1
    outer loop
      vertex 49.2048 32.348 3.2
      vertex 49.2048 32.152 3.2
      vertex 49.2192 32.0549 3.2
    endloop
  endfacet
  facet normal 0 -0 1
    outer loop
      vertex 49.2048 32.152 3.2
      vertex 49.2048 32.348 3.2
      vertex 49.2 32.25 3.2
    endloop
  endfacet
  facet normal 0.671607 0.740908 -0
    outer loop
      vertex 49.5656 31.477 3.2
      vertex 49.4929 31.5429 5.2
      vertex 49.5656 31.477 5.2
    endloop
  endfacet
  facet normal 0.671607 0.740908 0
    outer loop
      vertex 49.4929 31.5429 5.2
      vertex 49.5656 31.477 3.2
      vertex 49.4929 31.5429 3.2
    endloop
  endfacet
  facet normal 0.802925 -0.59608 0
    outer loop
      vertex 49.3685 32.8056 5.2
      vertex 49.427 32.8844 3.2
      vertex 49.427 32.8844 5.2
    endloop
  endfacet
  facet normal 0.802925 -0.59608 0
    outer loop
      vertex 49.427 32.8844 3.2
      vertex 49.3685 32.8056 5.2
      vertex 49.3685 32.8056 3.2
    endloop
  endfacet
  facet normal 0.0489209 0.998803 -0
    outer loop
      vertex 50.2 31.25 3.2
      vertex 50.102 31.2548 5.2
      vertex 50.2 31.25 5.2
    endloop
  endfacet
  facet normal 0.0489209 0.998803 0
    outer loop
      vertex 50.102 31.2548 5.2
      vertex 50.2 31.25 3.2
      vertex 50.102 31.2548 3.2
    endloop
  endfacet
  facet normal 0.146696 0.989182 -0
    outer loop
      vertex 50.102 31.2548 3.2
      vertex 50.0049 31.2692 5.2
      vertex 50.102 31.2548 5.2
    endloop
  endfacet
  facet normal 0.146696 0.989182 0
    outer loop
      vertex 50.0049 31.2692 5.2
      vertex 50.102 31.2548 3.2
      vertex 50.0049 31.2692 3.2
    endloop
  endfacet
  facet normal 0.989182 -0.146696 0
    outer loop
      vertex 49.2048 32.348 5.2
      vertex 49.2192 32.4451 3.2
      vertex 49.2192 32.4451 5.2
    endloop
  endfacet
  facet normal 0.989182 -0.146696 0
    outer loop
      vertex 49.2192 32.4451 3.2
      vertex 49.2048 32.348 5.2
      vertex 49.2048 32.348 3.2
    endloop
  endfacet
  facet normal 0.998803 -0.0489209 0
    outer loop
      vertex 49.2 32.25 5.2
      vertex 49.2048 32.348 3.2
      vertex 49.2048 32.348 5.2
    endloop
  endfacet
  facet normal 0.998803 -0.0489209 0
    outer loop
      vertex 49.2048 32.348 3.2
      vertex 49.2 32.25 5.2
      vertex 49.2 32.25 3.2
    endloop
  endfacet
  facet normal 0.336336 0.941742 -0
    outer loop
      vertex 49.9097 31.2931 3.2
      vertex 49.8173 31.3261 5.2
      vertex 49.9097 31.2931 5.2
    endloop
  endfacet
  facet normal 0.336336 0.941742 0
    outer loop
      vertex 49.8173 31.3261 5.2
      vertex 49.9097 31.2931 3.2
      vertex 49.8173 31.3261 3.2
    endloop
  endfacet
  facet normal -0.671607 0.740908 0
    outer loop
      vertex 50.9071 31.5429 3.2
      vertex 50.8344 31.477 5.2
      vertex 50.9071 31.5429 5.2
    endloop
  endfacet
  facet normal -0.671607 0.740908 0
    outer loop
      vertex 50.8344 31.477 5.2
      vertex 50.9071 31.5429 3.2
      vertex 50.8344 31.477 3.2
    endloop
  endfacet
endsolid OpenSCAD_Model
