solid OpenSCAD_Model
  facet normal 0.336868 0.941552 -0
    outer loop
      vertex 5.45652 4.3232 0
      vertex 5.29944 4.3794 2.7
      vertex 5.45652 4.3232 2.7
    endloop
  endfacet
  facet normal 0.336868 0.941552 0
    outer loop
      vertex 5.29944 4.3794 2.7
      vertex 5.45652 4.3232 0
      vertex 5.29944 4.3794 0
    endloop
  endfacet
  facet normal -0.989175 -0.14674 0
    outer loop
      vertex 7.64181 6.11663 0
      vertex 7.61733 6.28165 2.7
      vertex 7.61733 6.28165 0
    endloop
  endfacet
  facet normal -0.989175 -0.14674 0
    outer loop
      vertex 7.61733 6.28165 2.7
      vertex 7.64181 6.11663 0
      vertex 7.64181 6.11663 2.7
    endloop
  endfacet
  facet normal -0.998794 -0.0490916 0
    outer loop
      vertex 7.65 5.95 0
      vertex 7.64181 6.11663 2.7
      vertex 7.64181 6.11663 0
    endloop
  endfacet
  facet normal -0.998794 -0.0490916 0
    outer loop
      vertex 7.64181 6.11663 2.7
      vertex 7.65 5.95 0
      vertex 7.65 5.95 2.7
    endloop
  endfacet
  facet normal -0.97004 -0.242945 0
    outer loop
      vertex 7.61733 6.28165 0
      vertex 7.5768 6.44348 2.7
      vertex 7.5768 6.44348 0
    endloop
  endfacet
  facet normal -0.97004 -0.242945 0
    outer loop
      vertex 7.5768 6.44348 2.7
      vertex 7.61733 6.28165 0
      vertex 7.61733 6.28165 2.7
    endloop
  endfacet
  facet normal 0.989184 -0.146681 0
    outer loop
      vertex 4.25819 6.11663 2.7
      vertex 4.28266 6.28165 0
      vertex 4.28266 6.28165 2.7
    endloop
  endfacet
  facet normal 0.989184 -0.146681 0
    outer loop
      vertex 4.28266 6.28165 0
      vertex 4.25819 6.11663 2.7
      vertex 4.25819 6.11663 0
    endloop
  endfacet
  facet normal 0.243001 0.970026 -0
    outer loop
      vertex 5.61835 4.28266 0
      vertex 5.45652 4.3232 2.7
      vertex 5.61835 4.28266 2.7
    endloop
  endfacet
  facet normal 0.243001 0.970026 0
    outer loop
      vertex 5.45652 4.3232 2.7
      vertex 5.61835 4.28266 0
      vertex 5.45652 4.3232 0
    endloop
  endfacet
  facet normal -0.336921 -0.941533 0
    outer loop
      vertex 6.44348 7.5768 0
      vertex 6.60056 7.52059 2.7
      vertex 6.44348 7.5768 2.7
    endloop
  endfacet
  facet normal -0.336921 -0.941533 -0
    outer loop
      vertex 6.60056 7.52059 2.7
      vertex 6.44348 7.5768 0
      vertex 6.60056 7.52059 0
    endloop
  endfacet
  facet normal 0.514099 -0.857731 0
    outer loop
      vertex 5.00553 7.3635 0
      vertex 5.14863 7.44927 2.7
      vertex 5.00553 7.3635 2.7
    endloop
  endfacet
  facet normal 0.514099 -0.857731 0
    outer loop
      vertex 5.14863 7.44927 2.7
      vertex 5.00553 7.3635 0
      vertex 5.14863 7.44927 0
    endloop
  endfacet
  facet normal 0.903984 0.427566 0
    outer loop
      vertex 4.45073 5.14863 2.7
      vertex 4.3794 5.29944 0
      vertex 4.3794 5.29944 2.7
    endloop
  endfacet
  facet normal 0.903984 0.427566 0
    outer loop
      vertex 4.3794 5.29944 0
      vertex 4.45073 5.14863 2.7
      vertex 4.45073 5.14863 0
    endloop
  endfacet
  facet normal 0.242945 -0.97004 0
    outer loop
      vertex 5.45652 7.5768 0
      vertex 5.61835 7.61733 2.7
      vertex 5.45652 7.5768 2.7
    endloop
  endfacet
  facet normal 0.242945 -0.97004 0
    outer loop
      vertex 5.61835 7.61733 2.7
      vertex 5.45652 7.5768 0
      vertex 5.61835 7.61733 0
    endloop
  endfacet
  facet normal 0.857731 0.514099 0
    outer loop
      vertex 4.5365 5.00553 2.7
      vertex 4.45073 5.14863 0
      vertex 4.45073 5.14863 2.7
    endloop
  endfacet
  facet normal 0.857731 0.514099 0
    outer loop
      vertex 4.45073 5.14863 0
      vertex 4.5365 5.00553 2.7
      vertex 4.5365 5.00553 0
    endloop
  endfacet
  facet normal -0.243001 0.970026 0
    outer loop
      vertex 6.44348 4.3232 0
      vertex 6.28165 4.28266 2.7
      vertex 6.44348 4.3232 2.7
    endloop
  endfacet
  facet normal -0.243001 0.970026 0
    outer loop
      vertex 6.28165 4.28266 2.7
      vertex 6.44348 4.3232 0
      vertex 6.28165 4.28266 0
    endloop
  endfacet
  facet normal 0.595695 0.803211 -0
    outer loop
      vertex 5.00553 4.5365 0
      vertex 4.87153 4.63588 2.7
      vertex 5.00553 4.5365 2.7
    endloop
  endfacet
  facet normal 0.595695 0.803211 0
    outer loop
      vertex 4.87153 4.63588 2.7
      vertex 5.00553 4.5365 0
      vertex 4.87153 4.63588 0
    endloop
  endfacet
  facet normal -0.514099 0.857731 0
    outer loop
      vertex 6.89447 4.5365 0
      vertex 6.75137 4.45073 2.7
      vertex 6.89447 4.5365 2.7
    endloop
  endfacet
  facet normal -0.514099 0.857731 0
    outer loop
      vertex 6.75137 4.45073 2.7
      vertex 6.89447 4.5365 0
      vertex 6.75137 4.45073 0
    endloop
  endfacet
  facet normal -0.803211 0.595695 0
    outer loop
      vertex 7.26412 4.87153 0
      vertex 7.3635 5.00553 2.7
      vertex 7.3635 5.00553 0
    endloop
  endfacet
  facet normal -0.803211 0.595695 0
    outer loop
      vertex 7.3635 5.00553 2.7
      vertex 7.26412 4.87153 0
      vertex 7.26412 4.87153 2.7
    endloop
  endfacet
  facet normal -0.14674 -0.989175 0
    outer loop
      vertex 6.11663 7.64181 0
      vertex 6.28165 7.61733 2.7
      vertex 6.11663 7.64181 2.7
    endloop
  endfacet
  facet normal -0.14674 -0.989175 -0
    outer loop
      vertex 6.28165 7.61733 2.7
      vertex 6.11663 7.64181 0
      vertex 6.28165 7.61733 0
    endloop
  endfacet
  facet normal 0.595695 -0.803211 0
    outer loop
      vertex 4.87153 7.26412 0
      vertex 5.00553 7.3635 2.7
      vertex 4.87153 7.26412 2.7
    endloop
  endfacet
  facet normal 0.595695 -0.803211 0
    outer loop
      vertex 5.00553 7.3635 2.7
      vertex 4.87153 7.26412 0
      vertex 5.00553 7.3635 0
    endloop
  endfacet
  facet normal -0.427566 0.903984 0
    outer loop
      vertex 6.75137 4.45073 0
      vertex 6.60056 4.3794 2.7
      vertex 6.75137 4.45073 2.7
    endloop
  endfacet
  facet normal -0.427566 0.903984 0
    outer loop
      vertex 6.60056 4.3794 2.7
      vertex 6.75137 4.45073 0
      vertex 6.60056 4.3794 0
    endloop
  endfacet
  facet normal 0.803211 -0.595695 0
    outer loop
      vertex 4.5365 6.89447 2.7
      vertex 4.63588 7.02847 0
      vertex 4.63588 7.02847 2.7
    endloop
  endfacet
  facet normal 0.803211 -0.595695 0
    outer loop
      vertex 4.63588 7.02847 0
      vertex 4.5365 6.89447 2.7
      vertex 4.5365 6.89447 0
    endloop
  endfacet
  facet normal -0.989175 0.14674 0
    outer loop
      vertex 7.61733 5.61835 0
      vertex 7.64181 5.78337 2.7
      vertex 7.64181 5.78337 0
    endloop
  endfacet
  facet normal -0.989175 0.14674 0
    outer loop
      vertex 7.64181 5.78337 2.7
      vertex 7.61733 5.61835 0
      vertex 7.61733 5.61835 2.7
    endloop
  endfacet
  facet normal 0.941552 -0.336868 0
    outer loop
      vertex 4.3232 6.44348 2.7
      vertex 4.3794 6.60056 0
      vertex 4.3794 6.60056 2.7
    endloop
  endfacet
  facet normal 0.941552 -0.336868 0
    outer loop
      vertex 4.3794 6.60056 0
      vertex 4.3232 6.44348 2.7
      vertex 4.3232 6.44348 0
    endloop
  endfacet
  facet normal -0.427517 -0.904007 0
    outer loop
      vertex 6.60056 7.52059 0
      vertex 6.75137 7.44927 2.7
      vertex 6.60056 7.52059 2.7
    endloop
  endfacet
  facet normal -0.427517 -0.904007 -0
    outer loop
      vertex 6.75137 7.44927 2.7
      vertex 6.60056 7.52059 0
      vertex 6.75137 7.44927 0
    endloop
  endfacet
  facet normal 0.941552 0.336868 0
    outer loop
      vertex 4.3794 5.29944 2.7
      vertex 4.3232 5.45652 0
      vertex 4.3232 5.45652 2.7
    endloop
  endfacet
  facet normal 0.941552 0.336868 0
    outer loop
      vertex 4.3232 5.45652 0
      vertex 4.3794 5.29944 2.7
      vertex 4.3794 5.29944 0
    endloop
  endfacet
  facet normal -0.97004 0.242945 0
    outer loop
      vertex 7.5768 5.45652 0
      vertex 7.61733 5.61835 2.7
      vertex 7.61733 5.61835 0
    endloop
  endfacet
  facet normal -0.97004 0.242945 0
    outer loop
      vertex 7.61733 5.61835 2.7
      vertex 7.5768 5.45652 0
      vertex 7.5768 5.45652 2.7
    endloop
  endfacet
  facet normal 0.0490916 -0.998794 0
    outer loop
      vertex 5.78337 7.64181 0
      vertex 5.95 7.65 2.7
      vertex 5.78337 7.64181 2.7
    endloop
  endfacet
  facet normal 0.0490916 -0.998794 0
    outer loop
      vertex 5.95 7.65 2.7
      vertex 5.78337 7.64181 0
      vertex 5.95 7.65 0
    endloop
  endfacet
  facet normal -0.67158 -0.740932 0
    outer loop
      vertex 7.02847 7.26412 0
      vertex 7.15208 7.15208 2.7
      vertex 7.02847 7.26412 2.7
    endloop
  endfacet
  facet normal -0.67158 -0.740932 -0
    outer loop
      vertex 7.15208 7.15208 2.7
      vertex 7.02847 7.26412 0
      vertex 7.15208 7.15208 0
    endloop
  endfacet
  facet normal 0.427517 -0.904007 0
    outer loop
      vertex 5.14863 7.44927 0
      vertex 5.29944 7.52059 2.7
      vertex 5.14863 7.44927 2.7
    endloop
  endfacet
  facet normal 0.427517 -0.904007 0
    outer loop
      vertex 5.29944 7.52059 2.7
      vertex 5.14863 7.44927 0
      vertex 5.29944 7.52059 0
    endloop
  endfacet
  facet normal 0.67158 -0.740932 0
    outer loop
      vertex 4.74792 7.15208 0
      vertex 4.87153 7.26412 2.7
      vertex 4.74792 7.15208 2.7
    endloop
  endfacet
  facet normal 0.67158 -0.740932 0
    outer loop
      vertex 4.87153 7.26412 2.7
      vertex 4.74792 7.15208 0
      vertex 4.87153 7.26412 0
    endloop
  endfacet
  facet normal -0.336868 0.941552 0
    outer loop
      vertex 6.60056 4.3794 0
      vertex 6.44348 4.3232 2.7
      vertex 6.60056 4.3794 2.7
    endloop
  endfacet
  facet normal -0.336868 0.941552 0
    outer loop
      vertex 6.44348 4.3232 2.7
      vertex 6.60056 4.3794 0
      vertex 6.44348 4.3232 0
    endloop
  endfacet
  facet normal 0.336921 -0.941533 0
    outer loop
      vertex 5.29944 7.52059 0
      vertex 5.45652 7.5768 2.7
      vertex 5.29944 7.52059 2.7
    endloop
  endfacet
  facet normal 0.336921 -0.941533 0
    outer loop
      vertex 5.45652 7.5768 2.7
      vertex 5.29944 7.52059 0
      vertex 5.45652 7.5768 0
    endloop
  endfacet
  facet normal -0.803211 -0.595695 0
    outer loop
      vertex 7.3635 6.89447 0
      vertex 7.26412 7.02847 2.7
      vertex 7.26412 7.02847 0
    endloop
  endfacet
  facet normal -0.803211 -0.595695 0
    outer loop
      vertex 7.26412 7.02847 2.7
      vertex 7.3635 6.89447 0
      vertex 7.3635 6.89447 2.7
    endloop
  endfacet
  facet normal 0.857731 -0.514099 0
    outer loop
      vertex 4.45073 6.75137 2.7
      vertex 4.5365 6.89447 0
      vertex 4.5365 6.89447 2.7
    endloop
  endfacet
  facet normal 0.857731 -0.514099 0
    outer loop
      vertex 4.5365 6.89447 0
      vertex 4.45073 6.75137 2.7
      vertex 4.45073 6.75137 0
    endloop
  endfacet
  facet normal -0.998794 0.0490916 0
    outer loop
      vertex 7.64181 5.78337 0
      vertex 7.65 5.95 2.7
      vertex 7.65 5.95 0
    endloop
  endfacet
  facet normal -0.998794 0.0490916 0
    outer loop
      vertex 7.65 5.95 2.7
      vertex 7.64181 5.78337 0
      vertex 7.64181 5.78337 2.7
    endloop
  endfacet
  facet normal -0.904007 0.427517 0
    outer loop
      vertex 7.44927 5.14863 0
      vertex 7.52059 5.29944 2.7
      vertex 7.52059 5.29944 0
    endloop
  endfacet
  facet normal -0.904007 0.427517 0
    outer loop
      vertex 7.52059 5.29944 2.7
      vertex 7.44927 5.14863 0
      vertex 7.44927 5.14863 2.7
    endloop
  endfacet
  facet normal -0.857731 -0.514099 0
    outer loop
      vertex 7.44927 6.75137 0
      vertex 7.3635 6.89447 2.7
      vertex 7.3635 6.89447 0
    endloop
  endfacet
  facet normal -0.857731 -0.514099 0
    outer loop
      vertex 7.3635 6.89447 2.7
      vertex 7.44927 6.75137 0
      vertex 7.44927 6.75137 2.7
    endloop
  endfacet
  facet normal 0.67158 0.740932 -0
    outer loop
      vertex 4.87153 4.63588 0
      vertex 4.74792 4.74792 2.7
      vertex 4.87153 4.63588 2.7
    endloop
  endfacet
  facet normal 0.67158 0.740932 0
    outer loop
      vertex 4.74792 4.74792 2.7
      vertex 4.87153 4.63588 0
      vertex 4.74792 4.74792 0
    endloop
  endfacet
  facet normal -0.595695 -0.803211 0
    outer loop
      vertex 6.89447 7.3635 0
      vertex 7.02847 7.26412 2.7
      vertex 6.89447 7.3635 2.7
    endloop
  endfacet
  facet normal -0.595695 -0.803211 -0
    outer loop
      vertex 7.02847 7.26412 2.7
      vertex 6.89447 7.3635 0
      vertex 7.02847 7.26412 0
    endloop
  endfacet
  facet normal 0.514099 0.857731 -0
    outer loop
      vertex 5.14863 4.45073 0
      vertex 5.00553 4.5365 2.7
      vertex 5.14863 4.45073 2.7
    endloop
  endfacet
  facet normal 0.514099 0.857731 0
    outer loop
      vertex 5.00553 4.5365 2.7
      vertex 5.14863 4.45073 0
      vertex 5.00553 4.5365 0
    endloop
  endfacet
  facet normal -0.514099 -0.857731 0
    outer loop
      vertex 6.75137 7.44927 0
      vertex 6.89447 7.3635 2.7
      vertex 6.75137 7.44927 2.7
    endloop
  endfacet
  facet normal -0.514099 -0.857731 -0
    outer loop
      vertex 6.89447 7.3635 2.7
      vertex 6.75137 7.44927 0
      vertex 6.89447 7.3635 0
    endloop
  endfacet
  facet normal -0.146681 0.989184 0
    outer loop
      vertex 6.28165 4.28266 0
      vertex 6.11663 4.25819 2.7
      vertex 6.28165 4.28266 2.7
    endloop
  endfacet
  facet normal -0.146681 0.989184 0
    outer loop
      vertex 6.11663 4.25819 2.7
      vertex 6.28165 4.28266 0
      vertex 6.11663 4.25819 0
    endloop
  endfacet
  facet normal -0.941533 -0.336921 0
    outer loop
      vertex 7.5768 6.44348 0
      vertex 7.52059 6.60056 2.7
      vertex 7.52059 6.60056 0
    endloop
  endfacet
  facet normal -0.941533 -0.336921 0
    outer loop
      vertex 7.52059 6.60056 2.7
      vertex 7.5768 6.44348 0
      vertex 7.5768 6.44348 2.7
    endloop
  endfacet
  facet normal -0.857731 0.514099 0
    outer loop
      vertex 7.3635 5.00553 0
      vertex 7.44927 5.14863 2.7
      vertex 7.44927 5.14863 0
    endloop
  endfacet
  facet normal -0.857731 0.514099 0
    outer loop
      vertex 7.44927 5.14863 2.7
      vertex 7.3635 5.00553 0
      vertex 7.3635 5.00553 2.7
    endloop
  endfacet
  facet normal 0.998794 0.0490916 0
    outer loop
      vertex 4.25819 5.78337 2.7
      vertex 4.25 5.95 0
      vertex 4.25 5.95 2.7
    endloop
  endfacet
  facet normal 0.998794 0.0490916 0
    outer loop
      vertex 4.25 5.95 0
      vertex 4.25819 5.78337 2.7
      vertex 4.25819 5.78337 0
    endloop
  endfacet
  facet normal -0.941533 0.336921 0
    outer loop
      vertex 7.52059 5.29944 0
      vertex 7.5768 5.45652 2.7
      vertex 7.5768 5.45652 0
    endloop
  endfacet
  facet normal -0.941533 0.336921 0
    outer loop
      vertex 7.5768 5.45652 2.7
      vertex 7.52059 5.29944 0
      vertex 7.52059 5.29944 2.7
    endloop
  endfacet
  facet normal -0.740932 -0.67158 0
    outer loop
      vertex 7.26412 7.02847 0
      vertex 7.15208 7.15208 2.7
      vertex 7.15208 7.15208 0
    endloop
  endfacet
  facet normal -0.740932 -0.67158 0
    outer loop
      vertex 7.15208 7.15208 2.7
      vertex 7.26412 7.02847 0
      vertex 7.26412 7.02847 2.7
    endloop
  endfacet
  facet normal -0.0490916 -0.998794 0
    outer loop
      vertex 5.95 7.65 0
      vertex 6.11663 7.64181 2.7
      vertex 5.95 7.65 2.7
    endloop
  endfacet
  facet normal -0.0490916 -0.998794 -0
    outer loop
      vertex 6.11663 7.64181 2.7
      vertex 5.95 7.65 0
      vertex 6.11663 7.64181 0
    endloop
  endfacet
  facet normal -0.904007 -0.427517 0
    outer loop
      vertex 7.52059 6.60056 0
      vertex 7.44927 6.75137 2.7
      vertex 7.44927 6.75137 0
    endloop
  endfacet
  facet normal -0.904007 -0.427517 0
    outer loop
      vertex 7.44927 6.75137 2.7
      vertex 7.52059 6.60056 0
      vertex 7.52059 6.60056 2.7
    endloop
  endfacet
  facet normal 0.146681 0.989184 -0
    outer loop
      vertex 5.78337 4.25819 0
      vertex 5.61835 4.28266 2.7
      vertex 5.78337 4.25819 2.7
    endloop
  endfacet
  facet normal 0.146681 0.989184 0
    outer loop
      vertex 5.61835 4.28266 2.7
      vertex 5.78337 4.25819 0
      vertex 5.61835 4.28266 0
    endloop
  endfacet
  facet normal -0.67158 0.740932 0
    outer loop
      vertex 7.15208 4.74792 0
      vertex 7.02847 4.63588 2.7
      vertex 7.15208 4.74792 2.7
    endloop
  endfacet
  facet normal -0.67158 0.740932 0
    outer loop
      vertex 7.02847 4.63588 2.7
      vertex 7.15208 4.74792 0
      vertex 7.02847 4.63588 0
    endloop
  endfacet
  facet normal 0.0490916 0.998794 -0
    outer loop
      vertex 5.95 4.25 0
      vertex 5.78337 4.25819 2.7
      vertex 5.95 4.25 2.7
    endloop
  endfacet
  facet normal 0.0490916 0.998794 0
    outer loop
      vertex 5.78337 4.25819 2.7
      vertex 5.95 4.25 0
      vertex 5.78337 4.25819 0
    endloop
  endfacet
  facet normal 0.740932 -0.67158 0
    outer loop
      vertex 4.63588 7.02847 2.7
      vertex 4.74792 7.15208 0
      vertex 4.74792 7.15208 2.7
    endloop
  endfacet
  facet normal 0.740932 -0.67158 0
    outer loop
      vertex 4.74792 7.15208 0
      vertex 4.63588 7.02847 2.7
      vertex 4.63588 7.02847 0
    endloop
  endfacet
  facet normal 0.14674 -0.989175 0
    outer loop
      vertex 5.61835 7.61733 0
      vertex 5.78337 7.64181 2.7
      vertex 5.61835 7.61733 2.7
    endloop
  endfacet
  facet normal 0.14674 -0.989175 0
    outer loop
      vertex 5.78337 7.64181 2.7
      vertex 5.61835 7.61733 0
      vertex 5.78337 7.64181 0
    endloop
  endfacet
  facet normal 0.903984 -0.427566 0
    outer loop
      vertex 4.3794 6.60056 2.7
      vertex 4.45073 6.75137 0
      vertex 4.45073 6.75137 2.7
    endloop
  endfacet
  facet normal 0.903984 -0.427566 0
    outer loop
      vertex 4.45073 6.75137 0
      vertex 4.3794 6.60056 2.7
      vertex 4.3794 6.60056 0
    endloop
  endfacet
  facet normal 0.970026 -0.243001 0
    outer loop
      vertex 4.28266 6.28165 2.7
      vertex 4.3232 6.44348 0
      vertex 4.3232 6.44348 2.7
    endloop
  endfacet
  facet normal 0.970026 -0.243001 0
    outer loop
      vertex 4.3232 6.44348 0
      vertex 4.28266 6.28165 2.7
      vertex 4.28266 6.28165 0
    endloop
  endfacet
  facet normal -0.242945 -0.97004 0
    outer loop
      vertex 6.28165 7.61733 0
      vertex 6.44348 7.5768 2.7
      vertex 6.28165 7.61733 2.7
    endloop
  endfacet
  facet normal -0.242945 -0.97004 -0
    outer loop
      vertex 6.44348 7.5768 2.7
      vertex 6.28165 7.61733 0
      vertex 6.44348 7.5768 0
    endloop
  endfacet
  facet normal 0.970026 0.243001 0
    outer loop
      vertex 4.3232 5.45652 2.7
      vertex 4.28266 5.61835 0
      vertex 4.28266 5.61835 2.7
    endloop
  endfacet
  facet normal 0.970026 0.243001 0
    outer loop
      vertex 4.28266 5.61835 0
      vertex 4.3232 5.45652 2.7
      vertex 4.3232 5.45652 0
    endloop
  endfacet
  facet normal 0.427566 0.903984 -0
    outer loop
      vertex 5.29944 4.3794 0
      vertex 5.14863 4.45073 2.7
      vertex 5.29944 4.3794 2.7
    endloop
  endfacet
  facet normal 0.427566 0.903984 0
    outer loop
      vertex 5.14863 4.45073 2.7
      vertex 5.29944 4.3794 0
      vertex 5.14863 4.45073 0
    endloop
  endfacet
  facet normal 0.740932 0.67158 0
    outer loop
      vertex 4.74792 4.74792 2.7
      vertex 4.63588 4.87153 0
      vertex 4.63588 4.87153 2.7
    endloop
  endfacet
  facet normal 0.740932 0.67158 0
    outer loop
      vertex 4.63588 4.87153 0
      vertex 4.74792 4.74792 2.7
      vertex 4.74792 4.74792 0
    endloop
  endfacet
  facet normal -0.0490916 0.998794 0
    outer loop
      vertex 6.11663 4.25819 0
      vertex 5.95 4.25 2.7
      vertex 6.11663 4.25819 2.7
    endloop
  endfacet
  facet normal -0.0490916 0.998794 0
    outer loop
      vertex 5.95 4.25 2.7
      vertex 6.11663 4.25819 0
      vertex 5.95 4.25 0
    endloop
  endfacet
  facet normal 0.989184 0.146681 0
    outer loop
      vertex 4.28266 5.61835 2.7
      vertex 4.25819 5.78337 0
      vertex 4.25819 5.78337 2.7
    endloop
  endfacet
  facet normal 0.989184 0.146681 0
    outer loop
      vertex 4.25819 5.78337 0
      vertex 4.28266 5.61835 2.7
      vertex 4.28266 5.61835 0
    endloop
  endfacet
  facet normal -0.595695 0.803211 0
    outer loop
      vertex 7.02847 4.63588 0
      vertex 6.89447 4.5365 2.7
      vertex 7.02847 4.63588 2.7
    endloop
  endfacet
  facet normal -0.595695 0.803211 0
    outer loop
      vertex 6.89447 4.5365 2.7
      vertex 7.02847 4.63588 0
      vertex 6.89447 4.5365 0
    endloop
  endfacet
  facet normal 0.803211 0.595695 0
    outer loop
      vertex 4.63588 4.87153 2.7
      vertex 4.5365 5.00553 0
      vertex 4.5365 5.00553 2.7
    endloop
  endfacet
  facet normal 0.803211 0.595695 0
    outer loop
      vertex 4.5365 5.00553 0
      vertex 4.63588 4.87153 2.7
      vertex 4.63588 4.87153 0
    endloop
  endfacet
  facet normal 0.998794 -0.0490916 0
    outer loop
      vertex 4.25 5.95 2.7
      vertex 4.25819 6.11663 0
      vertex 4.25819 6.11663 2.7
    endloop
  endfacet
  facet normal 0.998794 -0.0490916 0
    outer loop
      vertex 4.25819 6.11663 0
      vertex 4.25 5.95 2.7
      vertex 4.25 5.95 0
    endloop
  endfacet
  facet normal -0.740932 0.67158 0
    outer loop
      vertex 7.15208 4.74792 0
      vertex 7.26412 4.87153 2.7
      vertex 7.26412 4.87153 0
    endloop
  endfacet
  facet normal -0.740932 0.67158 0
    outer loop
      vertex 7.26412 4.87153 2.7
      vertex 7.15208 4.74792 0
      vertex 7.15208 4.74792 2.7
    endloop
  endfacet
  facet normal -0.683484 -0.323271 0.654481
    outer loop
      vertex 8.32129 6.93222 3.7
      vertex 8.23737 7.10965 3.7
      vertex 7.52059 6.60056 2.7
    endloop
  endfacet
  facet normal -0.755168 -0.0370977 0.654481
    outer loop
      vertex 8.51667 5.95 3.7
      vertex 8.50704 6.14603 3.7
      vertex 7.65 5.95 2.7
    endloop
  endfacet
  facet normal -0.755165 -0.0371125 0.654483
    outer loop
      vertex 7.64181 6.11663 2.7
      vertex 8.50704 6.14603 3.7
      vertex 8.50431 6.20158 3.7
    endloop
  endfacet
  facet normal -0.755165 -0.037117 0.654483
    outer loop
      vertex 8.50704 6.14603 3.7
      vertex 7.64181 6.11663 2.7
      vertex 7.65 5.95 2.7
    endloop
  endfacet
  facet normal 0.733422 -0.183712 0.654478
    outer loop
      vertex 4.28266 6.28165 2.7
      vertex 3.48034 6.64112 3.7
      vertex 3.43265 6.45073 3.7
    endloop
  endfacet
  facet normal -0.711902 -0.254659 0.65448
    outer loop
      vertex 7.52059 6.60056 2.7
      vertex 8.34002 6.87986 3.7
      vertex 8.32129 6.93222 3.7
    endloop
  endfacet
  facet normal -0.711874 -0.254739 0.65448
    outer loop
      vertex 8.34002 6.87986 3.7
      vertex 7.52059 6.60056 2.7
      vertex 7.5768 6.44348 2.7
    endloop
  endfacet
  facet normal -0.560204 0.507769 0.654479
    outer loop
      vertex 7.15208 4.74792 2.7
      vertex 7.80225 4.1763 3.7
      vertex 7.26412 4.87153 2.7
    endloop
  endfacet
  facet normal -0.56029 0.507673 0.65448
    outer loop
      vertex 7.80225 4.1763 3.7
      vertex 7.15208 4.74792 2.7
      vertex 7.76491 4.13509 3.7
    endloop
  endfacet
  facet normal -0.507673 0.56029 0.65448
    outer loop
      vertex 7.15208 4.74792 2.7
      vertex 7.7237 4.09775 3.7
      vertex 7.76491 4.13509 3.7
    endloop
  endfacet
  facet normal -0.507769 0.560204 0.654479
    outer loop
      vertex 7.7237 4.09775 3.7
      vertex 7.15208 4.74792 2.7
      vertex 7.02847 4.63588 2.7
    endloop
  endfacet
  facet normal -0.648514 0.3887 0.654478
    outer loop
      vertex 7.3635 5.00553 2.7
      vertex 8.11269 4.57173 3.7
      vertex 7.44927 5.14863 2.7
    endloop
  endfacet
  facet normal -0.648478 0.388761 0.654478
    outer loop
      vertex 8.11269 4.57173 3.7
      vertex 7.3635 5.00553 2.7
      vertex 8.0841 4.52404 3.7
    endloop
  endfacet
  facet normal -0.711874 0.254739 0.65448
    outer loop
      vertex 7.52059 5.29944 2.7
      vertex 8.34002 5.02014 3.7
      vertex 7.5768 5.45652 2.7
    endloop
  endfacet
  facet normal -0.711902 0.254659 0.65448
    outer loop
      vertex 8.34002 5.02014 3.7
      vertex 7.52059 5.29944 2.7
      vertex 8.32129 4.96778 3.7
    endloop
  endfacet
  facet normal -0.607291 -0.450393 0.654479
    outer loop
      vertex 8.05098 7.42063 3.7
      vertex 7.93406 7.57828 3.7
      vertex 7.26412 7.02847 2.7
    endloop
  endfacet
  facet normal -0.450313 -0.607351 0.654479
    outer loop
      vertex 6.89447 7.3635 2.7
      vertex 7.42063 8.05098 3.7
      vertex 7.37596 8.0841 3.7
    endloop
  endfacet
  facet normal -0.450393 -0.607292 0.654479
    outer loop
      vertex 7.42063 8.05098 3.7
      vertex 6.89447 7.3635 2.7
      vertex 7.02847 7.26412 2.7
    endloop
  endfacet
  facet normal 0.733422 0.183712 0.654478
    outer loop
      vertex 3.48034 5.25888 3.7
      vertex 4.28266 5.61835 2.7
      vertex 3.43265 5.44927 3.7
    endloop
  endfacet
  facet normal 0.733425 -0.183696 0.65448
    outer loop
      vertex 3.48034 6.64112 3.7
      vertex 4.3232 6.44348 2.7
      vertex 3.49385 6.69506 3.7
    endloop
  endfacet
  facet normal 0.733417 -0.183728 0.65448
    outer loop
      vertex 4.3232 6.44348 2.7
      vertex 3.48034 6.64112 3.7
      vertex 4.28266 6.28165 2.7
    endloop
  endfacet
  facet normal -0.323237 -0.683503 0.654478
    outer loop
      vertex 6.75137 7.44927 2.7
      vertex 7.10965 8.23737 3.7
      vertex 6.60056 7.52059 2.7
    endloop
  endfacet
  facet normal -0.3232 -0.68352 0.654478
    outer loop
      vertex 7.10965 8.23737 3.7
      vertex 6.75137 7.44927 2.7
      vertex 7.15992 8.2136 3.7
    endloop
  endfacet
  facet normal -0.183712 0.733422 0.654478
    outer loop
      vertex 6.45073 3.43265 3.7
      vertex 6.64112 3.48034 3.7
      vertex 6.28165 4.28266 2.7
    endloop
  endfacet
  facet normal 0.711867 -0.254782 0.654471
    outer loop
      vertex 3.49385 6.69506 3.7
      vertex 4.3794 6.60056 2.7
      vertex 3.51259 6.74742 3.7
    endloop
  endfacet
  facet normal 0.711887 -0.254699 0.654481
    outer loop
      vertex 4.3794 6.60056 2.7
      vertex 3.49385 6.69506 3.7
      vertex 4.3232 6.44348 2.7
    endloop
  endfacet
  facet normal 0.755167 -0.0370958 0.654482
    outer loop
      vertex 4.25819 6.11663 2.7
      vertex 3.39569 6.20158 3.7
      vertex 3.38606 6.00554 3.7
    endloop
  endfacet
  facet normal -0.110948 0.747896 0.654478
    outer loop
      vertex 6.45073 3.43265 3.7
      vertex 6.28165 4.28266 2.7
      vertex 6.25659 3.40385 3.7
    endloop
  endfacet
  facet normal -0.254741 -0.711873 0.65448
    outer loop
      vertex 6.87986 8.34002 3.7
      vertex 6.69506 8.40615 3.7
      vertex 6.44348 7.5768 2.7
    endloop
  endfacet
  facet normal 0.254659 -0.711902 0.65448
    outer loop
      vertex 5.29944 7.52059 2.7
      vertex 5.02014 8.34002 3.7
      vertex 4.96778 8.32129 3.7
    endloop
  endfacet
  facet normal 0.254739 -0.711874 0.65448
    outer loop
      vertex 5.02014 8.34002 3.7
      vertex 5.29944 7.52059 2.7
      vertex 5.45652 7.5768 2.7
    endloop
  endfacet
  facet normal -0.747893 0.110947 0.654483
    outer loop
      vertex 8.46735 5.44927 3.7
      vertex 8.49615 5.64341 3.7
      vertex 7.61733 5.61835 2.7
    endloop
  endfacet
  facet normal -0.388688 0.648519 0.654481
    outer loop
      vertex 7.15992 3.6864 3.7
      vertex 7.32827 3.7873 3.7
      vertex 6.75137 4.45073 2.7
    endloop
  endfacet
  facet normal -0.110947 -0.747893 0.654483
    outer loop
      vertex 6.28165 7.61733 2.7
      vertex 6.45073 8.46735 3.7
      vertex 6.25659 8.49615 3.7
    endloop
  endfacet
  facet normal -0.50773 -0.560236 0.654481
    outer loop
      vertex 7.76491 7.76491 3.7
      vertex 7.61948 7.89671 3.7
      vertex 7.15208 7.15208 2.7
    endloop
  endfacet
  facet normal 0.747896 0.110948 0.654478
    outer loop
      vertex 3.43265 5.44927 3.7
      vertex 4.28266 5.61835 2.7
      vertex 3.40385 5.64341 3.7
    endloop
  endfacet
  facet normal -0.183711 -0.73342 0.65448
    outer loop
      vertex 6.69506 8.40615 3.7
      vertex 6.50467 8.45384 3.7
      vertex 6.44348 7.5768 2.7
    endloop
  endfacet
  facet normal 0.0370958 -0.755168 0.654481
    outer loop
      vertex 5.95 7.65 2.7
      vertex 5.95 8.51667 3.7
      vertex 5.75396 8.50704 3.7
    endloop
  endfacet
  facet normal 0.683487 -0.323272 0.654478
    outer loop
      vertex 4.3794 6.60056 2.7
      vertex 3.66263 7.10965 3.7
      vertex 3.57871 6.93222 3.7
    endloop
  endfacet
  facet normal -0.037117 -0.755165 0.654483
    outer loop
      vertex 6.11663 7.64181 2.7
      vertex 6.14603 8.50704 3.7
      vertex 5.95 7.65 2.7
    endloop
  endfacet
  facet normal -0.0371125 -0.755165 0.654483
    outer loop
      vertex 6.14603 8.50704 3.7
      vertex 6.11663 7.64181 2.7
      vertex 6.20158 8.50431 3.7
    endloop
  endfacet
  facet normal -0.607351 0.450313 0.654479
    outer loop
      vertex 7.3635 5.00553 2.7
      vertex 8.05098 4.47937 3.7
      vertex 8.0841 4.52404 3.7
    endloop
  endfacet
  facet normal -0.607292 0.450393 0.654479
    outer loop
      vertex 8.05098 4.47937 3.7
      vertex 7.3635 5.00553 2.7
      vertex 7.26412 4.87153 2.7
    endloop
  endfacet
  facet normal -0.3232 0.68352 0.654478
    outer loop
      vertex 6.75137 4.45073 2.7
      vertex 7.10965 3.66263 3.7
      vertex 7.15992 3.6864 3.7
    endloop
  endfacet
  facet normal -0.323274 0.683486 0.654478
    outer loop
      vertex 7.10965 3.66263 3.7
      vertex 6.75137 4.45073 2.7
      vertex 6.60056 4.3794 2.7
    endloop
  endfacet
  facet normal -0.607351 -0.450313 0.654479
    outer loop
      vertex 8.05098 7.42063 3.7
      vertex 7.3635 6.89447 2.7
      vertex 8.0841 7.37596 3.7
    endloop
  endfacet
  facet normal -0.607292 -0.450393 0.654479
    outer loop
      vertex 7.3635 6.89447 2.7
      vertex 8.05098 7.42063 3.7
      vertex 7.26412 7.02847 2.7
    endloop
  endfacet
  facet normal 0.0371192 -0.755165 0.654483
    outer loop
      vertex 5.78337 7.64181 2.7
      vertex 5.75396 8.50704 3.7
      vertex 5.69842 8.50431 3.7
    endloop
  endfacet
  facet normal 0.037117 -0.755165 0.654483
    outer loop
      vertex 5.75396 8.50704 3.7
      vertex 5.78337 7.64181 2.7
      vertex 5.95 7.65 2.7
    endloop
  endfacet
  facet normal -0.755165 0.037117 0.654483
    outer loop
      vertex 7.64181 5.78337 2.7
      vertex 8.50704 5.75396 3.7
      vertex 7.65 5.95 2.7
    endloop
  endfacet
  facet normal -0.755165 0.0371192 0.654483
    outer loop
      vertex 8.50704 5.75396 3.7
      vertex 7.64181 5.78337 2.7
      vertex 8.50431 5.69842 3.7
    endloop
  endfacet
  facet normal -0.733423 -0.183696 0.654482
    outer loop
      vertex 7.5768 6.44348 2.7
      vertex 8.46735 6.45073 3.7
      vertex 8.45384 6.50467 3.7
    endloop
  endfacet
  facet normal -0.733425 -0.183685 0.654483
    outer loop
      vertex 8.46735 6.45073 3.7
      vertex 7.5768 6.44348 2.7
      vertex 7.61733 6.28165 2.7
    endloop
  endfacet
  facet normal 0.450393 0.607291 0.654479
    outer loop
      vertex 4.47937 3.84902 3.7
      vertex 4.87153 4.63588 2.7
      vertex 4.32172 3.96594 3.7
    endloop
  endfacet
  facet normal -0.733425 0.183685 0.654483
    outer loop
      vertex 7.5768 5.45652 2.7
      vertex 8.46735 5.44927 3.7
      vertex 7.61733 5.61835 2.7
    endloop
  endfacet
  facet normal -0.733428 0.183663 0.654486
    outer loop
      vertex 8.46735 5.44927 3.7
      vertex 7.5768 5.45652 2.7
      vertex 8.45384 5.39532 3.7
    endloop
  endfacet
  facet normal 0.254708 0.711887 0.654477
    outer loop
      vertex 5.15258 3.51259 3.7
      vertex 5.29944 4.3794 2.7
      vertex 4.96778 3.57871 3.7
    endloop
  endfacet
  facet normal -0.607291 0.450393 0.654479
    outer loop
      vertex 7.93406 4.32172 3.7
      vertex 8.05098 4.47937 3.7
      vertex 7.26412 4.87153 2.7
    endloop
  endfacet
  facet normal -0.110941 0.747897 0.654479
    outer loop
      vertex 6.28165 4.28266 2.7
      vertex 6.20158 3.39569 3.7
      vertex 6.25659 3.40385 3.7
    endloop
  endfacet
  facet normal -0.110902 0.747898 0.654484
    outer loop
      vertex 6.20158 3.39569 3.7
      vertex 6.28165 4.28266 2.7
      vertex 6.11663 4.25819 2.7
    endloop
  endfacet
  facet normal -0.0370958 0.755167 0.654482
    outer loop
      vertex 6.20158 3.39569 3.7
      vertex 6.11663 4.25819 2.7
      vertex 6.00554 3.38606 3.7
    endloop
  endfacet
  facet normal 0.648519 0.388688 0.654481
    outer loop
      vertex 3.7873 4.57173 3.7
      vertex 4.45073 5.14863 2.7
      vertex 3.6864 4.74008 3.7
    endloop
  endfacet
  facet normal -0.648478 -0.388761 0.654478
    outer loop
      vertex 7.3635 6.89447 2.7
      vertex 8.11269 7.32827 3.7
      vertex 8.0841 7.37596 3.7
    endloop
  endfacet
  facet normal -0.648514 -0.3887 0.654478
    outer loop
      vertex 8.11269 7.32827 3.7
      vertex 7.3635 6.89447 2.7
      vertex 7.44927 6.75137 2.7
    endloop
  endfacet
  facet normal -0.0370977 -0.755168 0.654481
    outer loop
      vertex 6.14603 8.50704 3.7
      vertex 5.95 8.51667 3.7
      vertex 5.95 7.65 2.7
    endloop
  endfacet
  facet normal -0.254782 0.711867 0.654471
    outer loop
      vertex 6.60056 4.3794 2.7
      vertex 6.69506 3.49385 3.7
      vertex 6.74742 3.51259 3.7
    endloop
  endfacet
  facet normal -0.254699 0.711887 0.654481
    outer loop
      vertex 6.69506 3.49385 3.7
      vertex 6.60056 4.3794 2.7
      vertex 6.44348 4.3232 2.7
    endloop
  endfacet
  facet normal 0.388699 0.648511 0.654482
    outer loop
      vertex 5.00553 4.5365 2.7
      vertex 4.57173 3.7873 3.7
      vertex 5.14863 4.45073 2.7
    endloop
  endfacet
  facet normal 0.388759 0.648475 0.654481
    outer loop
      vertex 4.57173 3.7873 3.7
      vertex 5.00553 4.5365 2.7
      vertex 4.52404 3.81589 3.7
    endloop
  endfacet
  facet normal 0.560204 0.507769 0.654479
    outer loop
      vertex 4.09775 4.1763 3.7
      vertex 4.74792 4.74792 2.7
      vertex 4.63588 4.87153 2.7
    endloop
  endfacet
  facet normal 0.56029 0.507673 0.65448
    outer loop
      vertex 4.74792 4.74792 2.7
      vertex 4.09775 4.1763 3.7
      vertex 4.13509 4.13509 3.7
    endloop
  endfacet
  facet normal 0.323271 -0.683484 0.654481
    outer loop
      vertex 5.29944 7.52059 2.7
      vertex 4.96778 8.32129 3.7
      vertex 4.79035 8.23737 3.7
    endloop
  endfacet
  facet normal 0.507771 0.560201 0.654479
    outer loop
      vertex 4.32172 3.96594 3.7
      vertex 4.87153 4.63588 2.7
      vertex 4.1763 4.09775 3.7
    endloop
  endfacet
  facet normal 0.747897 -0.110941 0.654479
    outer loop
      vertex 3.39569 6.20158 3.7
      vertex 4.28266 6.28165 2.7
      vertex 3.40385 6.25659 3.7
    endloop
  endfacet
  facet normal 0.747898 -0.110902 0.654484
    outer loop
      vertex 4.28266 6.28165 2.7
      vertex 3.39569 6.20158 3.7
      vertex 4.25819 6.11663 2.7
    endloop
  endfacet
  facet normal -0.755168 0.0370958 0.654481
    outer loop
      vertex 8.50704 5.75396 3.7
      vertex 8.51667 5.95 3.7
      vertex 7.65 5.95 2.7
    endloop
  endfacet
  facet normal -0.183685 -0.733425 0.654483
    outer loop
      vertex 6.44348 7.5768 2.7
      vertex 6.45073 8.46735 3.7
      vertex 6.28165 7.61733 2.7
    endloop
  endfacet
  facet normal -0.183696 -0.733423 0.654482
    outer loop
      vertex 6.45073 8.46735 3.7
      vertex 6.44348 7.5768 2.7
      vertex 6.50467 8.45384 3.7
    endloop
  endfacet
  facet normal 0.747897 0.110941 0.654479
    outer loop
      vertex 4.28266 5.61835 2.7
      vertex 3.39569 5.69842 3.7
      vertex 3.40385 5.64341 3.7
    endloop
  endfacet
  facet normal 0.747898 0.110902 0.654484
    outer loop
      vertex 3.39569 5.69842 3.7
      vertex 4.28266 5.61835 2.7
      vertex 4.25819 5.78337 2.7
    endloop
  endfacet
  facet normal 0.507769 0.560204 0.654479
    outer loop
      vertex 4.74792 4.74792 2.7
      vertex 4.1763 4.09775 3.7
      vertex 4.87153 4.63588 2.7
    endloop
  endfacet
  facet normal 0.507673 0.56029 0.65448
    outer loop
      vertex 4.1763 4.09775 3.7
      vertex 4.74792 4.74792 2.7
      vertex 4.13509 4.13509 3.7
    endloop
  endfacet
  facet normal 0.607291 0.450393 0.654479
    outer loop
      vertex 3.96594 4.32172 3.7
      vertex 4.63588 4.87153 2.7
      vertex 3.84902 4.47937 3.7
    endloop
  endfacet
  facet normal 0.0371193 0.755167 0.654481
    outer loop
      vertex 5.95 4.25 2.7
      vertex 5.89446 3.38606 3.7
      vertex 5.95 3.38333 3.7
    endloop
  endfacet
  facet normal 0.0371171 0.755167 0.654481
    outer loop
      vertex 5.89446 3.38606 3.7
      vertex 5.95 4.25 2.7
      vertex 5.78337 4.25819 2.7
    endloop
  endfacet
  facet normal 0.560201 0.507771 0.654479
    outer loop
      vertex 4.09775 4.1763 3.7
      vertex 4.63588 4.87153 2.7
      vertex 3.96594 4.32172 3.7
    endloop
  endfacet
  facet normal 0.3887 -0.648514 0.654478
    outer loop
      vertex 4.57173 8.11269 3.7
      vertex 5.00553 7.3635 2.7
      vertex 5.14863 7.44927 2.7
    endloop
  endfacet
  facet normal 0.388761 -0.648478 0.654478
    outer loop
      vertex 5.00553 7.3635 2.7
      vertex 4.57173 8.11269 3.7
      vertex 4.52404 8.0841 3.7
    endloop
  endfacet
  facet normal 0.683486 0.323274 0.654478
    outer loop
      vertex 3.66263 4.79035 3.7
      vertex 4.45073 5.14863 2.7
      vertex 4.3794 5.29944 2.7
    endloop
  endfacet
  facet normal 0.68352 0.3232 0.654478
    outer loop
      vertex 4.45073 5.14863 2.7
      vertex 3.66263 4.79035 3.7
      vertex 3.6864 4.74008 3.7
    endloop
  endfacet
  facet normal -0.254708 0.711887 0.654477
    outer loop
      vertex 6.74742 3.51259 3.7
      vertex 6.93222 3.57871 3.7
      vertex 6.60056 4.3794 2.7
    endloop
  endfacet
  facet normal 0.388688 0.648519 0.654481
    outer loop
      vertex 4.74008 3.6864 3.7
      vertex 5.14863 4.45073 2.7
      vertex 4.57173 3.7873 3.7
    endloop
  endfacet
  facet normal -0.711873 0.254741 0.65448
    outer loop
      vertex 8.34002 5.02014 3.7
      vertex 8.40615 5.20494 3.7
      vertex 7.5768 5.45652 2.7
    endloop
  endfacet
  facet normal -0.733418 0.18372 0.654481
    outer loop
      vertex 8.40615 5.20494 3.7
      vertex 8.45384 5.39532 3.7
      vertex 7.5768 5.45652 2.7
    endloop
  endfacet
  facet normal -0.648503 0.388716 0.65448
    outer loop
      vertex 8.11269 4.57173 3.7
      vertex 8.2136 4.74008 3.7
      vertex 7.44927 5.14863 2.7
    endloop
  endfacet
  facet normal -0.388759 0.648475 0.654481
    outer loop
      vertex 6.89447 4.5365 2.7
      vertex 7.32827 3.7873 3.7
      vertex 7.37596 3.81589 3.7
    endloop
  endfacet
  facet normal -0.388699 0.648511 0.654482
    outer loop
      vertex 7.32827 3.7873 3.7
      vertex 6.89447 4.5365 2.7
      vertex 6.75137 4.45073 2.7
    endloop
  endfacet
  facet normal -0.183696 0.733425 0.65448
    outer loop
      vertex 6.44348 4.3232 2.7
      vertex 6.64112 3.48034 3.7
      vertex 6.69506 3.49385 3.7
    endloop
  endfacet
  facet normal -0.183728 0.733417 0.65448
    outer loop
      vertex 6.64112 3.48034 3.7
      vertex 6.44348 4.3232 2.7
      vertex 6.28165 4.28266 2.7
    endloop
  endfacet
  facet normal -0.648503 -0.388716 0.65448
    outer loop
      vertex 8.2136 7.15992 3.7
      vertex 8.11269 7.32827 3.7
      vertex 7.44927 6.75137 2.7
    endloop
  endfacet
  facet normal 0.560201 -0.507771 0.654479
    outer loop
      vertex 4.63588 7.02847 2.7
      vertex 4.09775 7.7237 3.7
      vertex 3.96594 7.57828 3.7
    endloop
  endfacet
  facet normal -0.388716 -0.648503 0.65448
    outer loop
      vertex 7.32827 8.11269 3.7
      vertex 7.15992 8.2136 3.7
      vertex 6.75137 7.44927 2.7
    endloop
  endfacet
  facet normal -0.0371171 0.755167 0.654481
    outer loop
      vertex 5.95 4.25 2.7
      vertex 6.00554 3.38606 3.7
      vertex 6.11663 4.25819 2.7
    endloop
  endfacet
  facet normal -0.0371193 0.755167 0.654481
    outer loop
      vertex 6.00554 3.38606 3.7
      vertex 5.95 4.25 2.7
      vertex 5.95 3.38333 3.7
    endloop
  endfacet
  facet normal 0.648475 -0.388759 0.654481
    outer loop
      vertex 3.7873 7.32827 3.7
      vertex 4.5365 6.89447 2.7
      vertex 3.81589 7.37596 3.7
    endloop
  endfacet
  facet normal 0.648511 -0.388699 0.654482
    outer loop
      vertex 4.5365 6.89447 2.7
      vertex 3.7873 7.32827 3.7
      vertex 4.45073 6.75137 2.7
    endloop
  endfacet
  facet normal 0.183712 0.733422 0.654478
    outer loop
      vertex 5.44927 3.43265 3.7
      vertex 5.61835 4.28266 2.7
      vertex 5.25888 3.48034 3.7
    endloop
  endfacet
  facet normal -0.323272 0.683487 0.654478
    outer loop
      vertex 6.93222 3.57871 3.7
      vertex 7.10965 3.66263 3.7
      vertex 6.60056 4.3794 2.7
    endloop
  endfacet
  facet normal -0.560201 0.507771 0.654479
    outer loop
      vertex 7.80225 4.1763 3.7
      vertex 7.93406 4.32172 3.7
      vertex 7.26412 4.87153 2.7
    endloop
  endfacet
  facet normal 0.507769 -0.560204 0.654479
    outer loop
      vertex 4.1763 7.80225 3.7
      vertex 4.74792 7.15208 2.7
      vertex 4.87153 7.26412 2.7
    endloop
  endfacet
  facet normal 0.507673 -0.56029 0.65448
    outer loop
      vertex 4.74792 7.15208 2.7
      vertex 4.1763 7.80225 3.7
      vertex 4.13509 7.76491 3.7
    endloop
  endfacet
  facet normal 0.747896 -0.110948 0.654478
    outer loop
      vertex 4.28266 6.28165 2.7
      vertex 3.43265 6.45073 3.7
      vertex 3.40385 6.25659 3.7
    endloop
  endfacet
  facet normal 0.711887 -0.254708 0.654477
    outer loop
      vertex 4.3794 6.60056 2.7
      vertex 3.57871 6.93222 3.7
      vertex 3.51259 6.74742 3.7
    endloop
  endfacet
  facet normal 0.110948 0.747896 0.654478
    outer loop
      vertex 5.64341 3.40385 3.7
      vertex 5.61835 4.28266 2.7
      vertex 5.44927 3.43265 3.7
    endloop
  endfacet
  facet normal 0.607292 -0.450393 0.654479
    outer loop
      vertex 3.84902 7.42063 3.7
      vertex 4.5365 6.89447 2.7
      vertex 4.63588 7.02847 2.7
    endloop
  endfacet
  facet normal 0.607286 -0.4504 0.65448
    outer loop
      vertex 4.5365 6.89447 2.7
      vertex 3.84902 7.42063 3.7
      vertex 3.81589 7.37596 3.7
    endloop
  endfacet
  facet normal 0.0370958 0.755167 0.654482
    outer loop
      vertex 5.89446 3.38606 3.7
      vertex 5.78337 4.25819 2.7
      vertex 5.69842 3.39569 3.7
    endloop
  endfacet
  facet normal 0.450393 0.607292 0.654479
    outer loop
      vertex 4.47937 3.84902 3.7
      vertex 5.00553 4.5365 2.7
      vertex 4.87153 4.63588 2.7
    endloop
  endfacet
  facet normal 0.4504 0.607286 0.65448
    outer loop
      vertex 5.00553 4.5365 2.7
      vertex 4.47937 3.84902 3.7
      vertex 4.52404 3.81589 3.7
    endloop
  endfacet
  facet normal -0.450393 0.607292 0.654479
    outer loop
      vertex 6.89447 4.5365 2.7
      vertex 7.42063 3.84902 3.7
      vertex 7.02847 4.63588 2.7
    endloop
  endfacet
  facet normal -0.4504 0.607286 0.65448
    outer loop
      vertex 7.42063 3.84902 3.7
      vertex 6.89447 4.5365 2.7
      vertex 7.37596 3.81589 3.7
    endloop
  endfacet
  facet normal 0.733417 0.183728 0.65448
    outer loop
      vertex 3.48034 5.25888 3.7
      vertex 4.3232 5.45652 2.7
      vertex 4.28266 5.61835 2.7
    endloop
  endfacet
  facet normal 0.733425 0.183696 0.65448
    outer loop
      vertex 4.3232 5.45652 2.7
      vertex 3.48034 5.25888 3.7
      vertex 3.49385 5.20494 3.7
    endloop
  endfacet
  facet normal 0.648519 -0.388688 0.654481
    outer loop
      vertex 4.45073 6.75137 2.7
      vertex 3.7873 7.32827 3.7
      vertex 3.6864 7.15992 3.7
    endloop
  endfacet
  facet normal -0.747893 0.110947 0.654482
    outer loop
      vertex 7.61733 5.61835 2.7
      vertex 8.50431 5.69842 3.7
      vertex 7.64181 5.78337 2.7
    endloop
  endfacet
  facet normal -0.747893 0.11094 0.654483
    outer loop
      vertex 8.50431 5.69842 3.7
      vertex 7.61733 5.61835 2.7
      vertex 8.49615 5.64341 3.7
    endloop
  endfacet
  facet normal -0.683484 0.323271 0.654481
    outer loop
      vertex 8.23737 4.79035 3.7
      vertex 8.32129 4.96778 3.7
      vertex 7.52059 5.29944 2.7
    endloop
  endfacet
  facet normal 0.755167 0.0371193 0.654481
    outer loop
      vertex 3.38606 5.89446 3.7
      vertex 4.25 5.95 2.7
      vertex 3.38333 5.95 3.7
    endloop
  endfacet
  facet normal 0.755167 0.0371171 0.654481
    outer loop
      vertex 4.25 5.95 2.7
      vertex 3.38606 5.89446 3.7
      vertex 4.25819 5.78337 2.7
    endloop
  endfacet
  facet normal 0.755167 0.0370958 0.654482
    outer loop
      vertex 3.39569 5.69842 3.7
      vertex 4.25819 5.78337 2.7
      vertex 3.38606 5.89446 3.7
    endloop
  endfacet
  facet normal -0.507771 0.560201 0.654479
    outer loop
      vertex 7.57828 3.96594 3.7
      vertex 7.7237 4.09775 3.7
      vertex 7.02847 4.63588 2.7
    endloop
  endfacet
  facet normal -0.711873 -0.254741 0.65448
    outer loop
      vertex 8.40615 6.69506 3.7
      vertex 8.34002 6.87986 3.7
      vertex 7.5768 6.44348 2.7
    endloop
  endfacet
  facet normal 0.607291 -0.450393 0.654479
    outer loop
      vertex 4.63588 7.02847 2.7
      vertex 3.96594 7.57828 3.7
      vertex 3.84902 7.42063 3.7
    endloop
  endfacet
  facet normal 0.323272 0.683487 0.654478
    outer loop
      vertex 4.96778 3.57871 3.7
      vertex 5.29944 4.3794 2.7
      vertex 4.79035 3.66263 3.7
    endloop
  endfacet
  facet normal 0.323274 0.683486 0.654478
    outer loop
      vertex 5.14863 4.45073 2.7
      vertex 4.79035 3.66263 3.7
      vertex 5.29944 4.3794 2.7
    endloop
  endfacet
  facet normal 0.3232 0.68352 0.654478
    outer loop
      vertex 4.79035 3.66263 3.7
      vertex 5.14863 4.45073 2.7
      vertex 4.74008 3.6864 3.7
    endloop
  endfacet
  facet normal 0.110902 0.747898 0.654484
    outer loop
      vertex 5.61835 4.28266 2.7
      vertex 5.69842 3.39569 3.7
      vertex 5.78337 4.25819 2.7
    endloop
  endfacet
  facet normal 0.110941 0.747897 0.654479
    outer loop
      vertex 5.69842 3.39569 3.7
      vertex 5.61835 4.28266 2.7
      vertex 5.64341 3.40385 3.7
    endloop
  endfacet
  facet normal 0.68352 -0.3232 0.654478
    outer loop
      vertex 3.66263 7.10965 3.7
      vertex 4.45073 6.75137 2.7
      vertex 3.6864 7.15992 3.7
    endloop
  endfacet
  facet normal 0.683486 -0.323274 0.654478
    outer loop
      vertex 4.45073 6.75137 2.7
      vertex 3.66263 7.10965 3.7
      vertex 4.3794 6.60056 2.7
    endloop
  endfacet
  facet normal -0.450393 0.607291 0.654479
    outer loop
      vertex 7.42063 3.84902 3.7
      vertex 7.57828 3.96594 3.7
      vertex 7.02847 4.63588 2.7
    endloop
  endfacet
  facet normal 0.110947 -0.747893 0.654483
    outer loop
      vertex 5.61835 7.61733 2.7
      vertex 5.64341 8.49615 3.7
      vertex 5.44927 8.46735 3.7
    endloop
  endfacet
  facet normal -0.388761 -0.648478 0.654478
    outer loop
      vertex 7.32827 8.11269 3.7
      vertex 6.89447 7.3635 2.7
      vertex 7.37596 8.0841 3.7
    endloop
  endfacet
  facet normal -0.3887 -0.648514 0.654478
    outer loop
      vertex 6.89447 7.3635 2.7
      vertex 7.32827 8.11269 3.7
      vertex 6.75137 7.44927 2.7
    endloop
  endfacet
  facet normal 0.711887 0.254708 0.654477
    outer loop
      vertex 3.57871 4.96778 3.7
      vertex 4.3794 5.29944 2.7
      vertex 3.51259 5.15258 3.7
    endloop
  endfacet
  facet normal -0.560162 -0.507817 0.654478
    outer loop
      vertex 7.89671 7.61948 3.7
      vertex 7.26412 7.02847 2.7
      vertex 7.93406 7.57828 3.7
    endloop
  endfacet
  facet normal -0.560205 -0.50777 0.654477
    outer loop
      vertex 7.26412 7.02847 2.7
      vertex 7.89671 7.61948 3.7
      vertex 7.15208 7.15208 2.7
    endloop
  endfacet
  facet normal -0.68352 -0.3232 0.654478
    outer loop
      vertex 7.44927 6.75137 2.7
      vertex 8.23737 7.10965 3.7
      vertex 8.2136 7.15992 3.7
    endloop
  endfacet
  facet normal -0.683503 -0.323237 0.654478
    outer loop
      vertex 8.23737 7.10965 3.7
      vertex 7.44927 6.75137 2.7
      vertex 7.52059 6.60056 2.7
    endloop
  endfacet
  facet normal -0.450393 -0.607291 0.654479
    outer loop
      vertex 7.57828 7.93406 3.7
      vertex 7.42063 8.05098 3.7
      vertex 7.02847 7.26412 2.7
    endloop
  endfacet
  facet normal 0.507771 -0.560201 0.654479
    outer loop
      vertex 4.87153 7.26412 2.7
      vertex 4.32172 7.93406 3.7
      vertex 4.1763 7.80225 3.7
    endloop
  endfacet
  facet normal 0.18372 -0.733418 0.654481
    outer loop
      vertex 5.45652 7.5768 2.7
      vertex 5.39532 8.45384 3.7
      vertex 5.20494 8.40615 3.7
    endloop
  endfacet
  facet normal 0.254699 0.711887 0.654481
    outer loop
      vertex 5.29944 4.3794 2.7
      vertex 5.20494 3.49385 3.7
      vertex 5.45652 4.3232 2.7
    endloop
  endfacet
  facet normal 0.254782 0.711867 0.654471
    outer loop
      vertex 5.20494 3.49385 3.7
      vertex 5.29944 4.3794 2.7
      vertex 5.15258 3.51259 3.7
    endloop
  endfacet
  facet normal -0.73342 -0.183711 0.65448
    outer loop
      vertex 8.45384 6.50467 3.7
      vertex 8.40615 6.69506 3.7
      vertex 7.5768 6.44348 2.7
    endloop
  endfacet
  facet normal -0.110947 -0.747893 0.654482
    outer loop
      vertex 6.28165 7.61733 2.7
      vertex 6.20158 8.50431 3.7
      vertex 6.11663 7.64181 2.7
    endloop
  endfacet
  facet normal -0.11094 -0.747893 0.654483
    outer loop
      vertex 6.20158 8.50431 3.7
      vertex 6.28165 7.61733 2.7
      vertex 6.25659 8.49615 3.7
    endloop
  endfacet
  facet normal 0.683487 0.323272 0.654478
    outer loop
      vertex 3.66263 4.79035 3.7
      vertex 4.3794 5.29944 2.7
      vertex 3.57871 4.96778 3.7
    endloop
  endfacet
  facet normal 0.711887 0.254699 0.654481
    outer loop
      vertex 3.49385 5.20494 3.7
      vertex 4.3794 5.29944 2.7
      vertex 4.3232 5.45652 2.7
    endloop
  endfacet
  facet normal 0.711867 0.254782 0.654471
    outer loop
      vertex 4.3794 5.29944 2.7
      vertex 3.49385 5.20494 3.7
      vertex 3.51259 5.15258 3.7
    endloop
  endfacet
  facet normal 0.254741 -0.711873 0.65448
    outer loop
      vertex 5.45652 7.5768 2.7
      vertex 5.20494 8.40615 3.7
      vertex 5.02014 8.34002 3.7
    endloop
  endfacet
  facet normal 0.607292 0.450393 0.654479
    outer loop
      vertex 4.5365 5.00553 2.7
      vertex 3.84902 4.47937 3.7
      vertex 4.63588 4.87153 2.7
    endloop
  endfacet
  facet normal 0.607286 0.4504 0.65448
    outer loop
      vertex 3.84902 4.47937 3.7
      vertex 4.5365 5.00553 2.7
      vertex 3.81589 4.52404 3.7
    endloop
  endfacet
  facet normal 0.648511 0.388699 0.654482
    outer loop
      vertex 3.7873 4.57173 3.7
      vertex 4.5365 5.00553 2.7
      vertex 4.45073 5.14863 2.7
    endloop
  endfacet
  facet normal 0.648475 0.388759 0.654481
    outer loop
      vertex 4.5365 5.00553 2.7
      vertex 3.7873 4.57173 3.7
      vertex 3.81589 4.52404 3.7
    endloop
  endfacet
  facet normal -0.323271 -0.683484 0.654481
    outer loop
      vertex 7.10965 8.23737 3.7
      vertex 6.93222 8.32129 3.7
      vertex 6.60056 7.52059 2.7
    endloop
  endfacet
  facet normal -0.683503 0.323237 0.654478
    outer loop
      vertex 7.44927 5.14863 2.7
      vertex 8.23737 4.79035 3.7
      vertex 7.52059 5.29944 2.7
    endloop
  endfacet
  facet normal -0.68352 0.3232 0.654478
    outer loop
      vertex 8.23737 4.79035 3.7
      vertex 7.44927 5.14863 2.7
      vertex 8.2136 4.74008 3.7
    endloop
  endfacet
  facet normal 0.183728 0.733417 0.65448
    outer loop
      vertex 5.45652 4.3232 2.7
      vertex 5.25888 3.48034 3.7
      vertex 5.61835 4.28266 2.7
    endloop
  endfacet
  facet normal 0.183696 0.733425 0.65448
    outer loop
      vertex 5.25888 3.48034 3.7
      vertex 5.45652 4.3232 2.7
      vertex 5.20494 3.49385 3.7
    endloop
  endfacet
  facet normal 0.450393 -0.607291 0.654479
    outer loop
      vertex 4.87153 7.26412 2.7
      vertex 4.47937 8.05098 3.7
      vertex 4.32172 7.93406 3.7
    endloop
  endfacet
  facet normal 0.450313 -0.607351 0.654479
    outer loop
      vertex 4.47937 8.05098 3.7
      vertex 5.00553 7.3635 2.7
      vertex 4.52404 8.0841 3.7
    endloop
  endfacet
  facet normal 0.450393 -0.607292 0.654479
    outer loop
      vertex 5.00553 7.3635 2.7
      vertex 4.47937 8.05098 3.7
      vertex 4.87153 7.26412 2.7
    endloop
  endfacet
  facet normal -0.560236 -0.50773 0.654481
    outer loop
      vertex 7.89671 7.61948 3.7
      vertex 7.76491 7.76491 3.7
      vertex 7.15208 7.15208 2.7
    endloop
  endfacet
  facet normal 0.183663 -0.733428 0.654486
    outer loop
      vertex 5.45652 7.5768 2.7
      vertex 5.44927 8.46735 3.7
      vertex 5.39532 8.45384 3.7
    endloop
  endfacet
  facet normal 0.183685 -0.733425 0.654483
    outer loop
      vertex 5.44927 8.46735 3.7
      vertex 5.45652 7.5768 2.7
      vertex 5.61835 7.61733 2.7
    endloop
  endfacet
  facet normal 0.56029 -0.507673 0.65448
    outer loop
      vertex 4.09775 7.7237 3.7
      vertex 4.74792 7.15208 2.7
      vertex 4.13509 7.76491 3.7
    endloop
  endfacet
  facet normal 0.560204 -0.507769 0.654479
    outer loop
      vertex 4.74792 7.15208 2.7
      vertex 4.09775 7.7237 3.7
      vertex 4.63588 7.02847 2.7
    endloop
  endfacet
  facet normal -0.507817 -0.560162 0.654478
    outer loop
      vertex 7.02847 7.26412 2.7
      vertex 7.61948 7.89671 3.7
      vertex 7.57828 7.93406 3.7
    endloop
  endfacet
  facet normal -0.50777 -0.560205 0.654477
    outer loop
      vertex 7.61948 7.89671 3.7
      vertex 7.02847 7.26412 2.7
      vertex 7.15208 7.15208 2.7
    endloop
  endfacet
  facet normal -0.254739 -0.711874 0.65448
    outer loop
      vertex 6.60056 7.52059 2.7
      vertex 6.87986 8.34002 3.7
      vertex 6.44348 7.5768 2.7
    endloop
  endfacet
  facet normal -0.254659 -0.711902 0.65448
    outer loop
      vertex 6.87986 8.34002 3.7
      vertex 6.60056 7.52059 2.7
      vertex 6.93222 8.32129 3.7
    endloop
  endfacet
  facet normal 0.388716 -0.648503 0.65448
    outer loop
      vertex 5.14863 7.44927 2.7
      vertex 4.74008 8.2136 3.7
      vertex 4.57173 8.11269 3.7
    endloop
  endfacet
  facet normal 0.3232 -0.68352 0.654478
    outer loop
      vertex 5.14863 7.44927 2.7
      vertex 4.79035 8.23737 3.7
      vertex 4.74008 8.2136 3.7
    endloop
  endfacet
  facet normal 0.323237 -0.683503 0.654478
    outer loop
      vertex 4.79035 8.23737 3.7
      vertex 5.14863 7.44927 2.7
      vertex 5.29944 7.52059 2.7
    endloop
  endfacet
  facet normal 0.755167 -0.0371193 0.654481
    outer loop
      vertex 4.25 5.95 2.7
      vertex 3.38606 6.00554 3.7
      vertex 3.38333 5.95 3.7
    endloop
  endfacet
  facet normal 0.755167 -0.0371171 0.654481
    outer loop
      vertex 3.38606 6.00554 3.7
      vertex 4.25 5.95 2.7
      vertex 4.25819 6.11663 2.7
    endloop
  endfacet
  facet normal -0.747893 -0.110947 0.654483
    outer loop
      vertex 8.49615 6.25659 3.7
      vertex 8.46735 6.45073 3.7
      vertex 7.61733 6.28165 2.7
    endloop
  endfacet
  facet normal -0.747893 -0.11094 0.654483
    outer loop
      vertex 7.61733 6.28165 2.7
      vertex 8.50431 6.20158 3.7
      vertex 8.49615 6.25659 3.7
    endloop
  endfacet
  facet normal -0.747893 -0.110947 0.654482
    outer loop
      vertex 8.50431 6.20158 3.7
      vertex 7.61733 6.28165 2.7
      vertex 7.64181 6.11663 2.7
    endloop
  endfacet
  facet normal 0.11094 -0.747893 0.654483
    outer loop
      vertex 5.61835 7.61733 2.7
      vertex 5.69842 8.50431 3.7
      vertex 5.64341 8.49615 3.7
    endloop
  endfacet
  facet normal 0.110947 -0.747893 0.654482
    outer loop
      vertex 5.69842 8.50431 3.7
      vertex 5.61835 7.61733 2.7
      vertex 5.78337 7.64181 2.7
    endloop
  endfacet
  facet normal -0.336868 -0.941552 0
    outer loop
      vertex 6.44348 40.1768 0
      vertex 6.60056 40.1206 2.7
      vertex 6.44348 40.1768 2.7
    endloop
  endfacet
  facet normal -0.336868 -0.941552 -0
    outer loop
      vertex 6.60056 40.1206 2.7
      vertex 6.44348 40.1768 0
      vertex 6.60056 40.1206 0
    endloop
  endfacet
  facet normal -0.989185 -0.14667 0
    outer loop
      vertex 7.64181 38.7166 0
      vertex 7.61733 38.8817 2.7
      vertex 7.61733 38.8817 0
    endloop
  endfacet
  facet normal -0.989185 -0.14667 0
    outer loop
      vertex 7.61733 38.8817 2.7
      vertex 7.64181 38.7166 0
      vertex 7.64181 38.7166 2.7
    endloop
  endfacet
  facet normal -0.998794 -0.0491004 0
    outer loop
      vertex 7.65 38.55 0
      vertex 7.64181 38.7166 2.7
      vertex 7.64181 38.7166 0
    endloop
  endfacet
  facet normal -0.998794 -0.0491004 0
    outer loop
      vertex 7.64181 38.7166 2.7
      vertex 7.65 38.55 0
      vertex 7.65 38.55 2.7
    endloop
  endfacet
  facet normal -0.97003 -0.242987 0
    outer loop
      vertex 7.61733 38.8817 0
      vertex 7.5768 39.0435 2.7
      vertex 7.5768 39.0435 0
    endloop
  endfacet
  facet normal -0.97003 -0.242987 0
    outer loop
      vertex 7.5768 39.0435 2.7
      vertex 7.61733 38.8817 0
      vertex 7.61733 38.8817 2.7
    endloop
  endfacet
  facet normal 0.336868 0.941552 -0
    outer loop
      vertex 5.45652 36.9232 0
      vertex 5.29944 36.9794 2.7
      vertex 5.45652 36.9232 2.7
    endloop
  endfacet
  facet normal 0.336868 0.941552 0
    outer loop
      vertex 5.29944 36.9794 2.7
      vertex 5.45652 36.9232 0
      vertex 5.29944 36.9794 0
    endloop
  endfacet
  facet normal 0.595772 -0.803154 0
    outer loop
      vertex 4.87153 39.8641 0
      vertex 5.00553 39.9635 2.7
      vertex 4.87153 39.8641 2.7
    endloop
  endfacet
  facet normal 0.595772 -0.803154 0
    outer loop
      vertex 5.00553 39.9635 2.7
      vertex 4.87153 39.8641 0
      vertex 5.00553 39.9635 0
    endloop
  endfacet
  facet normal 0.970015 0.243043 0
    outer loop
      vertex 4.3232 38.0565 2.7
      vertex 4.28266 38.2183 0
      vertex 4.28266 38.2183 2.7
    endloop
  endfacet
  facet normal 0.970015 0.243043 0
    outer loop
      vertex 4.28266 38.2183 0
      vertex 4.3232 38.0565 2.7
      vertex 4.3232 38.0565 0
    endloop
  endfacet
  facet normal 0.998794 -0.0491004 0
    outer loop
      vertex 4.25 38.55 2.7
      vertex 4.25819 38.7166 0
      vertex 4.25819 38.7166 2.7
    endloop
  endfacet
  facet normal 0.998794 -0.0491004 0
    outer loop
      vertex 4.25819 38.7166 0
      vertex 4.25 38.55 2.7
      vertex 4.25 38.55 0
    endloop
  endfacet
  facet normal -0.998794 0.0491004 0
    outer loop
      vertex 7.64181 38.3834 0
      vertex 7.65 38.55 2.7
      vertex 7.65 38.55 0
    endloop
  endfacet
  facet normal -0.998794 0.0491004 0
    outer loop
      vertex 7.65 38.55 2.7
      vertex 7.64181 38.3834 0
      vertex 7.64181 38.3834 2.7
    endloop
  endfacet
  facet normal -0.0491513 0.998791 0
    outer loop
      vertex 6.11663 36.8582 0
      vertex 5.95 36.85 2.7
      vertex 6.11663 36.8582 2.7
    endloop
  endfacet
  facet normal -0.0491513 0.998791 0
    outer loop
      vertex 5.95 36.85 2.7
      vertex 6.11663 36.8582 0
      vertex 5.95 36.85 0
    endloop
  endfacet
  facet normal -0.941546 -0.336883 0
    outer loop
      vertex 7.5768 39.0435 0
      vertex 7.52059 39.2006 2.7
      vertex 7.52059 39.2006 0
    endloop
  endfacet
  facet normal -0.941546 -0.336883 0
    outer loop
      vertex 7.52059 39.2006 2.7
      vertex 7.5768 39.0435 0
      vertex 7.5768 39.0435 2.7
    endloop
  endfacet
  facet normal -0.903996 -0.42754 0
    outer loop
      vertex 7.52059 39.2006 0
      vertex 7.44927 39.3514 2.7
      vertex 7.44927 39.3514 0
    endloop
  endfacet
  facet normal -0.903996 -0.42754 0
    outer loop
      vertex 7.44927 39.3514 2.7
      vertex 7.52059 39.2006 0
      vertex 7.52059 39.2006 2.7
    endloop
  endfacet
  facet normal 0.242775 -0.970083 0
    outer loop
      vertex 5.45652 40.1768 0
      vertex 5.61835 40.2173 2.7
      vertex 5.45652 40.1768 2.7
    endloop
  endfacet
  facet normal 0.242775 -0.970083 0
    outer loop
      vertex 5.61835 40.2173 2.7
      vertex 5.45652 40.1768 0
      vertex 5.61835 40.2173 0
    endloop
  endfacet
  facet normal -0.671448 0.741051 0
    outer loop
      vertex 7.15208 37.3479 0
      vertex 7.02847 37.2359 2.7
      vertex 7.15208 37.3479 2.7
    endloop
  endfacet
  facet normal -0.671448 0.741051 0
    outer loop
      vertex 7.02847 37.2359 2.7
      vertex 7.15208 37.3479 0
      vertex 7.02847 37.2359 0
    endloop
  endfacet
  facet normal 0.970015 -0.243043 0
    outer loop
      vertex 4.28266 38.8817 2.7
      vertex 4.3232 39.0435 0
      vertex 4.3232 39.0435 2.7
    endloop
  endfacet
  facet normal 0.970015 -0.243043 0
    outer loop
      vertex 4.3232 39.0435 0
      vertex 4.28266 38.8817 2.7
      vertex 4.28266 38.8817 0
    endloop
  endfacet
  facet normal -0.514231 -0.857652 0
    outer loop
      vertex 6.75137 40.0493 0
      vertex 6.89447 39.9635 2.7
      vertex 6.75137 40.0493 2.7
    endloop
  endfacet
  facet normal -0.514231 -0.857652 -0
    outer loop
      vertex 6.89447 39.9635 2.7
      vertex 6.75137 40.0493 0
      vertex 6.89447 39.9635 0
    endloop
  endfacet
  facet normal 0.0491513 -0.998791 0
    outer loop
      vertex 5.78337 40.2418 0
      vertex 5.95 40.25 2.7
      vertex 5.78337 40.2418 2.7
    endloop
  endfacet
  facet normal 0.0491513 -0.998791 0
    outer loop
      vertex 5.95 40.25 2.7
      vertex 5.78337 40.2418 0
      vertex 5.95 40.25 0
    endloop
  endfacet
  facet normal 0.242775 0.970083 -0
    outer loop
      vertex 5.61835 36.8827 0
      vertex 5.45652 36.9232 2.7
      vertex 5.61835 36.8827 2.7
    endloop
  endfacet
  facet normal 0.242775 0.970083 0
    outer loop
      vertex 5.45652 36.9232 2.7
      vertex 5.61835 36.8827 0
      vertex 5.45652 36.9232 0
    endloop
  endfacet
  facet normal -0.595772 -0.803154 0
    outer loop
      vertex 6.89447 39.9635 0
      vertex 7.02847 39.8641 2.7
      vertex 6.89447 39.9635 2.7
    endloop
  endfacet
  facet normal -0.595772 -0.803154 -0
    outer loop
      vertex 7.02847 39.8641 2.7
      vertex 6.89447 39.9635 0
      vertex 7.02847 39.8641 0
    endloop
  endfacet
  facet normal 0.903973 0.427589 0
    outer loop
      vertex 4.45073 37.7486 2.7
      vertex 4.3794 37.8994 0
      vertex 4.3794 37.8994 2.7
    endloop
  endfacet
  facet normal 0.903973 0.427589 0
    outer loop
      vertex 4.3794 37.8994 0
      vertex 4.45073 37.7486 2.7
      vertex 4.45073 37.7486 0
    endloop
  endfacet
  facet normal -0.514231 0.857652 0
    outer loop
      vertex 6.89447 37.1365 0
      vertex 6.75137 37.0507 2.7
      vertex 6.89447 37.1365 2.7
    endloop
  endfacet
  facet normal -0.514231 0.857652 0
    outer loop
      vertex 6.75137 37.0507 2.7
      vertex 6.89447 37.1365 0
      vertex 6.75137 37.0507 0
    endloop
  endfacet
  facet normal -0.146857 0.989158 0
    outer loop
      vertex 6.28165 36.8827 0
      vertex 6.11663 36.8582 2.7
      vertex 6.28165 36.8827 2.7
    endloop
  endfacet
  facet normal -0.146857 0.989158 0
    outer loop
      vertex 6.11663 36.8582 2.7
      vertex 6.28165 36.8827 0
      vertex 6.11663 36.8582 0
    endloop
  endfacet
  facet normal -0.595772 0.803154 0
    outer loop
      vertex 7.02847 37.2359 0
      vertex 6.89447 37.1365 2.7
      vertex 7.02847 37.2359 2.7
    endloop
  endfacet
  facet normal -0.595772 0.803154 0
    outer loop
      vertex 6.89447 37.1365 2.7
      vertex 7.02847 37.2359 0
      vertex 6.89447 37.1365 0
    endloop
  endfacet
  facet normal 0.989194 -0.146612 0
    outer loop
      vertex 4.25819 38.7166 2.7
      vertex 4.28266 38.8817 0
      vertex 4.28266 38.8817 2.7
    endloop
  endfacet
  facet normal 0.989194 -0.146612 0
    outer loop
      vertex 4.28266 38.8817 0
      vertex 4.25819 38.7166 2.7
      vertex 4.25819 38.7166 0
    endloop
  endfacet
  facet normal -0.803211 -0.595695 0
    outer loop
      vertex 7.3635 39.4945 0
      vertex 7.26412 39.6285 2.7
      vertex 7.26412 39.6285 0
    endloop
  endfacet
  facet normal -0.803211 -0.595695 0
    outer loop
      vertex 7.26412 39.6285 2.7
      vertex 7.3635 39.4945 0
      vertex 7.3635 39.4945 2.7
    endloop
  endfacet
  facet normal -0.146857 -0.989158 0
    outer loop
      vertex 6.11663 40.2418 0
      vertex 6.28165 40.2173 2.7
      vertex 6.11663 40.2418 2.7
    endloop
  endfacet
  facet normal -0.146857 -0.989158 -0
    outer loop
      vertex 6.28165 40.2173 2.7
      vertex 6.11663 40.2418 0
      vertex 6.28165 40.2173 0
    endloop
  endfacet
  facet normal 0.671448 0.741051 -0
    outer loop
      vertex 4.87153 37.2359 0
      vertex 4.74792 37.3479 2.7
      vertex 4.87153 37.2359 2.7
    endloop
  endfacet
  facet normal 0.671448 0.741051 0
    outer loop
      vertex 4.74792 37.3479 2.7
      vertex 4.87153 37.2359 0
      vertex 4.74792 37.3479 0
    endloop
  endfacet
  facet normal -0.427419 -0.904054 0
    outer loop
      vertex 6.60056 40.1206 0
      vertex 6.75137 40.0493 2.7
      vertex 6.60056 40.1206 2.7
    endloop
  endfacet
  facet normal -0.427419 -0.904054 -0
    outer loop
      vertex 6.75137 40.0493 2.7
      vertex 6.60056 40.1206 0
      vertex 6.75137 40.0493 0
    endloop
  endfacet
  facet normal -0.97003 0.242987 0
    outer loop
      vertex 7.5768 38.0565 0
      vertex 7.61733 38.2183 2.7
      vertex 7.61733 38.2183 0
    endloop
  endfacet
  facet normal -0.97003 0.242987 0
    outer loop
      vertex 7.61733 38.2183 2.7
      vertex 7.5768 38.0565 0
      vertex 7.5768 38.0565 2.7
    endloop
  endfacet
  facet normal -0.336868 0.941552 0
    outer loop
      vertex 6.60056 36.9794 0
      vertex 6.44348 36.9232 2.7
      vertex 6.60056 36.9794 2.7
    endloop
  endfacet
  facet normal -0.336868 0.941552 0
    outer loop
      vertex 6.44348 36.9232 2.7
      vertex 6.60056 36.9794 0
      vertex 6.44348 36.9232 0
    endloop
  endfacet
  facet normal -0.242775 0.970083 0
    outer loop
      vertex 6.44348 36.9232 0
      vertex 6.28165 36.8827 2.7
      vertex 6.44348 36.9232 2.7
    endloop
  endfacet
  facet normal -0.242775 0.970083 0
    outer loop
      vertex 6.28165 36.8827 2.7
      vertex 6.44348 36.9232 0
      vertex 6.28165 36.8827 0
    endloop
  endfacet
  facet normal -0.803211 0.595695 0
    outer loop
      vertex 7.26412 37.4715 0
      vertex 7.3635 37.6055 2.7
      vertex 7.3635 37.6055 0
    endloop
  endfacet
  facet normal -0.803211 0.595695 0
    outer loop
      vertex 7.3635 37.6055 2.7
      vertex 7.26412 37.4715 0
      vertex 7.26412 37.4715 2.7
    endloop
  endfacet
  facet normal 0.803211 -0.595695 0
    outer loop
      vertex 4.5365 39.4945 2.7
      vertex 4.63588 39.6285 0
      vertex 4.63588 39.6285 2.7
    endloop
  endfacet
  facet normal 0.803211 -0.595695 0
    outer loop
      vertex 4.63588 39.6285 0
      vertex 4.5365 39.4945 2.7
      vertex 4.5365 39.4945 0
    endloop
  endfacet
  facet normal 0.941566 0.33683 0
    outer loop
      vertex 4.3794 37.8994 2.7
      vertex 4.3232 38.0565 0
      vertex 4.3232 38.0565 2.7
    endloop
  endfacet
  facet normal 0.941566 0.33683 0
    outer loop
      vertex 4.3232 38.0565 0
      vertex 4.3794 37.8994 2.7
      vertex 4.3794 37.8994 0
    endloop
  endfacet
  facet normal 0.336868 -0.941552 0
    outer loop
      vertex 5.29944 40.1206 0
      vertex 5.45652 40.1768 2.7
      vertex 5.29944 40.1206 2.7
    endloop
  endfacet
  facet normal 0.336868 -0.941552 0
    outer loop
      vertex 5.45652 40.1768 2.7
      vertex 5.29944 40.1206 0
      vertex 5.45652 40.1768 0
    endloop
  endfacet
  facet normal 0.671448 -0.741051 0
    outer loop
      vertex 4.74792 39.7521 0
      vertex 4.87153 39.8641 2.7
      vertex 4.74792 39.7521 2.7
    endloop
  endfacet
  facet normal 0.671448 -0.741051 0
    outer loop
      vertex 4.87153 39.8641 2.7
      vertex 4.74792 39.7521 0
      vertex 4.87153 39.8641 0
    endloop
  endfacet
  facet normal 0.514231 -0.857652 0
    outer loop
      vertex 5.00553 39.9635 0
      vertex 5.14863 40.0493 2.7
      vertex 5.00553 39.9635 2.7
    endloop
  endfacet
  facet normal 0.514231 -0.857652 0
    outer loop
      vertex 5.14863 40.0493 2.7
      vertex 5.00553 39.9635 0
      vertex 5.14863 40.0493 0
    endloop
  endfacet
  facet normal -0.242775 -0.970083 0
    outer loop
      vertex 6.28165 40.2173 0
      vertex 6.44348 40.1768 2.7
      vertex 6.28165 40.2173 2.7
    endloop
  endfacet
  facet normal -0.242775 -0.970083 -0
    outer loop
      vertex 6.44348 40.1768 2.7
      vertex 6.28165 40.2173 0
      vertex 6.44348 40.1768 0
    endloop
  endfacet
  facet normal 0.989194 0.146612 0
    outer loop
      vertex 4.28266 38.2183 2.7
      vertex 4.25819 38.3834 0
      vertex 4.25819 38.3834 2.7
    endloop
  endfacet
  facet normal 0.989194 0.146612 0
    outer loop
      vertex 4.25819 38.3834 0
      vertex 4.28266 38.2183 2.7
      vertex 4.28266 38.2183 0
    endloop
  endfacet
  facet normal -0.427419 0.904054 0
    outer loop
      vertex 6.75137 37.0507 0
      vertex 6.60056 36.9794 2.7
      vertex 6.75137 37.0507 2.7
    endloop
  endfacet
  facet normal -0.427419 0.904054 0
    outer loop
      vertex 6.60056 36.9794 2.7
      vertex 6.75137 37.0507 0
      vertex 6.60056 36.9794 0
    endloop
  endfacet
  facet normal -0.903996 0.42754 0
    outer loop
      vertex 7.44927 37.7486 0
      vertex 7.52059 37.8994 2.7
      vertex 7.52059 37.8994 0
    endloop
  endfacet
  facet normal -0.903996 0.42754 0
    outer loop
      vertex 7.52059 37.8994 2.7
      vertex 7.44927 37.7486 0
      vertex 7.44927 37.7486 2.7
    endloop
  endfacet
  facet normal -0.0491513 -0.998791 0
    outer loop
      vertex 5.95 40.25 0
      vertex 6.11663 40.2418 2.7
      vertex 5.95 40.25 2.7
    endloop
  endfacet
  facet normal -0.0491513 -0.998791 -0
    outer loop
      vertex 6.11663 40.2418 2.7
      vertex 5.95 40.25 0
      vertex 6.11663 40.2418 0
    endloop
  endfacet
  facet normal 0.427419 0.904054 -0
    outer loop
      vertex 5.29944 36.9794 0
      vertex 5.14863 37.0507 2.7
      vertex 5.29944 36.9794 2.7
    endloop
  endfacet
  facet normal 0.427419 0.904054 0
    outer loop
      vertex 5.14863 37.0507 2.7
      vertex 5.29944 36.9794 0
      vertex 5.14863 37.0507 0
    endloop
  endfacet
  facet normal 0.146857 -0.989158 0
    outer loop
      vertex 5.61835 40.2173 0
      vertex 5.78337 40.2418 2.7
      vertex 5.61835 40.2173 2.7
    endloop
  endfacet
  facet normal 0.146857 -0.989158 0
    outer loop
      vertex 5.78337 40.2418 2.7
      vertex 5.61835 40.2173 0
      vertex 5.78337 40.2418 0
    endloop
  endfacet
  facet normal 0.514231 0.857652 -0
    outer loop
      vertex 5.14863 37.0507 0
      vertex 5.00553 37.1365 2.7
      vertex 5.14863 37.0507 2.7
    endloop
  endfacet
  facet normal 0.514231 0.857652 0
    outer loop
      vertex 5.00553 37.1365 2.7
      vertex 5.14863 37.0507 0
      vertex 5.00553 37.1365 0
    endloop
  endfacet
  facet normal 0.427419 -0.904054 0
    outer loop
      vertex 5.14863 40.0493 0
      vertex 5.29944 40.1206 2.7
      vertex 5.14863 40.0493 2.7
    endloop
  endfacet
  facet normal 0.427419 -0.904054 0
    outer loop
      vertex 5.29944 40.1206 2.7
      vertex 5.14863 40.0493 0
      vertex 5.29944 40.1206 0
    endloop
  endfacet
  facet normal -0.989185 0.14667 0
    outer loop
      vertex 7.61733 38.2183 0
      vertex 7.64181 38.3834 2.7
      vertex 7.64181 38.3834 0
    endloop
  endfacet
  facet normal -0.989185 0.14667 0
    outer loop
      vertex 7.64181 38.3834 2.7
      vertex 7.61733 38.2183 0
      vertex 7.61733 38.2183 2.7
    endloop
  endfacet
  facet normal -0.857731 -0.514099 0
    outer loop
      vertex 7.44927 39.3514 0
      vertex 7.3635 39.4945 2.7
      vertex 7.3635 39.4945 0
    endloop
  endfacet
  facet normal -0.857731 -0.514099 0
    outer loop
      vertex 7.3635 39.4945 2.7
      vertex 7.44927 39.3514 0
      vertex 7.44927 39.3514 2.7
    endloop
  endfacet
  facet normal 0.803211 0.595695 0
    outer loop
      vertex 4.63588 37.4715 2.7
      vertex 4.5365 37.6055 0
      vertex 4.5365 37.6055 2.7
    endloop
  endfacet
  facet normal 0.803211 0.595695 0
    outer loop
      vertex 4.5365 37.6055 0
      vertex 4.63588 37.4715 2.7
      vertex 4.63588 37.4715 0
    endloop
  endfacet
  facet normal -0.857731 0.514099 0
    outer loop
      vertex 7.3635 37.6055 0
      vertex 7.44927 37.7486 2.7
      vertex 7.44927 37.7486 0
    endloop
  endfacet
  facet normal -0.857731 0.514099 0
    outer loop
      vertex 7.44927 37.7486 2.7
      vertex 7.3635 37.6055 0
      vertex 7.3635 37.6055 2.7
    endloop
  endfacet
  facet normal 0.0491513 0.998791 -0
    outer loop
      vertex 5.95 36.85 0
      vertex 5.78337 36.8582 2.7
      vertex 5.95 36.85 2.7
    endloop
  endfacet
  facet normal 0.0491513 0.998791 0
    outer loop
      vertex 5.78337 36.8582 2.7
      vertex 5.95 36.85 0
      vertex 5.78337 36.8582 0
    endloop
  endfacet
  facet normal 0.740905 -0.67161 0
    outer loop
      vertex 4.63588 39.6285 2.7
      vertex 4.74792 39.7521 0
      vertex 4.74792 39.7521 2.7
    endloop
  endfacet
  facet normal 0.740905 -0.67161 0
    outer loop
      vertex 4.74792 39.7521 0
      vertex 4.63588 39.6285 2.7
      vertex 4.63588 39.6285 0
    endloop
  endfacet
  facet normal 0.941566 -0.33683 0
    outer loop
      vertex 4.3232 39.0435 2.7
      vertex 4.3794 39.2006 0
      vertex 4.3794 39.2006 2.7
    endloop
  endfacet
  facet normal 0.941566 -0.33683 0
    outer loop
      vertex 4.3794 39.2006 0
      vertex 4.3232 39.0435 2.7
      vertex 4.3232 39.0435 0
    endloop
  endfacet
  facet normal -0.740905 0.67161 0
    outer loop
      vertex 7.15208 37.3479 0
      vertex 7.26412 37.4715 2.7
      vertex 7.26412 37.4715 0
    endloop
  endfacet
  facet normal -0.740905 0.67161 0
    outer loop
      vertex 7.26412 37.4715 2.7
      vertex 7.15208 37.3479 0
      vertex 7.15208 37.3479 2.7
    endloop
  endfacet
  facet normal 0.740905 0.67161 0
    outer loop
      vertex 4.74792 37.3479 2.7
      vertex 4.63588 37.4715 0
      vertex 4.63588 37.4715 2.7
    endloop
  endfacet
  facet normal 0.740905 0.67161 0
    outer loop
      vertex 4.63588 37.4715 0
      vertex 4.74792 37.3479 2.7
      vertex 4.74792 37.3479 0
    endloop
  endfacet
  facet normal -0.671448 -0.741051 0
    outer loop
      vertex 7.02847 39.8641 0
      vertex 7.15208 39.7521 2.7
      vertex 7.02847 39.8641 2.7
    endloop
  endfacet
  facet normal -0.671448 -0.741051 -0
    outer loop
      vertex 7.15208 39.7521 2.7
      vertex 7.02847 39.8641 0
      vertex 7.15208 39.7521 0
    endloop
  endfacet
  facet normal -0.740905 -0.67161 0
    outer loop
      vertex 7.26412 39.6285 0
      vertex 7.15208 39.7521 2.7
      vertex 7.15208 39.7521 0
    endloop
  endfacet
  facet normal -0.740905 -0.67161 0
    outer loop
      vertex 7.15208 39.7521 2.7
      vertex 7.26412 39.6285 0
      vertex 7.26412 39.6285 2.7
    endloop
  endfacet
  facet normal 0.903973 -0.427589 0
    outer loop
      vertex 4.3794 39.2006 2.7
      vertex 4.45073 39.3514 0
      vertex 4.45073 39.3514 2.7
    endloop
  endfacet
  facet normal 0.903973 -0.427589 0
    outer loop
      vertex 4.45073 39.3514 0
      vertex 4.3794 39.2006 2.7
      vertex 4.3794 39.2006 0
    endloop
  endfacet
  facet normal 0.595772 0.803154 -0
    outer loop
      vertex 5.00553 37.1365 0
      vertex 4.87153 37.2359 2.7
      vertex 5.00553 37.1365 2.7
    endloop
  endfacet
  facet normal 0.595772 0.803154 0
    outer loop
      vertex 4.87153 37.2359 2.7
      vertex 5.00553 37.1365 0
      vertex 4.87153 37.2359 0
    endloop
  endfacet
  facet normal -0.941546 0.336883 0
    outer loop
      vertex 7.52059 37.8994 0
      vertex 7.5768 38.0565 2.7
      vertex 7.5768 38.0565 0
    endloop
  endfacet
  facet normal -0.941546 0.336883 0
    outer loop
      vertex 7.5768 38.0565 2.7
      vertex 7.52059 37.8994 0
      vertex 7.52059 37.8994 2.7
    endloop
  endfacet
  facet normal 0.857731 0.514099 0
    outer loop
      vertex 4.5365 37.6055 2.7
      vertex 4.45073 37.7486 0
      vertex 4.45073 37.7486 2.7
    endloop
  endfacet
  facet normal 0.857731 0.514099 0
    outer loop
      vertex 4.45073 37.7486 0
      vertex 4.5365 37.6055 2.7
      vertex 4.5365 37.6055 0
    endloop
  endfacet
  facet normal 0.998794 0.0491004 0
    outer loop
      vertex 4.25819 38.3834 2.7
      vertex 4.25 38.55 0
      vertex 4.25 38.55 2.7
    endloop
  endfacet
  facet normal 0.998794 0.0491004 0
    outer loop
      vertex 4.25 38.55 0
      vertex 4.25819 38.3834 2.7
      vertex 4.25819 38.3834 0
    endloop
  endfacet
  facet normal 0.146857 0.989158 -0
    outer loop
      vertex 5.78337 36.8582 0
      vertex 5.61835 36.8827 2.7
      vertex 5.78337 36.8582 2.7
    endloop
  endfacet
  facet normal 0.146857 0.989158 0
    outer loop
      vertex 5.61835 36.8827 2.7
      vertex 5.78337 36.8582 0
      vertex 5.61835 36.8827 0
    endloop
  endfacet
  facet normal 0.857731 -0.514099 0
    outer loop
      vertex 4.45073 39.3514 2.7
      vertex 4.5365 39.4945 0
      vertex 4.5365 39.4945 2.7
    endloop
  endfacet
  facet normal 0.857731 -0.514099 0
    outer loop
      vertex 4.5365 39.4945 0
      vertex 4.45073 39.3514 2.7
      vertex 4.45073 39.3514 0
    endloop
  endfacet
  facet normal 0.0371628 0.755174 0.65447
    outer loop
      vertex 5.78337 36.8582 2.7
      vertex 5.75396 35.993 3.7
      vertex 5.95 36.85 2.7
    endloop
  endfacet
  facet normal 0.0367127 0.755193 0.654473
    outer loop
      vertex 5.75396 35.993 3.7
      vertex 5.78337 36.8582 2.7
      vertex 5.69842 35.9957 3.7
    endloop
  endfacet
  facet normal -0.711884 0.25471 0.65448
    outer loop
      vertex 7.52059 37.8994 2.7
      vertex 8.34002 37.6201 3.7
      vertex 7.5768 38.0565 2.7
    endloop
  endfacet
  facet normal -0.711811 0.254918 0.654478
    outer loop
      vertex 8.34002 37.6201 3.7
      vertex 7.52059 37.8994 2.7
      vertex 8.32129 37.5678 3.7
    endloop
  endfacet
  facet normal 0.0373645 0.755149 0.654488
    outer loop
      vertex 5.95 35.9833 3.7
      vertex 5.95 36.85 2.7
      vertex 5.75396 35.993 3.7
    endloop
  endfacet
  facet normal -0.755167 -0.0371034 0.654481
    outer loop
      vertex 8.51667 38.55 3.7
      vertex 8.50704 38.746 3.7
      vertex 7.65 38.55 2.7
    endloop
  endfacet
  facet normal -0.755167 -0.0370792 0.654483
    outer loop
      vertex 7.64181 38.7166 2.7
      vertex 8.50704 38.746 3.7
      vertex 8.50431 38.8016 3.7
    endloop
  endfacet
  facet normal -0.755165 -0.0371237 0.654483
    outer loop
      vertex 8.50704 38.746 3.7
      vertex 7.64181 38.7166 2.7
      vertex 7.65 38.55 2.7
    endloop
  endfacet
  facet normal -0.64856 -0.388635 0.654471
    outer loop
      vertex 8.2136 39.7599 3.7
      vertex 8.11269 39.9283 3.7
      vertex 7.44927 39.3514 2.7
    endloop
  endfacet
  facet normal -0.111479 0.747862 0.654427
    outer loop
      vertex 6.28165 36.8827 2.7
      vertex 6.20158 35.9957 3.7
      vertex 6.25659 36.0039 3.7
    endloop
  endfacet
  facet normal -0.111036 0.747881 0.65448
    outer loop
      vertex 6.20158 35.9957 3.7
      vertex 6.28165 36.8827 2.7
      vertex 6.11663 36.8582 2.7
    endloop
  endfacet
  facet normal 0.450334 0.607315 0.654499
    outer loop
      vertex 4.47937 36.449 3.7
      vertex 4.87153 37.2359 2.7
      vertex 4.32172 36.5659 3.7
    endloop
  endfacet
  facet normal -0.747893 0.11097 0.654478
    outer loop
      vertex 8.46735 38.0493 3.7
      vertex 8.49615 38.2434 3.7
      vertex 7.61733 38.2183 2.7
    endloop
  endfacet
  facet normal 0.607302 0.450401 0.654464
    outer loop
      vertex 4.5365 37.6055 2.7
      vertex 3.84902 37.0794 3.7
      vertex 4.63588 37.4715 2.7
    endloop
  endfacet
  facet normal 0.606956 0.450862 0.654468
    outer loop
      vertex 3.84902 37.0794 3.7
      vertex 4.5365 37.6055 2.7
      vertex 3.81589 37.124 3.7
    endloop
  endfacet
  facet normal 0.254644 0.711924 0.654462
    outer loop
      vertex 5.20494 36.0939 3.7
      vertex 5.45652 36.9232 2.7
      vertex 5.02014 36.16 3.7
    endloop
  endfacet
  facet normal -0.0371628 -0.755174 0.65447
    outer loop
      vertex 6.11663 40.2418 2.7
      vertex 6.14603 41.107 3.7
      vertex 5.95 40.25 2.7
    endloop
  endfacet
  facet normal -0.0367061 -0.755194 0.654473
    outer loop
      vertex 6.14603 41.107 3.7
      vertex 6.11663 40.2418 2.7
      vertex 6.20158 41.1043 3.7
    endloop
  endfacet
  facet normal 0.747897 0.110971 0.654474
    outer loop
      vertex 3.43265 38.0493 3.7
      vertex 4.28266 38.2183 2.7
      vertex 3.40385 38.2434 3.7
    endloop
  endfacet
  facet normal -0.110567 0.747927 0.654507
    outer loop
      vertex 6.45073 36.0326 3.7
      vertex 6.28165 36.8827 2.7
      vertex 6.25659 36.0039 3.7
    endloop
  endfacet
  facet normal 0.607363 -0.450304 0.654474
    outer loop
      vertex 4.63588 39.6285 2.7
      vertex 3.96594 40.1783 3.7
      vertex 3.84902 40.0206 3.7
    endloop
  endfacet
  facet normal 0.648511 0.388699 0.654482
    outer loop
      vertex 3.7873 37.1717 3.7
      vertex 4.5365 37.6055 2.7
      vertex 4.45073 37.7486 2.7
    endloop
  endfacet
  facet normal 0.648511 0.388699 0.654482
    outer loop
      vertex 4.5365 37.6055 2.7
      vertex 3.7873 37.1717 3.7
      vertex 3.81589 37.124 3.7
    endloop
  endfacet
  facet normal -0.388693 0.648527 0.65447
    outer loop
      vertex 7.15992 36.2864 3.7
      vertex 7.32827 36.3873 3.7
      vertex 6.75137 37.0507 2.7
    endloop
  endfacet
  facet normal 0.733413 0.183761 0.654475
    outer loop
      vertex 3.48034 37.8589 3.7
      vertex 4.3232 38.0565 2.7
      vertex 4.28266 38.2183 2.7
    endloop
  endfacet
  facet normal 0.733475 0.183505 0.654477
    outer loop
      vertex 4.3232 38.0565 2.7
      vertex 3.48034 37.8589 3.7
      vertex 3.49385 37.8049 3.7
    endloop
  endfacet
  facet normal 0.450135 -0.607478 0.654484
    outer loop
      vertex 4.47937 40.651 3.7
      vertex 5.00553 39.9635 2.7
      vertex 4.52404 40.6841 3.7
    endloop
  endfacet
  facet normal 0.450447 -0.607243 0.654487
    outer loop
      vertex 5.00553 39.9635 2.7
      vertex 4.47937 40.651 3.7
      vertex 4.87153 39.8641 2.7
    endloop
  endfacet
  facet normal -0.560164 0.507818 0.654475
    outer loop
      vertex 7.26412 37.4715 2.7
      vertex 7.89671 36.8805 3.7
      vertex 7.93406 36.9217 3.7
    endloop
  endfacet
  facet normal -0.560186 0.507794 0.654474
    outer loop
      vertex 7.89671 36.8805 3.7
      vertex 7.26412 37.4715 2.7
      vertex 7.15208 37.3479 2.7
    endloop
  endfacet
  facet normal -0.388859 0.648416 0.654481
    outer loop
      vertex 6.89447 37.1365 2.7
      vertex 7.32827 36.3873 3.7
      vertex 7.37596 36.4159 3.7
    endloop
  endfacet
  facet normal -0.388799 0.648452 0.654481
    outer loop
      vertex 7.32827 36.3873 3.7
      vertex 6.89447 37.1365 2.7
      vertex 6.75137 37.0507 2.7
    endloop
  endfacet
  facet normal -0.607021 0.450775 0.654467
    outer loop
      vertex 7.3635 37.6055 2.7
      vertex 8.05098 37.0794 3.7
      vertex 8.0841 37.124 3.7
    endloop
  endfacet
  facet normal -0.607302 0.450401 0.654464
    outer loop
      vertex 8.05098 37.0794 3.7
      vertex 7.3635 37.6055 2.7
      vertex 7.26412 37.4715 2.7
    endloop
  endfacet
  facet normal 0.755166 -0.037146 0.65448
    outer loop
      vertex 4.25 38.55 2.7
      vertex 3.38606 38.6055 3.7
      vertex 3.38333 38.55 3.7
    endloop
  endfacet
  facet normal 0.755168 -0.0371238 0.65448
    outer loop
      vertex 3.38606 38.6055 3.7
      vertex 4.25 38.55 2.7
      vertex 4.25819 38.7166 2.7
    endloop
  endfacet
  facet normal -0.607363 0.450304 0.654474
    outer loop
      vertex 7.93406 36.9217 3.7
      vertex 8.05098 37.0794 3.7
      vertex 7.26412 37.4715 2.7
    endloop
  endfacet
  facet normal 0.323163 0.683537 0.654479
    outer loop
      vertex 5.14863 37.0507 2.7
      vertex 4.79035 36.2626 3.7
      vertex 5.29944 36.9794 2.7
    endloop
  endfacet
  facet normal 0.323534 0.683365 0.654476
    outer loop
      vertex 4.79035 36.2626 3.7
      vertex 5.14863 37.0507 2.7
      vertex 4.74008 36.2864 3.7
    endloop
  endfacet
  facet normal 0.733431 -0.183705 0.65447
    outer loop
      vertex 4.28266 38.8817 2.7
      vertex 3.48034 39.2411 3.7
      vertex 3.43265 39.0507 3.7
    endloop
  endfacet
  facet normal -0.733421 0.183702 0.654482
    outer loop
      vertex 8.40615 37.8049 3.7
      vertex 8.45384 37.9953 3.7
      vertex 7.5768 38.0565 2.7
    endloop
  endfacet
  facet normal -0.733456 -0.1835 0.6545
    outer loop
      vertex 7.5768 39.0435 2.7
      vertex 8.46735 39.0507 3.7
      vertex 8.45384 39.1047 3.7
    endloop
  endfacet
  facet normal -0.733424 -0.183719 0.654474
    outer loop
      vertex 8.46735 39.0507 3.7
      vertex 7.5768 39.0435 2.7
      vertex 7.61733 38.8817 2.7
    endloop
  endfacet
  facet normal -0.683605 -0.323048 0.654465
    outer loop
      vertex 7.44927 39.3514 2.7
      vertex 8.23737 39.7096 3.7
      vertex 8.2136 39.7599 3.7
    endloop
  endfacet
  facet normal -0.683506 -0.32326 0.654463
    outer loop
      vertex 8.23737 39.7096 3.7
      vertex 7.44927 39.3514 2.7
      vertex 7.52059 39.2006 2.7
    endloop
  endfacet
  facet normal -0.110948 -0.7479 0.654474
    outer loop
      vertex 6.28165 40.2173 2.7
      vertex 6.45073 41.0673 3.7
      vertex 6.25659 41.0961 3.7
    endloop
  endfacet
  facet normal -0.747897 0.110893 0.654487
    outer loop
      vertex 7.61733 38.2183 2.7
      vertex 8.50431 38.2984 3.7
      vertex 7.64181 38.3834 2.7
    endloop
  endfacet
  facet normal -0.747894 0.11096 0.654479
    outer loop
      vertex 8.50431 38.2984 3.7
      vertex 7.61733 38.2183 2.7
      vertex 8.49615 38.2434 3.7
    endloop
  endfacet
  facet normal 0.747897 -0.110971 0.654474
    outer loop
      vertex 4.28266 38.8817 2.7
      vertex 3.43265 39.0507 3.7
      vertex 3.40385 38.8566 3.7
    endloop
  endfacet
  facet normal 0.711801 -0.255051 0.654438
    outer loop
      vertex 3.49385 39.2951 3.7
      vertex 4.3794 39.2006 2.7
      vertex 3.51259 39.3474 3.7
    endloop
  endfacet
  facet normal 0.711895 -0.254669 0.654484
    outer loop
      vertex 4.3794 39.2006 2.7
      vertex 3.49385 39.2951 3.7
      vertex 4.3232 39.0435 2.7
    endloop
  endfacet
  facet normal -0.508118 -0.559881 0.654485
    outer loop
      vertex 7.7237 40.4023 3.7
      vertex 7.15208 39.7521 2.7
      vertex 7.76491 40.3649 3.7
    endloop
  endfacet
  facet normal -0.507663 -0.560288 0.654489
    outer loop
      vertex 7.15208 39.7521 2.7
      vertex 7.7237 40.4023 3.7
      vertex 7.02847 39.8641 2.7
    endloop
  endfacet
  facet normal 0.450334 -0.607315 0.654499
    outer loop
      vertex 4.87153 39.8641 2.7
      vertex 4.47937 40.651 3.7
      vertex 4.32172 40.5341 3.7
    endloop
  endfacet
  facet normal -0.183554 -0.733444 0.654498
    outer loop
      vertex 6.44348 40.1768 2.7
      vertex 6.64112 41.0197 3.7
      vertex 6.28165 40.2173 2.7
    endloop
  endfacet
  facet normal -0.184845 -0.733129 0.654487
    outer loop
      vertex 6.64112 41.0197 3.7
      vertex 6.44348 40.1768 2.7
      vertex 6.69506 41.0061 3.7
    endloop
  endfacet
  facet normal -0.560188 0.507791 0.654475
    outer loop
      vertex 7.76491 36.7351 3.7
      vertex 7.89671 36.8805 3.7
      vertex 7.15208 37.3479 2.7
    endloop
  endfacet
  facet normal -0.0373664 0.755149 0.654488
    outer loop
      vertex 6.14603 35.993 3.7
      vertex 5.95 36.85 2.7
      vertex 5.95 35.9833 3.7
    endloop
  endfacet
  facet normal -0.323207 -0.683512 0.654483
    outer loop
      vertex 7.10965 40.8374 3.7
      vertex 6.93222 40.9213 3.7
      vertex 6.60056 40.1206 2.7
    endloop
  endfacet
  facet normal 0.111479 -0.747862 0.654427
    outer loop
      vertex 5.61835 40.2173 2.7
      vertex 5.69842 41.1043 3.7
      vertex 5.64341 41.0961 3.7
    endloop
  endfacet
  facet normal 0.111036 -0.747881 0.65448
    outer loop
      vertex 5.69842 41.1043 3.7
      vertex 5.61835 40.2173 2.7
      vertex 5.78337 40.2418 2.7
    endloop
  endfacet
  facet normal -0.683472 0.32332 0.654469
    outer loop
      vertex 8.23737 37.3904 3.7
      vertex 8.32129 37.5678 3.7
      vertex 7.52059 37.8994 2.7
    endloop
  endfacet
  facet normal -0.755167 0.0371034 0.654481
    outer loop
      vertex 8.50704 38.354 3.7
      vertex 8.51667 38.55 3.7
      vertex 7.65 38.55 2.7
    endloop
  endfacet
  facet normal 0.683475 0.323322 0.654465
    outer loop
      vertex 3.66263 37.3904 3.7
      vertex 4.3794 37.8994 2.7
      vertex 3.57871 37.5678 3.7
    endloop
  endfacet
  facet normal 0.733431 0.183705 0.65447
    outer loop
      vertex 3.48034 37.8589 3.7
      vertex 4.28266 38.2183 2.7
      vertex 3.43265 38.0493 3.7
    endloop
  endfacet
  facet normal 0.323207 -0.683512 0.654483
    outer loop
      vertex 5.29944 40.1206 2.7
      vertex 4.96778 40.9213 3.7
      vertex 4.79035 40.8374 3.7
    endloop
  endfacet
  facet normal -0.323534 0.683365 0.654476
    outer loop
      vertex 6.75137 37.0507 2.7
      vertex 7.10965 36.2626 3.7
      vertex 7.15992 36.2864 3.7
    endloop
  endfacet
  facet normal -0.323163 0.683537 0.654479
    outer loop
      vertex 7.10965 36.2626 3.7
      vertex 6.75137 37.0507 2.7
      vertex 6.60056 36.9794 2.7
    endloop
  endfacet
  facet normal 0.711894 0.25471 0.654469
    outer loop
      vertex 3.57871 37.5678 3.7
      vertex 4.3794 37.8994 2.7
      vertex 3.51259 37.7526 3.7
    endloop
  endfacet
  facet normal 0.607302 -0.450401 0.654464
    outer loop
      vertex 3.84902 40.0206 3.7
      vertex 4.5365 39.4945 2.7
      vertex 4.63588 39.6285 2.7
    endloop
  endfacet
  facet normal 0.606956 -0.450862 0.654468
    outer loop
      vertex 4.5365 39.4945 2.7
      vertex 3.84902 40.0206 3.7
      vertex 3.81589 39.976 3.7
    endloop
  endfacet
  facet normal -0.0367061 0.755194 0.654473
    outer loop
      vertex 6.11663 36.8582 2.7
      vertex 6.14603 35.993 3.7
      vertex 6.20158 35.9957 3.7
    endloop
  endfacet
  facet normal -0.0371628 0.755174 0.65447
    outer loop
      vertex 6.14603 35.993 3.7
      vertex 6.11663 36.8582 2.7
      vertex 5.95 36.85 2.7
    endloop
  endfacet
  facet normal 0.507663 0.560288 0.654489
    outer loop
      vertex 4.74792 37.3479 2.7
      vertex 4.1763 36.6977 3.7
      vertex 4.87153 37.2359 2.7
    endloop
  endfacet
  facet normal 0.508118 0.559881 0.654485
    outer loop
      vertex 4.1763 36.6977 3.7
      vertex 4.74792 37.3479 2.7
      vertex 4.13509 36.7351 3.7
    endloop
  endfacet
  facet normal 0.388693 0.648527 0.65447
    outer loop
      vertex 4.74008 36.2864 3.7
      vertex 5.14863 37.0507 2.7
      vertex 4.57173 36.3873 3.7
    endloop
  endfacet
  facet normal 0.755166 -0.0370844 0.654483
    outer loop
      vertex 4.25819 38.7166 2.7
      vertex 3.39569 38.8016 3.7
      vertex 3.38606 38.6055 3.7
    endloop
  endfacet
  facet normal 0.747897 0.110961 0.654475
    outer loop
      vertex 4.28266 38.2183 2.7
      vertex 3.39569 38.2984 3.7
      vertex 3.40385 38.2434 3.7
    endloop
  endfacet
  facet normal 0.747902 0.110849 0.654488
    outer loop
      vertex 3.39569 38.2984 3.7
      vertex 4.28266 38.2183 2.7
      vertex 4.25819 38.3834 2.7
    endloop
  endfacet
  facet normal -0.648514 0.3887 0.654478
    outer loop
      vertex 7.3635 37.6055 2.7
      vertex 8.11269 37.1717 3.7
      vertex 7.44927 37.7486 2.7
    endloop
  endfacet
  facet normal -0.648514 0.3887 0.654478
    outer loop
      vertex 8.11269 37.1717 3.7
      vertex 7.3635 37.6055 2.7
      vertex 8.0841 37.124 3.7
    endloop
  endfacet
  facet normal 0.560169 0.507812 0.654475
    outer loop
      vertex 4.09775 36.7763 3.7
      vertex 4.63588 37.4715 2.7
      vertex 3.96594 36.9217 3.7
    endloop
  endfacet
  facet normal -0.183385 -0.733501 0.654482
    outer loop
      vertex 6.64112 41.0197 3.7
      vertex 6.45073 41.0673 3.7
      vertex 6.28165 40.2173 2.7
    endloop
  endfacet
  facet normal -0.755165 0.0371237 0.654483
    outer loop
      vertex 7.64181 38.3834 2.7
      vertex 8.50704 38.354 3.7
      vertex 7.65 38.55 2.7
    endloop
  endfacet
  facet normal -0.755167 0.0370792 0.654483
    outer loop
      vertex 8.50704 38.354 3.7
      vertex 7.64181 38.3834 2.7
      vertex 8.50431 38.2984 3.7
    endloop
  endfacet
  facet normal 0.607363 0.450304 0.654474
    outer loop
      vertex 3.96594 36.9217 3.7
      vertex 4.63588 37.4715 2.7
      vertex 3.84902 37.0794 3.7
    endloop
  endfacet
  facet normal -0.607363 -0.450304 0.654474
    outer loop
      vertex 8.05098 40.0206 3.7
      vertex 7.93406 40.1783 3.7
      vertex 7.26412 39.6285 2.7
    endloop
  endfacet
  facet normal 0.683475 -0.323322 0.654465
    outer loop
      vertex 4.3794 39.2006 2.7
      vertex 3.66263 39.7096 3.7
      vertex 3.57871 39.5322 3.7
    endloop
  endfacet
  facet normal -0.711871 0.25474 0.654483
    outer loop
      vertex 8.34002 37.6201 3.7
      vertex 8.40615 37.8049 3.7
      vertex 7.5768 38.0565 2.7
    endloop
  endfacet
  facet normal 0.648576 0.388607 0.654472
    outer loop
      vertex 3.7873 37.1717 3.7
      vertex 4.45073 37.7486 2.7
      vertex 3.6864 37.3401 3.7
    endloop
  endfacet
  facet normal -0.183752 0.733428 0.65446
    outer loop
      vertex 6.50467 36.0462 3.7
      vertex 6.69506 36.0939 3.7
      vertex 6.44348 36.9232 2.7
    endloop
  endfacet
  facet normal 0.507739 0.560208 0.654499
    outer loop
      vertex 4.32172 36.5659 3.7
      vertex 4.87153 37.2359 2.7
      vertex 4.1763 36.6977 3.7
    endloop
  endfacet
  facet normal 0.755166 0.037146 0.65448
    outer loop
      vertex 3.38606 38.4945 3.7
      vertex 4.25 38.55 2.7
      vertex 3.38333 38.55 3.7
    endloop
  endfacet
  facet normal 0.755168 0.0371238 0.65448
    outer loop
      vertex 4.25 38.55 2.7
      vertex 3.38606 38.4945 3.7
      vertex 4.25819 38.3834 2.7
    endloop
  endfacet
  facet normal 0.560188 0.507795 0.654473
    outer loop
      vertex 4.09775 36.7763 3.7
      vertex 4.74792 37.3479 2.7
      vertex 4.63588 37.4715 2.7
    endloop
  endfacet
  facet normal 0.560232 0.507745 0.654473
    outer loop
      vertex 4.74792 37.3479 2.7
      vertex 4.09775 36.7763 3.7
      vertex 4.13509 36.7351 3.7
    endloop
  endfacet
  facet normal -0.560169 -0.507812 0.654475
    outer loop
      vertex 7.93406 40.1783 3.7
      vertex 7.80225 40.3237 3.7
      vertex 7.26412 39.6285 2.7
    endloop
  endfacet
  facet normal 0.560169 -0.507812 0.654475
    outer loop
      vertex 4.63588 39.6285 2.7
      vertex 4.09775 40.3237 3.7
      vertex 3.96594 40.1783 3.7
    endloop
  endfacet
  facet normal 0.683489 0.323298 0.654463
    outer loop
      vertex 3.66263 37.3904 3.7
      vertex 4.45073 37.7486 2.7
      vertex 4.3794 37.8994 2.7
    endloop
  endfacet
  facet normal 0.683605 0.323048 0.654465
    outer loop
      vertex 4.45073 37.7486 2.7
      vertex 3.66263 37.3904 3.7
      vertex 3.6864 37.3401 3.7
    endloop
  endfacet
  facet normal 0.0367127 -0.755193 0.654473
    outer loop
      vertex 5.78337 40.2418 2.7
      vertex 5.75396 41.107 3.7
      vertex 5.69842 41.1043 3.7
    endloop
  endfacet
  facet normal 0.0371628 -0.755174 0.65447
    outer loop
      vertex 5.75396 41.107 3.7
      vertex 5.78337 40.2418 2.7
      vertex 5.95 40.25 2.7
    endloop
  endfacet
  facet normal -0.0373664 -0.755149 0.654488
    outer loop
      vertex 6.14603 41.107 3.7
      vertex 5.95 41.1167 3.7
      vertex 5.95 40.25 2.7
    endloop
  endfacet
  facet normal 0.184845 -0.733129 0.654487
    outer loop
      vertex 5.45652 40.1768 2.7
      vertex 5.25888 41.0197 3.7
      vertex 5.20494 41.0061 3.7
    endloop
  endfacet
  facet normal 0.183554 -0.733444 0.654498
    outer loop
      vertex 5.25888 41.0197 3.7
      vertex 5.45652 40.1768 2.7
      vertex 5.61835 40.2173 2.7
    endloop
  endfacet
  facet normal -0.450334 -0.607315 0.654499
    outer loop
      vertex 7.57828 40.5341 3.7
      vertex 7.42063 40.651 3.7
      vertex 7.02847 39.8641 2.7
    endloop
  endfacet
  facet normal -0.450334 0.607315 0.654499
    outer loop
      vertex 7.42063 36.449 3.7
      vertex 7.57828 36.5659 3.7
      vertex 7.02847 37.2359 2.7
    endloop
  endfacet
  facet normal -0.388859 -0.648416 0.654481
    outer loop
      vertex 7.32827 40.7127 3.7
      vertex 6.89447 39.9635 2.7
      vertex 7.37596 40.6841 3.7
    endloop
  endfacet
  facet normal -0.388799 -0.648452 0.654481
    outer loop
      vertex 6.89447 39.9635 2.7
      vertex 7.32827 40.7127 3.7
      vertex 6.75137 40.0493 2.7
    endloop
  endfacet
  facet normal 0.507739 -0.560208 0.654499
    outer loop
      vertex 4.87153 39.8641 2.7
      vertex 4.32172 40.5341 3.7
      vertex 4.1763 40.4023 3.7
    endloop
  endfacet
  facet normal -0.683472 -0.32332 0.654469
    outer loop
      vertex 8.32129 39.5322 3.7
      vertex 8.23737 39.7096 3.7
      vertex 7.52059 39.2006 2.7
    endloop
  endfacet
  facet normal -0.388693 -0.648527 0.65447
    outer loop
      vertex 7.32827 40.7127 3.7
      vertex 7.15992 40.8136 3.7
      vertex 6.75137 40.0493 2.7
    endloop
  endfacet
  facet normal 0.183761 0.733426 0.654461
    outer loop
      vertex 5.39532 36.0462 3.7
      vertex 5.45652 36.9232 2.7
      vertex 5.20494 36.0939 3.7
    endloop
  endfacet
  facet normal 0.323207 0.683512 0.654483
    outer loop
      vertex 4.96778 36.1787 3.7
      vertex 5.29944 36.9794 2.7
      vertex 4.79035 36.2626 3.7
    endloop
  endfacet
  facet normal -0.450135 -0.607478 0.654484
    outer loop
      vertex 6.89447 39.9635 2.7
      vertex 7.42063 40.651 3.7
      vertex 7.37596 40.6841 3.7
    endloop
  endfacet
  facet normal -0.450447 -0.607243 0.654487
    outer loop
      vertex 7.42063 40.651 3.7
      vertex 6.89447 39.9635 2.7
      vertex 7.02847 39.8641 2.7
    endloop
  endfacet
  facet normal 0.254639 -0.71191 0.65448
    outer loop
      vertex 5.29944 40.1206 2.7
      vertex 5.15258 40.9874 3.7
      vertex 4.96778 40.9213 3.7
    endloop
  endfacet
  facet normal -0.450447 0.607243 0.654487
    outer loop
      vertex 6.89447 37.1365 2.7
      vertex 7.42063 36.449 3.7
      vertex 7.02847 37.2359 2.7
    endloop
  endfacet
  facet normal -0.450135 0.607478 0.654484
    outer loop
      vertex 7.42063 36.449 3.7
      vertex 6.89447 37.1365 2.7
      vertex 7.37596 36.4159 3.7
    endloop
  endfacet
  facet normal -0.111036 -0.747881 0.65448
    outer loop
      vertex 6.28165 40.2173 2.7
      vertex 6.20158 41.1043 3.7
      vertex 6.11663 40.2418 2.7
    endloop
  endfacet
  facet normal -0.111479 -0.747862 0.654427
    outer loop
      vertex 6.20158 41.1043 3.7
      vertex 6.28165 40.2173 2.7
      vertex 6.25659 41.0961 3.7
    endloop
  endfacet
  facet normal 0.388799 -0.648452 0.654481
    outer loop
      vertex 4.57173 40.7127 3.7
      vertex 5.00553 39.9635 2.7
      vertex 5.14863 40.0493 2.7
    endloop
  endfacet
  facet normal 0.388859 -0.648416 0.654481
    outer loop
      vertex 5.00553 39.9635 2.7
      vertex 4.57173 40.7127 3.7
      vertex 4.52404 40.6841 3.7
    endloop
  endfacet
  facet normal -0.254644 0.711924 0.654462
    outer loop
      vertex 6.69506 36.0939 3.7
      vertex 6.87986 36.16 3.7
      vertex 6.44348 36.9232 2.7
    endloop
  endfacet
  facet normal -0.648514 -0.3887 0.654478
    outer loop
      vertex 7.3635 39.4945 2.7
      vertex 8.11269 39.9283 3.7
      vertex 8.0841 39.976 3.7
    endloop
  endfacet
  facet normal -0.648514 -0.3887 0.654478
    outer loop
      vertex 8.11269 39.9283 3.7
      vertex 7.3635 39.4945 2.7
      vertex 7.44927 39.3514 2.7
    endloop
  endfacet
  facet normal -0.507735 0.560242 0.654472
    outer loop
      vertex 7.61948 36.6033 3.7
      vertex 7.76491 36.7351 3.7
      vertex 7.15208 37.3479 2.7
    endloop
  endfacet
  facet normal 0.0373645 -0.755149 0.654488
    outer loop
      vertex 5.95 40.25 2.7
      vertex 5.95 41.1167 3.7
      vertex 5.75396 41.107 3.7
    endloop
  endfacet
  facet normal -0.683506 0.32326 0.654463
    outer loop
      vertex 7.44927 37.7486 2.7
      vertex 8.23737 37.3904 3.7
      vertex 7.52059 37.8994 2.7
    endloop
  endfacet
  facet normal -0.683605 0.323048 0.654465
    outer loop
      vertex 8.23737 37.3904 3.7
      vertex 7.44927 37.7486 2.7
      vertex 8.2136 37.3401 3.7
    endloop
  endfacet
  facet normal -0.64856 0.388635 0.654471
    outer loop
      vertex 8.11269 37.1717 3.7
      vertex 8.2136 37.3401 3.7
      vertex 7.44927 37.7486 2.7
    endloop
  endfacet
  facet normal 0.747897 -0.110961 0.654475
    outer loop
      vertex 3.39569 38.8016 3.7
      vertex 4.28266 38.8817 2.7
      vertex 3.40385 38.8566 3.7
    endloop
  endfacet
  facet normal 0.747902 -0.110849 0.654488
    outer loop
      vertex 4.28266 38.8817 2.7
      vertex 3.39569 38.8016 3.7
      vertex 4.25819 38.7166 2.7
    endloop
  endfacet
  facet normal -0.733424 0.183719 0.654474
    outer loop
      vertex 7.5768 38.0565 2.7
      vertex 8.46735 38.0493 3.7
      vertex 7.61733 38.2183 2.7
    endloop
  endfacet
  facet normal -0.733456 0.1835 0.6545
    outer loop
      vertex 8.46735 38.0493 3.7
      vertex 7.5768 38.0565 2.7
      vertex 8.45384 37.9953 3.7
    endloop
  endfacet
  facet normal -0.733421 -0.183702 0.654482
    outer loop
      vertex 8.45384 39.1047 3.7
      vertex 8.40615 39.2951 3.7
      vertex 7.5768 39.0435 2.7
    endloop
  endfacet
  facet normal -0.323207 0.683512 0.654483
    outer loop
      vertex 6.93222 36.1787 3.7
      vertex 7.10965 36.2626 3.7
      vertex 6.60056 36.9794 2.7
    endloop
  endfacet
  facet normal -0.2543 0.712039 0.654471
    outer loop
      vertex 6.60056 36.9794 2.7
      vertex 6.87986 36.16 3.7
      vertex 6.93222 36.1787 3.7
    endloop
  endfacet
  facet normal -0.254702 0.711898 0.654468
    outer loop
      vertex 6.87986 36.16 3.7
      vertex 6.60056 36.9794 2.7
      vertex 6.44348 36.9232 2.7
    endloop
  endfacet
  facet normal -0.560232 -0.507745 0.654473
    outer loop
      vertex 7.15208 39.7521 2.7
      vertex 7.80225 40.3237 3.7
      vertex 7.76491 40.3649 3.7
    endloop
  endfacet
  facet normal -0.560188 -0.507795 0.654473
    outer loop
      vertex 7.80225 40.3237 3.7
      vertex 7.15208 39.7521 2.7
      vertex 7.26412 39.6285 2.7
    endloop
  endfacet
  facet normal 0.110948 -0.7479 0.654474
    outer loop
      vertex 5.61835 40.2173 2.7
      vertex 5.64341 41.0961 3.7
      vertex 5.44927 41.0673 3.7
    endloop
  endfacet
  facet normal -0.184872 0.733236 0.65436
    outer loop
      vertex 6.44348 36.9232 2.7
      vertex 6.45073 36.0326 3.7
      vertex 6.50467 36.0462 3.7
    endloop
  endfacet
  facet normal -0.183549 0.733426 0.65452
    outer loop
      vertex 6.45073 36.0326 3.7
      vertex 6.44348 36.9232 2.7
      vertex 6.28165 36.8827 2.7
    endloop
  endfacet
  facet normal 0.254288 -0.712006 0.654511
    outer loop
      vertex 5.29944 40.1206 2.7
      vertex 5.20494 41.0061 3.7
      vertex 5.15258 40.9874 3.7
    endloop
  endfacet
  facet normal 0.254705 -0.711904 0.65446
    outer loop
      vertex 5.20494 41.0061 3.7
      vertex 5.29944 40.1206 2.7
      vertex 5.45652 40.1768 2.7
    endloop
  endfacet
  facet normal -0.711871 -0.25474 0.654483
    outer loop
      vertex 8.40615 39.2951 3.7
      vertex 8.34002 39.4799 3.7
      vertex 7.5768 39.0435 2.7
    endloop
  endfacet
  facet normal 0.755166 0.0370844 0.654483
    outer loop
      vertex 3.39569 38.2984 3.7
      vertex 4.25819 38.3834 2.7
      vertex 3.38606 38.4945 3.7
    endloop
  endfacet
  facet normal -0.507669 0.560294 0.654479
    outer loop
      vertex 7.02847 37.2359 2.7
      vertex 7.61948 36.6033 3.7
      vertex 7.15208 37.3479 2.7
    endloop
  endfacet
  facet normal -0.508185 0.559819 0.654484
    outer loop
      vertex 7.61948 36.6033 3.7
      vertex 7.02847 37.2359 2.7
      vertex 7.57828 36.5659 3.7
    endloop
  endfacet
  facet normal 0.711895 0.254669 0.654484
    outer loop
      vertex 3.49385 37.8049 3.7
      vertex 4.3794 37.8994 2.7
      vertex 4.3232 38.0565 2.7
    endloop
  endfacet
  facet normal 0.711801 0.255051 0.654438
    outer loop
      vertex 4.3794 37.8994 2.7
      vertex 3.49385 37.8049 3.7
      vertex 3.51259 37.7526 3.7
    endloop
  endfacet
  facet normal 0.183385 -0.733501 0.654482
    outer loop
      vertex 5.61835 40.2173 2.7
      vertex 5.44927 41.0673 3.7
      vertex 5.25888 41.0197 3.7
    endloop
  endfacet
  facet normal 0.323534 -0.683365 0.654476
    outer loop
      vertex 5.14863 40.0493 2.7
      vertex 4.79035 40.8374 3.7
      vertex 4.74008 40.8136 3.7
    endloop
  endfacet
  facet normal 0.323163 -0.683537 0.654479
    outer loop
      vertex 4.79035 40.8374 3.7
      vertex 5.14863 40.0493 2.7
      vertex 5.29944 40.1206 2.7
    endloop
  endfacet
  facet normal 0.683605 -0.323048 0.654465
    outer loop
      vertex 3.66263 39.7096 3.7
      vertex 4.45073 39.3514 2.7
      vertex 3.6864 39.7599 3.7
    endloop
  endfacet
  facet normal 0.683489 -0.323298 0.654463
    outer loop
      vertex 4.45073 39.3514 2.7
      vertex 3.66263 39.7096 3.7
      vertex 4.3794 39.2006 2.7
    endloop
  endfacet
  facet normal 0.388693 -0.648527 0.65447
    outer loop
      vertex 5.14863 40.0493 2.7
      vertex 4.74008 40.8136 3.7
      vertex 4.57173 40.7127 3.7
    endloop
  endfacet
  facet normal 0.450447 0.607243 0.654487
    outer loop
      vertex 4.47937 36.449 3.7
      vertex 5.00553 37.1365 2.7
      vertex 4.87153 37.2359 2.7
    endloop
  endfacet
  facet normal 0.450135 0.607478 0.654484
    outer loop
      vertex 5.00553 37.1365 2.7
      vertex 4.47937 36.449 3.7
      vertex 4.52404 36.4159 3.7
    endloop
  endfacet
  facet normal 0.111036 0.747881 0.65448
    outer loop
      vertex 5.61835 36.8827 2.7
      vertex 5.69842 35.9957 3.7
      vertex 5.78337 36.8582 2.7
    endloop
  endfacet
  facet normal 0.111479 0.747862 0.654427
    outer loop
      vertex 5.69842 35.9957 3.7
      vertex 5.61835 36.8827 2.7
      vertex 5.64341 36.0039 3.7
    endloop
  endfacet
  facet normal -0.507739 -0.560208 0.654499
    outer loop
      vertex 7.7237 40.4023 3.7
      vertex 7.57828 40.5341 3.7
      vertex 7.02847 39.8641 2.7
    endloop
  endfacet
  facet normal 0.254702 0.711898 0.654468
    outer loop
      vertex 5.29944 36.9794 2.7
      vertex 5.02014 36.16 3.7
      vertex 5.45652 36.9232 2.7
    endloop
  endfacet
  facet normal 0.2543 0.712039 0.654471
    outer loop
      vertex 5.02014 36.16 3.7
      vertex 5.29944 36.9794 2.7
      vertex 4.96778 36.1787 3.7
    endloop
  endfacet
  facet normal 0.388799 0.648452 0.654481
    outer loop
      vertex 5.00553 37.1365 2.7
      vertex 4.57173 36.3873 3.7
      vertex 5.14863 37.0507 2.7
    endloop
  endfacet
  facet normal 0.388859 0.648416 0.654481
    outer loop
      vertex 4.57173 36.3873 3.7
      vertex 5.00553 37.1365 2.7
      vertex 4.52404 36.4159 3.7
    endloop
  endfacet
  facet normal -0.254639 -0.71191 0.65448
    outer loop
      vertex 6.93222 40.9213 3.7
      vertex 6.74742 40.9874 3.7
      vertex 6.60056 40.1206 2.7
    endloop
  endfacet
  facet normal -0.323163 -0.683537 0.654479
    outer loop
      vertex 6.75137 40.0493 2.7
      vertex 7.10965 40.8374 3.7
      vertex 6.60056 40.1206 2.7
    endloop
  endfacet
  facet normal -0.323534 -0.683365 0.654476
    outer loop
      vertex 7.10965 40.8374 3.7
      vertex 6.75137 40.0493 2.7
      vertex 7.15992 40.8136 3.7
    endloop
  endfacet
  facet normal 0.711894 -0.25471 0.654469
    outer loop
      vertex 4.3794 39.2006 2.7
      vertex 3.57871 39.5322 3.7
      vertex 3.51259 39.3474 3.7
    endloop
  endfacet
  facet normal 0.110567 0.747927 0.654507
    outer loop
      vertex 5.64341 36.0039 3.7
      vertex 5.61835 36.8827 2.7
      vertex 5.44927 36.0326 3.7
    endloop
  endfacet
  facet normal 0.183549 0.733426 0.65452
    outer loop
      vertex 5.45652 36.9232 2.7
      vertex 5.44927 36.0326 3.7
      vertex 5.61835 36.8827 2.7
    endloop
  endfacet
  facet normal 0.184839 0.733241 0.654364
    outer loop
      vertex 5.44927 36.0326 3.7
      vertex 5.45652 36.9232 2.7
      vertex 5.39532 36.0462 3.7
    endloop
  endfacet
  facet normal -0.254705 -0.711904 0.65446
    outer loop
      vertex 6.60056 40.1206 2.7
      vertex 6.69506 41.0061 3.7
      vertex 6.44348 40.1768 2.7
    endloop
  endfacet
  facet normal -0.254288 -0.712006 0.654511
    outer loop
      vertex 6.69506 41.0061 3.7
      vertex 6.60056 40.1206 2.7
      vertex 6.74742 40.9874 3.7
    endloop
  endfacet
  facet normal 0.733475 -0.183505 0.654477
    outer loop
      vertex 3.48034 39.2411 3.7
      vertex 4.3232 39.0435 2.7
      vertex 3.49385 39.2951 3.7
    endloop
  endfacet
  facet normal 0.733413 -0.183761 0.654475
    outer loop
      vertex 4.3232 39.0435 2.7
      vertex 3.48034 39.2411 3.7
      vertex 4.28266 38.8817 2.7
    endloop
  endfacet
  facet normal -0.607021 -0.450775 0.654467
    outer loop
      vertex 8.05098 40.0206 3.7
      vertex 7.3635 39.4945 2.7
      vertex 8.0841 39.976 3.7
    endloop
  endfacet
  facet normal -0.607302 -0.450401 0.654464
    outer loop
      vertex 7.3635 39.4945 2.7
      vertex 8.05098 40.0206 3.7
      vertex 7.26412 39.6285 2.7
    endloop
  endfacet
  facet normal 0.560232 -0.507745 0.654473
    outer loop
      vertex 4.09775 40.3237 3.7
      vertex 4.74792 39.7521 2.7
      vertex 4.13509 40.3649 3.7
    endloop
  endfacet
  facet normal 0.560188 -0.507795 0.654473
    outer loop
      vertex 4.74792 39.7521 2.7
      vertex 4.09775 40.3237 3.7
      vertex 4.63588 39.6285 2.7
    endloop
  endfacet
  facet normal 0.507663 -0.560288 0.654489
    outer loop
      vertex 4.1763 40.4023 3.7
      vertex 4.74792 39.7521 2.7
      vertex 4.87153 39.8641 2.7
    endloop
  endfacet
  facet normal 0.508118 -0.559881 0.654485
    outer loop
      vertex 4.74792 39.7521 2.7
      vertex 4.1763 40.4023 3.7
      vertex 4.13509 40.3649 3.7
    endloop
  endfacet
  facet normal 0.648511 -0.388699 0.654482
    outer loop
      vertex 3.7873 39.9283 3.7
      vertex 4.5365 39.4945 2.7
      vertex 3.81589 39.976 3.7
    endloop
  endfacet
  facet normal 0.648511 -0.388699 0.654482
    outer loop
      vertex 4.5365 39.4945 2.7
      vertex 3.7873 39.9283 3.7
      vertex 4.45073 39.3514 2.7
    endloop
  endfacet
  facet normal 0.648576 -0.388607 0.654472
    outer loop
      vertex 4.45073 39.3514 2.7
      vertex 3.7873 39.9283 3.7
      vertex 3.6864 39.7599 3.7
    endloop
  endfacet
  facet normal -0.711811 -0.254918 0.654478
    outer loop
      vertex 7.52059 39.2006 2.7
      vertex 8.34002 39.4799 3.7
      vertex 8.32129 39.5322 3.7
    endloop
  endfacet
  facet normal -0.711884 -0.25471 0.65448
    outer loop
      vertex 8.34002 39.4799 3.7
      vertex 7.52059 39.2006 2.7
      vertex 7.5768 39.0435 2.7
    endloop
  endfacet
  facet normal -0.747893 -0.11097 0.654478
    outer loop
      vertex 8.49615 38.8566 3.7
      vertex 8.46735 39.0507 3.7
      vertex 7.61733 38.8817 2.7
    endloop
  endfacet
  facet normal -0.747894 -0.11096 0.654479
    outer loop
      vertex 7.61733 38.8817 2.7
      vertex 8.50431 38.8016 3.7
      vertex 8.49615 38.8566 3.7
    endloop
  endfacet
  facet normal -0.747897 -0.110893 0.654487
    outer loop
      vertex 8.50431 38.8016 3.7
      vertex 7.61733 38.8817 2.7
      vertex 7.64181 38.7166 2.7
    endloop
  endfacet
  facet normal 0.33683 0.941566 -0
    outer loop
      vertex 55.9565 4.3232 0
      vertex 55.7994 4.3794 2.7
      vertex 55.9565 4.3232 2.7
    endloop
  endfacet
  facet normal 0.33683 0.941566 0
    outer loop
      vertex 55.7994 4.3794 2.7
      vertex 55.9565 4.3232 0
      vertex 55.7994 4.3794 0
    endloop
  endfacet
  facet normal -0.989158 -0.146857 0
    outer loop
      vertex 58.1418 6.11663 0
      vertex 58.1173 6.28165 2.7
      vertex 58.1173 6.28165 0
    endloop
  endfacet
  facet normal -0.989158 -0.146857 0
    outer loop
      vertex 58.1173 6.28165 2.7
      vertex 58.1418 6.11663 0
      vertex 58.1418 6.11663 2.7
    endloop
  endfacet
  facet normal -0.998791 -0.0491513 0
    outer loop
      vertex 58.15 5.95 0
      vertex 58.1418 6.11663 2.7
      vertex 58.1418 6.11663 0
    endloop
  endfacet
  facet normal -0.998791 -0.0491513 0
    outer loop
      vertex 58.1418 6.11663 2.7
      vertex 58.15 5.95 0
      vertex 58.15 5.95 2.7
    endloop
  endfacet
  facet normal -0.970083 -0.242775 0
    outer loop
      vertex 58.1173 6.28165 0
      vertex 58.0768 6.44348 2.7
      vertex 58.0768 6.44348 0
    endloop
  endfacet
  facet normal -0.970083 -0.242775 0
    outer loop
      vertex 58.0768 6.44348 2.7
      vertex 58.1173 6.28165 0
      vertex 58.1173 6.28165 2.7
    endloop
  endfacet
  facet normal 0.989158 -0.146857 0
    outer loop
      vertex 54.7582 6.11663 2.7
      vertex 54.7827 6.28165 0
      vertex 54.7827 6.28165 2.7
    endloop
  endfacet
  facet normal 0.989158 -0.146857 0
    outer loop
      vertex 54.7827 6.28165 0
      vertex 54.7582 6.11663 2.7
      vertex 54.7582 6.11663 0
    endloop
  endfacet
  facet normal 0.243043 0.970015 -0
    outer loop
      vertex 56.1183 4.28266 0
      vertex 55.9565 4.3232 2.7
      vertex 56.1183 4.28266 2.7
    endloop
  endfacet
  facet normal 0.243043 0.970015 0
    outer loop
      vertex 55.9565 4.3232 2.7
      vertex 56.1183 4.28266 0
      vertex 55.9565 4.3232 0
    endloop
  endfacet
  facet normal -0.336883 -0.941546 0
    outer loop
      vertex 56.9435 7.5768 0
      vertex 57.1006 7.52059 2.7
      vertex 56.9435 7.5768 2.7
    endloop
  endfacet
  facet normal -0.336883 -0.941546 -0
    outer loop
      vertex 57.1006 7.52059 2.7
      vertex 56.9435 7.5768 0
      vertex 57.1006 7.52059 0
    endloop
  endfacet
  facet normal 0.514099 -0.857731 0
    outer loop
      vertex 55.5055 7.3635 0
      vertex 55.6486 7.44927 2.7
      vertex 55.5055 7.3635 2.7
    endloop
  endfacet
  facet normal 0.514099 -0.857731 0
    outer loop
      vertex 55.6486 7.44927 2.7
      vertex 55.5055 7.3635 0
      vertex 55.6486 7.44927 0
    endloop
  endfacet
  facet normal 0.904054 0.427419 0
    outer loop
      vertex 54.9507 5.14863 2.7
      vertex 54.8794 5.29944 0
      vertex 54.8794 5.29944 2.7
    endloop
  endfacet
  facet normal 0.904054 0.427419 0
    outer loop
      vertex 54.8794 5.29944 0
      vertex 54.9507 5.14863 2.7
      vertex 54.9507 5.14863 0
    endloop
  endfacet
  facet normal 0.242987 -0.97003 0
    outer loop
      vertex 55.9565 7.5768 0
      vertex 56.1183 7.61733 2.7
      vertex 55.9565 7.5768 2.7
    endloop
  endfacet
  facet normal 0.242987 -0.97003 0
    outer loop
      vertex 56.1183 7.61733 2.7
      vertex 55.9565 7.5768 0
      vertex 56.1183 7.61733 0
    endloop
  endfacet
  facet normal 0.857652 0.514231 0
    outer loop
      vertex 55.0365 5.00553 2.7
      vertex 54.9507 5.14863 0
      vertex 54.9507 5.14863 2.7
    endloop
  endfacet
  facet normal 0.857652 0.514231 0
    outer loop
      vertex 54.9507 5.14863 0
      vertex 55.0365 5.00553 2.7
      vertex 55.0365 5.00553 0
    endloop
  endfacet
  facet normal -0.243043 0.970015 0
    outer loop
      vertex 56.9435 4.3232 0
      vertex 56.7817 4.28266 2.7
      vertex 56.9435 4.3232 2.7
    endloop
  endfacet
  facet normal -0.243043 0.970015 0
    outer loop
      vertex 56.7817 4.28266 2.7
      vertex 56.9435 4.3232 0
      vertex 56.7817 4.28266 0
    endloop
  endfacet
  facet normal 0.595695 0.803211 -0
    outer loop
      vertex 55.5055 4.5365 0
      vertex 55.3715 4.63588 2.7
      vertex 55.5055 4.5365 2.7
    endloop
  endfacet
  facet normal 0.595695 0.803211 0
    outer loop
      vertex 55.3715 4.63588 2.7
      vertex 55.5055 4.5365 0
      vertex 55.3715 4.63588 0
    endloop
  endfacet
  facet normal -0.514099 0.857731 0
    outer loop
      vertex 57.3945 4.5365 0
      vertex 57.2514 4.45073 2.7
      vertex 57.3945 4.5365 2.7
    endloop
  endfacet
  facet normal -0.514099 0.857731 0
    outer loop
      vertex 57.2514 4.45073 2.7
      vertex 57.3945 4.5365 0
      vertex 57.2514 4.45073 0
    endloop
  endfacet
  facet normal -0.803154 0.595772 0
    outer loop
      vertex 57.7641 4.87153 0
      vertex 57.8635 5.00553 2.7
      vertex 57.8635 5.00553 0
    endloop
  endfacet
  facet normal -0.803154 0.595772 0
    outer loop
      vertex 57.8635 5.00553 2.7
      vertex 57.7641 4.87153 0
      vertex 57.7641 4.87153 2.7
    endloop
  endfacet
  facet normal -0.14667 -0.989185 0
    outer loop
      vertex 56.6166 7.64181 0
      vertex 56.7817 7.61733 2.7
      vertex 56.6166 7.64181 2.7
    endloop
  endfacet
  facet normal -0.14667 -0.989185 -0
    outer loop
      vertex 56.7817 7.61733 2.7
      vertex 56.6166 7.64181 0
      vertex 56.7817 7.61733 0
    endloop
  endfacet
  facet normal 0.595695 -0.803211 0
    outer loop
      vertex 55.3715 7.26412 0
      vertex 55.5055 7.3635 2.7
      vertex 55.3715 7.26412 2.7
    endloop
  endfacet
  facet normal 0.595695 -0.803211 0
    outer loop
      vertex 55.5055 7.3635 2.7
      vertex 55.3715 7.26412 0
      vertex 55.5055 7.3635 0
    endloop
  endfacet
  facet normal 0.803154 -0.595772 0
    outer loop
      vertex 55.0365 6.89447 2.7
      vertex 55.1359 7.02847 0
      vertex 55.1359 7.02847 2.7
    endloop
  endfacet
  facet normal 0.803154 -0.595772 0
    outer loop
      vertex 55.1359 7.02847 0
      vertex 55.0365 6.89447 2.7
      vertex 55.0365 6.89447 0
    endloop
  endfacet
  facet normal -0.989158 0.146857 0
    outer loop
      vertex 58.1173 5.61835 0
      vertex 58.1418 5.78337 2.7
      vertex 58.1418 5.78337 0
    endloop
  endfacet
  facet normal -0.989158 0.146857 0
    outer loop
      vertex 58.1418 5.78337 2.7
      vertex 58.1173 5.61835 0
      vertex 58.1173 5.61835 2.7
    endloop
  endfacet
  facet normal 0.941552 -0.336868 0
    outer loop
      vertex 54.8232 6.44348 2.7
      vertex 54.8794 6.60056 0
      vertex 54.8794 6.60056 2.7
    endloop
  endfacet
  facet normal 0.941552 -0.336868 0
    outer loop
      vertex 54.8794 6.60056 0
      vertex 54.8232 6.44348 2.7
      vertex 54.8232 6.44348 0
    endloop
  endfacet
  facet normal -0.42754 -0.903996 0
    outer loop
      vertex 57.1006 7.52059 0
      vertex 57.2514 7.44927 2.7
      vertex 57.1006 7.52059 2.7
    endloop
  endfacet
  facet normal -0.42754 -0.903996 -0
    outer loop
      vertex 57.2514 7.44927 2.7
      vertex 57.1006 7.52059 0
      vertex 57.2514 7.44927 0
    endloop
  endfacet
  facet normal 0.941552 0.336868 0
    outer loop
      vertex 54.8794 5.29944 2.7
      vertex 54.8232 5.45652 0
      vertex 54.8232 5.45652 2.7
    endloop
  endfacet
  facet normal 0.941552 0.336868 0
    outer loop
      vertex 54.8232 5.45652 0
      vertex 54.8794 5.29944 2.7
      vertex 54.8794 5.29944 0
    endloop
  endfacet
  facet normal -0.970083 0.242775 0
    outer loop
      vertex 58.0768 5.45652 0
      vertex 58.1173 5.61835 2.7
      vertex 58.1173 5.61835 0
    endloop
  endfacet
  facet normal -0.970083 0.242775 0
    outer loop
      vertex 58.1173 5.61835 2.7
      vertex 58.0768 5.45652 0
      vertex 58.0768 5.45652 2.7
    endloop
  endfacet
  facet normal 0.0491004 -0.998794 0
    outer loop
      vertex 56.2834 7.64181 0
      vertex 56.45 7.65 2.7
      vertex 56.2834 7.64181 2.7
    endloop
  endfacet
  facet normal 0.0491004 -0.998794 0
    outer loop
      vertex 56.45 7.65 2.7
      vertex 56.2834 7.64181 0
      vertex 56.45 7.65 0
    endloop
  endfacet
  facet normal -0.67161 -0.740905 0
    outer loop
      vertex 57.5285 7.26412 0
      vertex 57.6521 7.15208 2.7
      vertex 57.5285 7.26412 2.7
    endloop
  endfacet
  facet normal -0.67161 -0.740905 -0
    outer loop
      vertex 57.6521 7.15208 2.7
      vertex 57.5285 7.26412 0
      vertex 57.6521 7.15208 0
    endloop
  endfacet
  facet normal 0.42754 -0.903996 0
    outer loop
      vertex 55.6486 7.44927 0
      vertex 55.7994 7.52059 2.7
      vertex 55.6486 7.44927 2.7
    endloop
  endfacet
  facet normal 0.42754 -0.903996 0
    outer loop
      vertex 55.7994 7.52059 2.7
      vertex 55.6486 7.44927 0
      vertex 55.7994 7.52059 0
    endloop
  endfacet
  facet normal 0.67161 -0.740905 0
    outer loop
      vertex 55.2479 7.15208 0
      vertex 55.3715 7.26412 2.7
      vertex 55.2479 7.15208 2.7
    endloop
  endfacet
  facet normal 0.67161 -0.740905 0
    outer loop
      vertex 55.3715 7.26412 2.7
      vertex 55.2479 7.15208 0
      vertex 55.3715 7.26412 0
    endloop
  endfacet
  facet normal -0.33683 0.941566 0
    outer loop
      vertex 57.1006 4.3794 0
      vertex 56.9435 4.3232 2.7
      vertex 57.1006 4.3794 2.7
    endloop
  endfacet
  facet normal -0.33683 0.941566 0
    outer loop
      vertex 56.9435 4.3232 2.7
      vertex 57.1006 4.3794 0
      vertex 56.9435 4.3232 0
    endloop
  endfacet
  facet normal 0.336883 -0.941546 0
    outer loop
      vertex 55.7994 7.52059 0
      vertex 55.9565 7.5768 2.7
      vertex 55.7994 7.52059 2.7
    endloop
  endfacet
  facet normal 0.336883 -0.941546 0
    outer loop
      vertex 55.9565 7.5768 2.7
      vertex 55.7994 7.52059 0
      vertex 55.9565 7.5768 0
    endloop
  endfacet
  facet normal -0.803154 -0.595772 0
    outer loop
      vertex 57.8635 6.89447 0
      vertex 57.7641 7.02847 2.7
      vertex 57.7641 7.02847 0
    endloop
  endfacet
  facet normal -0.803154 -0.595772 0
    outer loop
      vertex 57.7641 7.02847 2.7
      vertex 57.8635 6.89447 0
      vertex 57.8635 6.89447 2.7
    endloop
  endfacet
  facet normal 0.857652 -0.514231 0
    outer loop
      vertex 54.9507 6.75137 2.7
      vertex 55.0365 6.89447 0
      vertex 55.0365 6.89447 2.7
    endloop
  endfacet
  facet normal 0.857652 -0.514231 0
    outer loop
      vertex 55.0365 6.89447 0
      vertex 54.9507 6.75137 2.7
      vertex 54.9507 6.75137 0
    endloop
  endfacet
  facet normal -0.998791 0.0491513 0
    outer loop
      vertex 58.1418 5.78337 0
      vertex 58.15 5.95 2.7
      vertex 58.15 5.95 0
    endloop
  endfacet
  facet normal -0.998791 0.0491513 0
    outer loop
      vertex 58.15 5.95 2.7
      vertex 58.1418 5.78337 0
      vertex 58.1418 5.78337 2.7
    endloop
  endfacet
  facet normal -0.904054 0.427419 0
    outer loop
      vertex 57.9493 5.14863 0
      vertex 58.0206 5.29944 2.7
      vertex 58.0206 5.29944 0
    endloop
  endfacet
  facet normal -0.904054 0.427419 0
    outer loop
      vertex 58.0206 5.29944 2.7
      vertex 57.9493 5.14863 0
      vertex 57.9493 5.14863 2.7
    endloop
  endfacet
  facet normal 0.67161 0.740905 -0
    outer loop
      vertex 55.3715 4.63588 0
      vertex 55.2479 4.74792 2.7
      vertex 55.3715 4.63588 2.7
    endloop
  endfacet
  facet normal 0.67161 0.740905 0
    outer loop
      vertex 55.2479 4.74792 2.7
      vertex 55.3715 4.63588 0
      vertex 55.2479 4.74792 0
    endloop
  endfacet
  facet normal -0.595695 -0.803211 0
    outer loop
      vertex 57.3945 7.3635 0
      vertex 57.5285 7.26412 2.7
      vertex 57.3945 7.3635 2.7
    endloop
  endfacet
  facet normal -0.595695 -0.803211 -0
    outer loop
      vertex 57.5285 7.26412 2.7
      vertex 57.3945 7.3635 0
      vertex 57.5285 7.26412 0
    endloop
  endfacet
  facet normal 0.514099 0.857731 -0
    outer loop
      vertex 55.6486 4.45073 0
      vertex 55.5055 4.5365 2.7
      vertex 55.6486 4.45073 2.7
    endloop
  endfacet
  facet normal 0.514099 0.857731 0
    outer loop
      vertex 55.5055 4.5365 2.7
      vertex 55.6486 4.45073 0
      vertex 55.5055 4.5365 0
    endloop
  endfacet
  facet normal -0.514099 -0.857731 0
    outer loop
      vertex 57.2514 7.44927 0
      vertex 57.3945 7.3635 2.7
      vertex 57.2514 7.44927 2.7
    endloop
  endfacet
  facet normal -0.514099 -0.857731 -0
    outer loop
      vertex 57.3945 7.3635 2.7
      vertex 57.2514 7.44927 0
      vertex 57.3945 7.3635 0
    endloop
  endfacet
  facet normal -0.146612 0.989194 0
    outer loop
      vertex 56.7817 4.28266 0
      vertex 56.6166 4.25819 2.7
      vertex 56.7817 4.28266 2.7
    endloop
  endfacet
  facet normal -0.146612 0.989194 0
    outer loop
      vertex 56.6166 4.25819 2.7
      vertex 56.7817 4.28266 0
      vertex 56.6166 4.25819 0
    endloop
  endfacet
  facet normal -0.941552 -0.336868 0
    outer loop
      vertex 58.0768 6.44348 0
      vertex 58.0206 6.60056 2.7
      vertex 58.0206 6.60056 0
    endloop
  endfacet
  facet normal -0.941552 -0.336868 0
    outer loop
      vertex 58.0206 6.60056 2.7
      vertex 58.0768 6.44348 0
      vertex 58.0768 6.44348 2.7
    endloop
  endfacet
  facet normal -0.857652 0.514231 0
    outer loop
      vertex 57.8635 5.00553 0
      vertex 57.9493 5.14863 2.7
      vertex 57.9493 5.14863 0
    endloop
  endfacet
  facet normal -0.857652 0.514231 0
    outer loop
      vertex 57.9493 5.14863 2.7
      vertex 57.8635 5.00553 0
      vertex 57.8635 5.00553 2.7
    endloop
  endfacet
  facet normal 0.998791 0.0491513 0
    outer loop
      vertex 54.7582 5.78337 2.7
      vertex 54.75 5.95 0
      vertex 54.75 5.95 2.7
    endloop
  endfacet
  facet normal 0.998791 0.0491513 0
    outer loop
      vertex 54.75 5.95 0
      vertex 54.7582 5.78337 2.7
      vertex 54.7582 5.78337 0
    endloop
  endfacet
  facet normal -0.941552 0.336868 0
    outer loop
      vertex 58.0206 5.29944 0
      vertex 58.0768 5.45652 2.7
      vertex 58.0768 5.45652 0
    endloop
  endfacet
  facet normal -0.941552 0.336868 0
    outer loop
      vertex 58.0768 5.45652 2.7
      vertex 58.0206 5.29944 0
      vertex 58.0206 5.29944 2.7
    endloop
  endfacet
  facet normal -0.741051 -0.671448 0
    outer loop
      vertex 57.7641 7.02847 0
      vertex 57.6521 7.15208 2.7
      vertex 57.6521 7.15208 0
    endloop
  endfacet
  facet normal -0.741051 -0.671448 0
    outer loop
      vertex 57.6521 7.15208 2.7
      vertex 57.7641 7.02847 0
      vertex 57.7641 7.02847 2.7
    endloop
  endfacet
  facet normal -0.0491004 -0.998794 0
    outer loop
      vertex 56.45 7.65 0
      vertex 56.6166 7.64181 2.7
      vertex 56.45 7.65 2.7
    endloop
  endfacet
  facet normal -0.0491004 -0.998794 -0
    outer loop
      vertex 56.6166 7.64181 2.7
      vertex 56.45 7.65 0
      vertex 56.6166 7.64181 0
    endloop
  endfacet
  facet normal -0.904054 -0.427419 0
    outer loop
      vertex 58.0206 6.60056 0
      vertex 57.9493 6.75137 2.7
      vertex 57.9493 6.75137 0
    endloop
  endfacet
  facet normal -0.904054 -0.427419 0
    outer loop
      vertex 57.9493 6.75137 2.7
      vertex 58.0206 6.60056 0
      vertex 58.0206 6.60056 2.7
    endloop
  endfacet
  facet normal 0.146612 0.989194 -0
    outer loop
      vertex 56.2834 4.25819 0
      vertex 56.1183 4.28266 2.7
      vertex 56.2834 4.25819 2.7
    endloop
  endfacet
  facet normal 0.146612 0.989194 0
    outer loop
      vertex 56.1183 4.28266 2.7
      vertex 56.2834 4.25819 0
      vertex 56.1183 4.28266 0
    endloop
  endfacet
  facet normal -0.67161 0.740905 0
    outer loop
      vertex 57.6521 4.74792 0
      vertex 57.5285 4.63588 2.7
      vertex 57.6521 4.74792 2.7
    endloop
  endfacet
  facet normal -0.67161 0.740905 0
    outer loop
      vertex 57.5285 4.63588 2.7
      vertex 57.6521 4.74792 0
      vertex 57.5285 4.63588 0
    endloop
  endfacet
  facet normal -0.857652 -0.514231 0
    outer loop
      vertex 57.9493 6.75137 0
      vertex 57.8635 6.89447 2.7
      vertex 57.8635 6.89447 0
    endloop
  endfacet
  facet normal -0.857652 -0.514231 0
    outer loop
      vertex 57.8635 6.89447 2.7
      vertex 57.9493 6.75137 0
      vertex 57.9493 6.75137 2.7
    endloop
  endfacet
  facet normal 0.0491004 0.998794 -0
    outer loop
      vertex 56.45 4.25 0
      vertex 56.2834 4.25819 2.7
      vertex 56.45 4.25 2.7
    endloop
  endfacet
  facet normal 0.0491004 0.998794 0
    outer loop
      vertex 56.2834 4.25819 2.7
      vertex 56.45 4.25 0
      vertex 56.2834 4.25819 0
    endloop
  endfacet
  facet normal 0.741051 -0.671448 0
    outer loop
      vertex 55.1359 7.02847 2.7
      vertex 55.2479 7.15208 0
      vertex 55.2479 7.15208 2.7
    endloop
  endfacet
  facet normal 0.741051 -0.671448 0
    outer loop
      vertex 55.2479 7.15208 0
      vertex 55.1359 7.02847 2.7
      vertex 55.1359 7.02847 0
    endloop
  endfacet
  facet normal 0.14667 -0.989185 0
    outer loop
      vertex 56.1183 7.61733 0
      vertex 56.2834 7.64181 2.7
      vertex 56.1183 7.61733 2.7
    endloop
  endfacet
  facet normal 0.14667 -0.989185 0
    outer loop
      vertex 56.2834 7.64181 2.7
      vertex 56.1183 7.61733 0
      vertex 56.2834 7.64181 0
    endloop
  endfacet
  facet normal 0.904054 -0.427419 0
    outer loop
      vertex 54.8794 6.60056 2.7
      vertex 54.9507 6.75137 0
      vertex 54.9507 6.75137 2.7
    endloop
  endfacet
  facet normal 0.904054 -0.427419 0
    outer loop
      vertex 54.9507 6.75137 0
      vertex 54.8794 6.60056 2.7
      vertex 54.8794 6.60056 0
    endloop
  endfacet
  facet normal 0.970083 -0.242775 0
    outer loop
      vertex 54.7827 6.28165 2.7
      vertex 54.8232 6.44348 0
      vertex 54.8232 6.44348 2.7
    endloop
  endfacet
  facet normal 0.970083 -0.242775 0
    outer loop
      vertex 54.8232 6.44348 0
      vertex 54.7827 6.28165 2.7
      vertex 54.7827 6.28165 0
    endloop
  endfacet
  facet normal -0.242987 -0.97003 0
    outer loop
      vertex 56.7817 7.61733 0
      vertex 56.9435 7.5768 2.7
      vertex 56.7817 7.61733 2.7
    endloop
  endfacet
  facet normal -0.242987 -0.97003 -0
    outer loop
      vertex 56.9435 7.5768 2.7
      vertex 56.7817 7.61733 0
      vertex 56.9435 7.5768 0
    endloop
  endfacet
  facet normal 0.970083 0.242775 0
    outer loop
      vertex 54.8232 5.45652 2.7
      vertex 54.7827 5.61835 0
      vertex 54.7827 5.61835 2.7
    endloop
  endfacet
  facet normal 0.970083 0.242775 0
    outer loop
      vertex 54.7827 5.61835 0
      vertex 54.8232 5.45652 2.7
      vertex 54.8232 5.45652 0
    endloop
  endfacet
  facet normal 0.427589 0.903973 -0
    outer loop
      vertex 55.7994 4.3794 0
      vertex 55.6486 4.45073 2.7
      vertex 55.7994 4.3794 2.7
    endloop
  endfacet
  facet normal 0.427589 0.903973 0
    outer loop
      vertex 55.6486 4.45073 2.7
      vertex 55.7994 4.3794 0
      vertex 55.6486 4.45073 0
    endloop
  endfacet
  facet normal 0.741051 0.671448 0
    outer loop
      vertex 55.2479 4.74792 2.7
      vertex 55.1359 4.87153 0
      vertex 55.1359 4.87153 2.7
    endloop
  endfacet
  facet normal 0.741051 0.671448 0
    outer loop
      vertex 55.1359 4.87153 0
      vertex 55.2479 4.74792 2.7
      vertex 55.2479 4.74792 0
    endloop
  endfacet
  facet normal -0.427589 0.903973 0
    outer loop
      vertex 57.2514 4.45073 0
      vertex 57.1006 4.3794 2.7
      vertex 57.2514 4.45073 2.7
    endloop
  endfacet
  facet normal -0.427589 0.903973 0
    outer loop
      vertex 57.1006 4.3794 2.7
      vertex 57.2514 4.45073 0
      vertex 57.1006 4.3794 0
    endloop
  endfacet
  facet normal -0.0491004 0.998794 0
    outer loop
      vertex 56.6166 4.25819 0
      vertex 56.45 4.25 2.7
      vertex 56.6166 4.25819 2.7
    endloop
  endfacet
  facet normal -0.0491004 0.998794 0
    outer loop
      vertex 56.45 4.25 2.7
      vertex 56.6166 4.25819 0
      vertex 56.45 4.25 0
    endloop
  endfacet
  facet normal 0.989158 0.146857 0
    outer loop
      vertex 54.7827 5.61835 2.7
      vertex 54.7582 5.78337 0
      vertex 54.7582 5.78337 2.7
    endloop
  endfacet
  facet normal 0.989158 0.146857 0
    outer loop
      vertex 54.7582 5.78337 0
      vertex 54.7827 5.61835 2.7
      vertex 54.7827 5.61835 0
    endloop
  endfacet
  facet normal -0.595695 0.803211 0
    outer loop
      vertex 57.5285 4.63588 0
      vertex 57.3945 4.5365 2.7
      vertex 57.5285 4.63588 2.7
    endloop
  endfacet
  facet normal -0.595695 0.803211 0
    outer loop
      vertex 57.3945 4.5365 2.7
      vertex 57.5285 4.63588 0
      vertex 57.3945 4.5365 0
    endloop
  endfacet
  facet normal 0.803154 0.595772 0
    outer loop
      vertex 55.1359 4.87153 2.7
      vertex 55.0365 5.00553 0
      vertex 55.0365 5.00553 2.7
    endloop
  endfacet
  facet normal 0.803154 0.595772 0
    outer loop
      vertex 55.0365 5.00553 0
      vertex 55.1359 4.87153 2.7
      vertex 55.1359 4.87153 0
    endloop
  endfacet
  facet normal 0.998791 -0.0491513 0
    outer loop
      vertex 54.75 5.95 2.7
      vertex 54.7582 6.11663 0
      vertex 54.7582 6.11663 2.7
    endloop
  endfacet
  facet normal 0.998791 -0.0491513 0
    outer loop
      vertex 54.7582 6.11663 0
      vertex 54.75 5.95 2.7
      vertex 54.75 5.95 0
    endloop
  endfacet
  facet normal -0.741051 0.671448 0
    outer loop
      vertex 57.6521 4.74792 0
      vertex 57.7641 4.87153 2.7
      vertex 57.7641 4.87153 0
    endloop
  endfacet
  facet normal -0.741051 0.671448 0
    outer loop
      vertex 57.7641 4.87153 2.7
      vertex 57.6521 4.74792 0
      vertex 57.6521 4.74792 2.7
    endloop
  endfacet
  facet normal -0.683512 -0.323207 0.654483
    outer loop
      vertex 58.8213 6.93222 3.7
      vertex 58.7374 7.10965 3.7
      vertex 58.0206 6.60056 2.7
    endloop
  endfacet
  facet normal -0.755149 -0.0373664 0.654488
    outer loop
      vertex 59.0167 5.95 3.7
      vertex 59.007 6.14603 3.7
      vertex 58.15 5.95 2.7
    endloop
  endfacet
  facet normal -0.755194 -0.0367061 0.654473
    outer loop
      vertex 58.1418 6.11663 2.7
      vertex 59.007 6.14603 3.7
      vertex 59.0043 6.20158 3.7
    endloop
  endfacet
  facet normal -0.755174 -0.0371628 0.65447
    outer loop
      vertex 59.007 6.14603 3.7
      vertex 58.1418 6.11663 2.7
      vertex 58.15 5.95 2.7
    endloop
  endfacet
  facet normal 0.733501 -0.183385 0.654482
    outer loop
      vertex 54.7827 6.28165 2.7
      vertex 53.9803 6.64112 3.7
      vertex 53.9327 6.45073 3.7
    endloop
  endfacet
  facet normal -0.712039 -0.2543 0.654471
    outer loop
      vertex 58.0206 6.60056 2.7
      vertex 58.84 6.87986 3.7
      vertex 58.8213 6.93222 3.7
    endloop
  endfacet
  facet normal -0.711898 -0.254702 0.654468
    outer loop
      vertex 58.84 6.87986 3.7
      vertex 58.0206 6.60056 2.7
      vertex 58.0768 6.44348 2.7
    endloop
  endfacet
  facet normal -0.560288 0.507663 0.654489
    outer loop
      vertex 57.6521 4.74792 2.7
      vertex 58.3023 4.1763 3.7
      vertex 57.7641 4.87153 2.7
    endloop
  endfacet
  facet normal -0.559881 0.508118 0.654485
    outer loop
      vertex 58.3023 4.1763 3.7
      vertex 57.6521 4.74792 2.7
      vertex 58.2649 4.13509 3.7
    endloop
  endfacet
  facet normal -0.507745 0.560232 0.654473
    outer loop
      vertex 57.6521 4.74792 2.7
      vertex 58.2237 4.09775 3.7
      vertex 58.2649 4.13509 3.7
    endloop
  endfacet
  facet normal -0.507795 0.560188 0.654473
    outer loop
      vertex 58.2237 4.09775 3.7
      vertex 57.6521 4.74792 2.7
      vertex 57.5285 4.63588 2.7
    endloop
  endfacet
  facet normal -0.648452 0.388799 0.654481
    outer loop
      vertex 57.8635 5.00553 2.7
      vertex 58.6127 4.57173 3.7
      vertex 57.9493 5.14863 2.7
    endloop
  endfacet
  facet normal -0.648416 0.388859 0.654481
    outer loop
      vertex 58.6127 4.57173 3.7
      vertex 57.8635 5.00553 2.7
      vertex 58.5841 4.52404 3.7
    endloop
  endfacet
  facet normal -0.711898 0.254702 0.654468
    outer loop
      vertex 58.0206 5.29944 2.7
      vertex 58.84 5.02014 3.7
      vertex 58.0768 5.45652 2.7
    endloop
  endfacet
  facet normal -0.712039 0.2543 0.654471
    outer loop
      vertex 58.84 5.02014 3.7
      vertex 58.0206 5.29944 2.7
      vertex 58.8213 4.96778 3.7
    endloop
  endfacet
  facet normal -0.607315 -0.450334 0.654499
    outer loop
      vertex 58.551 7.42063 3.7
      vertex 58.4341 7.57828 3.7
      vertex 57.7641 7.02847 2.7
    endloop
  endfacet
  facet normal -0.450775 -0.607021 0.654467
    outer loop
      vertex 57.3945 7.3635 2.7
      vertex 57.9206 8.05098 3.7
      vertex 57.876 8.0841 3.7
    endloop
  endfacet
  facet normal -0.450401 -0.607302 0.654464
    outer loop
      vertex 57.9206 8.05098 3.7
      vertex 57.3945 7.3635 2.7
      vertex 57.5285 7.26412 2.7
    endloop
  endfacet
  facet normal 0.733501 0.183385 0.654482
    outer loop
      vertex 53.9803 5.25888 3.7
      vertex 54.7827 5.61835 2.7
      vertex 53.9327 5.44927 3.7
    endloop
  endfacet
  facet normal 0.733129 -0.184845 0.654487
    outer loop
      vertex 53.9803 6.64112 3.7
      vertex 54.8232 6.44348 2.7
      vertex 53.9939 6.69506 3.7
    endloop
  endfacet
  facet normal 0.733444 -0.183554 0.654498
    outer loop
      vertex 54.8232 6.44348 2.7
      vertex 53.9803 6.64112 3.7
      vertex 54.7827 6.28165 2.7
    endloop
  endfacet
  facet normal -0.32326 -0.683506 0.654463
    outer loop
      vertex 57.2514 7.44927 2.7
      vertex 57.6096 8.23737 3.7
      vertex 57.1006 7.52059 2.7
    endloop
  endfacet
  facet normal -0.323048 -0.683605 0.654465
    outer loop
      vertex 57.6096 8.23737 3.7
      vertex 57.2514 7.44927 2.7
      vertex 57.6599 8.2136 3.7
    endloop
  endfacet
  facet normal -0.183705 0.733431 0.65447
    outer loop
      vertex 56.9507 3.43265 3.7
      vertex 57.1411 3.48034 3.7
      vertex 56.7817 4.28266 2.7
    endloop
  endfacet
  facet normal 0.712006 -0.254288 0.654511
    outer loop
      vertex 53.9939 6.69506 3.7
      vertex 54.8794 6.60056 2.7
      vertex 54.0126 6.74742 3.7
    endloop
  endfacet
  facet normal 0.711904 -0.254705 0.65446
    outer loop
      vertex 54.8794 6.60056 2.7
      vertex 53.9939 6.69506 3.7
      vertex 54.8232 6.44348 2.7
    endloop
  endfacet
  facet normal 0.755175 -0.0369806 0.65448
    outer loop
      vertex 54.7582 6.11663 2.7
      vertex 53.8957 6.20158 3.7
      vertex 53.8861 6.00554 3.7
    endloop
  endfacet
  facet normal -0.110971 0.747897 0.654474
    outer loop
      vertex 56.9507 3.43265 3.7
      vertex 56.7817 4.28266 2.7
      vertex 56.7566 3.40385 3.7
    endloop
  endfacet
  facet normal -0.25474 -0.711871 0.654483
    outer loop
      vertex 57.3799 8.34002 3.7
      vertex 57.1951 8.40615 3.7
      vertex 56.9435 7.5768 2.7
    endloop
  endfacet
  facet normal 0.254918 -0.711811 0.654478
    outer loop
      vertex 55.7994 7.52059 2.7
      vertex 55.5201 8.34002 3.7
      vertex 55.4678 8.32129 3.7
    endloop
  endfacet
  facet normal 0.25471 -0.711884 0.65448
    outer loop
      vertex 55.5201 8.34002 3.7
      vertex 55.7994 7.52059 2.7
      vertex 55.9565 7.5768 2.7
    endloop
  endfacet
  facet normal -0.7479 0.110948 0.654474
    outer loop
      vertex 58.9673 5.44927 3.7
      vertex 58.9961 5.64341 3.7
      vertex 58.1173 5.61835 2.7
    endloop
  endfacet
  facet normal -0.388607 0.648576 0.654472
    outer loop
      vertex 57.6599 3.6864 3.7
      vertex 57.8283 3.7873 3.7
      vertex 57.2514 4.45073 2.7
    endloop
  endfacet
  facet normal -0.11097 -0.747893 0.654478
    outer loop
      vertex 56.7817 7.61733 2.7
      vertex 56.9507 8.46735 3.7
      vertex 56.7566 8.49615 3.7
    endloop
  endfacet
  facet normal -0.507791 -0.560188 0.654475
    outer loop
      vertex 58.2649 7.76491 3.7
      vertex 58.1195 7.89671 3.7
      vertex 57.6521 7.15208 2.7
    endloop
  endfacet
  facet normal 0.7479 0.110948 0.654474
    outer loop
      vertex 53.9327 5.44927 3.7
      vertex 54.7827 5.61835 2.7
      vertex 53.9039 5.64341 3.7
    endloop
  endfacet
  facet normal -0.183702 -0.733421 0.654482
    outer loop
      vertex 57.1951 8.40615 3.7
      vertex 57.0047 8.45384 3.7
      vertex 56.9435 7.5768 2.7
    endloop
  endfacet
  facet normal 0.0371034 -0.755167 0.654481
    outer loop
      vertex 56.45 7.65 2.7
      vertex 56.45 8.51667 3.7
      vertex 56.254 8.50704 3.7
    endloop
  endfacet
  facet normal 0.683512 -0.323207 0.654483
    outer loop
      vertex 54.8794 6.60056 2.7
      vertex 54.1626 7.10965 3.7
      vertex 54.0787 6.93222 3.7
    endloop
  endfacet
  facet normal -0.0371237 -0.755165 0.654483
    outer loop
      vertex 56.6166 7.64181 2.7
      vertex 56.646 8.50704 3.7
      vertex 56.45 7.65 2.7
    endloop
  endfacet
  facet normal -0.0370792 -0.755167 0.654483
    outer loop
      vertex 56.646 8.50704 3.7
      vertex 56.6166 7.64181 2.7
      vertex 56.7016 8.50431 3.7
    endloop
  endfacet
  facet normal -0.607478 0.450135 0.654484
    outer loop
      vertex 57.8635 5.00553 2.7
      vertex 58.551 4.47937 3.7
      vertex 58.5841 4.52404 3.7
    endloop
  endfacet
  facet normal -0.607243 0.450447 0.654487
    outer loop
      vertex 58.551 4.47937 3.7
      vertex 57.8635 5.00553 2.7
      vertex 57.7641 4.87153 2.7
    endloop
  endfacet
  facet normal -0.323048 0.683605 0.654465
    outer loop
      vertex 57.2514 4.45073 2.7
      vertex 57.6096 3.66263 3.7
      vertex 57.6599 3.6864 3.7
    endloop
  endfacet
  facet normal -0.323298 0.683489 0.654463
    outer loop
      vertex 57.6096 3.66263 3.7
      vertex 57.2514 4.45073 2.7
      vertex 57.1006 4.3794 2.7
    endloop
  endfacet
  facet normal -0.607478 -0.450135 0.654484
    outer loop
      vertex 58.551 7.42063 3.7
      vertex 57.8635 6.89447 2.7
      vertex 58.5841 7.37596 3.7
    endloop
  endfacet
  facet normal -0.607243 -0.450447 0.654487
    outer loop
      vertex 57.8635 6.89447 2.7
      vertex 58.551 7.42063 3.7
      vertex 57.7641 7.02847 2.7
    endloop
  endfacet
  facet normal 0.0370792 -0.755167 0.654483
    outer loop
      vertex 56.2834 7.64181 2.7
      vertex 56.254 8.50704 3.7
      vertex 56.1984 8.50431 3.7
    endloop
  endfacet
  facet normal 0.0371237 -0.755165 0.654483
    outer loop
      vertex 56.254 8.50704 3.7
      vertex 56.2834 7.64181 2.7
      vertex 56.45 7.65 2.7
    endloop
  endfacet
  facet normal -0.755174 0.0371628 0.65447
    outer loop
      vertex 58.1418 5.78337 2.7
      vertex 59.007 5.75396 3.7
      vertex 58.15 5.95 2.7
    endloop
  endfacet
  facet normal -0.755193 0.0367127 0.654473
    outer loop
      vertex 59.007 5.75396 3.7
      vertex 58.1418 5.78337 2.7
      vertex 59.0043 5.69842 3.7
    endloop
  endfacet
  facet normal -0.73346 -0.183569 0.654477
    outer loop
      vertex 58.0768 6.44348 2.7
      vertex 58.9673 6.45073 3.7
      vertex 58.9538 6.50467 3.7
    endloop
  endfacet
  facet normal -0.733461 -0.183558 0.654478
    outer loop
      vertex 58.9673 6.45073 3.7
      vertex 58.0768 6.44348 2.7
      vertex 58.1173 6.28165 2.7
    endloop
  endfacet
  facet normal 0.450304 0.607363 0.654474
    outer loop
      vertex 54.9794 3.84902 3.7
      vertex 55.3715 4.63588 2.7
      vertex 54.8217 3.96594 3.7
    endloop
  endfacet
  facet normal -0.733461 0.183558 0.654478
    outer loop
      vertex 58.0768 5.45652 2.7
      vertex 58.9673 5.44927 3.7
      vertex 58.1173 5.61835 2.7
    endloop
  endfacet
  facet normal -0.733464 0.183536 0.654481
    outer loop
      vertex 58.9673 5.44927 3.7
      vertex 58.0768 5.45652 2.7
      vertex 58.9538 5.39532 3.7
    endloop
  endfacet
  facet normal 0.25471 0.711894 0.654469
    outer loop
      vertex 55.6526 3.51259 3.7
      vertex 55.7994 4.3794 2.7
      vertex 55.4678 3.57871 3.7
    endloop
  endfacet
  facet normal -0.607315 0.450334 0.654499
    outer loop
      vertex 58.4341 4.32172 3.7
      vertex 58.551 4.47937 3.7
      vertex 57.7641 4.87153 2.7
    endloop
  endfacet
  facet normal -0.110961 0.747897 0.654475
    outer loop
      vertex 56.7817 4.28266 2.7
      vertex 56.7016 3.39569 3.7
      vertex 56.7566 3.40385 3.7
    endloop
  endfacet
  facet normal -0.110849 0.747902 0.654488
    outer loop
      vertex 56.7016 3.39569 3.7
      vertex 56.7817 4.28266 2.7
      vertex 56.6166 4.25819 2.7
    endloop
  endfacet
  facet normal -0.0370844 0.755166 0.654483
    outer loop
      vertex 56.7016 3.39569 3.7
      vertex 56.6166 4.25819 2.7
      vertex 56.5055 3.38606 3.7
    endloop
  endfacet
  facet normal 0.648527 0.388693 0.65447
    outer loop
      vertex 54.2873 4.57173 3.7
      vertex 54.9507 5.14863 2.7
      vertex 54.1864 4.74008 3.7
    endloop
  endfacet
  facet normal -0.648416 -0.388859 0.654481
    outer loop
      vertex 57.8635 6.89447 2.7
      vertex 58.6127 7.32827 3.7
      vertex 58.5841 7.37596 3.7
    endloop
  endfacet
  facet normal -0.648452 -0.388799 0.654481
    outer loop
      vertex 58.6127 7.32827 3.7
      vertex 57.8635 6.89447 2.7
      vertex 57.9493 6.75137 2.7
    endloop
  endfacet
  facet normal -0.0371034 -0.755167 0.654481
    outer loop
      vertex 56.646 8.50704 3.7
      vertex 56.45 8.51667 3.7
      vertex 56.45 7.65 2.7
    endloop
  endfacet
  facet normal -0.255051 0.711801 0.654438
    outer loop
      vertex 57.1006 4.3794 2.7
      vertex 57.1951 3.49385 3.7
      vertex 57.2474 3.51259 3.7
    endloop
  endfacet
  facet normal -0.254669 0.711895 0.654484
    outer loop
      vertex 57.1951 3.49385 3.7
      vertex 57.1006 4.3794 2.7
      vertex 56.9435 4.3232 2.7
    endloop
  endfacet
  facet normal 0.388699 0.648511 0.654482
    outer loop
      vertex 55.5055 4.5365 2.7
      vertex 55.0717 3.7873 3.7
      vertex 55.6486 4.45073 2.7
    endloop
  endfacet
  facet normal 0.388699 0.648511 0.654482
    outer loop
      vertex 55.0717 3.7873 3.7
      vertex 55.5055 4.5365 2.7
      vertex 55.024 3.81589 3.7
    endloop
  endfacet
  facet normal 0.560288 0.507663 0.654489
    outer loop
      vertex 54.5977 4.1763 3.7
      vertex 55.2479 4.74792 2.7
      vertex 55.1359 4.87153 2.7
    endloop
  endfacet
  facet normal 0.559881 0.508118 0.654485
    outer loop
      vertex 55.2479 4.74792 2.7
      vertex 54.5977 4.1763 3.7
      vertex 54.6351 4.13509 3.7
    endloop
  endfacet
  facet normal 0.32332 -0.683472 0.654469
    outer loop
      vertex 55.7994 7.52059 2.7
      vertex 55.4678 8.32129 3.7
      vertex 55.2904 8.23737 3.7
    endloop
  endfacet
  facet normal 0.507812 0.560169 0.654475
    outer loop
      vertex 54.8217 3.96594 3.7
      vertex 55.3715 4.63588 2.7
      vertex 54.6763 4.09775 3.7
    endloop
  endfacet
  facet normal 0.747862 -0.111479 0.654427
    outer loop
      vertex 53.8957 6.20158 3.7
      vertex 54.7827 6.28165 2.7
      vertex 53.9039 6.25659 3.7
    endloop
  endfacet
  facet normal 0.747881 -0.111036 0.65448
    outer loop
      vertex 54.7827 6.28165 2.7
      vertex 53.8957 6.20158 3.7
      vertex 54.7582 6.11663 2.7
    endloop
  endfacet
  facet normal -0.755149 0.0373645 0.654488
    outer loop
      vertex 59.007 5.75396 3.7
      vertex 59.0167 5.95 3.7
      vertex 58.15 5.95 2.7
    endloop
  endfacet
  facet normal -0.183719 -0.733424 0.654474
    outer loop
      vertex 56.9435 7.5768 2.7
      vertex 56.9507 8.46735 3.7
      vertex 56.7817 7.61733 2.7
    endloop
  endfacet
  facet normal -0.1835 -0.733456 0.6545
    outer loop
      vertex 56.9507 8.46735 3.7
      vertex 56.9435 7.5768 2.7
      vertex 57.0047 8.45384 3.7
    endloop
  endfacet
  facet normal 0.747862 0.111479 0.654427
    outer loop
      vertex 54.7827 5.61835 2.7
      vertex 53.8957 5.69842 3.7
      vertex 53.9039 5.64341 3.7
    endloop
  endfacet
  facet normal 0.747881 0.111036 0.65448
    outer loop
      vertex 53.8957 5.69842 3.7
      vertex 54.7827 5.61835 2.7
      vertex 54.7582 5.78337 2.7
    endloop
  endfacet
  facet normal 0.507795 0.560188 0.654473
    outer loop
      vertex 55.2479 4.74792 2.7
      vertex 54.6763 4.09775 3.7
      vertex 55.3715 4.63588 2.7
    endloop
  endfacet
  facet normal 0.507745 0.560232 0.654473
    outer loop
      vertex 54.6763 4.09775 3.7
      vertex 55.2479 4.74792 2.7
      vertex 54.6351 4.13509 3.7
    endloop
  endfacet
  facet normal 0.607315 0.450334 0.654499
    outer loop
      vertex 54.4659 4.32172 3.7
      vertex 55.1359 4.87153 2.7
      vertex 54.349 4.47937 3.7
    endloop
  endfacet
  facet normal 0.037146 0.755166 0.65448
    outer loop
      vertex 56.45 4.25 2.7
      vertex 56.3945 3.38606 3.7
      vertex 56.45 3.38333 3.7
    endloop
  endfacet
  facet normal 0.0371238 0.755168 0.65448
    outer loop
      vertex 56.3945 3.38606 3.7
      vertex 56.45 4.25 2.7
      vertex 56.2834 4.25819 2.7
    endloop
  endfacet
  facet normal 0.560208 0.507739 0.654499
    outer loop
      vertex 54.5977 4.1763 3.7
      vertex 55.1359 4.87153 2.7
      vertex 54.4659 4.32172 3.7
    endloop
  endfacet
  facet normal 0.3887 -0.648514 0.654478
    outer loop
      vertex 55.0717 8.11269 3.7
      vertex 55.5055 7.3635 2.7
      vertex 55.6486 7.44927 2.7
    endloop
  endfacet
  facet normal 0.3887 -0.648514 0.654478
    outer loop
      vertex 55.5055 7.3635 2.7
      vertex 55.0717 8.11269 3.7
      vertex 55.024 8.0841 3.7
    endloop
  endfacet
  facet normal 0.683537 0.323163 0.654479
    outer loop
      vertex 54.1626 4.79035 3.7
      vertex 54.9507 5.14863 2.7
      vertex 54.8794 5.29944 2.7
    endloop
  endfacet
  facet normal 0.683365 0.323534 0.654476
    outer loop
      vertex 54.9507 5.14863 2.7
      vertex 54.1626 4.79035 3.7
      vertex 54.1864 4.74008 3.7
    endloop
  endfacet
  facet normal -0.25471 0.711894 0.654469
    outer loop
      vertex 57.2474 3.51259 3.7
      vertex 57.4322 3.57871 3.7
      vertex 57.1006 4.3794 2.7
    endloop
  endfacet
  facet normal 0.388607 0.648576 0.654472
    outer loop
      vertex 55.2401 3.6864 3.7
      vertex 55.6486 4.45073 2.7
      vertex 55.0717 3.7873 3.7
    endloop
  endfacet
  facet normal -0.711924 0.254644 0.654462
    outer loop
      vertex 58.84 5.02014 3.7
      vertex 58.9061 5.20494 3.7
      vertex 58.0768 5.45652 2.7
    endloop
  endfacet
  facet normal -0.733426 0.183761 0.654461
    outer loop
      vertex 58.9061 5.20494 3.7
      vertex 58.9538 5.39532 3.7
      vertex 58.0768 5.45652 2.7
    endloop
  endfacet
  facet normal -0.648527 0.388693 0.65447
    outer loop
      vertex 58.6127 4.57173 3.7
      vertex 58.7136 4.74008 3.7
      vertex 57.9493 5.14863 2.7
    endloop
  endfacet
  facet normal -0.388699 0.648511 0.654482
    outer loop
      vertex 57.3945 4.5365 2.7
      vertex 57.8283 3.7873 3.7
      vertex 57.876 3.81589 3.7
    endloop
  endfacet
  facet normal -0.388699 0.648511 0.654482
    outer loop
      vertex 57.8283 3.7873 3.7
      vertex 57.3945 4.5365 2.7
      vertex 57.2514 4.45073 2.7
    endloop
  endfacet
  facet normal -0.183505 0.733475 0.654477
    outer loop
      vertex 56.9435 4.3232 2.7
      vertex 57.1411 3.48034 3.7
      vertex 57.1951 3.49385 3.7
    endloop
  endfacet
  facet normal -0.183761 0.733413 0.654475
    outer loop
      vertex 57.1411 3.48034 3.7
      vertex 56.9435 4.3232 2.7
      vertex 56.7817 4.28266 2.7
    endloop
  endfacet
  facet normal -0.648527 -0.388693 0.65447
    outer loop
      vertex 58.7136 7.15992 3.7
      vertex 58.6127 7.32827 3.7
      vertex 57.9493 6.75137 2.7
    endloop
  endfacet
  facet normal 0.560208 -0.507739 0.654499
    outer loop
      vertex 55.1359 7.02847 2.7
      vertex 54.5977 7.7237 3.7
      vertex 54.4659 7.57828 3.7
    endloop
  endfacet
  facet normal -0.388635 -0.64856 0.654471
    outer loop
      vertex 57.8283 8.11269 3.7
      vertex 57.6599 8.2136 3.7
      vertex 57.2514 7.44927 2.7
    endloop
  endfacet
  facet normal -0.0371238 0.755168 0.65448
    outer loop
      vertex 56.45 4.25 2.7
      vertex 56.5055 3.38606 3.7
      vertex 56.6166 4.25819 2.7
    endloop
  endfacet
  facet normal -0.037146 0.755166 0.65448
    outer loop
      vertex 56.5055 3.38606 3.7
      vertex 56.45 4.25 2.7
      vertex 56.45 3.38333 3.7
    endloop
  endfacet
  facet normal 0.648416 -0.388859 0.654481
    outer loop
      vertex 54.2873 7.32827 3.7
      vertex 55.0365 6.89447 2.7
      vertex 54.3159 7.37596 3.7
    endloop
  endfacet
  facet normal 0.648452 -0.388799 0.654481
    outer loop
      vertex 55.0365 6.89447 2.7
      vertex 54.2873 7.32827 3.7
      vertex 54.9507 6.75137 2.7
    endloop
  endfacet
  facet normal 0.183705 0.733431 0.65447
    outer loop
      vertex 55.9493 3.43265 3.7
      vertex 56.1183 4.28266 2.7
      vertex 55.7589 3.48034 3.7
    endloop
  endfacet
  facet normal -0.323322 0.683475 0.654465
    outer loop
      vertex 57.4322 3.57871 3.7
      vertex 57.6096 3.66263 3.7
      vertex 57.1006 4.3794 2.7
    endloop
  endfacet
  facet normal -0.560208 0.507739 0.654499
    outer loop
      vertex 58.3023 4.1763 3.7
      vertex 58.4341 4.32172 3.7
      vertex 57.7641 4.87153 2.7
    endloop
  endfacet
  facet normal 0.507795 -0.560188 0.654473
    outer loop
      vertex 54.6763 7.80225 3.7
      vertex 55.2479 7.15208 2.7
      vertex 55.3715 7.26412 2.7
    endloop
  endfacet
  facet normal 0.507745 -0.560232 0.654473
    outer loop
      vertex 55.2479 7.15208 2.7
      vertex 54.6763 7.80225 3.7
      vertex 54.6351 7.76491 3.7
    endloop
  endfacet
  facet normal 0.7479 -0.110948 0.654474
    outer loop
      vertex 54.7827 6.28165 2.7
      vertex 53.9327 6.45073 3.7
      vertex 53.9039 6.25659 3.7
    endloop
  endfacet
  facet normal 0.71191 -0.254639 0.65448
    outer loop
      vertex 54.8794 6.60056 2.7
      vertex 54.0787 6.93222 3.7
      vertex 54.0126 6.74742 3.7
    endloop
  endfacet
  facet normal 0.110971 0.747897 0.654474
    outer loop
      vertex 56.1434 3.40385 3.7
      vertex 56.1183 4.28266 2.7
      vertex 55.9493 3.43265 3.7
    endloop
  endfacet
  facet normal 0.607243 -0.450447 0.654487
    outer loop
      vertex 54.349 7.42063 3.7
      vertex 55.0365 6.89447 2.7
      vertex 55.1359 7.02847 2.7
    endloop
  endfacet
  facet normal 0.607478 -0.450135 0.654484
    outer loop
      vertex 55.0365 6.89447 2.7
      vertex 54.349 7.42063 3.7
      vertex 54.3159 7.37596 3.7
    endloop
  endfacet
  facet normal 0.0370844 0.755166 0.654483
    outer loop
      vertex 56.3945 3.38606 3.7
      vertex 56.2834 4.25819 2.7
      vertex 56.1984 3.39569 3.7
    endloop
  endfacet
  facet normal 0.450401 0.607302 0.654464
    outer loop
      vertex 54.9794 3.84902 3.7
      vertex 55.5055 4.5365 2.7
      vertex 55.3715 4.63588 2.7
    endloop
  endfacet
  facet normal 0.450862 0.606956 0.654468
    outer loop
      vertex 55.5055 4.5365 2.7
      vertex 54.9794 3.84902 3.7
      vertex 55.024 3.81589 3.7
    endloop
  endfacet
  facet normal -0.450401 0.607302 0.654464
    outer loop
      vertex 57.3945 4.5365 2.7
      vertex 57.9206 3.84902 3.7
      vertex 57.5285 4.63588 2.7
    endloop
  endfacet
  facet normal -0.450862 0.606956 0.654468
    outer loop
      vertex 57.9206 3.84902 3.7
      vertex 57.3945 4.5365 2.7
      vertex 57.876 3.81589 3.7
    endloop
  endfacet
  facet normal 0.733444 0.183554 0.654498
    outer loop
      vertex 53.9803 5.25888 3.7
      vertex 54.8232 5.45652 2.7
      vertex 54.7827 5.61835 2.7
    endloop
  endfacet
  facet normal 0.733129 0.184845 0.654487
    outer loop
      vertex 54.8232 5.45652 2.7
      vertex 53.9803 5.25888 3.7
      vertex 53.9939 5.20494 3.7
    endloop
  endfacet
  facet normal 0.648527 -0.388693 0.65447
    outer loop
      vertex 54.9507 6.75137 2.7
      vertex 54.2873 7.32827 3.7
      vertex 54.1864 7.15992 3.7
    endloop
  endfacet
  facet normal -0.747881 0.111036 0.65448
    outer loop
      vertex 58.1173 5.61835 2.7
      vertex 59.0043 5.69842 3.7
      vertex 58.1418 5.78337 2.7
    endloop
  endfacet
  facet normal -0.747862 0.111479 0.654427
    outer loop
      vertex 59.0043 5.69842 3.7
      vertex 58.1173 5.61835 2.7
      vertex 58.9961 5.64341 3.7
    endloop
  endfacet
  facet normal -0.683512 0.323207 0.654483
    outer loop
      vertex 58.7374 4.79035 3.7
      vertex 58.8213 4.96778 3.7
      vertex 58.0206 5.29944 2.7
    endloop
  endfacet
  facet normal 0.755129 0.0380692 0.65447
    outer loop
      vertex 53.8861 5.89446 3.7
      vertex 54.75 5.95 2.7
      vertex 53.8833 5.95 3.7
    endloop
  endfacet
  facet normal 0.75518 0.037163 0.654464
    outer loop
      vertex 54.75 5.95 2.7
      vertex 53.8861 5.89446 3.7
      vertex 54.7582 5.78337 2.7
    endloop
  endfacet
  facet normal 0.755175 0.0369806 0.65448
    outer loop
      vertex 53.8957 5.69842 3.7
      vertex 54.7582 5.78337 2.7
      vertex 53.8861 5.89446 3.7
    endloop
  endfacet
  facet normal -0.507812 0.560169 0.654475
    outer loop
      vertex 58.0783 3.96594 3.7
      vertex 58.2237 4.09775 3.7
      vertex 57.5285 4.63588 2.7
    endloop
  endfacet
  facet normal -0.711924 -0.254644 0.654462
    outer loop
      vertex 58.9061 6.69506 3.7
      vertex 58.84 6.87986 3.7
      vertex 58.0768 6.44348 2.7
    endloop
  endfacet
  facet normal 0.607315 -0.450334 0.654499
    outer loop
      vertex 55.1359 7.02847 2.7
      vertex 54.4659 7.57828 3.7
      vertex 54.349 7.42063 3.7
    endloop
  endfacet
  facet normal 0.323322 0.683475 0.654465
    outer loop
      vertex 55.4678 3.57871 3.7
      vertex 55.7994 4.3794 2.7
      vertex 55.2904 3.66263 3.7
    endloop
  endfacet
  facet normal 0.323298 0.683489 0.654463
    outer loop
      vertex 55.6486 4.45073 2.7
      vertex 55.2904 3.66263 3.7
      vertex 55.7994 4.3794 2.7
    endloop
  endfacet
  facet normal 0.323048 0.683605 0.654465
    outer loop
      vertex 55.2904 3.66263 3.7
      vertex 55.6486 4.45073 2.7
      vertex 55.2401 3.6864 3.7
    endloop
  endfacet
  facet normal 0.110849 0.747902 0.654488
    outer loop
      vertex 56.1183 4.28266 2.7
      vertex 56.1984 3.39569 3.7
      vertex 56.2834 4.25819 2.7
    endloop
  endfacet
  facet normal 0.110961 0.747897 0.654475
    outer loop
      vertex 56.1984 3.39569 3.7
      vertex 56.1183 4.28266 2.7
      vertex 56.1434 3.40385 3.7
    endloop
  endfacet
  facet normal 0.683365 -0.323534 0.654476
    outer loop
      vertex 54.1626 7.10965 3.7
      vertex 54.9507 6.75137 2.7
      vertex 54.1864 7.15992 3.7
    endloop
  endfacet
  facet normal 0.683537 -0.323163 0.654479
    outer loop
      vertex 54.9507 6.75137 2.7
      vertex 54.1626 7.10965 3.7
      vertex 54.8794 6.60056 2.7
    endloop
  endfacet
  facet normal -0.450304 0.607363 0.654474
    outer loop
      vertex 57.9206 3.84902 3.7
      vertex 58.0783 3.96594 3.7
      vertex 57.5285 4.63588 2.7
    endloop
  endfacet
  facet normal 0.11097 -0.747893 0.654478
    outer loop
      vertex 56.1183 7.61733 2.7
      vertex 56.1434 8.49615 3.7
      vertex 55.9493 8.46735 3.7
    endloop
  endfacet
  facet normal -0.3887 -0.648514 0.654478
    outer loop
      vertex 57.8283 8.11269 3.7
      vertex 57.3945 7.3635 2.7
      vertex 57.876 8.0841 3.7
    endloop
  endfacet
  facet normal -0.3887 -0.648514 0.654478
    outer loop
      vertex 57.3945 7.3635 2.7
      vertex 57.8283 8.11269 3.7
      vertex 57.2514 7.44927 2.7
    endloop
  endfacet
  facet normal 0.71191 0.254639 0.65448
    outer loop
      vertex 54.0787 4.96778 3.7
      vertex 54.8794 5.29944 2.7
      vertex 54.0126 5.15258 3.7
    endloop
  endfacet
  facet normal -0.559819 -0.508185 0.654484
    outer loop
      vertex 58.3967 7.61948 3.7
      vertex 57.7641 7.02847 2.7
      vertex 58.4341 7.57828 3.7
    endloop
  endfacet
  facet normal -0.560294 -0.507669 0.654479
    outer loop
      vertex 57.7641 7.02847 2.7
      vertex 58.3967 7.61948 3.7
      vertex 57.6521 7.15208 2.7
    endloop
  endfacet
  facet normal -0.683365 -0.323534 0.654476
    outer loop
      vertex 57.9493 6.75137 2.7
      vertex 58.7374 7.10965 3.7
      vertex 58.7136 7.15992 3.7
    endloop
  endfacet
  facet normal -0.683537 -0.323163 0.654479
    outer loop
      vertex 58.7374 7.10965 3.7
      vertex 57.9493 6.75137 2.7
      vertex 58.0206 6.60056 2.7
    endloop
  endfacet
  facet normal -0.450304 -0.607363 0.654474
    outer loop
      vertex 58.0783 7.93406 3.7
      vertex 57.9206 8.05098 3.7
      vertex 57.5285 7.26412 2.7
    endloop
  endfacet
  facet normal 0.507812 -0.560169 0.654475
    outer loop
      vertex 55.3715 7.26412 2.7
      vertex 54.8217 7.93406 3.7
      vertex 54.6763 7.80225 3.7
    endloop
  endfacet
  facet normal 0.183702 -0.733421 0.654482
    outer loop
      vertex 55.9565 7.5768 2.7
      vertex 55.8953 8.45384 3.7
      vertex 55.7049 8.40615 3.7
    endloop
  endfacet
  facet normal 0.254669 0.711895 0.654484
    outer loop
      vertex 55.7994 4.3794 2.7
      vertex 55.7049 3.49385 3.7
      vertex 55.9565 4.3232 2.7
    endloop
  endfacet
  facet normal 0.255051 0.711801 0.654438
    outer loop
      vertex 55.7049 3.49385 3.7
      vertex 55.7994 4.3794 2.7
      vertex 55.6526 3.51259 3.7
    endloop
  endfacet
  facet normal -0.733428 -0.183752 0.65446
    outer loop
      vertex 58.9538 6.50467 3.7
      vertex 58.9061 6.69506 3.7
      vertex 58.0768 6.44348 2.7
    endloop
  endfacet
  facet normal -0.110893 -0.747897 0.654487
    outer loop
      vertex 56.7817 7.61733 2.7
      vertex 56.7016 8.50431 3.7
      vertex 56.6166 7.64181 2.7
    endloop
  endfacet
  facet normal -0.11096 -0.747894 0.654479
    outer loop
      vertex 56.7016 8.50431 3.7
      vertex 56.7817 7.61733 2.7
      vertex 56.7566 8.49615 3.7
    endloop
  endfacet
  facet normal 0.683512 0.323207 0.654483
    outer loop
      vertex 54.1626 4.79035 3.7
      vertex 54.8794 5.29944 2.7
      vertex 54.0787 4.96778 3.7
    endloop
  endfacet
  facet normal 0.711904 0.254705 0.65446
    outer loop
      vertex 53.9939 5.20494 3.7
      vertex 54.8794 5.29944 2.7
      vertex 54.8232 5.45652 2.7
    endloop
  endfacet
  facet normal 0.712006 0.254288 0.654511
    outer loop
      vertex 54.8794 5.29944 2.7
      vertex 53.9939 5.20494 3.7
      vertex 54.0126 5.15258 3.7
    endloop
  endfacet
  facet normal 0.25474 -0.711871 0.654483
    outer loop
      vertex 55.9565 7.5768 2.7
      vertex 55.7049 8.40615 3.7
      vertex 55.5201 8.34002 3.7
    endloop
  endfacet
  facet normal 0.607243 0.450447 0.654487
    outer loop
      vertex 55.0365 5.00553 2.7
      vertex 54.349 4.47937 3.7
      vertex 55.1359 4.87153 2.7
    endloop
  endfacet
  facet normal 0.607478 0.450135 0.654484
    outer loop
      vertex 54.349 4.47937 3.7
      vertex 55.0365 5.00553 2.7
      vertex 54.3159 4.52404 3.7
    endloop
  endfacet
  facet normal 0.648452 0.388799 0.654481
    outer loop
      vertex 54.2873 4.57173 3.7
      vertex 55.0365 5.00553 2.7
      vertex 54.9507 5.14863 2.7
    endloop
  endfacet
  facet normal 0.648416 0.388859 0.654481
    outer loop
      vertex 55.0365 5.00553 2.7
      vertex 54.2873 4.57173 3.7
      vertex 54.3159 4.52404 3.7
    endloop
  endfacet
  facet normal -0.32332 -0.683472 0.654469
    outer loop
      vertex 57.6096 8.23737 3.7
      vertex 57.4322 8.32129 3.7
      vertex 57.1006 7.52059 2.7
    endloop
  endfacet
  facet normal -0.683537 0.323163 0.654479
    outer loop
      vertex 57.9493 5.14863 2.7
      vertex 58.7374 4.79035 3.7
      vertex 58.0206 5.29944 2.7
    endloop
  endfacet
  facet normal -0.683365 0.323534 0.654476
    outer loop
      vertex 58.7374 4.79035 3.7
      vertex 57.9493 5.14863 2.7
      vertex 58.7136 4.74008 3.7
    endloop
  endfacet
  facet normal 0.183761 0.733413 0.654475
    outer loop
      vertex 55.9565 4.3232 2.7
      vertex 55.7589 3.48034 3.7
      vertex 56.1183 4.28266 2.7
    endloop
  endfacet
  facet normal 0.183505 0.733475 0.654477
    outer loop
      vertex 55.7589 3.48034 3.7
      vertex 55.9565 4.3232 2.7
      vertex 55.7049 3.49385 3.7
    endloop
  endfacet
  facet normal 0.450304 -0.607363 0.654474
    outer loop
      vertex 55.3715 7.26412 2.7
      vertex 54.9794 8.05098 3.7
      vertex 54.8217 7.93406 3.7
    endloop
  endfacet
  facet normal 0.450775 -0.607021 0.654467
    outer loop
      vertex 54.9794 8.05098 3.7
      vertex 55.5055 7.3635 2.7
      vertex 55.024 8.0841 3.7
    endloop
  endfacet
  facet normal 0.450401 -0.607302 0.654464
    outer loop
      vertex 55.5055 7.3635 2.7
      vertex 54.9794 8.05098 3.7
      vertex 55.3715 7.26412 2.7
    endloop
  endfacet
  facet normal -0.560242 -0.507735 0.654472
    outer loop
      vertex 58.3967 7.61948 3.7
      vertex 58.2649 7.76491 3.7
      vertex 57.6521 7.15208 2.7
    endloop
  endfacet
  facet normal 0.1835 -0.733456 0.6545
    outer loop
      vertex 55.9565 7.5768 2.7
      vertex 55.9493 8.46735 3.7
      vertex 55.8953 8.45384 3.7
    endloop
  endfacet
  facet normal 0.183719 -0.733424 0.654474
    outer loop
      vertex 55.9493 8.46735 3.7
      vertex 55.9565 7.5768 2.7
      vertex 56.1183 7.61733 2.7
    endloop
  endfacet
  facet normal 0.559881 -0.508118 0.654485
    outer loop
      vertex 54.5977 7.7237 3.7
      vertex 55.2479 7.15208 2.7
      vertex 54.6351 7.76491 3.7
    endloop
  endfacet
  facet normal 0.560288 -0.507663 0.654489
    outer loop
      vertex 55.2479 7.15208 2.7
      vertex 54.5977 7.7237 3.7
      vertex 55.1359 7.02847 2.7
    endloop
  endfacet
  facet normal -0.507818 -0.560164 0.654475
    outer loop
      vertex 57.5285 7.26412 2.7
      vertex 58.1195 7.89671 3.7
      vertex 58.0783 7.93406 3.7
    endloop
  endfacet
  facet normal -0.507794 -0.560186 0.654474
    outer loop
      vertex 58.1195 7.89671 3.7
      vertex 57.5285 7.26412 2.7
      vertex 57.6521 7.15208 2.7
    endloop
  endfacet
  facet normal -0.25471 -0.711884 0.65448
    outer loop
      vertex 57.1006 7.52059 2.7
      vertex 57.3799 8.34002 3.7
      vertex 56.9435 7.5768 2.7
    endloop
  endfacet
  facet normal -0.254918 -0.711811 0.654478
    outer loop
      vertex 57.3799 8.34002 3.7
      vertex 57.1006 7.52059 2.7
      vertex 57.4322 8.32129 3.7
    endloop
  endfacet
  facet normal 0.388635 -0.64856 0.654471
    outer loop
      vertex 55.6486 7.44927 2.7
      vertex 55.2401 8.2136 3.7
      vertex 55.0717 8.11269 3.7
    endloop
  endfacet
  facet normal 0.323048 -0.683605 0.654465
    outer loop
      vertex 55.6486 7.44927 2.7
      vertex 55.2904 8.23737 3.7
      vertex 55.2401 8.2136 3.7
    endloop
  endfacet
  facet normal 0.32326 -0.683506 0.654463
    outer loop
      vertex 55.2904 8.23737 3.7
      vertex 55.6486 7.44927 2.7
      vertex 55.7994 7.52059 2.7
    endloop
  endfacet
  facet normal 0.755129 -0.0380692 0.65447
    outer loop
      vertex 54.75 5.95 2.7
      vertex 53.8861 6.00554 3.7
      vertex 53.8833 5.95 3.7
    endloop
  endfacet
  facet normal 0.75518 -0.037163 0.654464
    outer loop
      vertex 53.8861 6.00554 3.7
      vertex 54.75 5.95 2.7
      vertex 54.7582 6.11663 2.7
    endloop
  endfacet
  facet normal -0.7479 -0.110948 0.654474
    outer loop
      vertex 58.9961 6.25659 3.7
      vertex 58.9673 6.45073 3.7
      vertex 58.1173 6.28165 2.7
    endloop
  endfacet
  facet normal -0.747862 -0.111479 0.654427
    outer loop
      vertex 58.1173 6.28165 2.7
      vertex 59.0043 6.20158 3.7
      vertex 58.9961 6.25659 3.7
    endloop
  endfacet
  facet normal -0.747881 -0.111036 0.65448
    outer loop
      vertex 59.0043 6.20158 3.7
      vertex 58.1173 6.28165 2.7
      vertex 58.1418 6.11663 2.7
    endloop
  endfacet
  facet normal 0.11096 -0.747894 0.654479
    outer loop
      vertex 56.1183 7.61733 2.7
      vertex 56.1984 8.50431 3.7
      vertex 56.1434 8.49615 3.7
    endloop
  endfacet
  facet normal 0.110893 -0.747897 0.654487
    outer loop
      vertex 56.1984 8.50431 3.7
      vertex 56.1183 7.61733 2.7
      vertex 56.2834 7.64181 2.7
    endloop
  endfacet
  facet normal -0.33683 -0.941566 0
    outer loop
      vertex 56.9435 40.1768 0
      vertex 57.1006 40.1206 2.7
      vertex 56.9435 40.1768 2.7
    endloop
  endfacet
  facet normal -0.33683 -0.941566 -0
    outer loop
      vertex 57.1006 40.1206 2.7
      vertex 56.9435 40.1768 0
      vertex 57.1006 40.1206 0
    endloop
  endfacet
  facet normal -0.989168 -0.146788 0
    outer loop
      vertex 58.1418 38.7166 0
      vertex 58.1173 38.8817 2.7
      vertex 58.1173 38.8817 0
    endloop
  endfacet
  facet normal -0.989168 -0.146788 0
    outer loop
      vertex 58.1173 38.8817 2.7
      vertex 58.1418 38.7166 0
      vertex 58.1418 38.7166 2.7
    endloop
  endfacet
  facet normal -0.998791 -0.0491602 0
    outer loop
      vertex 58.15 38.55 0
      vertex 58.1418 38.7166 2.7
      vertex 58.1418 38.7166 0
    endloop
  endfacet
  facet normal -0.998791 -0.0491602 0
    outer loop
      vertex 58.1418 38.7166 2.7
      vertex 58.15 38.55 0
      vertex 58.15 38.55 2.7
    endloop
  endfacet
  facet normal -0.970072 -0.242818 0
    outer loop
      vertex 58.1173 38.8817 0
      vertex 58.0768 39.0435 2.7
      vertex 58.0768 39.0435 0
    endloop
  endfacet
  facet normal -0.970072 -0.242818 0
    outer loop
      vertex 58.0768 39.0435 2.7
      vertex 58.1173 38.8817 0
      vertex 58.1173 38.8817 2.7
    endloop
  endfacet
  facet normal 0.33683 0.941566 -0
    outer loop
      vertex 55.9565 36.9232 0
      vertex 55.7994 36.9794 2.7
      vertex 55.9565 36.9232 2.7
    endloop
  endfacet
  facet normal 0.33683 0.941566 0
    outer loop
      vertex 55.7994 36.9794 2.7
      vertex 55.9565 36.9232 0
      vertex 55.7994 36.9794 0
    endloop
  endfacet
  facet normal 0.595772 -0.803154 0
    outer loop
      vertex 55.3715 39.8641 0
      vertex 55.5055 39.9635 2.7
      vertex 55.3715 39.8641 2.7
    endloop
  endfacet
  facet normal 0.595772 -0.803154 0
    outer loop
      vertex 55.5055 39.9635 2.7
      vertex 55.3715 39.8641 0
      vertex 55.5055 39.9635 0
    endloop
  endfacet
  facet normal 0.970072 0.242818 0
    outer loop
      vertex 54.8232 38.0565 2.7
      vertex 54.7827 38.2183 0
      vertex 54.7827 38.2183 2.7
    endloop
  endfacet
  facet normal 0.970072 0.242818 0
    outer loop
      vertex 54.7827 38.2183 0
      vertex 54.8232 38.0565 2.7
      vertex 54.8232 38.0565 0
    endloop
  endfacet
  facet normal 0.998791 -0.0491602 0
    outer loop
      vertex 54.75 38.55 2.7
      vertex 54.7582 38.7166 0
      vertex 54.7582 38.7166 2.7
    endloop
  endfacet
  facet normal 0.998791 -0.0491602 0
    outer loop
      vertex 54.7582 38.7166 0
      vertex 54.75 38.55 2.7
      vertex 54.75 38.55 0
    endloop
  endfacet
  facet normal -0.998791 0.0491602 0
    outer loop
      vertex 58.1418 38.3834 0
      vertex 58.15 38.55 2.7
      vertex 58.15 38.55 0
    endloop
  endfacet
  facet normal -0.998791 0.0491602 0
    outer loop
      vertex 58.15 38.55 2.7
      vertex 58.1418 38.3834 0
      vertex 58.1418 38.3834 2.7
    endloop
  endfacet
  facet normal -0.0491602 0.998791 0
    outer loop
      vertex 56.6166 36.8582 0
      vertex 56.45 36.85 2.7
      vertex 56.6166 36.8582 2.7
    endloop
  endfacet
  facet normal -0.0491602 0.998791 0
    outer loop
      vertex 56.45 36.85 2.7
      vertex 56.6166 36.8582 0
      vertex 56.45 36.85 0
    endloop
  endfacet
  facet normal -0.941566 -0.33683 0
    outer loop
      vertex 58.0768 39.0435 0
      vertex 58.0206 39.2006 2.7
      vertex 58.0206 39.2006 0
    endloop
  endfacet
  facet normal -0.941566 -0.33683 0
    outer loop
      vertex 58.0206 39.2006 2.7
      vertex 58.0768 39.0435 0
      vertex 58.0768 39.0435 2.7
    endloop
  endfacet
  facet normal -0.904043 -0.427442 0
    outer loop
      vertex 58.0206 39.2006 0
      vertex 57.9493 39.3514 2.7
      vertex 57.9493 39.3514 0
    endloop
  endfacet
  facet normal -0.904043 -0.427442 0
    outer loop
      vertex 57.9493 39.3514 2.7
      vertex 58.0206 39.2006 0
      vertex 58.0206 39.2006 2.7
    endloop
  endfacet
  facet normal 0.242818 -0.970072 0
    outer loop
      vertex 55.9565 40.1768 0
      vertex 56.1183 40.2173 2.7
      vertex 55.9565 40.1768 2.7
    endloop
  endfacet
  facet normal 0.242818 -0.970072 0
    outer loop
      vertex 56.1183 40.2173 2.7
      vertex 55.9565 40.1768 0
      vertex 56.1183 40.2173 0
    endloop
  endfacet
  facet normal -0.671478 0.741024 0
    outer loop
      vertex 57.6521 37.3479 0
      vertex 57.5285 37.2359 2.7
      vertex 57.6521 37.3479 2.7
    endloop
  endfacet
  facet normal -0.671478 0.741024 0
    outer loop
      vertex 57.5285 37.2359 2.7
      vertex 57.6521 37.3479 0
      vertex 57.5285 37.2359 0
    endloop
  endfacet
  facet normal 0.970072 -0.242818 0
    outer loop
      vertex 54.7827 38.8817 2.7
      vertex 54.8232 39.0435 0
      vertex 54.8232 39.0435 2.7
    endloop
  endfacet
  facet normal 0.970072 -0.242818 0
    outer loop
      vertex 54.8232 39.0435 0
      vertex 54.7827 38.8817 2.7
      vertex 54.7827 38.8817 0
    endloop
  endfacet
  facet normal -0.514231 -0.857652 0
    outer loop
      vertex 57.2514 40.0493 0
      vertex 57.3945 39.9635 2.7
      vertex 57.2514 40.0493 2.7
    endloop
  endfacet
  facet normal -0.514231 -0.857652 -0
    outer loop
      vertex 57.3945 39.9635 2.7
      vertex 57.2514 40.0493 0
      vertex 57.3945 39.9635 0
    endloop
  endfacet
  facet normal 0.0491602 -0.998791 0
    outer loop
      vertex 56.2834 40.2418 0
      vertex 56.45 40.25 2.7
      vertex 56.2834 40.2418 2.7
    endloop
  endfacet
  facet normal 0.0491602 -0.998791 0
    outer loop
      vertex 56.45 40.25 2.7
      vertex 56.2834 40.2418 0
      vertex 56.45 40.25 0
    endloop
  endfacet
  facet normal 0.242818 0.970072 -0
    outer loop
      vertex 56.1183 36.8827 0
      vertex 55.9565 36.9232 2.7
      vertex 56.1183 36.8827 2.7
    endloop
  endfacet
  facet normal 0.242818 0.970072 0
    outer loop
      vertex 55.9565 36.9232 2.7
      vertex 56.1183 36.8827 0
      vertex 55.9565 36.9232 0
    endloop
  endfacet
  facet normal -0.595772 -0.803154 0
    outer loop
      vertex 57.3945 39.9635 0
      vertex 57.5285 39.8641 2.7
      vertex 57.3945 39.9635 2.7
    endloop
  endfacet
  facet normal -0.595772 -0.803154 -0
    outer loop
      vertex 57.5285 39.8641 2.7
      vertex 57.3945 39.9635 0
      vertex 57.5285 39.8641 0
    endloop
  endfacet
  facet normal 0.904043 0.427442 0
    outer loop
      vertex 54.9507 37.7486 2.7
      vertex 54.8794 37.8994 0
      vertex 54.8794 37.8994 2.7
    endloop
  endfacet
  facet normal 0.904043 0.427442 0
    outer loop
      vertex 54.8794 37.8994 0
      vertex 54.9507 37.7486 2.7
      vertex 54.9507 37.7486 0
    endloop
  endfacet
  facet normal -0.514231 0.857652 0
    outer loop
      vertex 57.3945 37.1365 0
      vertex 57.2514 37.0507 2.7
      vertex 57.3945 37.1365 2.7
    endloop
  endfacet
  facet normal -0.514231 0.857652 0
    outer loop
      vertex 57.2514 37.0507 2.7
      vertex 57.3945 37.1365 0
      vertex 57.2514 37.0507 0
    endloop
  endfacet
  facet normal -0.146788 0.989168 0
    outer loop
      vertex 56.7817 36.8827 0
      vertex 56.6166 36.8582 2.7
      vertex 56.7817 36.8827 2.7
    endloop
  endfacet
  facet normal -0.146788 0.989168 0
    outer loop
      vertex 56.6166 36.8582 2.7
      vertex 56.7817 36.8827 0
      vertex 56.6166 36.8582 0
    endloop
  endfacet
  facet normal -0.595772 0.803154 0
    outer loop
      vertex 57.5285 37.2359 0
      vertex 57.3945 37.1365 2.7
      vertex 57.5285 37.2359 2.7
    endloop
  endfacet
  facet normal -0.595772 0.803154 0
    outer loop
      vertex 57.3945 37.1365 2.7
      vertex 57.5285 37.2359 0
      vertex 57.3945 37.1365 0
    endloop
  endfacet
  facet normal 0.989168 -0.146788 0
    outer loop
      vertex 54.7582 38.7166 2.7
      vertex 54.7827 38.8817 0
      vertex 54.7827 38.8817 2.7
    endloop
  endfacet
  facet normal 0.989168 -0.146788 0
    outer loop
      vertex 54.7827 38.8817 0
      vertex 54.7582 38.7166 2.7
      vertex 54.7582 38.7166 0
    endloop
  endfacet
  facet normal -0.803154 -0.595772 0
    outer loop
      vertex 57.8635 39.4945 0
      vertex 57.7641 39.6285 2.7
      vertex 57.7641 39.6285 0
    endloop
  endfacet
  facet normal -0.803154 -0.595772 0
    outer loop
      vertex 57.7641 39.6285 2.7
      vertex 57.8635 39.4945 0
      vertex 57.8635 39.4945 2.7
    endloop
  endfacet
  facet normal -0.146788 -0.989168 0
    outer loop
      vertex 56.6166 40.2418 0
      vertex 56.7817 40.2173 2.7
      vertex 56.6166 40.2418 2.7
    endloop
  endfacet
  facet normal -0.146788 -0.989168 -0
    outer loop
      vertex 56.7817 40.2173 2.7
      vertex 56.6166 40.2418 0
      vertex 56.7817 40.2173 0
    endloop
  endfacet
  facet normal 0.671478 0.741024 -0
    outer loop
      vertex 55.3715 37.2359 0
      vertex 55.2479 37.3479 2.7
      vertex 55.3715 37.2359 2.7
    endloop
  endfacet
  facet normal 0.671478 0.741024 0
    outer loop
      vertex 55.2479 37.3479 2.7
      vertex 55.3715 37.2359 0
      vertex 55.2479 37.3479 0
    endloop
  endfacet
  facet normal -0.427442 -0.904043 0
    outer loop
      vertex 57.1006 40.1206 0
      vertex 57.2514 40.0493 2.7
      vertex 57.1006 40.1206 2.7
    endloop
  endfacet
  facet normal -0.427442 -0.904043 -0
    outer loop
      vertex 57.2514 40.0493 2.7
      vertex 57.1006 40.1206 0
      vertex 57.2514 40.0493 0
    endloop
  endfacet
  facet normal -0.970072 0.242818 0
    outer loop
      vertex 58.0768 38.0565 0
      vertex 58.1173 38.2183 2.7
      vertex 58.1173 38.2183 0
    endloop
  endfacet
  facet normal -0.970072 0.242818 0
    outer loop
      vertex 58.1173 38.2183 2.7
      vertex 58.0768 38.0565 0
      vertex 58.0768 38.0565 2.7
    endloop
  endfacet
  facet normal -0.242818 0.970072 0
    outer loop
      vertex 56.9435 36.9232 0
      vertex 56.7817 36.8827 2.7
      vertex 56.9435 36.9232 2.7
    endloop
  endfacet
  facet normal -0.242818 0.970072 0
    outer loop
      vertex 56.7817 36.8827 2.7
      vertex 56.9435 36.9232 0
      vertex 56.7817 36.8827 0
    endloop
  endfacet
  facet normal -0.803154 0.595772 0
    outer loop
      vertex 57.7641 37.4715 0
      vertex 57.8635 37.6055 2.7
      vertex 57.8635 37.6055 0
    endloop
  endfacet
  facet normal -0.803154 0.595772 0
    outer loop
      vertex 57.8635 37.6055 2.7
      vertex 57.7641 37.4715 0
      vertex 57.7641 37.4715 2.7
    endloop
  endfacet
  facet normal 0.803154 -0.595772 0
    outer loop
      vertex 55.0365 39.4945 2.7
      vertex 55.1359 39.6285 0
      vertex 55.1359 39.6285 2.7
    endloop
  endfacet
  facet normal 0.803154 -0.595772 0
    outer loop
      vertex 55.1359 39.6285 0
      vertex 55.0365 39.4945 2.7
      vertex 55.0365 39.4945 0
    endloop
  endfacet
  facet normal 0.941566 0.33683 0
    outer loop
      vertex 54.8794 37.8994 2.7
      vertex 54.8232 38.0565 0
      vertex 54.8232 38.0565 2.7
    endloop
  endfacet
  facet normal 0.941566 0.33683 0
    outer loop
      vertex 54.8232 38.0565 0
      vertex 54.8794 37.8994 2.7
      vertex 54.8794 37.8994 0
    endloop
  endfacet
  facet normal 0.33683 -0.941566 0
    outer loop
      vertex 55.7994 40.1206 0
      vertex 55.9565 40.1768 2.7
      vertex 55.7994 40.1206 2.7
    endloop
  endfacet
  facet normal 0.33683 -0.941566 0
    outer loop
      vertex 55.9565 40.1768 2.7
      vertex 55.7994 40.1206 0
      vertex 55.9565 40.1768 0
    endloop
  endfacet
  facet normal -0.941566 0.33683 0
    outer loop
      vertex 58.0206 37.8994 0
      vertex 58.0768 38.0565 2.7
      vertex 58.0768 38.0565 0
    endloop
  endfacet
  facet normal -0.941566 0.33683 0
    outer loop
      vertex 58.0768 38.0565 2.7
      vertex 58.0206 37.8994 0
      vertex 58.0206 37.8994 2.7
    endloop
  endfacet
  facet normal 0.671478 -0.741024 0
    outer loop
      vertex 55.2479 39.7521 0
      vertex 55.3715 39.8641 2.7
      vertex 55.2479 39.7521 2.7
    endloop
  endfacet
  facet normal 0.671478 -0.741024 0
    outer loop
      vertex 55.3715 39.8641 2.7
      vertex 55.2479 39.7521 0
      vertex 55.3715 39.8641 0
    endloop
  endfacet
  facet normal 0.514231 -0.857652 0
    outer loop
      vertex 55.5055 39.9635 0
      vertex 55.6486 40.0493 2.7
      vertex 55.5055 39.9635 2.7
    endloop
  endfacet
  facet normal 0.514231 -0.857652 0
    outer loop
      vertex 55.6486 40.0493 2.7
      vertex 55.5055 39.9635 0
      vertex 55.6486 40.0493 0
    endloop
  endfacet
  facet normal -0.242818 -0.970072 0
    outer loop
      vertex 56.7817 40.2173 0
      vertex 56.9435 40.1768 2.7
      vertex 56.7817 40.2173 2.7
    endloop
  endfacet
  facet normal -0.242818 -0.970072 -0
    outer loop
      vertex 56.9435 40.1768 2.7
      vertex 56.7817 40.2173 0
      vertex 56.9435 40.1768 0
    endloop
  endfacet
  facet normal 0.989168 0.146788 0
    outer loop
      vertex 54.7827 38.2183 2.7
      vertex 54.7582 38.3834 0
      vertex 54.7582 38.3834 2.7
    endloop
  endfacet
  facet normal 0.989168 0.146788 0
    outer loop
      vertex 54.7582 38.3834 0
      vertex 54.7827 38.2183 2.7
      vertex 54.7827 38.2183 0
    endloop
  endfacet
  facet normal -0.427442 0.904043 0
    outer loop
      vertex 57.2514 37.0507 0
      vertex 57.1006 36.9794 2.7
      vertex 57.2514 37.0507 2.7
    endloop
  endfacet
  facet normal -0.427442 0.904043 0
    outer loop
      vertex 57.1006 36.9794 2.7
      vertex 57.2514 37.0507 0
      vertex 57.1006 36.9794 0
    endloop
  endfacet
  facet normal -0.904043 0.427442 0
    outer loop
      vertex 57.9493 37.7486 0
      vertex 58.0206 37.8994 2.7
      vertex 58.0206 37.8994 0
    endloop
  endfacet
  facet normal -0.904043 0.427442 0
    outer loop
      vertex 58.0206 37.8994 2.7
      vertex 57.9493 37.7486 0
      vertex 57.9493 37.7486 2.7
    endloop
  endfacet
  facet normal -0.0491602 -0.998791 0
    outer loop
      vertex 56.45 40.25 0
      vertex 56.6166 40.2418 2.7
      vertex 56.45 40.25 2.7
    endloop
  endfacet
  facet normal -0.0491602 -0.998791 -0
    outer loop
      vertex 56.6166 40.2418 2.7
      vertex 56.45 40.25 0
      vertex 56.6166 40.2418 0
    endloop
  endfacet
  facet normal 0.427442 0.904043 -0
    outer loop
      vertex 55.7994 36.9794 0
      vertex 55.6486 37.0507 2.7
      vertex 55.7994 36.9794 2.7
    endloop
  endfacet
  facet normal 0.427442 0.904043 0
    outer loop
      vertex 55.6486 37.0507 2.7
      vertex 55.7994 36.9794 0
      vertex 55.6486 37.0507 0
    endloop
  endfacet
  facet normal 0.146788 -0.989168 0
    outer loop
      vertex 56.1183 40.2173 0
      vertex 56.2834 40.2418 2.7
      vertex 56.1183 40.2173 2.7
    endloop
  endfacet
  facet normal 0.146788 -0.989168 0
    outer loop
      vertex 56.2834 40.2418 2.7
      vertex 56.1183 40.2173 0
      vertex 56.2834 40.2418 0
    endloop
  endfacet
  facet normal 0.514231 0.857652 -0
    outer loop
      vertex 55.6486 37.0507 0
      vertex 55.5055 37.1365 2.7
      vertex 55.6486 37.0507 2.7
    endloop
  endfacet
  facet normal 0.514231 0.857652 0
    outer loop
      vertex 55.5055 37.1365 2.7
      vertex 55.6486 37.0507 0
      vertex 55.5055 37.1365 0
    endloop
  endfacet
  facet normal 0.427442 -0.904043 0
    outer loop
      vertex 55.6486 40.0493 0
      vertex 55.7994 40.1206 2.7
      vertex 55.6486 40.0493 2.7
    endloop
  endfacet
  facet normal 0.427442 -0.904043 0
    outer loop
      vertex 55.7994 40.1206 2.7
      vertex 55.6486 40.0493 0
      vertex 55.7994 40.1206 0
    endloop
  endfacet
  facet normal -0.989168 0.146788 0
    outer loop
      vertex 58.1173 38.2183 0
      vertex 58.1418 38.3834 2.7
      vertex 58.1418 38.3834 0
    endloop
  endfacet
  facet normal -0.989168 0.146788 0
    outer loop
      vertex 58.1418 38.3834 2.7
      vertex 58.1173 38.2183 0
      vertex 58.1173 38.2183 2.7
    endloop
  endfacet
  facet normal -0.857652 -0.514231 0
    outer loop
      vertex 57.9493 39.3514 0
      vertex 57.8635 39.4945 2.7
      vertex 57.8635 39.4945 0
    endloop
  endfacet
  facet normal -0.857652 -0.514231 0
    outer loop
      vertex 57.8635 39.4945 2.7
      vertex 57.9493 39.3514 0
      vertex 57.9493 39.3514 2.7
    endloop
  endfacet
  facet normal 0.803154 0.595772 0
    outer loop
      vertex 55.1359 37.4715 2.7
      vertex 55.0365 37.6055 0
      vertex 55.0365 37.6055 2.7
    endloop
  endfacet
  facet normal 0.803154 0.595772 0
    outer loop
      vertex 55.0365 37.6055 0
      vertex 55.1359 37.4715 2.7
      vertex 55.1359 37.4715 0
    endloop
  endfacet
  facet normal -0.857652 0.514231 0
    outer loop
      vertex 57.8635 37.6055 0
      vertex 57.9493 37.7486 2.7
      vertex 57.9493 37.7486 0
    endloop
  endfacet
  facet normal -0.857652 0.514231 0
    outer loop
      vertex 57.9493 37.7486 2.7
      vertex 57.8635 37.6055 0
      vertex 57.8635 37.6055 2.7
    endloop
  endfacet
  facet normal 0.0491602 0.998791 -0
    outer loop
      vertex 56.45 36.85 0
      vertex 56.2834 36.8582 2.7
      vertex 56.45 36.85 2.7
    endloop
  endfacet
  facet normal 0.0491602 0.998791 0
    outer loop
      vertex 56.2834 36.8582 2.7
      vertex 56.45 36.85 0
      vertex 56.2834 36.8582 0
    endloop
  endfacet
  facet normal 0.741024 -0.671478 0
    outer loop
      vertex 55.1359 39.6285 2.7
      vertex 55.2479 39.7521 0
      vertex 55.2479 39.7521 2.7
    endloop
  endfacet
  facet normal 0.741024 -0.671478 0
    outer loop
      vertex 55.2479 39.7521 0
      vertex 55.1359 39.6285 2.7
      vertex 55.1359 39.6285 0
    endloop
  endfacet
  facet normal 0.941566 -0.33683 0
    outer loop
      vertex 54.8232 39.0435 2.7
      vertex 54.8794 39.2006 0
      vertex 54.8794 39.2006 2.7
    endloop
  endfacet
  facet normal 0.941566 -0.33683 0
    outer loop
      vertex 54.8794 39.2006 0
      vertex 54.8232 39.0435 2.7
      vertex 54.8232 39.0435 0
    endloop
  endfacet
  facet normal -0.741024 0.671478 0
    outer loop
      vertex 57.6521 37.3479 0
      vertex 57.7641 37.4715 2.7
      vertex 57.7641 37.4715 0
    endloop
  endfacet
  facet normal -0.741024 0.671478 0
    outer loop
      vertex 57.7641 37.4715 2.7
      vertex 57.6521 37.3479 0
      vertex 57.6521 37.3479 2.7
    endloop
  endfacet
  facet normal -0.33683 0.941566 0
    outer loop
      vertex 57.1006 36.9794 0
      vertex 56.9435 36.9232 2.7
      vertex 57.1006 36.9794 2.7
    endloop
  endfacet
  facet normal -0.33683 0.941566 0
    outer loop
      vertex 56.9435 36.9232 2.7
      vertex 57.1006 36.9794 0
      vertex 56.9435 36.9232 0
    endloop
  endfacet
  facet normal 0.741024 0.671478 0
    outer loop
      vertex 55.2479 37.3479 2.7
      vertex 55.1359 37.4715 0
      vertex 55.1359 37.4715 2.7
    endloop
  endfacet
  facet normal 0.741024 0.671478 0
    outer loop
      vertex 55.1359 37.4715 0
      vertex 55.2479 37.3479 2.7
      vertex 55.2479 37.3479 0
    endloop
  endfacet
  facet normal -0.671478 -0.741024 0
    outer loop
      vertex 57.5285 39.8641 0
      vertex 57.6521 39.7521 2.7
      vertex 57.5285 39.8641 2.7
    endloop
  endfacet
  facet normal -0.671478 -0.741024 -0
    outer loop
      vertex 57.6521 39.7521 2.7
      vertex 57.5285 39.8641 0
      vertex 57.6521 39.7521 0
    endloop
  endfacet
  facet normal -0.741024 -0.671478 0
    outer loop
      vertex 57.7641 39.6285 0
      vertex 57.6521 39.7521 2.7
      vertex 57.6521 39.7521 0
    endloop
  endfacet
  facet normal -0.741024 -0.671478 0
    outer loop
      vertex 57.6521 39.7521 2.7
      vertex 57.7641 39.6285 0
      vertex 57.7641 39.6285 2.7
    endloop
  endfacet
  facet normal 0.904043 -0.427442 0
    outer loop
      vertex 54.8794 39.2006 2.7
      vertex 54.9507 39.3514 0
      vertex 54.9507 39.3514 2.7
    endloop
  endfacet
  facet normal 0.904043 -0.427442 0
    outer loop
      vertex 54.9507 39.3514 0
      vertex 54.8794 39.2006 2.7
      vertex 54.8794 39.2006 0
    endloop
  endfacet
  facet normal 0.595772 0.803154 -0
    outer loop
      vertex 55.5055 37.1365 0
      vertex 55.3715 37.2359 2.7
      vertex 55.5055 37.1365 2.7
    endloop
  endfacet
  facet normal 0.595772 0.803154 0
    outer loop
      vertex 55.3715 37.2359 2.7
      vertex 55.5055 37.1365 0
      vertex 55.3715 37.2359 0
    endloop
  endfacet
  facet normal 0.857652 0.514231 0
    outer loop
      vertex 55.0365 37.6055 2.7
      vertex 54.9507 37.7486 0
      vertex 54.9507 37.7486 2.7
    endloop
  endfacet
  facet normal 0.857652 0.514231 0
    outer loop
      vertex 54.9507 37.7486 0
      vertex 55.0365 37.6055 2.7
      vertex 55.0365 37.6055 0
    endloop
  endfacet
  facet normal 0.998791 0.0491602 0
    outer loop
      vertex 54.7582 38.3834 2.7
      vertex 54.75 38.55 0
      vertex 54.75 38.55 2.7
    endloop
  endfacet
  facet normal 0.998791 0.0491602 0
    outer loop
      vertex 54.75 38.55 0
      vertex 54.7582 38.3834 2.7
      vertex 54.7582 38.3834 0
    endloop
  endfacet
  facet normal 0.146788 0.989168 -0
    outer loop
      vertex 56.2834 36.8582 0
      vertex 56.1183 36.8827 2.7
      vertex 56.2834 36.8582 2.7
    endloop
  endfacet
  facet normal 0.146788 0.989168 0
    outer loop
      vertex 56.1183 36.8827 2.7
      vertex 56.2834 36.8582 0
      vertex 56.1183 36.8827 0
    endloop
  endfacet
  facet normal 0.857652 -0.514231 0
    outer loop
      vertex 54.9507 39.3514 2.7
      vertex 55.0365 39.4945 0
      vertex 55.0365 39.4945 2.7
    endloop
  endfacet
  facet normal 0.857652 -0.514231 0
    outer loop
      vertex 55.0365 39.4945 0
      vertex 54.9507 39.3514 2.7
      vertex 54.9507 39.3514 0
    endloop
  endfacet
  facet normal 0.0371694 0.755174 0.65447
    outer loop
      vertex 56.2834 36.8582 2.7
      vertex 56.254 35.993 3.7
      vertex 56.45 36.85 2.7
    endloop
  endfacet
  facet normal 0.0366732 0.755195 0.654473
    outer loop
      vertex 56.254 35.993 3.7
      vertex 56.2834 36.8582 2.7
      vertex 56.1984 35.9957 3.7
    endloop
  endfacet
  facet normal -0.711908 0.254674 0.654468
    outer loop
      vertex 58.0206 37.8994 2.7
      vertex 58.84 37.6201 3.7
      vertex 58.0768 38.0565 2.7
    endloop
  endfacet
  facet normal -0.711948 0.254559 0.654469
    outer loop
      vertex 58.84 37.6201 3.7
      vertex 58.0206 37.8994 2.7
      vertex 58.8213 37.5678 3.7
    endloop
  endfacet
  facet normal 0.0373722 0.755149 0.654487
    outer loop
      vertex 56.45 35.9833 3.7
      vertex 56.45 36.85 2.7
      vertex 56.254 35.993 3.7
    endloop
  endfacet
  facet normal -0.755149 -0.0373722 0.654487
    outer loop
      vertex 59.0167 38.55 3.7
      vertex 59.007 38.746 3.7
      vertex 58.15 38.55 2.7
    endloop
  endfacet
  facet normal -0.755195 -0.0366732 0.654473
    outer loop
      vertex 58.1418 38.7166 2.7
      vertex 59.007 38.746 3.7
      vertex 59.0043 38.8016 3.7
    endloop
  endfacet
  facet normal -0.755174 -0.0371694 0.65447
    outer loop
      vertex 59.007 38.746 3.7
      vertex 58.1418 38.7166 2.7
      vertex 58.15 38.55 2.7
    endloop
  endfacet
  facet normal -0.648585 -0.388612 0.654461
    outer loop
      vertex 58.7136 39.7599 3.7
      vertex 58.6127 39.9283 3.7
      vertex 57.9493 39.3514 2.7
    endloop
  endfacet
  facet normal -0.1115 0.747863 0.654423
    outer loop
      vertex 56.7817 36.8827 2.7
      vertex 56.7016 35.9957 3.7
      vertex 56.7566 36.0039 3.7
    endloop
  endfacet
  facet normal -0.110982 0.747885 0.654485
    outer loop
      vertex 56.7016 35.9957 3.7
      vertex 56.7817 36.8827 2.7
      vertex 56.6166 36.8582 2.7
    endloop
  endfacet
  facet normal 0.450244 0.607387 0.654493
    outer loop
      vertex 54.9794 36.449 3.7
      vertex 55.3715 37.2359 2.7
      vertex 54.8217 36.5659 3.7
    endloop
  endfacet
  facet normal -0.7479 0.110971 0.65447
    outer loop
      vertex 58.9673 38.0493 3.7
      vertex 58.9961 38.2434 3.7
      vertex 58.1173 38.2183 2.7
    endloop
  endfacet
  facet normal 0.607254 0.450455 0.654471
    outer loop
      vertex 55.0365 37.6055 2.7
      vertex 54.349 37.0794 3.7
      vertex 55.1359 37.4715 2.7
    endloop
  endfacet
  facet normal 0.607148 0.450596 0.654473
    outer loop
      vertex 54.349 37.0794 3.7
      vertex 55.0365 37.6055 2.7
      vertex 54.3159 37.124 3.7
    endloop
  endfacet
  facet normal 0.254643 0.711922 0.654465
    outer loop
      vertex 55.7049 36.0939 3.7
      vertex 55.9565 36.9232 2.7
      vertex 55.5201 36.16 3.7
    endloop
  endfacet
  facet normal -0.0371694 -0.755174 0.65447
    outer loop
      vertex 56.6166 40.2418 2.7
      vertex 56.646 41.107 3.7
      vertex 56.45 40.25 2.7
    endloop
  endfacet
  facet normal -0.0366732 -0.755195 0.654473
    outer loop
      vertex 56.646 41.107 3.7
      vertex 56.6166 40.2418 2.7
      vertex 56.7016 41.1043 3.7
    endloop
  endfacet
  facet normal 0.7479 0.110971 0.65447
    outer loop
      vertex 53.9327 38.0493 3.7
      vertex 54.7827 38.2183 2.7
      vertex 53.9039 38.2434 3.7
    endloop
  endfacet
  facet normal -0.11059 0.747928 0.654503
    outer loop
      vertex 56.9507 36.0326 3.7
      vertex 56.7817 36.8827 2.7
      vertex 56.7566 36.0039 3.7
    endloop
  endfacet
  facet normal 0.607387 -0.450244 0.654493
    outer loop
      vertex 55.1359 39.6285 2.7
      vertex 54.4659 40.1783 3.7
      vertex 54.349 40.0206 3.7
    endloop
  endfacet
  facet normal 0.648452 0.388799 0.654481
    outer loop
      vertex 54.2873 37.1717 3.7
      vertex 55.0365 37.6055 2.7
      vertex 54.9507 37.7486 2.7
    endloop
  endfacet
  facet normal 0.648452 0.388799 0.654481
    outer loop
      vertex 55.0365 37.6055 2.7
      vertex 54.2873 37.1717 3.7
      vertex 54.3159 37.124 3.7
    endloop
  endfacet
  facet normal -0.388612 0.648585 0.654461
    outer loop
      vertex 57.6599 36.2864 3.7
      vertex 57.8283 36.3873 3.7
      vertex 57.2514 37.0507 2.7
    endloop
  endfacet
  facet normal 0.73344 0.183587 0.654493
    outer loop
      vertex 53.9803 37.8589 3.7
      vertex 54.8232 38.0565 2.7
      vertex 54.7827 38.2183 2.7
    endloop
  endfacet
  facet normal 0.73318 0.184653 0.654485
    outer loop
      vertex 54.8232 38.0565 2.7
      vertex 53.9803 37.8589 3.7
      vertex 53.9939 37.8049 3.7
    endloop
  endfacet
  facet normal 0.450596 -0.607148 0.654473
    outer loop
      vertex 54.9794 40.651 3.7
      vertex 55.5055 39.9635 2.7
      vertex 55.024 40.6841 3.7
    endloop
  endfacet
  facet normal 0.450455 -0.607254 0.654471
    outer loop
      vertex 55.5055 39.9635 2.7
      vertex 54.9794 40.651 3.7
      vertex 55.3715 39.8641 2.7
    endloop
  endfacet
  facet normal -0.559821 0.508187 0.654482
    outer loop
      vertex 57.7641 37.4715 2.7
      vertex 58.3967 36.8805 3.7
      vertex 58.4341 36.9217 3.7
    endloop
  endfacet
  facet normal -0.560275 0.507693 0.654477
    outer loop
      vertex 58.3967 36.8805 3.7
      vertex 57.7641 37.4715 2.7
      vertex 57.6521 37.3479 2.7
    endloop
  endfacet
  facet normal -0.388799 0.648452 0.654481
    outer loop
      vertex 57.3945 37.1365 2.7
      vertex 57.8283 36.3873 3.7
      vertex 57.876 36.4159 3.7
    endloop
  endfacet
  facet normal -0.388799 0.648452 0.654481
    outer loop
      vertex 57.8283 36.3873 3.7
      vertex 57.3945 37.1365 2.7
      vertex 57.2514 37.0507 2.7
    endloop
  endfacet
  facet normal -0.607148 0.450596 0.654473
    outer loop
      vertex 57.8635 37.6055 2.7
      vertex 58.551 37.0794 3.7
      vertex 58.5841 37.124 3.7
    endloop
  endfacet
  facet normal -0.607254 0.450455 0.654471
    outer loop
      vertex 58.551 37.0794 3.7
      vertex 57.8635 37.6055 2.7
      vertex 57.7641 37.4715 2.7
    endloop
  endfacet
  facet normal 0.755128 -0.0380965 0.654469
    outer loop
      vertex 54.75 38.55 2.7
      vertex 53.8861 38.6055 3.7
      vertex 53.8833 38.55 3.7
    endloop
  endfacet
  facet normal 0.75518 -0.0371697 0.654463
    outer loop
      vertex 53.8861 38.6055 3.7
      vertex 54.75 38.55 2.7
      vertex 54.7582 38.7166 2.7
    endloop
  endfacet
  facet normal -0.607387 0.450244 0.654493
    outer loop
      vertex 58.4341 36.9217 3.7
      vertex 58.551 37.0794 3.7
      vertex 57.7641 37.4715 2.7
    endloop
  endfacet
  facet normal 0.323186 0.683541 0.654464
    outer loop
      vertex 55.6486 37.0507 2.7
      vertex 55.2904 36.2626 3.7
      vertex 55.7994 36.9794 2.7
    endloop
  endfacet
  facet normal 0.323382 0.68345 0.654462
    outer loop
      vertex 55.2904 36.2626 3.7
      vertex 55.6486 37.0507 2.7
      vertex 55.2401 36.2864 3.7
    endloop
  endfacet
  facet normal 0.73351 -0.183377 0.654474
    outer loop
      vertex 54.7827 38.8817 2.7
      vertex 53.9803 39.2411 3.7
      vertex 53.9327 39.0507 3.7
    endloop
  endfacet
  facet normal -0.733429 0.183742 0.654462
    outer loop
      vertex 58.9061 37.8049 3.7
      vertex 58.9538 37.9953 3.7
      vertex 58.0768 38.0565 2.7
    endloop
  endfacet
  facet normal -0.733492 -0.183373 0.654495
    outer loop
      vertex 58.0768 39.0435 2.7
      vertex 58.9673 39.0507 3.7
      vertex 58.9538 39.1047 3.7
    endloop
  endfacet
  facet normal -0.733461 -0.183592 0.654469
    outer loop
      vertex 58.9673 39.0507 3.7
      vertex 58.0768 39.0435 2.7
      vertex 58.1173 38.8817 2.7
    endloop
  endfacet
  facet normal -0.68345 -0.323382 0.654462
    outer loop
      vertex 57.9493 39.3514 2.7
      vertex 58.7374 39.7096 3.7
      vertex 58.7136 39.7599 3.7
    endloop
  endfacet
  facet normal -0.683541 -0.323186 0.654464
    outer loop
      vertex 58.7374 39.7096 3.7
      vertex 57.9493 39.3514 2.7
      vertex 58.0206 39.2006 2.7
    endloop
  endfacet
  facet normal -0.110971 -0.7479 0.65447
    outer loop
      vertex 56.7817 40.2173 2.7
      vertex 56.9507 41.0673 3.7
      vertex 56.7566 41.0961 3.7
    endloop
  endfacet
  facet normal -0.747885 0.110982 0.654485
    outer loop
      vertex 58.1173 38.2183 2.7
      vertex 59.0043 38.2984 3.7
      vertex 58.1418 38.3834 2.7
    endloop
  endfacet
  facet normal -0.747863 0.1115 0.654423
    outer loop
      vertex 59.0043 38.2984 3.7
      vertex 58.1173 38.2183 2.7
      vertex 58.9961 38.2434 3.7
    endloop
  endfacet
  facet normal 0.7479 -0.110971 0.65447
    outer loop
      vertex 54.7827 38.8817 2.7
      vertex 53.9327 39.0507 3.7
      vertex 53.9039 38.8566 3.7
    endloop
  endfacet
  facet normal 0.71194 -0.254556 0.654479
    outer loop
      vertex 53.9939 39.2951 3.7
      vertex 54.8794 39.2006 2.7
      vertex 54.0126 39.3474 3.7
    endloop
  endfacet
  facet normal 0.711911 -0.254675 0.654464
    outer loop
      vertex 54.8794 39.2006 2.7
      vertex 53.9939 39.2951 3.7
      vertex 54.8232 39.0435 2.7
    endloop
  endfacet
  facet normal -0.508189 -0.559823 0.654478
    outer loop
      vertex 58.2237 40.4023 3.7
      vertex 57.6521 39.7521 2.7
      vertex 58.2649 40.3649 3.7
    endloop
  endfacet
  facet normal -0.507689 -0.560271 0.654483
    outer loop
      vertex 57.6521 39.7521 2.7
      vertex 58.2237 40.4023 3.7
      vertex 57.5285 39.8641 2.7
    endloop
  endfacet
  facet normal 0.450244 -0.607387 0.654493
    outer loop
      vertex 55.3715 39.8641 2.7
      vertex 54.9794 40.651 3.7
      vertex 54.8217 40.5341 3.7
    endloop
  endfacet
  facet normal -0.183587 -0.73344 0.654493
    outer loop
      vertex 56.9435 40.1768 2.7
      vertex 57.1411 41.0197 3.7
      vertex 56.7817 40.2173 2.7
    endloop
  endfacet
  facet normal -0.184653 -0.73318 0.654485
    outer loop
      vertex 57.1411 41.0197 3.7
      vertex 56.9435 40.1768 2.7
      vertex 57.1951 41.0061 3.7
    endloop
  endfacet
  facet normal -0.560195 0.507797 0.654465
    outer loop
      vertex 58.2649 36.7351 3.7
      vertex 58.3967 36.8805 3.7
      vertex 57.6521 37.3479 2.7
    endloop
  endfacet
  facet normal -0.0373722 0.755149 0.654487
    outer loop
      vertex 56.646 35.993 3.7
      vertex 56.45 36.85 2.7
      vertex 56.45 35.9833 3.7
    endloop
  endfacet
  facet normal -0.323257 -0.683501 0.654471
    outer loop
      vertex 57.6096 40.8374 3.7
      vertex 57.4322 40.9213 3.7
      vertex 57.1006 40.1206 2.7
    endloop
  endfacet
  facet normal 0.1115 -0.747863 0.654423
    outer loop
      vertex 56.1183 40.2173 2.7
      vertex 56.1984 41.1043 3.7
      vertex 56.1434 41.0961 3.7
    endloop
  endfacet
  facet normal 0.110982 -0.747885 0.654485
    outer loop
      vertex 56.1984 41.1043 3.7
      vertex 56.1183 40.2173 2.7
      vertex 56.2834 40.2418 2.7
    endloop
  endfacet
  facet normal -0.683501 0.323257 0.654471
    outer loop
      vertex 58.7374 37.3904 3.7
      vertex 58.8213 37.5678 3.7
      vertex 58.0206 37.8994 2.7
    endloop
  endfacet
  facet normal -0.755149 0.0373722 0.654487
    outer loop
      vertex 59.007 38.354 3.7
      vertex 59.0167 38.55 3.7
      vertex 58.15 38.55 2.7
    endloop
  endfacet
  facet normal 0.683501 0.323257 0.654471
    outer loop
      vertex 54.1626 37.3904 3.7
      vertex 54.8794 37.8994 2.7
      vertex 54.0787 37.5678 3.7
    endloop
  endfacet
  facet normal 0.73351 0.183377 0.654474
    outer loop
      vertex 53.9803 37.8589 3.7
      vertex 54.7827 38.2183 2.7
      vertex 53.9327 38.0493 3.7
    endloop
  endfacet
  facet normal 0.323257 -0.683501 0.654471
    outer loop
      vertex 55.7994 40.1206 2.7
      vertex 55.4678 40.9213 3.7
      vertex 55.2904 40.8374 3.7
    endloop
  endfacet
  facet normal -0.323382 0.68345 0.654462
    outer loop
      vertex 57.2514 37.0507 2.7
      vertex 57.6096 36.2626 3.7
      vertex 57.6599 36.2864 3.7
    endloop
  endfacet
  facet normal -0.323186 0.683541 0.654464
    outer loop
      vertex 57.6096 36.2626 3.7
      vertex 57.2514 37.0507 2.7
      vertex 57.1006 36.9794 2.7
    endloop
  endfacet
  facet normal 0.711917 0.254641 0.654471
    outer loop
      vertex 54.0787 37.5678 3.7
      vertex 54.8794 37.8994 2.7
      vertex 54.0126 37.7526 3.7
    endloop
  endfacet
  facet normal 0.607254 -0.450455 0.654471
    outer loop
      vertex 54.349 40.0206 3.7
      vertex 55.0365 39.4945 2.7
      vertex 55.1359 39.6285 2.7
    endloop
  endfacet
  facet normal 0.607148 -0.450596 0.654473
    outer loop
      vertex 55.0365 39.4945 2.7
      vertex 54.349 40.0206 3.7
      vertex 54.3159 39.976 3.7
    endloop
  endfacet
  facet normal -0.0366732 0.755195 0.654473
    outer loop
      vertex 56.6166 36.8582 2.7
      vertex 56.646 35.993 3.7
      vertex 56.7016 35.9957 3.7
    endloop
  endfacet
  facet normal -0.0371694 0.755174 0.65447
    outer loop
      vertex 56.646 35.993 3.7
      vertex 56.6166 36.8582 2.7
      vertex 56.45 36.85 2.7
    endloop
  endfacet
  facet normal 0.507689 0.560271 0.654483
    outer loop
      vertex 55.2479 37.3479 2.7
      vertex 54.6763 36.6977 3.7
      vertex 55.3715 37.2359 2.7
    endloop
  endfacet
  facet normal 0.508189 0.559823 0.654478
    outer loop
      vertex 54.6763 36.6977 3.7
      vertex 55.2479 37.3479 2.7
      vertex 54.6351 36.7351 3.7
    endloop
  endfacet
  facet normal 0.388612 0.648585 0.654461
    outer loop
      vertex 55.2401 36.2864 3.7
      vertex 55.6486 37.0507 2.7
      vertex 55.0717 36.3873 3.7
    endloop
  endfacet
  facet normal 0.755175 -0.0369693 0.65448
    outer loop
      vertex 54.7582 38.7166 2.7
      vertex 53.8957 38.8016 3.7
      vertex 53.8861 38.6055 3.7
    endloop
  endfacet
  facet normal 0.747863 0.1115 0.654423
    outer loop
      vertex 54.7827 38.2183 2.7
      vertex 53.8957 38.2984 3.7
      vertex 53.9039 38.2434 3.7
    endloop
  endfacet
  facet normal 0.747885 0.110982 0.654485
    outer loop
      vertex 53.8957 38.2984 3.7
      vertex 54.7827 38.2183 2.7
      vertex 54.7582 38.3834 2.7
    endloop
  endfacet
  facet normal -0.648452 0.388799 0.654481
    outer loop
      vertex 57.8635 37.6055 2.7
      vertex 58.6127 37.1717 3.7
      vertex 57.9493 37.7486 2.7
    endloop
  endfacet
  facet normal -0.648452 0.388799 0.654481
    outer loop
      vertex 58.6127 37.1717 3.7
      vertex 57.8635 37.6055 2.7
      vertex 58.5841 37.124 3.7
    endloop
  endfacet
  facet normal 0.560176 0.507779 0.654495
    outer loop
      vertex 54.5977 36.7763 3.7
      vertex 55.1359 37.4715 2.7
      vertex 54.4659 36.9217 3.7
    endloop
  endfacet
  facet normal -0.183377 -0.73351 0.654474
    outer loop
      vertex 57.1411 41.0197 3.7
      vertex 56.9507 41.0673 3.7
      vertex 56.7817 40.2173 2.7
    endloop
  endfacet
  facet normal -0.755174 0.0371694 0.65447
    outer loop
      vertex 58.1418 38.3834 2.7
      vertex 59.007 38.354 3.7
      vertex 58.15 38.55 2.7
    endloop
  endfacet
  facet normal -0.755195 0.0366732 0.654473
    outer loop
      vertex 59.007 38.354 3.7
      vertex 58.1418 38.3834 2.7
      vertex 59.0043 38.2984 3.7
    endloop
  endfacet
  facet normal 0.607387 0.450244 0.654493
    outer loop
      vertex 54.4659 36.9217 3.7
      vertex 55.1359 37.4715 2.7
      vertex 54.349 37.0794 3.7
    endloop
  endfacet
  facet normal -0.607387 -0.450244 0.654493
    outer loop
      vertex 58.551 40.0206 3.7
      vertex 58.4341 40.1783 3.7
      vertex 57.7641 39.6285 2.7
    endloop
  endfacet
  facet normal 0.683501 -0.323257 0.654471
    outer loop
      vertex 54.8794 39.2006 2.7
      vertex 54.1626 39.7096 3.7
      vertex 54.0787 39.5322 3.7
    endloop
  endfacet
  facet normal -0.711922 0.254643 0.654465
    outer loop
      vertex 58.84 37.6201 3.7
      vertex 58.9061 37.8049 3.7
      vertex 58.0768 38.0565 2.7
    endloop
  endfacet
  facet normal 0.648585 0.388612 0.654461
    outer loop
      vertex 54.2873 37.1717 3.7
      vertex 54.9507 37.7486 2.7
      vertex 54.1864 37.3401 3.7
    endloop
  endfacet
  facet normal -0.183742 0.733429 0.654462
    outer loop
      vertex 57.0047 36.0462 3.7
      vertex 57.1951 36.0939 3.7
      vertex 56.9435 36.9232 2.7
    endloop
  endfacet
  facet normal 0.507779 0.560176 0.654495
    outer loop
      vertex 54.8217 36.5659 3.7
      vertex 55.3715 37.2359 2.7
      vertex 54.6763 36.6977 3.7
    endloop
  endfacet
  facet normal 0.755128 0.0380965 0.654469
    outer loop
      vertex 53.8861 38.4945 3.7
      vertex 54.75 38.55 2.7
      vertex 53.8833 38.55 3.7
    endloop
  endfacet
  facet normal 0.75518 0.0371697 0.654463
    outer loop
      vertex 54.75 38.55 2.7
      vertex 53.8861 38.4945 3.7
      vertex 54.7582 38.3834 2.7
    endloop
  endfacet
  facet normal 0.560271 0.507689 0.654483
    outer loop
      vertex 54.5977 36.7763 3.7
      vertex 55.2479 37.3479 2.7
      vertex 55.1359 37.4715 2.7
    endloop
  endfacet
  facet normal 0.559823 0.508189 0.654478
    outer loop
      vertex 55.2479 37.3479 2.7
      vertex 54.5977 36.7763 3.7
      vertex 54.6351 36.7351 3.7
    endloop
  endfacet
  facet normal -0.560176 -0.507779 0.654495
    outer loop
      vertex 58.4341 40.1783 3.7
      vertex 58.3023 40.3237 3.7
      vertex 57.7641 39.6285 2.7
    endloop
  endfacet
  facet normal 0.560176 -0.507779 0.654495
    outer loop
      vertex 55.1359 39.6285 2.7
      vertex 54.5977 40.3237 3.7
      vertex 54.4659 40.1783 3.7
    endloop
  endfacet
  facet normal 0.683541 0.323186 0.654464
    outer loop
      vertex 54.1626 37.3904 3.7
      vertex 54.9507 37.7486 2.7
      vertex 54.8794 37.8994 2.7
    endloop
  endfacet
  facet normal 0.68345 0.323382 0.654462
    outer loop
      vertex 54.9507 37.7486 2.7
      vertex 54.1626 37.3904 3.7
      vertex 54.1864 37.3401 3.7
    endloop
  endfacet
  facet normal 0.0366732 -0.755195 0.654473
    outer loop
      vertex 56.2834 40.2418 2.7
      vertex 56.254 41.107 3.7
      vertex 56.1984 41.1043 3.7
    endloop
  endfacet
  facet normal 0.0371694 -0.755174 0.65447
    outer loop
      vertex 56.254 41.107 3.7
      vertex 56.2834 40.2418 2.7
      vertex 56.45 40.25 2.7
    endloop
  endfacet
  facet normal -0.0373722 -0.755149 0.654487
    outer loop
      vertex 56.646 41.107 3.7
      vertex 56.45 41.1167 3.7
      vertex 56.45 40.25 2.7
    endloop
  endfacet
  facet normal 0.184653 -0.73318 0.654485
    outer loop
      vertex 55.9565 40.1768 2.7
      vertex 55.7589 41.0197 3.7
      vertex 55.7049 41.0061 3.7
    endloop
  endfacet
  facet normal 0.183587 -0.73344 0.654493
    outer loop
      vertex 55.7589 41.0197 3.7
      vertex 55.9565 40.1768 2.7
      vertex 56.1183 40.2173 2.7
    endloop
  endfacet
  facet normal -0.450244 -0.607387 0.654493
    outer loop
      vertex 58.0783 40.5341 3.7
      vertex 57.9206 40.651 3.7
      vertex 57.5285 39.8641 2.7
    endloop
  endfacet
  facet normal -0.450244 0.607387 0.654493
    outer loop
      vertex 57.9206 36.449 3.7
      vertex 58.0783 36.5659 3.7
      vertex 57.5285 37.2359 2.7
    endloop
  endfacet
  facet normal -0.388799 -0.648452 0.654481
    outer loop
      vertex 57.8283 40.7127 3.7
      vertex 57.3945 39.9635 2.7
      vertex 57.876 40.6841 3.7
    endloop
  endfacet
  facet normal -0.388799 -0.648452 0.654481
    outer loop
      vertex 57.3945 39.9635 2.7
      vertex 57.8283 40.7127 3.7
      vertex 57.2514 40.0493 2.7
    endloop
  endfacet
  facet normal 0.507779 -0.560176 0.654495
    outer loop
      vertex 55.3715 39.8641 2.7
      vertex 54.8217 40.5341 3.7
      vertex 54.6763 40.4023 3.7
    endloop
  endfacet
  facet normal -0.683501 -0.323257 0.654471
    outer loop
      vertex 58.8213 39.5322 3.7
      vertex 58.7374 39.7096 3.7
      vertex 58.0206 39.2006 2.7
    endloop
  endfacet
  facet normal -0.388612 -0.648585 0.654461
    outer loop
      vertex 57.8283 40.7127 3.7
      vertex 57.6599 40.8136 3.7
      vertex 57.2514 40.0493 2.7
    endloop
  endfacet
  facet normal 0.183742 0.733429 0.654462
    outer loop
      vertex 55.8953 36.0462 3.7
      vertex 55.9565 36.9232 2.7
      vertex 55.7049 36.0939 3.7
    endloop
  endfacet
  facet normal 0.323257 0.683501 0.654471
    outer loop
      vertex 55.4678 36.1787 3.7
      vertex 55.7994 36.9794 2.7
      vertex 55.2904 36.2626 3.7
    endloop
  endfacet
  facet normal -0.450596 -0.607148 0.654473
    outer loop
      vertex 57.3945 39.9635 2.7
      vertex 57.9206 40.651 3.7
      vertex 57.876 40.6841 3.7
    endloop
  endfacet
  facet normal -0.450455 -0.607254 0.654471
    outer loop
      vertex 57.9206 40.651 3.7
      vertex 57.3945 39.9635 2.7
      vertex 57.5285 39.8641 2.7
    endloop
  endfacet
  facet normal 0.254641 -0.711917 0.654471
    outer loop
      vertex 55.7994 40.1206 2.7
      vertex 55.6526 40.9874 3.7
      vertex 55.4678 40.9213 3.7
    endloop
  endfacet
  facet normal -0.450455 0.607254 0.654471
    outer loop
      vertex 57.3945 37.1365 2.7
      vertex 57.9206 36.449 3.7
      vertex 57.5285 37.2359 2.7
    endloop
  endfacet
  facet normal -0.450596 0.607148 0.654473
    outer loop
      vertex 57.9206 36.449 3.7
      vertex 57.3945 37.1365 2.7
      vertex 57.876 36.4159 3.7
    endloop
  endfacet
  facet normal -0.110982 -0.747885 0.654485
    outer loop
      vertex 56.7817 40.2173 2.7
      vertex 56.7016 41.1043 3.7
      vertex 56.6166 40.2418 2.7
    endloop
  endfacet
  facet normal -0.1115 -0.747863 0.654423
    outer loop
      vertex 56.7016 41.1043 3.7
      vertex 56.7817 40.2173 2.7
      vertex 56.7566 41.0961 3.7
    endloop
  endfacet
  facet normal 0.388799 -0.648452 0.654481
    outer loop
      vertex 55.0717 40.7127 3.7
      vertex 55.5055 39.9635 2.7
      vertex 55.6486 40.0493 2.7
    endloop
  endfacet
  facet normal 0.388799 -0.648452 0.654481
    outer loop
      vertex 55.5055 39.9635 2.7
      vertex 55.0717 40.7127 3.7
      vertex 55.024 40.6841 3.7
    endloop
  endfacet
  facet normal -0.254643 0.711922 0.654465
    outer loop
      vertex 57.1951 36.0939 3.7
      vertex 57.3799 36.16 3.7
      vertex 56.9435 36.9232 2.7
    endloop
  endfacet
  facet normal -0.648452 -0.388799 0.654481
    outer loop
      vertex 57.8635 39.4945 2.7
      vertex 58.6127 39.9283 3.7
      vertex 58.5841 39.976 3.7
    endloop
  endfacet
  facet normal -0.648452 -0.388799 0.654481
    outer loop
      vertex 58.6127 39.9283 3.7
      vertex 57.8635 39.4945 2.7
      vertex 57.9493 39.3514 2.7
    endloop
  endfacet
  facet normal -0.507797 0.560195 0.654465
    outer loop
      vertex 58.1195 36.6033 3.7
      vertex 58.2649 36.7351 3.7
      vertex 57.6521 37.3479 2.7
    endloop
  endfacet
  facet normal 0.0373722 -0.755149 0.654487
    outer loop
      vertex 56.45 40.25 2.7
      vertex 56.45 41.1167 3.7
      vertex 56.254 41.107 3.7
    endloop
  endfacet
  facet normal -0.683541 0.323186 0.654464
    outer loop
      vertex 57.9493 37.7486 2.7
      vertex 58.7374 37.3904 3.7
      vertex 58.0206 37.8994 2.7
    endloop
  endfacet
  facet normal -0.68345 0.323382 0.654462
    outer loop
      vertex 58.7374 37.3904 3.7
      vertex 57.9493 37.7486 2.7
      vertex 58.7136 37.3401 3.7
    endloop
  endfacet
  facet normal -0.648585 0.388612 0.654461
    outer loop
      vertex 58.6127 37.1717 3.7
      vertex 58.7136 37.3401 3.7
      vertex 57.9493 37.7486 2.7
    endloop
  endfacet
  facet normal 0.747863 -0.1115 0.654423
    outer loop
      vertex 53.8957 38.8016 3.7
      vertex 54.7827 38.8817 2.7
      vertex 53.9039 38.8566 3.7
    endloop
  endfacet
  facet normal 0.747885 -0.110982 0.654485
    outer loop
      vertex 54.7827 38.8817 2.7
      vertex 53.8957 38.8016 3.7
      vertex 54.7582 38.7166 2.7
    endloop
  endfacet
  facet normal -0.733461 0.183592 0.654469
    outer loop
      vertex 58.0768 38.0565 2.7
      vertex 58.9673 38.0493 3.7
      vertex 58.1173 38.2183 2.7
    endloop
  endfacet
  facet normal -0.733492 0.183373 0.654495
    outer loop
      vertex 58.9673 38.0493 3.7
      vertex 58.0768 38.0565 2.7
      vertex 58.9538 37.9953 3.7
    endloop
  endfacet
  facet normal -0.733429 -0.183742 0.654462
    outer loop
      vertex 58.9538 39.1047 3.7
      vertex 58.9061 39.2951 3.7
      vertex 58.0768 39.0435 2.7
    endloop
  endfacet
  facet normal -0.323257 0.683501 0.654471
    outer loop
      vertex 57.4322 36.1787 3.7
      vertex 57.6096 36.2626 3.7
      vertex 57.1006 36.9794 2.7
    endloop
  endfacet
  facet normal -0.254559 0.711948 0.654469
    outer loop
      vertex 57.1006 36.9794 2.7
      vertex 57.3799 36.16 3.7
      vertex 57.4322 36.1787 3.7
    endloop
  endfacet
  facet normal -0.254674 0.711908 0.654468
    outer loop
      vertex 57.3799 36.16 3.7
      vertex 57.1006 36.9794 2.7
      vertex 56.9435 36.9232 2.7
    endloop
  endfacet
  facet normal -0.559823 -0.508189 0.654478
    outer loop
      vertex 57.6521 39.7521 2.7
      vertex 58.3023 40.3237 3.7
      vertex 58.2649 40.3649 3.7
    endloop
  endfacet
  facet normal -0.560271 -0.507689 0.654483
    outer loop
      vertex 58.3023 40.3237 3.7
      vertex 57.6521 39.7521 2.7
      vertex 57.7641 39.6285 2.7
    endloop
  endfacet
  facet normal 0.110971 -0.7479 0.65447
    outer loop
      vertex 56.1183 40.2173 2.7
      vertex 56.1434 41.0961 3.7
      vertex 55.9493 41.0673 3.7
    endloop
  endfacet
  facet normal -0.184675 0.733269 0.654379
    outer loop
      vertex 56.9435 36.9232 2.7
      vertex 56.9507 36.0326 3.7
      vertex 57.0047 36.0462 3.7
    endloop
  endfacet
  facet normal -0.183583 0.733426 0.654511
    outer loop
      vertex 56.9507 36.0326 3.7
      vertex 56.9435 36.9232 2.7
      vertex 56.7817 36.8827 2.7
    endloop
  endfacet
  facet normal 0.254556 -0.71194 0.654479
    outer loop
      vertex 55.7994 40.1206 2.7
      vertex 55.7049 41.0061 3.7
      vertex 55.6526 40.9874 3.7
    endloop
  endfacet
  facet normal 0.254675 -0.711911 0.654464
    outer loop
      vertex 55.7049 41.0061 3.7
      vertex 55.7994 40.1206 2.7
      vertex 55.9565 40.1768 2.7
    endloop
  endfacet
  facet normal -0.711922 -0.254643 0.654465
    outer loop
      vertex 58.9061 39.2951 3.7
      vertex 58.84 39.4799 3.7
      vertex 58.0768 39.0435 2.7
    endloop
  endfacet
  facet normal 0.755175 0.0369693 0.65448
    outer loop
      vertex 53.8957 38.2984 3.7
      vertex 54.7582 38.3834 2.7
      vertex 53.8861 38.4945 3.7
    endloop
  endfacet
  facet normal -0.507693 0.560275 0.654477
    outer loop
      vertex 57.5285 37.2359 2.7
      vertex 58.1195 36.6033 3.7
      vertex 57.6521 37.3479 2.7
    endloop
  endfacet
  facet normal -0.508187 0.559821 0.654482
    outer loop
      vertex 58.1195 36.6033 3.7
      vertex 57.5285 37.2359 2.7
      vertex 58.0783 36.5659 3.7
    endloop
  endfacet
  facet normal 0.711911 0.254675 0.654464
    outer loop
      vertex 53.9939 37.8049 3.7
      vertex 54.8794 37.8994 2.7
      vertex 54.8232 38.0565 2.7
    endloop
  endfacet
  facet normal 0.71194 0.254556 0.654479
    outer loop
      vertex 54.8794 37.8994 2.7
      vertex 53.9939 37.8049 3.7
      vertex 54.0126 37.7526 3.7
    endloop
  endfacet
  facet normal 0.183377 -0.73351 0.654474
    outer loop
      vertex 56.1183 40.2173 2.7
      vertex 55.9493 41.0673 3.7
      vertex 55.7589 41.0197 3.7
    endloop
  endfacet
  facet normal 0.323382 -0.68345 0.654462
    outer loop
      vertex 55.6486 40.0493 2.7
      vertex 55.2904 40.8374 3.7
      vertex 55.2401 40.8136 3.7
    endloop
  endfacet
  facet normal 0.323186 -0.683541 0.654464
    outer loop
      vertex 55.2904 40.8374 3.7
      vertex 55.6486 40.0493 2.7
      vertex 55.7994 40.1206 2.7
    endloop
  endfacet
  facet normal 0.68345 -0.323382 0.654462
    outer loop
      vertex 54.1626 39.7096 3.7
      vertex 54.9507 39.3514 2.7
      vertex 54.1864 39.7599 3.7
    endloop
  endfacet
  facet normal 0.683541 -0.323186 0.654464
    outer loop
      vertex 54.9507 39.3514 2.7
      vertex 54.1626 39.7096 3.7
      vertex 54.8794 39.2006 2.7
    endloop
  endfacet
  facet normal 0.388612 -0.648585 0.654461
    outer loop
      vertex 55.6486 40.0493 2.7
      vertex 55.2401 40.8136 3.7
      vertex 55.0717 40.7127 3.7
    endloop
  endfacet
  facet normal 0.450455 0.607254 0.654471
    outer loop
      vertex 54.9794 36.449 3.7
      vertex 55.5055 37.1365 2.7
      vertex 55.3715 37.2359 2.7
    endloop
  endfacet
  facet normal 0.450596 0.607148 0.654473
    outer loop
      vertex 55.5055 37.1365 2.7
      vertex 54.9794 36.449 3.7
      vertex 55.024 36.4159 3.7
    endloop
  endfacet
  facet normal 0.110982 0.747885 0.654485
    outer loop
      vertex 56.1183 36.8827 2.7
      vertex 56.1984 35.9957 3.7
      vertex 56.2834 36.8582 2.7
    endloop
  endfacet
  facet normal 0.1115 0.747863 0.654423
    outer loop
      vertex 56.1984 35.9957 3.7
      vertex 56.1183 36.8827 2.7
      vertex 56.1434 36.0039 3.7
    endloop
  endfacet
  facet normal -0.507779 -0.560176 0.654495
    outer loop
      vertex 58.2237 40.4023 3.7
      vertex 58.0783 40.5341 3.7
      vertex 57.5285 39.8641 2.7
    endloop
  endfacet
  facet normal 0.254674 0.711908 0.654468
    outer loop
      vertex 55.7994 36.9794 2.7
      vertex 55.5201 36.16 3.7
      vertex 55.9565 36.9232 2.7
    endloop
  endfacet
  facet normal 0.254559 0.711948 0.654469
    outer loop
      vertex 55.5201 36.16 3.7
      vertex 55.7994 36.9794 2.7
      vertex 55.4678 36.1787 3.7
    endloop
  endfacet
  facet normal 0.388799 0.648452 0.654481
    outer loop
      vertex 55.5055 37.1365 2.7
      vertex 55.0717 36.3873 3.7
      vertex 55.6486 37.0507 2.7
    endloop
  endfacet
  facet normal 0.388799 0.648452 0.654481
    outer loop
      vertex 55.0717 36.3873 3.7
      vertex 55.5055 37.1365 2.7
      vertex 55.024 36.4159 3.7
    endloop
  endfacet
  facet normal -0.254641 -0.711917 0.654471
    outer loop
      vertex 57.4322 40.9213 3.7
      vertex 57.2474 40.9874 3.7
      vertex 57.1006 40.1206 2.7
    endloop
  endfacet
  facet normal -0.323186 -0.683541 0.654464
    outer loop
      vertex 57.2514 40.0493 2.7
      vertex 57.6096 40.8374 3.7
      vertex 57.1006 40.1206 2.7
    endloop
  endfacet
  facet normal -0.323382 -0.68345 0.654462
    outer loop
      vertex 57.6096 40.8374 3.7
      vertex 57.2514 40.0493 2.7
      vertex 57.6599 40.8136 3.7
    endloop
  endfacet
  facet normal 0.711917 -0.254641 0.654471
    outer loop
      vertex 54.8794 39.2006 2.7
      vertex 54.0787 39.5322 3.7
      vertex 54.0126 39.3474 3.7
    endloop
  endfacet
  facet normal 0.11059 0.747928 0.654503
    outer loop
      vertex 56.1434 36.0039 3.7
      vertex 56.1183 36.8827 2.7
      vertex 55.9493 36.0326 3.7
    endloop
  endfacet
  facet normal 0.183583 0.733426 0.654511
    outer loop
      vertex 55.9565 36.9232 2.7
      vertex 55.9493 36.0326 3.7
      vertex 56.1183 36.8827 2.7
    endloop
  endfacet
  facet normal 0.184675 0.733269 0.654379
    outer loop
      vertex 55.9493 36.0326 3.7
      vertex 55.9565 36.9232 2.7
      vertex 55.8953 36.0462 3.7
    endloop
  endfacet
  facet normal -0.254675 -0.711911 0.654464
    outer loop
      vertex 57.1006 40.1206 2.7
      vertex 57.1951 41.0061 3.7
      vertex 56.9435 40.1768 2.7
    endloop
  endfacet
  facet normal -0.254556 -0.71194 0.654479
    outer loop
      vertex 57.1951 41.0061 3.7
      vertex 57.1006 40.1206 2.7
      vertex 57.2474 40.9874 3.7
    endloop
  endfacet
  facet normal 0.73318 -0.184653 0.654485
    outer loop
      vertex 53.9803 39.2411 3.7
      vertex 54.8232 39.0435 2.7
      vertex 53.9939 39.2951 3.7
    endloop
  endfacet
  facet normal 0.73344 -0.183587 0.654493
    outer loop
      vertex 54.8232 39.0435 2.7
      vertex 53.9803 39.2411 3.7
      vertex 54.7827 38.8817 2.7
    endloop
  endfacet
  facet normal -0.607148 -0.450596 0.654473
    outer loop
      vertex 58.551 40.0206 3.7
      vertex 57.8635 39.4945 2.7
      vertex 58.5841 39.976 3.7
    endloop
  endfacet
  facet normal -0.607254 -0.450455 0.654471
    outer loop
      vertex 57.8635 39.4945 2.7
      vertex 58.551 40.0206 3.7
      vertex 57.7641 39.6285 2.7
    endloop
  endfacet
  facet normal 0.559823 -0.508189 0.654478
    outer loop
      vertex 54.5977 40.3237 3.7
      vertex 55.2479 39.7521 2.7
      vertex 54.6351 40.3649 3.7
    endloop
  endfacet
  facet normal 0.560271 -0.507689 0.654483
    outer loop
      vertex 55.2479 39.7521 2.7
      vertex 54.5977 40.3237 3.7
      vertex 55.1359 39.6285 2.7
    endloop
  endfacet
  facet normal 0.507689 -0.560271 0.654483
    outer loop
      vertex 54.6763 40.4023 3.7
      vertex 55.2479 39.7521 2.7
      vertex 55.3715 39.8641 2.7
    endloop
  endfacet
  facet normal 0.508189 -0.559823 0.654478
    outer loop
      vertex 55.2479 39.7521 2.7
      vertex 54.6763 40.4023 3.7
      vertex 54.6351 40.3649 3.7
    endloop
  endfacet
  facet normal 0.648452 -0.388799 0.654481
    outer loop
      vertex 54.2873 39.9283 3.7
      vertex 55.0365 39.4945 2.7
      vertex 54.3159 39.976 3.7
    endloop
  endfacet
  facet normal 0.648452 -0.388799 0.654481
    outer loop
      vertex 55.0365 39.4945 2.7
      vertex 54.2873 39.9283 3.7
      vertex 54.9507 39.3514 2.7
    endloop
  endfacet
  facet normal 0.648585 -0.388612 0.654461
    outer loop
      vertex 54.9507 39.3514 2.7
      vertex 54.2873 39.9283 3.7
      vertex 54.1864 39.7599 3.7
    endloop
  endfacet
  facet normal -0.711948 -0.254559 0.654469
    outer loop
      vertex 58.0206 39.2006 2.7
      vertex 58.84 39.4799 3.7
      vertex 58.8213 39.5322 3.7
    endloop
  endfacet
  facet normal -0.711908 -0.254674 0.654468
    outer loop
      vertex 58.84 39.4799 3.7
      vertex 58.0206 39.2006 2.7
      vertex 58.0768 39.0435 2.7
    endloop
  endfacet
  facet normal -0.7479 -0.110971 0.65447
    outer loop
      vertex 58.9961 38.8566 3.7
      vertex 58.9673 39.0507 3.7
      vertex 58.1173 38.8817 2.7
    endloop
  endfacet
  facet normal -0.747863 -0.1115 0.654423
    outer loop
      vertex 58.1173 38.8817 2.7
      vertex 59.0043 38.8016 3.7
      vertex 58.9961 38.8566 3.7
    endloop
  endfacet
  facet normal -0.747885 -0.110982 0.654485
    outer loop
      vertex 59.0043 38.8016 3.7
      vertex 58.1173 38.8817 2.7
      vertex 58.1418 38.7166 2.7
    endloop
  endfacet
  facet normal -0.803204 -0.595703 0
    outer loop
      vertex 1.36194 2.19364 0
      vertex 1.01118 2.66658 3.7
      vertex 1.01118 2.66658 0
    endloop
  endfacet
  facet normal -0.803204 -0.595703 0
    outer loop
      vertex 1.01118 2.66658 3.7
      vertex 1.36194 2.19364 0
      vertex 1.36194 2.19364 3.7
    endloop
  endfacet
  facet normal 0.970019 -0.243027 0
    outer loop
      vertex 62.1416 4.25829 3.7
      vertex 62.2847 4.82946 0
      vertex 62.2847 4.82946 3.7
    endloop
  endfacet
  facet normal 0.970019 -0.243027 0
    outer loop
      vertex 62.2847 4.82946 0
      vertex 62.1416 4.25829 3.7
      vertex 62.1416 4.25829 0
    endloop
  endfacet
  facet normal -0.427556 -0.903989 0
    outer loop
      vertex 3.17162 0.708472 0
      vertex 3.7039 0.456722 3.7
      vertex 3.17162 0.708472 3.7
    endloop
  endfacet
  facet normal -0.427556 -0.903989 -0
    outer loop
      vertex 3.7039 0.456722 3.7
      vertex 3.17162 0.708472 0
      vertex 3.7039 0.456722 0
    endloop
  endfacet
  facet normal -0.941543 -0.336891 0
    outer loop
      vertex 0.456722 3.7039 0
      vertex 0.258357 4.25829 3.7
      vertex 0.258357 4.25829 0
    endloop
  endfacet
  facet normal -0.941543 -0.336891 0
    outer loop
      vertex 0.258357 4.25829 3.7
      vertex 0.456722 3.7039 0
      vertex 0.456722 3.7039 3.7
    endloop
  endfacet
  facet normal -0.803241 0.595655 0
    outer loop
      vertex 1.01118 41.8334 0
      vertex 1.36194 42.3064 3.7
      vertex 1.36194 42.3064 0
    endloop
  endfacet
  facet normal -0.803241 0.595655 0
    outer loop
      vertex 1.36194 42.3064 3.7
      vertex 1.01118 41.8334 0
      vertex 1.01118 41.8334 3.7
    endloop
  endfacet
  facet normal -0.595703 -0.803204 0
    outer loop
      vertex 2.19364 1.36194 0
      vertex 2.66658 1.01118 3.7
      vertex 2.19364 1.36194 3.7
    endloop
  endfacet
  facet normal -0.595703 -0.803204 -0
    outer loop
      vertex 2.66658 1.01118 3.7
      vertex 2.19364 1.36194 0
      vertex 2.66658 1.01118 0
    endloop
  endfacet
  facet normal -0.970035 0.242966 0
    outer loop
      vertex 0.115288 39.6705 0
      vertex 0.258357 40.2417 3.7
      vertex 0.258357 40.2417 0
    endloop
  endfacet
  facet normal -0.970035 0.242966 0
    outer loop
      vertex 0.258357 40.2417 3.7
      vertex 0.115288 39.6705 0
      vertex 0.115288 39.6705 3.7
    endloop
  endfacet
  facet normal 0.146746 0.989174 -0
    outer loop
      vertex 57.5705 44.3847 0
      vertex 56.9881 44.4711 3.7
      vertex 57.5705 44.3847 3.7
    endloop
  endfacet
  facet normal 0.146746 0.989174 0
    outer loop
      vertex 56.9881 44.4711 3.7
      vertex 57.5705 44.3847 0
      vertex 56.9881 44.4711 0
    endloop
  endfacet
  facet normal -0.941545 0.336886 0
    outer loop
      vertex 0.258357 40.2417 0
      vertex 0.456722 40.7961 3.7
      vertex 0.456722 40.7961 0
    endloop
  endfacet
  facet normal -0.941545 0.336886 0
    outer loop
      vertex 0.456722 40.7961 3.7
      vertex 0.258357 40.2417 0
      vertex 0.258357 40.2417 3.7
    endloop
  endfacet
  facet normal -0.514101 -0.85773 0
    outer loop
      vertex 2.66658 1.01118 0
      vertex 3.17162 0.708472 3.7
      vertex 2.66658 1.01118 3.7
    endloop
  endfacet
  facet normal -0.514101 -0.85773 -0
    outer loop
      vertex 3.17162 0.708472 3.7
      vertex 2.66658 1.01118 0
      vertex 3.17162 0.708472 0
    endloop
  endfacet
  facet normal -0.740952 -0.671558 0
    outer loop
      vertex 1.75736 1.75736 0
      vertex 1.36194 2.19364 3.7
      vertex 1.36194 2.19364 0
    endloop
  endfacet
  facet normal -0.740952 -0.671558 0
    outer loop
      vertex 1.36194 2.19364 3.7
      vertex 1.75736 1.75736 0
      vertex 1.75736 1.75736 3.7
    endloop
  endfacet
  facet normal 0.0490678 -0.998795 0
    outer loop
      vertex 56.4 0 0
      vertex 56.9881 0.0288916 3.7
      vertex 56.4 0 3.7
    endloop
  endfacet
  facet normal 0.0490678 -0.998795 0
    outer loop
      vertex 56.9881 0.0288916 3.7
      vertex 56.4 0 0
      vertex 56.9881 0.0288916 0
    endloop
  endfacet
  facet normal 0.998795 -0.0490821 0
    outer loop
      vertex 62.3711 5.4119 3.7
      vertex 62.4 6 0
      vertex 62.4 6 3.7
    endloop
  endfacet
  facet normal 0.998795 -0.0490821 0
    outer loop
      vertex 62.4 6 0
      vertex 62.3711 5.4119 3.7
      vertex 62.3711 5.4119 0
    endloop
  endfacet
  facet normal -0.903989 -0.427556 0
    outer loop
      vertex 0.708472 3.17162 0
      vertex 0.456722 3.7039 3.7
      vertex 0.456722 3.7039 0
    endloop
  endfacet
  facet normal -0.903989 -0.427556 0
    outer loop
      vertex 0.456722 3.7039 3.7
      vertex 0.708472 3.17162 0
      vertex 0.708472 3.17162 3.7
    endloop
  endfacet
  facet normal 0.0490821 0.998795 -0
    outer loop
      vertex 56.9881 44.4711 0
      vertex 56.4 44.5 3.7
      vertex 56.9881 44.4711 3.7
    endloop
  endfacet
  facet normal 0.0490821 0.998795 0
    outer loop
      vertex 56.4 44.5 3.7
      vertex 56.9881 44.4711 0
      vertex 56.4 44.5 0
    endloop
  endfacet
  facet normal -1 0 0
    outer loop
      vertex 0 6 0
      vertex 0 38.5 3.7
      vertex 0 38.5 0
    endloop
  endfacet
  facet normal -1 -0 0
    outer loop
      vertex 0 38.5 3.7
      vertex 0 6 0
      vertex 0 6 3.7
    endloop
  endfacet
  facet normal 0 -1 0
    outer loop
      vertex 6 0 0
      vertex 56.4 0 3.7
      vertex 6 0 3.7
    endloop
  endfacet
  facet normal 0 -1 -0
    outer loop
      vertex 56.4 0 3.7
      vertex 6 0 0
      vertex 56.4 0 0
    endloop
  endfacet
  facet normal 0.803253 -0.595638 0
    outer loop
      vertex 61.0381 2.19364 3.7
      vertex 61.3888 2.66658 0
      vertex 61.3888 2.66658 3.7
    endloop
  endfacet
  facet normal 0.803253 -0.595638 0
    outer loop
      vertex 61.3888 2.66658 0
      vertex 61.0381 2.19364 3.7
      vertex 61.0381 2.19364 0
    endloop
  endfacet
  facet normal -0.85773 -0.514101 0
    outer loop
      vertex 1.01118 2.66658 0
      vertex 0.708472 3.17162 3.7
      vertex 0.708472 3.17162 0
    endloop
  endfacet
  facet normal -0.85773 -0.514101 0
    outer loop
      vertex 0.708472 3.17162 3.7
      vertex 1.01118 2.66658 0
      vertex 1.01118 2.66658 3.7
    endloop
  endfacet
  facet normal 0.514121 0.857718 -0
    outer loop
      vertex 59.7334 43.4888 0
      vertex 59.2284 43.7915 3.7
      vertex 59.7334 43.4888 3.7
    endloop
  endfacet
  facet normal 0.514121 0.857718 0
    outer loop
      vertex 59.2284 43.7915 3.7
      vertex 59.7334 43.4888 0
      vertex 59.2284 43.7915 0
    endloop
  endfacet
  facet normal 0.970023 0.243015 0
    outer loop
      vertex 62.2847 39.6705 3.7
      vertex 62.1416 40.2417 0
      vertex 62.1416 40.2417 3.7
    endloop
  endfacet
  facet normal 0.970023 0.243015 0
    outer loop
      vertex 62.1416 40.2417 0
      vertex 62.2847 39.6705 3.7
      vertex 62.2847 39.6705 0
    endloop
  endfacet
  facet normal -0.595638 0.803253 0
    outer loop
      vertex 2.66658 43.4888 0
      vertex 2.19364 43.1381 3.7
      vertex 2.66658 43.4888 3.7
    endloop
  endfacet
  facet normal -0.595638 0.803253 0
    outer loop
      vertex 2.19364 43.1381 3.7
      vertex 2.66658 43.4888 0
      vertex 2.19364 43.1381 0
    endloop
  endfacet
  facet normal 0.427542 -0.903995 0
    outer loop
      vertex 58.6961 0.456722 0
      vertex 59.2284 0.708472 3.7
      vertex 58.6961 0.456722 3.7
    endloop
  endfacet
  facet normal 0.427542 -0.903995 0
    outer loop
      vertex 59.2284 0.708472 3.7
      vertex 58.6961 0.456722 0
      vertex 59.2284 0.708472 0
    endloop
  endfacet
  facet normal -0.427625 0.903956 0
    outer loop
      vertex 3.7039 44.0433 0
      vertex 3.17162 43.7915 3.7
      vertex 3.7039 44.0433 3.7
    endloop
  endfacet
  facet normal -0.427625 0.903956 0
    outer loop
      vertex 3.17162 43.7915 3.7
      vertex 3.7039 44.0433 0
      vertex 3.17162 43.7915 0
    endloop
  endfacet
  facet normal -0.242978 -0.970032 0
    outer loop
      vertex 4.25829 0.258357 0
      vertex 4.82946 0.115288 3.7
      vertex 4.25829 0.258357 3.7
    endloop
  endfacet
  facet normal -0.242978 -0.970032 -0
    outer loop
      vertex 4.82946 0.115288 3.7
      vertex 4.25829 0.258357 0
      vertex 4.82946 0.115288 0
    endloop
  endfacet
  facet normal -0.514091 0.857736 0
    outer loop
      vertex 3.17162 43.7915 0
      vertex 2.66658 43.4888 3.7
      vertex 3.17162 43.7915 3.7
    endloop
  endfacet
  facet normal -0.514091 0.857736 0
    outer loop
      vertex 2.66658 43.4888 3.7
      vertex 3.17162 43.7915 0
      vertex 2.66658 43.4888 0
    endloop
  endfacet
  facet normal 0.903956 -0.427625 0
    outer loop
      vertex 61.6915 3.17162 3.7
      vertex 61.9433 3.7039 0
      vertex 61.9433 3.7039 3.7
    endloop
  endfacet
  facet normal 0.903956 -0.427625 0
    outer loop
      vertex 61.9433 3.7039 0
      vertex 61.6915 3.17162 3.7
      vertex 61.6915 3.17162 0
    endloop
  endfacet
  facet normal -0.0490678 -0.998795 0
    outer loop
      vertex 5.4119 0.0288916 0
      vertex 6 0 3.7
      vertex 5.4119 0.0288916 3.7
    endloop
  endfacet
  facet normal -0.0490678 -0.998795 -0
    outer loop
      vertex 6 0 3.7
      vertex 5.4119 0.0288916 0
      vertex 6 0 0
    endloop
  endfacet
  facet normal 0.14674 -0.989175 0
    outer loop
      vertex 56.9881 0.0288916 0
      vertex 57.5705 0.115288 3.7
      vertex 56.9881 0.0288916 3.7
    endloop
  endfacet
  facet normal 0.14674 -0.989175 0
    outer loop
      vertex 57.5705 0.115288 3.7
      vertex 56.9881 0.0288916 0
      vertex 57.5705 0.115288 0
    endloop
  endfacet
  facet normal 0 1 -0
    outer loop
      vertex 56.4 44.5 0
      vertex 6 44.5 3.7
      vertex 56.4 44.5 3.7
    endloop
  endfacet
  facet normal 0 1 0
    outer loop
      vertex 6 44.5 3.7
      vertex 56.4 44.5 0
      vertex 6 44.5 0
    endloop
  endfacet
  facet normal -0.671558 -0.740952 0
    outer loop
      vertex 1.75736 1.75736 0
      vertex 2.19364 1.36194 3.7
      vertex 1.75736 1.75736 3.7
    endloop
  endfacet
  facet normal -0.671558 -0.740952 -0
    outer loop
      vertex 2.19364 1.36194 3.7
      vertex 1.75736 1.75736 0
      vertex 2.19364 1.36194 0
    endloop
  endfacet
  facet normal -0.14673 -0.989177 0
    outer loop
      vertex 4.82946 0.115288 0
      vertex 5.4119 0.0288916 3.7
      vertex 4.82946 0.115288 3.7
    endloop
  endfacet
  facet normal -0.14673 -0.989177 -0
    outer loop
      vertex 5.4119 0.0288916 3.7
      vertex 4.82946 0.115288 0
      vertex 5.4119 0.0288916 0
    endloop
  endfacet
  facet normal 0.243015 0.970023 -0
    outer loop
      vertex 58.1417 44.2416 0
      vertex 57.5705 44.3847 3.7
      vertex 58.1417 44.2416 3.7
    endloop
  endfacet
  facet normal 0.243015 0.970023 0
    outer loop
      vertex 57.5705 44.3847 3.7
      vertex 58.1417 44.2416 0
      vertex 57.5705 44.3847 0
    endloop
  endfacet
  facet normal 0.671625 -0.740891 0
    outer loop
      vertex 60.2064 1.36194 0
      vertex 60.6426 1.75736 3.7
      vertex 60.2064 1.36194 3.7
    endloop
  endfacet
  facet normal 0.671625 -0.740891 0
    outer loop
      vertex 60.6426 1.75736 3.7
      vertex 60.2064 1.36194 0
      vertex 60.6426 1.75736 0
    endloop
  endfacet
  facet normal 1 -0 0
    outer loop
      vertex 62.4 6 3.7
      vertex 62.4 38.5 0
      vertex 62.4 38.5 3.7
    endloop
  endfacet
  facet normal 1 0 0
    outer loop
      vertex 62.4 38.5 0
      vertex 62.4 6 3.7
      vertex 62.4 6 0
    endloop
  endfacet
  facet normal -0.243027 0.970019 0
    outer loop
      vertex 4.82946 44.3847 0
      vertex 4.25829 44.2416 3.7
      vertex 4.82946 44.3847 3.7
    endloop
  endfacet
  facet normal -0.243027 0.970019 0
    outer loop
      vertex 4.25829 44.2416 3.7
      vertex 4.82946 44.3847 0
      vertex 4.25829 44.2416 0
    endloop
  endfacet
  facet normal 0.989174 0.146746 0
    outer loop
      vertex 62.3711 39.0881 3.7
      vertex 62.2847 39.6705 0
      vertex 62.2847 39.6705 3.7
    endloop
  endfacet
  facet normal 0.989174 0.146746 0
    outer loop
      vertex 62.2847 39.6705 0
      vertex 62.3711 39.0881 3.7
      vertex 62.3711 39.0881 0
    endloop
  endfacet
  facet normal 0.941578 -0.336794 0
    outer loop
      vertex 61.9433 3.7039 3.7
      vertex 62.1416 4.25829 0
      vertex 62.1416 4.25829 3.7
    endloop
  endfacet
  facet normal 0.941578 -0.336794 0
    outer loop
      vertex 62.1416 4.25829 0
      vertex 61.9433 3.7039 3.7
      vertex 61.9433 3.7039 0
    endloop
  endfacet
  facet normal -0.336891 -0.941543 0
    outer loop
      vertex 3.7039 0.456722 0
      vertex 4.25829 0.258357 3.7
      vertex 3.7039 0.456722 3.7
    endloop
  endfacet
  facet normal -0.336891 -0.941543 -0
    outer loop
      vertex 4.25829 0.258357 3.7
      vertex 3.7039 0.456722 0
      vertex 4.25829 0.258357 0
    endloop
  endfacet
  facet normal -0.0490821 0.998795 0
    outer loop
      vertex 6 44.5 0
      vertex 5.4119 44.4711 3.7
      vertex 6 44.5 3.7
    endloop
  endfacet
  facet normal -0.0490821 0.998795 0
    outer loop
      vertex 5.4119 44.4711 3.7
      vertex 6 44.5 0
      vertex 5.4119 44.4711 0
    endloop
  endfacet
  facet normal 0.242966 -0.970035 0
    outer loop
      vertex 57.5705 0.115288 0
      vertex 58.1417 0.258357 3.7
      vertex 57.5705 0.115288 3.7
    endloop
  endfacet
  facet normal 0.242966 -0.970035 0
    outer loop
      vertex 58.1417 0.258357 3.7
      vertex 57.5705 0.115288 0
      vertex 58.1417 0.258357 0
    endloop
  endfacet
  facet normal -0.989177 -0.14673 0
    outer loop
      vertex 0.115288 4.82946 0
      vertex 0.0288916 5.4119 3.7
      vertex 0.0288916 5.4119 0
    endloop
  endfacet
  facet normal -0.989177 -0.14673 0
    outer loop
      vertex 0.0288916 5.4119 3.7
      vertex 0.115288 4.82946 0
      vertex 0.115288 4.82946 3.7
    endloop
  endfacet
  facet normal 0.336788 0.94158 -0
    outer loop
      vertex 58.6961 44.0433 0
      vertex 58.1417 44.2416 3.7
      vertex 58.6961 44.0433 3.7
    endloop
  endfacet
  facet normal 0.336788 0.94158 0
    outer loop
      vertex 58.1417 44.2416 3.7
      vertex 58.6961 44.0433 0
      vertex 58.1417 44.2416 0
    endloop
  endfacet
  facet normal -0.336794 0.941578 0
    outer loop
      vertex 4.25829 44.2416 0
      vertex 3.7039 44.0433 3.7
      vertex 4.25829 44.2416 3.7
    endloop
  endfacet
  facet normal -0.336794 0.941578 0
    outer loop
      vertex 3.7039 44.0433 3.7
      vertex 4.25829 44.2416 0
      vertex 3.7039 44.0433 0
    endloop
  endfacet
  facet normal 0.514131 -0.857712 0
    outer loop
      vertex 59.2284 0.708472 0
      vertex 59.7334 1.01118 3.7
      vertex 59.2284 0.708472 3.7
    endloop
  endfacet
  facet normal 0.514131 -0.857712 0
    outer loop
      vertex 59.7334 1.01118 3.7
      vertex 59.2284 0.708472 0
      vertex 59.7334 1.01118 0
    endloop
  endfacet
  facet normal 0.595589 0.803289 -0
    outer loop
      vertex 60.2064 43.1381 0
      vertex 59.7334 43.4888 3.7
      vertex 60.2064 43.1381 3.7
    endloop
  endfacet
  facet normal 0.595589 0.803289 0
    outer loop
      vertex 59.7334 43.4888 3.7
      vertex 60.2064 43.1381 0
      vertex 59.7334 43.4888 0
    endloop
  endfacet
  facet normal 0.595655 -0.803241 0
    outer loop
      vertex 59.7334 1.01118 0
      vertex 60.2064 1.36194 3.7
      vertex 59.7334 1.01118 3.7
    endloop
  endfacet
  facet normal 0.595655 -0.803241 0
    outer loop
      vertex 60.2064 1.36194 3.7
      vertex 59.7334 1.01118 0
      vertex 60.2064 1.36194 0
    endloop
  endfacet
  facet normal 0.6717 0.740823 -0
    outer loop
      vertex 60.6426 42.7426 0
      vertex 60.2064 43.1381 3.7
      vertex 60.6426 42.7426 3.7
    endloop
  endfacet
  facet normal 0.6717 0.740823 0
    outer loop
      vertex 60.2064 43.1381 3.7
      vertex 60.6426 42.7426 0
      vertex 60.2064 43.1381 0
    endloop
  endfacet
  facet normal 0.803289 0.595589 0
    outer loop
      vertex 61.3888 41.8334 3.7
      vertex 61.0381 42.3064 0
      vertex 61.0381 42.3064 3.7
    endloop
  endfacet
  facet normal 0.803289 0.595589 0
    outer loop
      vertex 61.0381 42.3064 0
      vertex 61.3888 41.8334 3.7
      vertex 61.3888 41.8334 0
    endloop
  endfacet
  facet normal 0.740884 -0.671632 0
    outer loop
      vertex 60.6426 1.75736 3.7
      vertex 61.0381 2.19364 0
      vertex 61.0381 2.19364 3.7
    endloop
  endfacet
  facet normal 0.740884 -0.671632 0
    outer loop
      vertex 61.0381 2.19364 0
      vertex 60.6426 1.75736 3.7
      vertex 60.6426 1.75736 0
    endloop
  endfacet
  facet normal 0.336886 -0.941545 0
    outer loop
      vertex 58.1417 0.258357 0
      vertex 58.6961 0.456722 3.7
      vertex 58.1417 0.258357 3.7
    endloop
  endfacet
  facet normal 0.336886 -0.941545 0
    outer loop
      vertex 58.6961 0.456722 3.7
      vertex 58.1417 0.258357 0
      vertex 58.6961 0.456722 0
    endloop
  endfacet
  facet normal -0.740891 0.671625 0
    outer loop
      vertex 1.36194 42.3064 0
      vertex 1.75736 42.7426 3.7
      vertex 1.75736 42.7426 0
    endloop
  endfacet
  facet normal -0.740891 0.671625 0
    outer loop
      vertex 1.75736 42.7426 3.7
      vertex 1.36194 42.3064 0
      vertex 1.36194 42.3064 3.7
    endloop
  endfacet
  facet normal -0.970032 -0.242978 0
    outer loop
      vertex 0.258357 4.25829 0
      vertex 0.115288 4.82946 3.7
      vertex 0.115288 4.82946 0
    endloop
  endfacet
  facet normal -0.970032 -0.242978 0
    outer loop
      vertex 0.115288 4.82946 3.7
      vertex 0.258357 4.25829 0
      vertex 0.258357 4.25829 3.7
    endloop
  endfacet
  facet normal 0 0 -1
    outer loop
      vertex 54.8794 6.60056 0
      vertex 7.52059 6.60056 0
      vertex 54.9507 6.75137 0
    endloop
  endfacet
  facet normal 0 0 -1
    outer loop
      vertex 55.0365 37.6055 0
      vertex 7.64181 38.3834 0
      vertex 7.65 38.55 0
    endloop
  endfacet
  facet normal 0 0 -1
    outer loop
      vertex 7.44927 6.75137 0
      vertex 54.9507 6.75137 0
      vertex 7.52059 6.60056 0
    endloop
  endfacet
  facet normal 0 0 -1
    outer loop
      vertex 55.0365 37.6055 0
      vertex 7.61733 38.2183 0
      vertex 7.64181 38.3834 0
    endloop
  endfacet
  facet normal 0 0 -1
    outer loop
      vertex 54.9507 6.75137 0
      vertex 7.44927 6.75137 0
      vertex 55.0365 6.89447 0
    endloop
  endfacet
  facet normal 0 0 -1
    outer loop
      vertex 55.0365 37.6055 0
      vertex 7.5768 38.0565 0
      vertex 7.61733 38.2183 0
    endloop
  endfacet
  facet normal 0 0 -1
    outer loop
      vertex 7.3635 6.89447 0
      vertex 55.0365 6.89447 0
      vertex 7.44927 6.75137 0
    endloop
  endfacet
  facet normal 0 0 -1
    outer loop
      vertex 55.0365 37.6055 0
      vertex 7.52059 37.8994 0
      vertex 7.5768 38.0565 0
    endloop
  endfacet
  facet normal 0 0 -1
    outer loop
      vertex 55.0365 6.89447 0
      vertex 7.3635 6.89447 0
      vertex 55.0365 37.6055 0
    endloop
  endfacet
  facet normal 0 0 -1
    outer loop
      vertex 55.0365 37.6055 0
      vertex 7.44927 37.7486 0
      vertex 7.52059 37.8994 0
    endloop
  endfacet
  facet normal 0 0 -1
    outer loop
      vertex 7.3635 37.6055 0
      vertex 55.0365 37.6055 0
      vertex 7.3635 6.89447 0
    endloop
  endfacet
  facet normal 0 0 -1
    outer loop
      vertex 55.0365 37.6055 0
      vertex 7.3635 37.6055 0
      vertex 7.44927 37.7486 0
    endloop
  endfacet
  facet normal 0 0 -1
    outer loop
      vertex 7.26412 7.02847 0
      vertex 7.3635 37.6055 0
      vertex 7.3635 6.89447 0
    endloop
  endfacet
  facet normal 0 0 -1
    outer loop
      vertex 7.26412 7.02847 0
      vertex 7.26412 37.4715 0
      vertex 7.3635 37.6055 0
    endloop
  endfacet
  facet normal 0 0 -1
    outer loop
      vertex 7.15208 7.15208 0
      vertex 7.26412 37.4715 0
      vertex 7.26412 7.02847 0
    endloop
  endfacet
  facet normal 0 0 -1
    outer loop
      vertex 7.15208 7.15208 0
      vertex 7.15208 37.3479 0
      vertex 7.26412 37.4715 0
    endloop
  endfacet
  facet normal 0 0 -1
    outer loop
      vertex 7.02847 7.26412 0
      vertex 7.15208 37.3479 0
      vertex 7.15208 7.15208 0
    endloop
  endfacet
  facet normal 0 0 -1
    outer loop
      vertex 7.02847 7.26412 0
      vertex 7.02847 37.2359 0
      vertex 7.15208 37.3479 0
    endloop
  endfacet
  facet normal 0 0 -1
    outer loop
      vertex 6.89447 7.3635 0
      vertex 7.02847 37.2359 0
      vertex 7.02847 7.26412 0
    endloop
  endfacet
  facet normal 0 0 -1
    outer loop
      vertex 6.89447 7.3635 0
      vertex 6.89447 37.1365 0
      vertex 7.02847 37.2359 0
    endloop
  endfacet
  facet normal 0 0 -1
    outer loop
      vertex 6.75137 7.44927 0
      vertex 6.89447 37.1365 0
      vertex 6.89447 7.3635 0
    endloop
  endfacet
  facet normal 0 0 -1
    outer loop
      vertex 6.75137 7.44927 0
      vertex 6.75137 37.0507 0
      vertex 6.89447 37.1365 0
    endloop
  endfacet
  facet normal 0 0 -1
    outer loop
      vertex 6.60056 7.52059 0
      vertex 6.75137 37.0507 0
      vertex 6.75137 7.44927 0
    endloop
  endfacet
  facet normal 0 0 -1
    outer loop
      vertex 6.60056 7.52059 0
      vertex 6.60056 36.9794 0
      vertex 6.75137 37.0507 0
    endloop
  endfacet
  facet normal 0 0 -1
    outer loop
      vertex 6.44348 7.5768 0
      vertex 6.60056 36.9794 0
      vertex 6.60056 7.52059 0
    endloop
  endfacet
  facet normal 0 0 -1
    outer loop
      vertex 6.44348 7.5768 0
      vertex 6.44348 36.9232 0
      vertex 6.60056 36.9794 0
    endloop
  endfacet
  facet normal 0 0 -1
    outer loop
      vertex 6.28165 7.61733 0
      vertex 6.44348 36.9232 0
      vertex 6.44348 7.5768 0
    endloop
  endfacet
  facet normal 0 0 -1
    outer loop
      vertex 6.28165 7.61733 0
      vertex 6.28165 36.8827 0
      vertex 6.44348 36.9232 0
    endloop
  endfacet
  facet normal 0 0 -1
    outer loop
      vertex 6.11663 7.64181 0
      vertex 6.28165 36.8827 0
      vertex 6.28165 7.61733 0
    endloop
  endfacet
  facet normal 0 0 -1
    outer loop
      vertex 6.11663 7.64181 0
      vertex 6.11663 36.8582 0
      vertex 6.28165 36.8827 0
    endloop
  endfacet
  facet normal 0 0 -1
    outer loop
      vertex 5.95 7.65 0
      vertex 6.11663 36.8582 0
      vertex 6.11663 7.64181 0
    endloop
  endfacet
  facet normal 0 0 -1
    outer loop
      vertex 5.95 7.65 0
      vertex 5.95 36.85 0
      vertex 6.11663 36.8582 0
    endloop
  endfacet
  facet normal 0 0 -1
    outer loop
      vertex 5.78337 7.64181 0
      vertex 5.95 36.85 0
      vertex 5.95 7.65 0
    endloop
  endfacet
  facet normal 0 0 -1
    outer loop
      vertex 5.78337 7.64181 0
      vertex 5.78337 36.8582 0
      vertex 5.95 36.85 0
    endloop
  endfacet
  facet normal 0 0 -1
    outer loop
      vertex 5.61835 7.61733 0
      vertex 5.78337 36.8582 0
      vertex 5.78337 7.64181 0
    endloop
  endfacet
  facet normal 0 0 -1
    outer loop
      vertex 5.61835 7.61733 0
      vertex 5.61835 36.8827 0
      vertex 5.78337 36.8582 0
    endloop
  endfacet
  facet normal 0 0 -1
    outer loop
      vertex 5.45652 7.5768 0
      vertex 5.61835 36.8827 0
      vertex 5.61835 7.61733 0
    endloop
  endfacet
  facet normal 0 0 -1
    outer loop
      vertex 5.45652 7.5768 0
      vertex 5.45652 36.9232 0
      vertex 5.61835 36.8827 0
    endloop
  endfacet
  facet normal 0 0 -1
    outer loop
      vertex 5.29944 7.52059 0
      vertex 5.45652 36.9232 0
      vertex 5.45652 7.5768 0
    endloop
  endfacet
  facet normal 0 0 -1
    outer loop
      vertex 5.29944 7.52059 0
      vertex 5.29944 36.9794 0
      vertex 5.45652 36.9232 0
    endloop
  endfacet
  facet normal 0 0 -1
    outer loop
      vertex 5.14863 7.44927 0
      vertex 5.29944 36.9794 0
      vertex 5.29944 7.52059 0
    endloop
  endfacet
  facet normal 0 0 -1
    outer loop
      vertex 5.14863 7.44927 0
      vertex 5.14863 37.0507 0
      vertex 5.29944 36.9794 0
    endloop
  endfacet
  facet normal 0 0 -1
    outer loop
      vertex 0 6 0
      vertex 5.14863 7.44927 0
      vertex 5.00553 7.3635 0
    endloop
  endfacet
  facet normal -0 0 -1
    outer loop
      vertex 5.14863 7.44927 0
      vertex 0 6 0
      vertex 5.14863 37.0507 0
    endloop
  endfacet
  facet normal 0 0 -1
    outer loop
      vertex 0 6 0
      vertex 5.00553 7.3635 0
      vertex 4.87153 7.26412 0
    endloop
  endfacet
  facet normal 0 0 -1
    outer loop
      vertex 0 38.5 0
      vertex 5.14863 37.0507 0
      vertex 0 6 0
    endloop
  endfacet
  facet normal 0 0 -1
    outer loop
      vertex 0 6 0
      vertex 4.87153 7.26412 0
      vertex 4.74792 7.15208 0
    endloop
  endfacet
  facet normal 0 0 -1
    outer loop
      vertex 5.14863 37.0507 0
      vertex 0 38.5 0
      vertex 5.00553 37.1365 0
    endloop
  endfacet
  facet normal 0 0 -1
    outer loop
      vertex 0 6 0
      vertex 4.74792 7.15208 0
      vertex 4.63588 7.02847 0
    endloop
  endfacet
  facet normal 0 0 -1
    outer loop
      vertex 5.00553 37.1365 0
      vertex 0 38.5 0
      vertex 4.87153 37.2359 0
    endloop
  endfacet
  facet normal 0 0 -1
    outer loop
      vertex 0 6 0
      vertex 4.63588 7.02847 0
      vertex 4.5365 6.89447 0
    endloop
  endfacet
  facet normal 0 0 -1
    outer loop
      vertex 4.87153 37.2359 0
      vertex 0 38.5 0
      vertex 4.74792 37.3479 0
    endloop
  endfacet
  facet normal 0 0 -1
    outer loop
      vertex 0 6 0
      vertex 4.5365 6.89447 0
      vertex 4.45073 6.75137 0
    endloop
  endfacet
  facet normal 0 0 -1
    outer loop
      vertex 4.74792 37.3479 0
      vertex 0 38.5 0
      vertex 4.63588 37.4715 0
    endloop
  endfacet
  facet normal 0 0 -1
    outer loop
      vertex 0 6 0
      vertex 4.45073 6.75137 0
      vertex 4.3794 6.60056 0
    endloop
  endfacet
  facet normal 0 0 -1
    outer loop
      vertex 4.63588 37.4715 0
      vertex 0 38.5 0
      vertex 4.5365 37.6055 0
    endloop
  endfacet
  facet normal 0 0 -1
    outer loop
      vertex 0 6 0
      vertex 4.3794 6.60056 0
      vertex 4.3232 6.44348 0
    endloop
  endfacet
  facet normal 0 0 -1
    outer loop
      vertex 4.5365 37.6055 0
      vertex 0 38.5 0
      vertex 4.45073 37.7486 0
    endloop
  endfacet
  facet normal 0 0 -1
    outer loop
      vertex 0 6 0
      vertex 4.3232 6.44348 0
      vertex 4.28266 6.28165 0
    endloop
  endfacet
  facet normal 0 0 -1
    outer loop
      vertex 4.45073 37.7486 0
      vertex 0 38.5 0
      vertex 4.3794 37.8994 0
    endloop
  endfacet
  facet normal 0 0 -1
    outer loop
      vertex 0 6 0
      vertex 4.28266 6.28165 0
      vertex 4.25819 6.11663 0
    endloop
  endfacet
  facet normal 0 0 -1
    outer loop
      vertex 4.3794 37.8994 0
      vertex 0 38.5 0
      vertex 4.3232 38.0565 0
    endloop
  endfacet
  facet normal 0 0 -1
    outer loop
      vertex 0 6 0
      vertex 4.25819 6.11663 0
      vertex 4.25 5.95 0
    endloop
  endfacet
  facet normal 0 0 -1
    outer loop
      vertex 4.3232 38.0565 0
      vertex 0 38.5 0
      vertex 4.28266 38.2183 0
    endloop
  endfacet
  facet normal 0 0 -1
    outer loop
      vertex 58.0768 6.44348 0
      vertex 62.4 6 0
      vertex 58.1173 6.28165 0
    endloop
  endfacet
  facet normal -0 0 -1
    outer loop
      vertex 62.4 38.5 0
      vertex 58.1418 38.3834 0
      vertex 58.15 38.55 0
    endloop
  endfacet
  facet normal 0 0 -1
    outer loop
      vertex 58.0206 6.60056 0
      vertex 62.4 6 0
      vertex 58.0768 6.44348 0
    endloop
  endfacet
  facet normal 0 0 -1
    outer loop
      vertex 62.4 38.5 0
      vertex 58.1173 38.2183 0
      vertex 58.1418 38.3834 0
    endloop
  endfacet
  facet normal 0 0 -1
    outer loop
      vertex 57.9493 6.75137 0
      vertex 62.4 6 0
      vertex 58.0206 6.60056 0
    endloop
  endfacet
  facet normal 0 0 -1
    outer loop
      vertex 62.4 38.5 0
      vertex 58.0768 38.0565 0
      vertex 58.1173 38.2183 0
    endloop
  endfacet
  facet normal 0 0 -1
    outer loop
      vertex 57.8635 6.89447 0
      vertex 62.4 6 0
      vertex 57.9493 6.75137 0
    endloop
  endfacet
  facet normal 0 0 -1
    outer loop
      vertex 62.4 38.5 0
      vertex 58.0206 37.8994 0
      vertex 58.0768 38.0565 0
    endloop
  endfacet
  facet normal 0 0 -1
    outer loop
      vertex 57.7641 7.02847 0
      vertex 62.4 6 0
      vertex 57.8635 6.89447 0
    endloop
  endfacet
  facet normal 0 0 -1
    outer loop
      vertex 62.4 38.5 0
      vertex 57.9493 37.7486 0
      vertex 58.0206 37.8994 0
    endloop
  endfacet
  facet normal 0 0 -1
    outer loop
      vertex 57.6521 7.15208 0
      vertex 62.4 6 0
      vertex 57.7641 7.02847 0
    endloop
  endfacet
  facet normal 0 0 -1
    outer loop
      vertex 62.4 38.5 0
      vertex 57.8635 37.6055 0
      vertex 57.9493 37.7486 0
    endloop
  endfacet
  facet normal 0 0 -1
    outer loop
      vertex 57.5285 7.26412 0
      vertex 62.4 6 0
      vertex 57.6521 7.15208 0
    endloop
  endfacet
  facet normal 0 0 -1
    outer loop
      vertex 62.4 38.5 0
      vertex 57.7641 37.4715 0
      vertex 57.8635 37.6055 0
    endloop
  endfacet
  facet normal 0 0 -1
    outer loop
      vertex 57.3945 7.3635 0
      vertex 62.4 6 0
      vertex 57.5285 7.26412 0
    endloop
  endfacet
  facet normal 0 0 -1
    outer loop
      vertex 62.4 38.5 0
      vertex 57.6521 37.3479 0
      vertex 57.7641 37.4715 0
    endloop
  endfacet
  facet normal 0 0 -1
    outer loop
      vertex 57.2514 7.44927 0
      vertex 62.4 6 0
      vertex 57.3945 7.3635 0
    endloop
  endfacet
  facet normal 0 0 -1
    outer loop
      vertex 62.4 38.5 0
      vertex 57.5285 37.2359 0
      vertex 57.6521 37.3479 0
    endloop
  endfacet
  facet normal 0 0 -1
    outer loop
      vertex 62.4 6 0
      vertex 57.2514 7.44927 0
      vertex 62.4 38.5 0
    endloop
  endfacet
  facet normal 0 0 -1
    outer loop
      vertex 62.4 38.5 0
      vertex 57.3945 37.1365 0
      vertex 57.5285 37.2359 0
    endloop
  endfacet
  facet normal 0 0 -1
    outer loop
      vertex 57.2514 37.0507 0
      vertex 62.4 38.5 0
      vertex 57.2514 7.44927 0
    endloop
  endfacet
  facet normal 0 0 -1
    outer loop
      vertex 62.4 38.5 0
      vertex 57.2514 37.0507 0
      vertex 57.3945 37.1365 0
    endloop
  endfacet
  facet normal 0 0 -1
    outer loop
      vertex 57.1006 7.52059 0
      vertex 57.2514 37.0507 0
      vertex 57.2514 7.44927 0
    endloop
  endfacet
  facet normal 0 0 -1
    outer loop
      vertex 57.1006 7.52059 0
      vertex 57.1006 36.9794 0
      vertex 57.2514 37.0507 0
    endloop
  endfacet
  facet normal 0 0 -1
    outer loop
      vertex 56.9435 7.5768 0
      vertex 57.1006 36.9794 0
      vertex 57.1006 7.52059 0
    endloop
  endfacet
  facet normal 0 0 -1
    outer loop
      vertex 56.9435 7.5768 0
      vertex 56.9435 36.9232 0
      vertex 57.1006 36.9794 0
    endloop
  endfacet
  facet normal 0 0 -1
    outer loop
      vertex 56.7817 7.61733 0
      vertex 56.9435 36.9232 0
      vertex 56.9435 7.5768 0
    endloop
  endfacet
  facet normal 0 0 -1
    outer loop
      vertex 56.7817 7.61733 0
      vertex 56.7817 36.8827 0
      vertex 56.9435 36.9232 0
    endloop
  endfacet
  facet normal 0 0 -1
    outer loop
      vertex 56.6166 7.64181 0
      vertex 56.7817 36.8827 0
      vertex 56.7817 7.61733 0
    endloop
  endfacet
  facet normal 0 0 -1
    outer loop
      vertex 56.6166 7.64181 0
      vertex 56.6166 36.8582 0
      vertex 56.7817 36.8827 0
    endloop
  endfacet
  facet normal 0 0 -1
    outer loop
      vertex 56.45 7.65 0
      vertex 56.6166 36.8582 0
      vertex 56.6166 7.64181 0
    endloop
  endfacet
  facet normal 0 0 -1
    outer loop
      vertex 56.45 7.65 0
      vertex 56.45 36.85 0
      vertex 56.6166 36.8582 0
    endloop
  endfacet
  facet normal 0 0 -1
    outer loop
      vertex 56.2834 7.64181 0
      vertex 56.45 36.85 0
      vertex 56.45 7.65 0
    endloop
  endfacet
  facet normal 0 0 -1
    outer loop
      vertex 56.2834 7.64181 0
      vertex 56.2834 36.8582 0
      vertex 56.45 36.85 0
    endloop
  endfacet
  facet normal 0 0 -1
    outer loop
      vertex 56.1183 7.61733 0
      vertex 56.2834 36.8582 0
      vertex 56.2834 7.64181 0
    endloop
  endfacet
  facet normal 0 0 -1
    outer loop
      vertex 56.1183 7.61733 0
      vertex 56.1183 36.8827 0
      vertex 56.2834 36.8582 0
    endloop
  endfacet
  facet normal 0 0 -1
    outer loop
      vertex 55.9565 7.5768 0
      vertex 56.1183 36.8827 0
      vertex 56.1183 7.61733 0
    endloop
  endfacet
  facet normal 0 0 -1
    outer loop
      vertex 55.9565 7.5768 0
      vertex 55.9565 36.9232 0
      vertex 56.1183 36.8827 0
    endloop
  endfacet
  facet normal 0 0 -1
    outer loop
      vertex 55.7994 7.52059 0
      vertex 55.9565 36.9232 0
      vertex 55.9565 7.5768 0
    endloop
  endfacet
  facet normal 0 0 -1
    outer loop
      vertex 55.7994 7.52059 0
      vertex 55.7994 36.9794 0
      vertex 55.9565 36.9232 0
    endloop
  endfacet
  facet normal 0 0 -1
    outer loop
      vertex 55.6486 7.44927 0
      vertex 55.7994 36.9794 0
      vertex 55.7994 7.52059 0
    endloop
  endfacet
  facet normal 0 0 -1
    outer loop
      vertex 55.6486 7.44927 0
      vertex 55.6486 37.0507 0
      vertex 55.7994 36.9794 0
    endloop
  endfacet
  facet normal 0 0 -1
    outer loop
      vertex 55.5055 7.3635 0
      vertex 55.6486 37.0507 0
      vertex 55.6486 7.44927 0
    endloop
  endfacet
  facet normal 0 0 -1
    outer loop
      vertex 55.5055 7.3635 0
      vertex 55.5055 37.1365 0
      vertex 55.6486 37.0507 0
    endloop
  endfacet
  facet normal 0 0 -1
    outer loop
      vertex 55.3715 7.26412 0
      vertex 55.5055 37.1365 0
      vertex 55.5055 7.3635 0
    endloop
  endfacet
  facet normal 0 0 -1
    outer loop
      vertex 55.3715 7.26412 0
      vertex 55.3715 37.2359 0
      vertex 55.5055 37.1365 0
    endloop
  endfacet
  facet normal 0 0 -1
    outer loop
      vertex 55.2479 7.15208 0
      vertex 55.3715 37.2359 0
      vertex 55.3715 7.26412 0
    endloop
  endfacet
  facet normal 0 0 -1
    outer loop
      vertex 55.2479 7.15208 0
      vertex 55.2479 37.3479 0
      vertex 55.3715 37.2359 0
    endloop
  endfacet
  facet normal 0 0 -1
    outer loop
      vertex 55.1359 7.02847 0
      vertex 55.2479 37.3479 0
      vertex 55.2479 7.15208 0
    endloop
  endfacet
  facet normal 0 0 -1
    outer loop
      vertex 55.1359 7.02847 0
      vertex 55.1359 37.4715 0
      vertex 55.2479 37.3479 0
    endloop
  endfacet
  facet normal 0 0 -1
    outer loop
      vertex 55.0365 6.89447 0
      vertex 55.1359 37.4715 0
      vertex 55.1359 7.02847 0
    endloop
  endfacet
  facet normal 0 0 -1
    outer loop
      vertex 55.0365 6.89447 0
      vertex 55.0365 37.6055 0
      vertex 55.1359 37.4715 0
    endloop
  endfacet
  facet normal 0 0 -1
    outer loop
      vertex 7.5768 6.44348 0
      vertex 54.8232 6.44348 0
      vertex 7.61733 6.28165 0
    endloop
  endfacet
  facet normal 0 0 -1
    outer loop
      vertex 54.8232 6.44348 0
      vertex 7.5768 6.44348 0
      vertex 54.8794 6.60056 0
    endloop
  endfacet
  facet normal 0 0 -1
    outer loop
      vertex 54.7827 6.28165 0
      vertex 7.61733 6.28165 0
      vertex 54.8232 6.44348 0
    endloop
  endfacet
  facet normal 0 0 -1
    outer loop
      vertex 7.52059 6.60056 0
      vertex 54.8794 6.60056 0
      vertex 7.5768 6.44348 0
    endloop
  endfacet
  facet normal 0 0 -1
    outer loop
      vertex 7.61733 6.28165 0
      vertex 54.7827 6.28165 0
      vertex 7.64181 6.11663 0
    endloop
  endfacet
  facet normal 0 0 -1
    outer loop
      vertex 55.0365 37.6055 0
      vertex 7.65 38.55 0
      vertex 54.9507 37.7486 0
    endloop
  endfacet
  facet normal 0 0 -1
    outer loop
      vertex 54.7582 6.11663 0
      vertex 7.64181 6.11663 0
      vertex 54.7827 6.28165 0
    endloop
  endfacet
  facet normal 0 0 -1
    outer loop
      vertex 54.9507 37.7486 0
      vertex 7.65 38.55 0
      vertex 54.8794 37.8994 0
    endloop
  endfacet
  facet normal 0 0 -1
    outer loop
      vertex 7.64181 6.11663 0
      vertex 54.7582 6.11663 0
      vertex 7.65 5.95 0
    endloop
  endfacet
  facet normal 0 0 -1
    outer loop
      vertex 54.8794 37.8994 0
      vertex 7.65 38.55 0
      vertex 54.8232 38.0565 0
    endloop
  endfacet
  facet normal 0 0 -1
    outer loop
      vertex 7.65 5.95 0
      vertex 54.7582 6.11663 0
      vertex 54.75 5.95 0
    endloop
  endfacet
  facet normal 0 0 -1
    outer loop
      vertex 54.8232 38.0565 0
      vertex 7.65 38.55 0
      vertex 54.7827 38.2183 0
    endloop
  endfacet
  facet normal 0 0 -1
    outer loop
      vertex 58.15 5.95 0
      vertex 62.4 6 0
      vertex 62.3711 5.4119 0
    endloop
  endfacet
  facet normal 0 0 -1
    outer loop
      vertex 58.1418 6.11663 0
      vertex 62.4 6 0
      vertex 58.15 5.95 0
    endloop
  endfacet
  facet normal 0 0 -1
    outer loop
      vertex 58.1418 5.78337 0
      vertex 62.3711 5.4119 0
      vertex 62.2847 4.82946 0
    endloop
  endfacet
  facet normal 0 0 -1
    outer loop
      vertex 58.1173 6.28165 0
      vertex 62.4 6 0
      vertex 58.1418 6.11663 0
    endloop
  endfacet
  facet normal 0 0 -1
    outer loop
      vertex 58.1173 5.61835 0
      vertex 62.2847 4.82946 0
      vertex 62.1416 4.25829 0
    endloop
  endfacet
  facet normal 0 0 -1
    outer loop
      vertex 62.4 38.5 0
      vertex 58.15 38.55 0
      vertex 62.3711 39.0881 0
    endloop
  endfacet
  facet normal 0 0 -1
    outer loop
      vertex 58.0768 5.45652 0
      vertex 62.1416 4.25829 0
      vertex 61.9433 3.7039 0
    endloop
  endfacet
  facet normal 0 0 -1
    outer loop
      vertex 58.1418 38.7166 0
      vertex 62.3711 39.0881 0
      vertex 58.15 38.55 0
    endloop
  endfacet
  facet normal 0 0 -1
    outer loop
      vertex 58.0206 5.29944 0
      vertex 61.9433 3.7039 0
      vertex 61.6915 3.17162 0
    endloop
  endfacet
  facet normal -0 0 -1
    outer loop
      vertex 62.3711 39.0881 0
      vertex 58.1418 38.7166 0
      vertex 62.2847 39.6705 0
    endloop
  endfacet
  facet normal 0 0 -1
    outer loop
      vertex 57.9493 5.14863 0
      vertex 61.6915 3.17162 0
      vertex 61.3888 2.66658 0
    endloop
  endfacet
  facet normal 0 0 -1
    outer loop
      vertex 58.1173 38.8817 0
      vertex 62.2847 39.6705 0
      vertex 58.1418 38.7166 0
    endloop
  endfacet
  facet normal 0 0 -1
    outer loop
      vertex 57.8635 5.00553 0
      vertex 61.3888 2.66658 0
      vertex 61.0381 2.19364 0
    endloop
  endfacet
  facet normal -0 0 -1
    outer loop
      vertex 62.2847 39.6705 0
      vertex 58.1173 38.8817 0
      vertex 62.1416 40.2417 0
    endloop
  endfacet
  facet normal 0 0 -1
    outer loop
      vertex 57.7641 4.87153 0
      vertex 61.0381 2.19364 0
      vertex 60.6426 1.75736 0
    endloop
  endfacet
  facet normal 0 0 -1
    outer loop
      vertex 58.0768 39.0435 0
      vertex 62.1416 40.2417 0
      vertex 58.1173 38.8817 0
    endloop
  endfacet
  facet normal 0 0 -1
    outer loop
      vertex 57.6521 4.74792 0
      vertex 60.6426 1.75736 0
      vertex 60.2064 1.36194 0
    endloop
  endfacet
  facet normal -0 0 -1
    outer loop
      vertex 62.1416 40.2417 0
      vertex 58.0768 39.0435 0
      vertex 61.9433 40.7961 0
    endloop
  endfacet
  facet normal 0 0 -1
    outer loop
      vertex 57.5285 4.63588 0
      vertex 60.2064 1.36194 0
      vertex 59.7334 1.01118 0
    endloop
  endfacet
  facet normal 0 0 -1
    outer loop
      vertex 58.0206 39.2006 0
      vertex 61.9433 40.7961 0
      vertex 58.0768 39.0435 0
    endloop
  endfacet
  facet normal 0 0 -1
    outer loop
      vertex 57.3945 4.5365 0
      vertex 59.7334 1.01118 0
      vertex 59.2284 0.708472 0
    endloop
  endfacet
  facet normal -0 0 -1
    outer loop
      vertex 61.9433 40.7961 0
      vertex 58.0206 39.2006 0
      vertex 61.6915 41.3284 0
    endloop
  endfacet
  facet normal 0 0 -1
    outer loop
      vertex 57.1006 4.3794 0
      vertex 59.2284 0.708472 0
      vertex 58.6961 0.456722 0
    endloop
  endfacet
  facet normal 0 0 -1
    outer loop
      vertex 57.9493 39.3514 0
      vertex 61.6915 41.3284 0
      vertex 58.0206 39.2006 0
    endloop
  endfacet
  facet normal -0 0 -1
    outer loop
      vertex 61.6915 41.3284 0
      vertex 57.9493 39.3514 0
      vertex 61.3888 41.8334 0
    endloop
  endfacet
  facet normal 0 0 -1
    outer loop
      vertex 62.3711 5.4119 0
      vertex 58.1418 5.78337 0
      vertex 58.15 5.95 0
    endloop
  endfacet
  facet normal 0 0 -1
    outer loop
      vertex 56.9435 4.3232 0
      vertex 58.6961 0.456722 0
      vertex 58.1417 0.258357 0
    endloop
  endfacet
  facet normal 0 0 -1
    outer loop
      vertex 62.2847 4.82946 0
      vertex 58.1173 5.61835 0
      vertex 58.1418 5.78337 0
    endloop
  endfacet
  facet normal 0 0 -1
    outer loop
      vertex 62.1416 4.25829 0
      vertex 58.0768 5.45652 0
      vertex 58.1173 5.61835 0
    endloop
  endfacet
  facet normal 0 0 -1
    outer loop
      vertex 61.9433 3.7039 0
      vertex 58.0206 5.29944 0
      vertex 58.0768 5.45652 0
    endloop
  endfacet
  facet normal 0 0 -1
    outer loop
      vertex 61.6915 3.17162 0
      vertex 57.9493 5.14863 0
      vertex 58.0206 5.29944 0
    endloop
  endfacet
  facet normal 0 0 -1
    outer loop
      vertex 61.3888 2.66658 0
      vertex 57.8635 5.00553 0
      vertex 57.9493 5.14863 0
    endloop
  endfacet
  facet normal 0 0 -1
    outer loop
      vertex 61.0381 2.19364 0
      vertex 57.7641 4.87153 0
      vertex 57.8635 5.00553 0
    endloop
  endfacet
  facet normal 0 0 -1
    outer loop
      vertex 60.6426 1.75736 0
      vertex 57.6521 4.74792 0
      vertex 57.7641 4.87153 0
    endloop
  endfacet
  facet normal 0 0 -1
    outer loop
      vertex 56.7817 4.28266 0
      vertex 58.1417 0.258357 0
      vertex 57.5705 0.115288 0
    endloop
  endfacet
  facet normal 0 0 -1
    outer loop
      vertex 60.2064 1.36194 0
      vertex 57.5285 4.63588 0
      vertex 57.6521 4.74792 0
    endloop
  endfacet
  facet normal 0 0 -1
    outer loop
      vertex 59.7334 1.01118 0
      vertex 57.3945 4.5365 0
      vertex 57.5285 4.63588 0
    endloop
  endfacet
  facet normal 0 0 -1
    outer loop
      vertex 59.2284 0.708472 0
      vertex 57.2514 4.45073 0
      vertex 57.3945 4.5365 0
    endloop
  endfacet
  facet normal 0 0 -1
    outer loop
      vertex 59.2284 0.708472 0
      vertex 57.1006 4.3794 0
      vertex 57.2514 4.45073 0
    endloop
  endfacet
  facet normal 0 0 -1
    outer loop
      vertex 56.6166 4.25819 0
      vertex 57.5705 0.115288 0
      vertex 56.9881 0.0288916 0
    endloop
  endfacet
  facet normal 0 0 -1
    outer loop
      vertex 58.6961 0.456722 0
      vertex 56.9435 4.3232 0
      vertex 57.1006 4.3794 0
    endloop
  endfacet
  facet normal 0 0 -1
    outer loop
      vertex 58.1417 0.258357 0
      vertex 56.7817 4.28266 0
      vertex 56.9435 4.3232 0
    endloop
  endfacet
  facet normal 0 0 -1
    outer loop
      vertex 57.5705 0.115288 0
      vertex 56.6166 4.25819 0
      vertex 56.7817 4.28266 0
    endloop
  endfacet
  facet normal 0 0 -1
    outer loop
      vertex 56.9881 0.0288916 0
      vertex 56.45 4.25 0
      vertex 56.6166 4.25819 0
    endloop
  endfacet
  facet normal 0 0 -1
    outer loop
      vertex 56.4 0 0
      vertex 56.45 4.25 0
      vertex 56.9881 0.0288916 0
    endloop
  endfacet
  facet normal 0 0 -1
    outer loop
      vertex 56.4 0 0
      vertex 56.2834 4.25819 0
      vertex 56.45 4.25 0
    endloop
  endfacet
  facet normal 0 0 -1
    outer loop
      vertex 56.4 0 0
      vertex 56.1183 4.28266 0
      vertex 56.2834 4.25819 0
    endloop
  endfacet
  facet normal 0 0 -1
    outer loop
      vertex 56.4 0 0
      vertex 55.9565 4.3232 0
      vertex 56.1183 4.28266 0
    endloop
  endfacet
  facet normal 0 0 -1
    outer loop
      vertex 56.4 0 0
      vertex 55.7994 4.3794 0
      vertex 55.9565 4.3232 0
    endloop
  endfacet
  facet normal 0 0 -1
    outer loop
      vertex 56.4 0 0
      vertex 55.6486 4.45073 0
      vertex 55.7994 4.3794 0
    endloop
  endfacet
  facet normal 0 0 -1
    outer loop
      vertex 56.4 0 0
      vertex 55.5055 4.5365 0
      vertex 55.6486 4.45073 0
    endloop
  endfacet
  facet normal 0 0 -1
    outer loop
      vertex 56.4 0 0
      vertex 55.3715 4.63588 0
      vertex 55.5055 4.5365 0
    endloop
  endfacet
  facet normal 0 0 -1
    outer loop
      vertex 56.4 0 0
      vertex 55.2479 4.74792 0
      vertex 55.3715 4.63588 0
    endloop
  endfacet
  facet normal 0 0 -1
    outer loop
      vertex 56.4 0 0
      vertex 55.1359 4.87153 0
      vertex 55.2479 4.74792 0
    endloop
  endfacet
  facet normal 0 0 -1
    outer loop
      vertex 56.4 0 0
      vertex 55.0365 5.00553 0
      vertex 55.1359 4.87153 0
    endloop
  endfacet
  facet normal 0 0 -1
    outer loop
      vertex 56.4 0 0
      vertex 54.9507 5.14863 0
      vertex 55.0365 5.00553 0
    endloop
  endfacet
  facet normal 0 0 -1
    outer loop
      vertex 56.4 0 0
      vertex 54.8794 5.29944 0
      vertex 54.9507 5.14863 0
    endloop
  endfacet
  facet normal 0 0 -1
    outer loop
      vertex 7.52059 5.29944 0
      vertex 54.8794 5.29944 0
      vertex 56.4 0 0
    endloop
  endfacet
  facet normal 0 0 -1
    outer loop
      vertex 54.7827 38.2183 0
      vertex 7.65 38.55 0
      vertex 54.7582 38.3834 0
    endloop
  endfacet
  facet normal 0 0 -1
    outer loop
      vertex 54.7582 5.78337 0
      vertex 7.65 5.95 0
      vertex 54.75 5.95 0
    endloop
  endfacet
  facet normal 0 0 -1
    outer loop
      vertex 7.64181 5.78337 0
      vertex 54.7582 5.78337 0
      vertex 54.7827 5.61835 0
    endloop
  endfacet
  facet normal 0 0 -1
    outer loop
      vertex 7.61733 5.61835 0
      vertex 54.7827 5.61835 0
      vertex 54.8232 5.45652 0
    endloop
  endfacet
  facet normal 0 0 -1
    outer loop
      vertex 54.8794 5.29944 0
      vertex 7.52059 5.29944 0
      vertex 54.8232 5.45652 0
    endloop
  endfacet
  facet normal 0 0 -1
    outer loop
      vertex 54.7582 5.78337 0
      vertex 7.64181 5.78337 0
      vertex 7.65 5.95 0
    endloop
  endfacet
  facet normal 0 0 -1
    outer loop
      vertex 54.7827 5.61835 0
      vertex 7.61733 5.61835 0
      vertex 7.64181 5.78337 0
    endloop
  endfacet
  facet normal 0 0 -1
    outer loop
      vertex 54.8232 5.45652 0
      vertex 7.5768 5.45652 0
      vertex 7.61733 5.61835 0
    endloop
  endfacet
  facet normal -0 0 -1
    outer loop
      vertex 54.8232 5.45652 0
      vertex 7.52059 5.29944 0
      vertex 7.5768 5.45652 0
    endloop
  endfacet
  facet normal 0 0 -1
    outer loop
      vertex 6 0 0
      vertex 7.52059 5.29944 0
      vertex 56.4 0 0
    endloop
  endfacet
  facet normal 0 0 -1
    outer loop
      vertex 7.52059 5.29944 0
      vertex 6 0 0
      vertex 7.44927 5.14863 0
    endloop
  endfacet
  facet normal 0 0 -1
    outer loop
      vertex 7.44927 5.14863 0
      vertex 6 0 0
      vertex 7.3635 5.00553 0
    endloop
  endfacet
  facet normal 0 0 -1
    outer loop
      vertex 7.3635 5.00553 0
      vertex 6 0 0
      vertex 7.26412 4.87153 0
    endloop
  endfacet
  facet normal 0 0 -1
    outer loop
      vertex 7.26412 4.87153 0
      vertex 6 0 0
      vertex 7.15208 4.74792 0
    endloop
  endfacet
  facet normal 0 0 -1
    outer loop
      vertex 7.15208 4.74792 0
      vertex 6 0 0
      vertex 7.02847 4.63588 0
    endloop
  endfacet
  facet normal 0 0 -1
    outer loop
      vertex 7.02847 4.63588 0
      vertex 6 0 0
      vertex 6.89447 4.5365 0
    endloop
  endfacet
  facet normal 0 0 -1
    outer loop
      vertex 6.89447 4.5365 0
      vertex 6 0 0
      vertex 6.75137 4.45073 0
    endloop
  endfacet
  facet normal 0 0 -1
    outer loop
      vertex 6.75137 4.45073 0
      vertex 6 0 0
      vertex 6.60056 4.3794 0
    endloop
  endfacet
  facet normal 0 0 -1
    outer loop
      vertex 6.60056 4.3794 0
      vertex 6 0 0
      vertex 6.44348 4.3232 0
    endloop
  endfacet
  facet normal 0 0 -1
    outer loop
      vertex 6.44348 4.3232 0
      vertex 6 0 0
      vertex 6.28165 4.28266 0
    endloop
  endfacet
  facet normal 0 0 -1
    outer loop
      vertex 6.28165 4.28266 0
      vertex 6 0 0
      vertex 6.11663 4.25819 0
    endloop
  endfacet
  facet normal 0 0 -1
    outer loop
      vertex 6 0 0
      vertex 5.95 4.25 0
      vertex 6.11663 4.25819 0
    endloop
  endfacet
  facet normal 0 0 -1
    outer loop
      vertex 5.4119 0.0288916 0
      vertex 5.95 4.25 0
      vertex 6 0 0
    endloop
  endfacet
  facet normal -0 0 -1
    outer loop
      vertex 5.95 4.25 0
      vertex 5.4119 0.0288916 0
      vertex 5.78337 4.25819 0
    endloop
  endfacet
  facet normal 0 0 -1
    outer loop
      vertex 4.82946 0.115288 0
      vertex 5.78337 4.25819 0
      vertex 5.4119 0.0288916 0
    endloop
  endfacet
  facet normal -0 0 -1
    outer loop
      vertex 5.78337 4.25819 0
      vertex 4.82946 0.115288 0
      vertex 5.61835 4.28266 0
    endloop
  endfacet
  facet normal 0 0 -1
    outer loop
      vertex 4.25829 0.258357 0
      vertex 5.61835 4.28266 0
      vertex 4.82946 0.115288 0
    endloop
  endfacet
  facet normal -0 0 -1
    outer loop
      vertex 5.61835 4.28266 0
      vertex 4.25829 0.258357 0
      vertex 5.45652 4.3232 0
    endloop
  endfacet
  facet normal 0 0 -1
    outer loop
      vertex 3.7039 0.456722 0
      vertex 5.45652 4.3232 0
      vertex 4.25829 0.258357 0
    endloop
  endfacet
  facet normal -0 0 -1
    outer loop
      vertex 5.45652 4.3232 0
      vertex 3.7039 0.456722 0
      vertex 5.29944 4.3794 0
    endloop
  endfacet
  facet normal 0 0 -1
    outer loop
      vertex 3.17162 0.708472 0
      vertex 5.29944 4.3794 0
      vertex 3.7039 0.456722 0
    endloop
  endfacet
  facet normal -0 0 -1
    outer loop
      vertex 5.29944 4.3794 0
      vertex 3.17162 0.708472 0
      vertex 5.14863 4.45073 0
    endloop
  endfacet
  facet normal -0 0 -1
    outer loop
      vertex 5.14863 4.45073 0
      vertex 3.17162 0.708472 0
      vertex 5.00553 4.5365 0
    endloop
  endfacet
  facet normal 0 0 -1
    outer loop
      vertex 2.66658 1.01118 0
      vertex 5.00553 4.5365 0
      vertex 3.17162 0.708472 0
    endloop
  endfacet
  facet normal -0 0 -1
    outer loop
      vertex 5.00553 4.5365 0
      vertex 2.66658 1.01118 0
      vertex 4.87153 4.63588 0
    endloop
  endfacet
  facet normal 0 0 -1
    outer loop
      vertex 2.19364 1.36194 0
      vertex 4.87153 4.63588 0
      vertex 2.66658 1.01118 0
    endloop
  endfacet
  facet normal -0 0 -1
    outer loop
      vertex 4.87153 4.63588 0
      vertex 2.19364 1.36194 0
      vertex 4.74792 4.74792 0
    endloop
  endfacet
  facet normal 0 0 -1
    outer loop
      vertex 1.75736 1.75736 0
      vertex 4.74792 4.74792 0
      vertex 2.19364 1.36194 0
    endloop
  endfacet
  facet normal -0 0 -1
    outer loop
      vertex 4.74792 4.74792 0
      vertex 1.75736 1.75736 0
      vertex 4.63588 4.87153 0
    endloop
  endfacet
  facet normal 0 0 -1
    outer loop
      vertex 1.36194 2.19364 0
      vertex 4.63588 4.87153 0
      vertex 1.75736 1.75736 0
    endloop
  endfacet
  facet normal -0 0 -1
    outer loop
      vertex 4.63588 4.87153 0
      vertex 1.36194 2.19364 0
      vertex 4.5365 5.00553 0
    endloop
  endfacet
  facet normal -0 0 -1
    outer loop
      vertex 4.5365 5.00553 0
      vertex 1.01118 2.66658 0
      vertex 4.45073 5.14863 0
    endloop
  endfacet
  facet normal 0 0 -1
    outer loop
      vertex 1.01118 2.66658 0
      vertex 4.5365 5.00553 0
      vertex 1.36194 2.19364 0
    endloop
  endfacet
  facet normal 0 0 -1
    outer loop
      vertex 57.8635 39.4945 0
      vertex 61.3888 41.8334 0
      vertex 57.9493 39.3514 0
    endloop
  endfacet
  facet normal -0 0 -1
    outer loop
      vertex 61.3888 41.8334 0
      vertex 57.8635 39.4945 0
      vertex 61.0381 42.3064 0
    endloop
  endfacet
  facet normal 0 0 -1
    outer loop
      vertex 57.7641 39.6285 0
      vertex 61.0381 42.3064 0
      vertex 57.8635 39.4945 0
    endloop
  endfacet
  facet normal -0 0 -1
    outer loop
      vertex 61.0381 42.3064 0
      vertex 57.7641 39.6285 0
      vertex 60.6426 42.7426 0
    endloop
  endfacet
  facet normal 0 0 -1
    outer loop
      vertex 57.6521 39.7521 0
      vertex 60.6426 42.7426 0
      vertex 57.7641 39.6285 0
    endloop
  endfacet
  facet normal -0 0 -1
    outer loop
      vertex 60.6426 42.7426 0
      vertex 57.6521 39.7521 0
      vertex 60.2064 43.1381 0
    endloop
  endfacet
  facet normal 0 0 -1
    outer loop
      vertex 57.5285 39.8641 0
      vertex 60.2064 43.1381 0
      vertex 57.6521 39.7521 0
    endloop
  endfacet
  facet normal -0 0 -1
    outer loop
      vertex 60.2064 43.1381 0
      vertex 57.5285 39.8641 0
      vertex 59.7334 43.4888 0
    endloop
  endfacet
  facet normal 0 0 -1
    outer loop
      vertex 57.3945 39.9635 0
      vertex 59.7334 43.4888 0
      vertex 57.5285 39.8641 0
    endloop
  endfacet
  facet normal -0 0 -1
    outer loop
      vertex 59.7334 43.4888 0
      vertex 57.3945 39.9635 0
      vertex 59.2284 43.7915 0
    endloop
  endfacet
  facet normal 0 0 -1
    outer loop
      vertex 57.2514 40.0493 0
      vertex 59.2284 43.7915 0
      vertex 57.3945 39.9635 0
    endloop
  endfacet
  facet normal 0 0 -1
    outer loop
      vertex 57.1006 40.1206 0
      vertex 59.2284 43.7915 0
      vertex 57.2514 40.0493 0
    endloop
  endfacet
  facet normal -0 0 -1
    outer loop
      vertex 59.2284 43.7915 0
      vertex 57.1006 40.1206 0
      vertex 58.6961 44.0433 0
    endloop
  endfacet
  facet normal 0 0 -1
    outer loop
      vertex 56.9435 40.1768 0
      vertex 58.6961 44.0433 0
      vertex 57.1006 40.1206 0
    endloop
  endfacet
  facet normal -0 0 -1
    outer loop
      vertex 58.6961 44.0433 0
      vertex 56.9435 40.1768 0
      vertex 58.1417 44.2416 0
    endloop
  endfacet
  facet normal 0 0 -1
    outer loop
      vertex 56.7817 40.2173 0
      vertex 58.1417 44.2416 0
      vertex 56.9435 40.1768 0
    endloop
  endfacet
  facet normal -0 0 -1
    outer loop
      vertex 58.1417 44.2416 0
      vertex 56.7817 40.2173 0
      vertex 57.5705 44.3847 0
    endloop
  endfacet
  facet normal 0 0 -1
    outer loop
      vertex 56.6166 40.2418 0
      vertex 57.5705 44.3847 0
      vertex 56.7817 40.2173 0
    endloop
  endfacet
  facet normal -0 0 -1
    outer loop
      vertex 57.5705 44.3847 0
      vertex 56.6166 40.2418 0
      vertex 56.9881 44.4711 0
    endloop
  endfacet
  facet normal 0 0 -1
    outer loop
      vertex 56.45 40.25 0
      vertex 56.9881 44.4711 0
      vertex 56.6166 40.2418 0
    endloop
  endfacet
  facet normal 0 0 -1
    outer loop
      vertex 56.45 40.25 0
      vertex 56.4 44.5 0
      vertex 56.9881 44.4711 0
    endloop
  endfacet
  facet normal 0 0 -1
    outer loop
      vertex 56.2834 40.2418 0
      vertex 56.4 44.5 0
      vertex 56.45 40.25 0
    endloop
  endfacet
  facet normal 0 0 -1
    outer loop
      vertex 56.1183 40.2173 0
      vertex 56.4 44.5 0
      vertex 56.2834 40.2418 0
    endloop
  endfacet
  facet normal 0 0 -1
    outer loop
      vertex 55.9565 40.1768 0
      vertex 56.4 44.5 0
      vertex 56.1183 40.2173 0
    endloop
  endfacet
  facet normal 0 0 -1
    outer loop
      vertex 55.7994 40.1206 0
      vertex 56.4 44.5 0
      vertex 55.9565 40.1768 0
    endloop
  endfacet
  facet normal 0 0 -1
    outer loop
      vertex 55.6486 40.0493 0
      vertex 56.4 44.5 0
      vertex 55.7994 40.1206 0
    endloop
  endfacet
  facet normal 0 0 -1
    outer loop
      vertex 55.5055 39.9635 0
      vertex 56.4 44.5 0
      vertex 55.6486 40.0493 0
    endloop
  endfacet
  facet normal 0 0 -1
    outer loop
      vertex 55.3715 39.8641 0
      vertex 56.4 44.5 0
      vertex 55.5055 39.9635 0
    endloop
  endfacet
  facet normal 0 0 -1
    outer loop
      vertex 55.2479 39.7521 0
      vertex 56.4 44.5 0
      vertex 55.3715 39.8641 0
    endloop
  endfacet
  facet normal 0 0 -1
    outer loop
      vertex 55.1359 39.6285 0
      vertex 56.4 44.5 0
      vertex 55.2479 39.7521 0
    endloop
  endfacet
  facet normal 0 0 -1
    outer loop
      vertex 55.0365 39.4945 0
      vertex 56.4 44.5 0
      vertex 55.1359 39.6285 0
    endloop
  endfacet
  facet normal 0 0 -1
    outer loop
      vertex 54.9507 39.3514 0
      vertex 56.4 44.5 0
      vertex 55.0365 39.4945 0
    endloop
  endfacet
  facet normal 0 0 -1
    outer loop
      vertex 54.8794 39.2006 0
      vertex 56.4 44.5 0
      vertex 54.9507 39.3514 0
    endloop
  endfacet
  facet normal 0 0 -1
    outer loop
      vertex 7.52059 39.2006 0
      vertex 54.8794 39.2006 0
      vertex 54.8232 39.0435 0
    endloop
  endfacet
  facet normal 0 0 -1
    outer loop
      vertex 54.7582 38.3834 0
      vertex 7.65 38.55 0
      vertex 54.75 38.55 0
    endloop
  endfacet
  facet normal 0 0 -1
    outer loop
      vertex 54.75 38.55 0
      vertex 7.65 38.55 0
      vertex 54.7582 38.7166 0
    endloop
  endfacet
  facet normal 0 0 -1
    outer loop
      vertex 7.64181 38.7166 0
      vertex 54.7582 38.7166 0
      vertex 7.65 38.55 0
    endloop
  endfacet
  facet normal 0 0 -1
    outer loop
      vertex 54.7582 38.7166 0
      vertex 7.64181 38.7166 0
      vertex 54.7827 38.8817 0
    endloop
  endfacet
  facet normal 0 0 -1
    outer loop
      vertex 7.61733 38.8817 0
      vertex 54.7827 38.8817 0
      vertex 7.64181 38.7166 0
    endloop
  endfacet
  facet normal 0 0 -1
    outer loop
      vertex 54.7827 38.8817 0
      vertex 7.61733 38.8817 0
      vertex 54.8232 39.0435 0
    endloop
  endfacet
  facet normal 0 0 -1
    outer loop
      vertex 7.5768 39.0435 0
      vertex 54.8232 39.0435 0
      vertex 7.61733 38.8817 0
    endloop
  endfacet
  facet normal 0 0 -1
    outer loop
      vertex 7.52059 39.2006 0
      vertex 54.8232 39.0435 0
      vertex 7.5768 39.0435 0
    endloop
  endfacet
  facet normal 0 0 -1
    outer loop
      vertex 54.8794 39.2006 0
      vertex 7.52059 39.2006 0
      vertex 56.4 44.5 0
    endloop
  endfacet
  facet normal 0 0 -1
    outer loop
      vertex 6 44.5 0
      vertex 7.52059 39.2006 0
      vertex 7.44927 39.3514 0
    endloop
  endfacet
  facet normal 0 0 -1
    outer loop
      vertex 6 44.5 0
      vertex 7.44927 39.3514 0
      vertex 7.3635 39.4945 0
    endloop
  endfacet
  facet normal 0 0 -1
    outer loop
      vertex 6 44.5 0
      vertex 7.3635 39.4945 0
      vertex 7.26412 39.6285 0
    endloop
  endfacet
  facet normal 0 0 -1
    outer loop
      vertex 6 44.5 0
      vertex 7.26412 39.6285 0
      vertex 7.15208 39.7521 0
    endloop
  endfacet
  facet normal 0 0 -1
    outer loop
      vertex 6 44.5 0
      vertex 7.15208 39.7521 0
      vertex 7.02847 39.8641 0
    endloop
  endfacet
  facet normal 0 0 -1
    outer loop
      vertex 6 44.5 0
      vertex 7.02847 39.8641 0
      vertex 6.89447 39.9635 0
    endloop
  endfacet
  facet normal 0 0 -1
    outer loop
      vertex 6 44.5 0
      vertex 6.89447 39.9635 0
      vertex 6.75137 40.0493 0
    endloop
  endfacet
  facet normal 0 0 -1
    outer loop
      vertex 6 44.5 0
      vertex 6.75137 40.0493 0
      vertex 6.60056 40.1206 0
    endloop
  endfacet
  facet normal 0 0 -1
    outer loop
      vertex 6 44.5 0
      vertex 6.60056 40.1206 0
      vertex 6.44348 40.1768 0
    endloop
  endfacet
  facet normal 0 0 -1
    outer loop
      vertex 6 44.5 0
      vertex 6.44348 40.1768 0
      vertex 6.28165 40.2173 0
    endloop
  endfacet
  facet normal 0 0 -1
    outer loop
      vertex 6 44.5 0
      vertex 6.28165 40.2173 0
      vertex 6.11663 40.2418 0
    endloop
  endfacet
  facet normal 0 0 -1
    outer loop
      vertex 7.52059 39.2006 0
      vertex 6 44.5 0
      vertex 56.4 44.5 0
    endloop
  endfacet
  facet normal 0 0 -1
    outer loop
      vertex 5.95 40.25 0
      vertex 6 44.5 0
      vertex 6.11663 40.2418 0
    endloop
  endfacet
  facet normal 0 0 -1
    outer loop
      vertex 5.4119 44.4711 0
      vertex 5.95 40.25 0
      vertex 5.78337 40.2418 0
    endloop
  endfacet
  facet normal 0 0 -1
    outer loop
      vertex 4.82946 44.3847 0
      vertex 5.78337 40.2418 0
      vertex 5.61835 40.2173 0
    endloop
  endfacet
  facet normal 0 0 -1
    outer loop
      vertex 4.25829 44.2416 0
      vertex 5.61835 40.2173 0
      vertex 5.45652 40.1768 0
    endloop
  endfacet
  facet normal 0 0 -1
    outer loop
      vertex 5.95 40.25 0
      vertex 5.4119 44.4711 0
      vertex 6 44.5 0
    endloop
  endfacet
  facet normal 0 0 -1
    outer loop
      vertex 3.7039 44.0433 0
      vertex 5.45652 40.1768 0
      vertex 5.29944 40.1206 0
    endloop
  endfacet
  facet normal 0 0 -1
    outer loop
      vertex 3.17162 43.7915 0
      vertex 5.29944 40.1206 0
      vertex 5.14863 40.0493 0
    endloop
  endfacet
  facet normal 0 0 -1
    outer loop
      vertex 3.17162 43.7915 0
      vertex 5.14863 40.0493 0
      vertex 5.00553 39.9635 0
    endloop
  endfacet
  facet normal 0 0 -1
    outer loop
      vertex 2.66658 43.4888 0
      vertex 5.00553 39.9635 0
      vertex 4.87153 39.8641 0
    endloop
  endfacet
  facet normal 0 0 -1
    outer loop
      vertex 5.78337 40.2418 0
      vertex 4.82946 44.3847 0
      vertex 5.4119 44.4711 0
    endloop
  endfacet
  facet normal 0 0 -1
    outer loop
      vertex 2.19364 43.1381 0
      vertex 4.87153 39.8641 0
      vertex 4.74792 39.7521 0
    endloop
  endfacet
  facet normal 0 0 -1
    outer loop
      vertex 1.75736 42.7426 0
      vertex 4.74792 39.7521 0
      vertex 4.63588 39.6285 0
    endloop
  endfacet
  facet normal 0 0 -1
    outer loop
      vertex 1.36194 42.3064 0
      vertex 4.63588 39.6285 0
      vertex 4.5365 39.4945 0
    endloop
  endfacet
  facet normal 0 0 -1
    outer loop
      vertex 1.01118 41.8334 0
      vertex 4.5365 39.4945 0
      vertex 4.45073 39.3514 0
    endloop
  endfacet
  facet normal 0 0 -1
    outer loop
      vertex 0.708472 41.3284 0
      vertex 4.45073 39.3514 0
      vertex 4.3794 39.2006 0
    endloop
  endfacet
  facet normal 0 0 -1
    outer loop
      vertex 0.456722 40.7961 0
      vertex 4.3794 39.2006 0
      vertex 4.3232 39.0435 0
    endloop
  endfacet
  facet normal 0 0 -1
    outer loop
      vertex 0.258357 40.2417 0
      vertex 4.3232 39.0435 0
      vertex 4.28266 38.8817 0
    endloop
  endfacet
  facet normal 0 0 -1
    outer loop
      vertex 5.61835 40.2173 0
      vertex 4.25829 44.2416 0
      vertex 4.82946 44.3847 0
    endloop
  endfacet
  facet normal 0 0 -1
    outer loop
      vertex 0.115288 39.6705 0
      vertex 4.28266 38.8817 0
      vertex 4.25819 38.7166 0
    endloop
  endfacet
  facet normal 0 0 -1
    outer loop
      vertex 0.0288916 39.0881 0
      vertex 4.25819 38.7166 0
      vertex 4.25 38.55 0
    endloop
  endfacet
  facet normal 0 0 -1
    outer loop
      vertex 4.28266 38.2183 0
      vertex 0 38.5 0
      vertex 4.25819 38.3834 0
    endloop
  endfacet
  facet normal 0 0 -1
    outer loop
      vertex 4.25819 38.3834 0
      vertex 0 38.5 0
      vertex 4.25 38.55 0
    endloop
  endfacet
  facet normal 0 0 -1
    outer loop
      vertex 0.708472 3.17162 0
      vertex 4.45073 5.14863 0
      vertex 1.01118 2.66658 0
    endloop
  endfacet
  facet normal 0 -0 -1
    outer loop
      vertex 0.0288916 39.0881 0
      vertex 4.25 38.55 0
      vertex 0 38.5 0
    endloop
  endfacet
  facet normal -0 0 -1
    outer loop
      vertex 4.45073 5.14863 0
      vertex 0.708472 3.17162 0
      vertex 4.3794 5.29944 0
    endloop
  endfacet
  facet normal 0 0 -1
    outer loop
      vertex 5.45652 40.1768 0
      vertex 3.7039 44.0433 0
      vertex 4.25829 44.2416 0
    endloop
  endfacet
  facet normal 0 0 -1
    outer loop
      vertex 0.456722 3.7039 0
      vertex 4.3794 5.29944 0
      vertex 0.708472 3.17162 0
    endloop
  endfacet
  facet normal 0 0 -1
    outer loop
      vertex 5.29944 40.1206 0
      vertex 3.17162 43.7915 0
      vertex 3.7039 44.0433 0
    endloop
  endfacet
  facet normal -0 0 -1
    outer loop
      vertex 4.3794 5.29944 0
      vertex 0.456722 3.7039 0
      vertex 4.3232 5.45652 0
    endloop
  endfacet
  facet normal 0 0 -1
    outer loop
      vertex 5.00553 39.9635 0
      vertex 2.66658 43.4888 0
      vertex 3.17162 43.7915 0
    endloop
  endfacet
  facet normal 0 0 -1
    outer loop
      vertex 0.258357 4.25829 0
      vertex 4.3232 5.45652 0
      vertex 0.456722 3.7039 0
    endloop
  endfacet
  facet normal 0 0 -1
    outer loop
      vertex 4.87153 39.8641 0
      vertex 2.19364 43.1381 0
      vertex 2.66658 43.4888 0
    endloop
  endfacet
  facet normal -0 0 -1
    outer loop
      vertex 4.3232 5.45652 0
      vertex 0.258357 4.25829 0
      vertex 4.28266 5.61835 0
    endloop
  endfacet
  facet normal 0 0 -1
    outer loop
      vertex 4.74792 39.7521 0
      vertex 1.75736 42.7426 0
      vertex 2.19364 43.1381 0
    endloop
  endfacet
  facet normal 0 0 -1
    outer loop
      vertex 0.115288 4.82946 0
      vertex 4.28266 5.61835 0
      vertex 0.258357 4.25829 0
    endloop
  endfacet
  facet normal 0 0 -1
    outer loop
      vertex 4.63588 39.6285 0
      vertex 1.36194 42.3064 0
      vertex 1.75736 42.7426 0
    endloop
  endfacet
  facet normal -0 0 -1
    outer loop
      vertex 4.28266 5.61835 0
      vertex 0.115288 4.82946 0
      vertex 4.25819 5.78337 0
    endloop
  endfacet
  facet normal 0 0 -1
    outer loop
      vertex 4.5365 39.4945 0
      vertex 1.01118 41.8334 0
      vertex 1.36194 42.3064 0
    endloop
  endfacet
  facet normal 0 0 -1
    outer loop
      vertex 0.0288916 5.4119 0
      vertex 4.25819 5.78337 0
      vertex 0.115288 4.82946 0
    endloop
  endfacet
  facet normal 0 0 -1
    outer loop
      vertex 4.45073 39.3514 0
      vertex 0.708472 41.3284 0
      vertex 1.01118 41.8334 0
    endloop
  endfacet
  facet normal -0 0 -1
    outer loop
      vertex 4.25819 5.78337 0
      vertex 0.0288916 5.4119 0
      vertex 4.25 5.95 0
    endloop
  endfacet
  facet normal 0 0 -1
    outer loop
      vertex 4.3794 39.2006 0
      vertex 0.456722 40.7961 0
      vertex 0.708472 41.3284 0
    endloop
  endfacet
  facet normal -0 0 -1
    outer loop
      vertex 4.25 5.95 0
      vertex 0.0288916 5.4119 0
      vertex 0 6 0
    endloop
  endfacet
  facet normal 0 0 -1
    outer loop
      vertex 4.3232 39.0435 0
      vertex 0.258357 40.2417 0
      vertex 0.456722 40.7961 0
    endloop
  endfacet
  facet normal 0 0 -1
    outer loop
      vertex 4.28266 38.8817 0
      vertex 0.115288 39.6705 0
      vertex 0.258357 40.2417 0
    endloop
  endfacet
  facet normal 0 0 -1
    outer loop
      vertex 4.25819 38.7166 0
      vertex 0.0288916 39.0881 0
      vertex 0.115288 39.6705 0
    endloop
  endfacet
  facet normal 0.427612 0.903962 -0
    outer loop
      vertex 59.2284 43.7915 0
      vertex 58.6961 44.0433 3.7
      vertex 59.2284 43.7915 3.7
    endloop
  endfacet
  facet normal 0.427612 0.903962 0
    outer loop
      vertex 58.6961 44.0433 3.7
      vertex 59.2284 43.7915 0
      vertex 58.6961 44.0433 0
    endloop
  endfacet
  facet normal 0.998795 0.0490821 0
    outer loop
      vertex 62.4 38.5 3.7
      vertex 62.3711 39.0881 0
      vertex 62.3711 39.0881 3.7
    endloop
  endfacet
  facet normal 0.998795 0.0490821 0
    outer loop
      vertex 62.3711 39.0881 0
      vertex 62.4 38.5 3.7
      vertex 62.4 38.5 0
    endloop
  endfacet
  facet normal -0.903995 0.427542 0
    outer loop
      vertex 0.456722 40.7961 0
      vertex 0.708472 41.3284 3.7
      vertex 0.708472 41.3284 0
    endloop
  endfacet
  facet normal -0.903995 0.427542 0
    outer loop
      vertex 0.708472 41.3284 3.7
      vertex 0.456722 40.7961 0
      vertex 0.456722 40.7961 3.7
    endloop
  endfacet
  facet normal -0.857712 0.514131 0
    outer loop
      vertex 0.708472 41.3284 0
      vertex 1.01118 41.8334 3.7
      vertex 1.01118 41.8334 0
    endloop
  endfacet
  facet normal -0.857712 0.514131 0
    outer loop
      vertex 1.01118 41.8334 3.7
      vertex 0.708472 41.3284 0
      vertex 0.708472 41.3284 3.7
    endloop
  endfacet
  facet normal 0.903962 0.427612 0
    outer loop
      vertex 61.9433 40.7961 3.7
      vertex 61.6915 41.3284 0
      vertex 61.6915 41.3284 3.7
    endloop
  endfacet
  facet normal 0.903962 0.427612 0
    outer loop
      vertex 61.6915 41.3284 0
      vertex 61.9433 40.7961 3.7
      vertex 61.9433 40.7961 0
    endloop
  endfacet
  facet normal 0.740823 0.6717 0
    outer loop
      vertex 61.0381 42.3064 3.7
      vertex 60.6426 42.7426 0
      vertex 60.6426 42.7426 3.7
    endloop
  endfacet
  facet normal 0.740823 0.6717 0
    outer loop
      vertex 60.6426 42.7426 0
      vertex 61.0381 42.3064 3.7
      vertex 61.0381 42.3064 0
    endloop
  endfacet
  facet normal -0.998795 0.0490678 0
    outer loop
      vertex 0 38.5 0
      vertex 0.0288916 39.0881 3.7
      vertex 0.0288916 39.0881 0
    endloop
  endfacet
  facet normal -0.998795 0.0490678 0
    outer loop
      vertex 0.0288916 39.0881 3.7
      vertex 0 38.5 0
      vertex 0 38.5 3.7
    endloop
  endfacet
  facet normal 0.94158 0.336788 0
    outer loop
      vertex 62.1416 40.2417 3.7
      vertex 61.9433 40.7961 0
      vertex 61.9433 40.7961 3.7
    endloop
  endfacet
  facet normal 0.94158 0.336788 0
    outer loop
      vertex 61.9433 40.7961 0
      vertex 62.1416 40.2417 3.7
      vertex 62.1416 40.2417 0
    endloop
  endfacet
  facet normal 0.989176 -0.146736 0
    outer loop
      vertex 62.2847 4.82946 3.7
      vertex 62.3711 5.4119 0
      vertex 62.3711 5.4119 3.7
    endloop
  endfacet
  facet normal 0.989176 -0.146736 0
    outer loop
      vertex 62.3711 5.4119 0
      vertex 62.2847 4.82946 3.7
      vertex 62.2847 4.82946 0
    endloop
  endfacet
  facet normal -0.671632 0.740884 0
    outer loop
      vertex 2.19364 43.1381 0
      vertex 1.75736 42.7426 3.7
      vertex 2.19364 43.1381 3.7
    endloop
  endfacet
  facet normal -0.671632 0.740884 0
    outer loop
      vertex 1.75736 42.7426 3.7
      vertex 2.19364 43.1381 0
      vertex 1.75736 42.7426 0
    endloop
  endfacet
  facet normal -0.989175 0.14674 0
    outer loop
      vertex 0.0288916 39.0881 0
      vertex 0.115288 39.6705 3.7
      vertex 0.115288 39.6705 0
    endloop
  endfacet
  facet normal -0.989175 0.14674 0
    outer loop
      vertex 0.115288 39.6705 3.7
      vertex 0.0288916 39.0881 0
      vertex 0.0288916 39.0881 3.7
    endloop
  endfacet
  facet normal 0.857736 -0.514091 0
    outer loop
      vertex 61.3888 2.66658 3.7
      vertex 61.6915 3.17162 0
      vertex 61.6915 3.17162 3.7
    endloop
  endfacet
  facet normal 0.857736 -0.514091 0
    outer loop
      vertex 61.6915 3.17162 0
      vertex 61.3888 2.66658 3.7
      vertex 61.3888 2.66658 0
    endloop
  endfacet
  facet normal -0.146736 0.989176 0
    outer loop
      vertex 5.4119 44.4711 0
      vertex 4.82946 44.3847 3.7
      vertex 5.4119 44.4711 3.7
    endloop
  endfacet
  facet normal -0.146736 0.989176 0
    outer loop
      vertex 4.82946 44.3847 3.7
      vertex 5.4119 44.4711 0
      vertex 4.82946 44.3847 0
    endloop
  endfacet
  facet normal 0.857718 0.514121 0
    outer loop
      vertex 61.6915 41.3284 3.7
      vertex 61.3888 41.8334 0
      vertex 61.3888 41.8334 3.7
    endloop
  endfacet
  facet normal 0.857718 0.514121 0
    outer loop
      vertex 61.3888 41.8334 0
      vertex 61.6915 41.3284 3.7
      vertex 61.6915 41.3284 0
    endloop
  endfacet
  facet normal -0.998795 -0.0490678 0
    outer loop
      vertex 0.0288916 5.4119 0
      vertex 0 6 3.7
      vertex 0 6 0
    endloop
  endfacet
  facet normal -0.998795 -0.0490678 0
    outer loop
      vertex 0 6 3.7
      vertex 0.0288916 5.4119 0
      vertex 0.0288916 5.4119 3.7
    endloop
  endfacet
  facet normal 0 0 1
    outer loop
      vertex 13.0679 23.2965 3.7
      vertex 12.6506 23.2267 3.7
      vertex 13.0676 23.2572 3.7
    endloop
  endfacet
  facet normal 0 0 1
    outer loop
      vertex 12.6506 23.2267 3.7
      vertex 13.0679 23.2965 3.7
      vertex 12.7162 23.4564 3.7
    endloop
  endfacet
  facet normal 0 0 1
    outer loop
      vertex 13.0683 23.3358 3.7
      vertex 12.7162 23.4564 3.7
      vertex 13.0679 23.2965 3.7
    endloop
  endfacet
  facet normal 0 0 1
    outer loop
      vertex 13.0688 23.3752 3.7
      vertex 12.7162 23.4564 3.7
      vertex 13.0683 23.3358 3.7
    endloop
  endfacet
  facet normal 0 0 1
    outer loop
      vertex 13.0694 23.4145 3.7
      vertex 12.7162 23.4564 3.7
      vertex 13.0688 23.3752 3.7
    endloop
  endfacet
  facet normal 0 0 1
    outer loop
      vertex 13.07 23.4539 3.7
      vertex 12.7162 23.4564 3.7
      vertex 13.0694 23.4145 3.7
    endloop
  endfacet
  facet normal 0 0 1
    outer loop
      vertex 13.0713 23.5076 3.7
      vertex 12.7162 23.4564 3.7
      vertex 13.07 23.4539 3.7
    endloop
  endfacet
  facet normal 0 0 1
    outer loop
      vertex 12.7162 23.4564 3.7
      vertex 13.0713 23.5076 3.7
      vertex 12.7874 23.7107 3.7
    endloop
  endfacet
  facet normal 0 0 1
    outer loop
      vertex 13.0739 23.5901 3.7
      vertex 12.7874 23.7107 3.7
      vertex 13.0713 23.5076 3.7
    endloop
  endfacet
  facet normal 0 0 1
    outer loop
      vertex 13.0778 23.7014 3.7
      vertex 12.7874 23.7107 3.7
      vertex 13.0739 23.5901 3.7
    endloop
  endfacet
  facet normal 0 0 1
    outer loop
      vertex 13.083 23.8415 3.7
      vertex 12.7874 23.7107 3.7
      vertex 13.0778 23.7014 3.7
    endloop
  endfacet
  facet normal 0 0 1
    outer loop
      vertex 12.7874 23.7107 3.7
      vertex 13.083 23.8415 3.7
      vertex 12.8642 23.9896 3.7
    endloop
  endfacet
  facet normal 0 0 1
    outer loop
      vertex 13.0894 24.0103 3.7
      vertex 12.8642 23.9896 3.7
      vertex 13.083 23.8415 3.7
    endloop
  endfacet
  facet normal 0 0 1
    outer loop
      vertex 13.0971 24.2079 3.7
      vertex 12.8642 23.9896 3.7
      vertex 13.0894 24.0103 3.7
    endloop
  endfacet
  facet normal 0 0 1
    outer loop
      vertex 12.8642 23.9896 3.7
      vertex 13.0971 24.2079 3.7
      vertex 12.9465 24.293 3.7
    endloop
  endfacet
  facet normal 0 0 1
    outer loop
      vertex 13.1061 24.4343 3.7
      vertex 12.9465 24.293 3.7
      vertex 13.0971 24.2079 3.7
    endloop
  endfacet
  facet normal 0 0 1
    outer loop
      vertex 12.9465 24.293 3.7
      vertex 13.1061 24.4343 3.7
      vertex 13.0345 24.621 3.7
    endloop
  endfacet
  facet normal 0 0 1
    outer loop
      vertex 13.1164 24.6895 3.7
      vertex 13.0345 24.621 3.7
      vertex 13.1061 24.4343 3.7
    endloop
  endfacet
  facet normal 0 0 1
    outer loop
      vertex 13.0345 24.621 3.7
      vertex 13.1164 24.6895 3.7
      vertex 13.128 24.9735 3.7
    endloop
  endfacet
  facet normal 0 0 1
    outer loop
      vertex 22.2896 18.901 3.7
      vertex 21.368 19.8408 3.7
      vertex 21.3695 19.7216 3.7
    endloop
  endfacet
  facet normal 0 0 1
    outer loop
      vertex 18.231 21.8671 3.7
      vertex 19.653 22.2272 3.7
      vertex 19.6502 22.3668 3.7
    endloop
  endfacet
  facet normal 0 0 1
    outer loop
      vertex 18.231 21.8671 3.7
      vertex 19.6502 22.3668 3.7
      vertex 19.6419 22.4982 3.7
    endloop
  endfacet
  facet normal 0 0 1
    outer loop
      vertex 18.231 21.8671 3.7
      vertex 19.6419 22.4982 3.7
      vertex 19.6279 22.6215 3.7
    endloop
  endfacet
  facet normal 0 0 1
    outer loop
      vertex 18.231 21.8671 3.7
      vertex 19.6279 22.6215 3.7
      vertex 19.6084 22.7365 3.7
    endloop
  endfacet
  facet normal 0 0 1
    outer loop
      vertex 18.231 21.8671 3.7
      vertex 19.6084 22.7365 3.7
      vertex 19.5833 22.8433 3.7
    endloop
  endfacet
  facet normal 0 0 1
    outer loop
      vertex 18.7991 23.4988 3.7
      vertex 19.5833 22.8433 3.7
      vertex 19.5526 22.9419 3.7
    endloop
  endfacet
  facet normal 0 0 1
    outer loop
      vertex 18.9024 23.4872 3.7
      vertex 19.5526 22.9419 3.7
      vertex 19.5164 23.0322 3.7
    endloop
  endfacet
  facet normal 0 0 1
    outer loop
      vertex 18.9986 23.4678 3.7
      vertex 19.5164 23.0322 3.7
      vertex 19.4746 23.1144 3.7
    endloop
  endfacet
  facet normal 0 0 1
    outer loop
      vertex 19.0878 23.4406 3.7
      vertex 19.4746 23.1144 3.7
      vertex 19.4272 23.1884 3.7
    endloop
  endfacet
  facet normal 0 0 1
    outer loop
      vertex 19.0878 23.4406 3.7
      vertex 19.4272 23.1884 3.7
      vertex 19.3735 23.2543 3.7
    endloop
  endfacet
  facet normal 0 0 1
    outer loop
      vertex 19.0878 23.4406 3.7
      vertex 19.3735 23.2543 3.7
      vertex 19.3127 23.3125 3.7
    endloop
  endfacet
  facet normal 0 0 1
    outer loop
      vertex 19.0878 23.4406 3.7
      vertex 19.3127 23.3125 3.7
      vertex 19.2448 23.363 3.7
    endloop
  endfacet
  facet normal 0 0 1
    outer loop
      vertex 19.0878 23.4406 3.7
      vertex 19.2448 23.363 3.7
      vertex 19.1698 23.4057 3.7
    endloop
  endfacet
  facet normal 0 0 1
    outer loop
      vertex 19.4746 23.1144 3.7
      vertex 19.0878 23.4406 3.7
      vertex 18.9986 23.4678 3.7
    endloop
  endfacet
  facet normal 0 0 1
    outer loop
      vertex 19.5164 23.0322 3.7
      vertex 18.9986 23.4678 3.7
      vertex 18.9024 23.4872 3.7
    endloop
  endfacet
  facet normal 0 0 1
    outer loop
      vertex 19.5526 22.9419 3.7
      vertex 18.9024 23.4872 3.7
      vertex 18.7991 23.4988 3.7
    endloop
  endfacet
  facet normal 0 0 1
    outer loop
      vertex 19.5833 22.8433 3.7
      vertex 18.7991 23.4988 3.7
      vertex 18.231 21.8671 3.7
    endloop
  endfacet
  facet normal 0 0 1
    outer loop
      vertex 18.231 21.8671 3.7
      vertex 18.7991 23.4988 3.7
      vertex 18.6888 23.5027 3.7
    endloop
  endfacet
  facet normal 0 0 1
    outer loop
      vertex 18.231 21.8671 3.7
      vertex 18.6888 23.5027 3.7
      vertex 18.5861 23.5 3.7
    endloop
  endfacet
  facet normal 0 0 1
    outer loop
      vertex 18.231 21.8671 3.7
      vertex 18.5861 23.5 3.7
      vertex 18.4897 23.492 3.7
    endloop
  endfacet
  facet normal 0 0 1
    outer loop
      vertex 17.7675 22.871 3.7
      vertex 18.4897 23.492 3.7
      vertex 18.3995 23.4786 3.7
    endloop
  endfacet
  facet normal 0 0 1
    outer loop
      vertex 17.7942 22.9577 3.7
      vertex 18.3995 23.4786 3.7
      vertex 18.3156 23.4599 3.7
    endloop
  endfacet
  facet normal 0 0 1
    outer loop
      vertex 17.825 23.0374 3.7
      vertex 18.3156 23.4599 3.7
      vertex 18.2379 23.4358 3.7
    endloop
  endfacet
  facet normal 0 0 1
    outer loop
      vertex 19.653 22.2272 3.7
      vertex 18.231 21.8671 3.7
      vertex 19.653 21.8915 3.7
    endloop
  endfacet
  facet normal 0 0 1
    outer loop
      vertex 17.8601 23.11 3.7
      vertex 18.2379 23.4358 3.7
      vertex 18.1666 23.4064 3.7
    endloop
  endfacet
  facet normal 0 0 1
    outer loop
      vertex 17.8992 23.1757 3.7
      vertex 18.1666 23.4064 3.7
      vertex 18.1014 23.3716 3.7
    endloop
  endfacet
  facet normal 0 0 1
    outer loop
      vertex 17.8992 23.1757 3.7
      vertex 18.1014 23.3716 3.7
      vertex 18.0425 23.3315 3.7
    endloop
  endfacet
  facet normal 0 0 1
    outer loop
      vertex 17.8992 23.1757 3.7
      vertex 18.0425 23.3315 3.7
      vertex 17.9899 23.286 3.7
    endloop
  endfacet
  facet normal 0 0 1
    outer loop
      vertex 18.3995 23.4786 3.7
      vertex 17.7942 22.9577 3.7
      vertex 17.7675 22.871 3.7
    endloop
  endfacet
  facet normal 0 0 1
    outer loop
      vertex 17.8992 23.1757 3.7
      vertex 17.9899 23.286 3.7
      vertex 17.9425 23.2344 3.7
    endloop
  endfacet
  facet normal 0 0 1
    outer loop
      vertex 18.1666 23.4064 3.7
      vertex 17.8992 23.1757 3.7
      vertex 17.8601 23.11 3.7
    endloop
  endfacet
  facet normal 0 0 1
    outer loop
      vertex 18.2379 23.4358 3.7
      vertex 17.8601 23.11 3.7
      vertex 17.825 23.0374 3.7
    endloop
  endfacet
  facet normal 0 0 1
    outer loop
      vertex 18.3156 23.4599 3.7
      vertex 17.825 23.0374 3.7
      vertex 17.7942 22.9577 3.7
    endloop
  endfacet
  facet normal 0 0 1
    outer loop
      vertex 18.4897 23.492 3.7
      vertex 17.7675 22.871 3.7
      vertex 18.231 21.8671 3.7
    endloop
  endfacet
  facet normal -0 0 1
    outer loop
      vertex 17.7449 22.7773 3.7
      vertex 18.231 21.8671 3.7
      vertex 17.7675 22.871 3.7
    endloop
  endfacet
  facet normal -0 0 1
    outer loop
      vertex 17.7265 22.6766 3.7
      vertex 18.231 21.8671 3.7
      vertex 17.7449 22.7773 3.7
    endloop
  endfacet
  facet normal -0 0 1
    outer loop
      vertex 17.7123 22.5689 3.7
      vertex 18.231 21.8671 3.7
      vertex 17.7265 22.6766 3.7
    endloop
  endfacet
  facet normal 0 0 1
    outer loop
      vertex 18.231 21.8671 3.7
      vertex 17.7123 22.5689 3.7
      vertex 17.9563 21.8579 3.7
    endloop
  endfacet
  facet normal 0 0 1
    outer loop
      vertex 17.7123 22.5689 3.7
      vertex 17.6965 21.8357 3.7
      vertex 17.9563 21.8579 3.7
    endloop
  endfacet
  facet normal 0 0 1
    outer loop
      vertex 17.7123 22.5689 3.7
      vertex 17.4515 21.8006 3.7
      vertex 17.6965 21.8357 3.7
    endloop
  endfacet
  facet normal 0 0 1
    outer loop
      vertex 17.7123 22.5689 3.7
      vertex 17.2213 21.7525 3.7
      vertex 17.4515 21.8006 3.7
    endloop
  endfacet
  facet normal 0 0 1
    outer loop
      vertex 17.7123 22.5689 3.7
      vertex 17.006 21.6915 3.7
      vertex 17.2213 21.7525 3.7
    endloop
  endfacet
  facet normal 0 0 1
    outer loop
      vertex 15.924 22.6544 3.7
      vertex 17.006 21.6915 3.7
      vertex 17.7123 22.5689 3.7
    endloop
  endfacet
  facet normal 0 0 1
    outer loop
      vertex 17.006 21.6915 3.7
      vertex 15.924 22.6544 3.7
      vertex 16.8056 21.6175 3.7
    endloop
  endfacet
  facet normal 0 0 1
    outer loop
      vertex 16.8056 21.6175 3.7
      vertex 15.924 22.6544 3.7
      vertex 16.6199 21.5305 3.7
    endloop
  endfacet
  facet normal 0 0 1
    outer loop
      vertex 16.6199 21.5305 3.7
      vertex 15.924 22.6544 3.7
      vertex 16.4492 21.4306 3.7
    endloop
  endfacet
  facet normal 0 0 1
    outer loop
      vertex 16.4492 21.4306 3.7
      vertex 15.924 22.6544 3.7
      vertex 16.2932 21.3177 3.7
    endloop
  endfacet
  facet normal 0 0 1
    outer loop
      vertex 15.924 22.6544 3.7
      vertex 16.153 21.1924 3.7
      vertex 16.2932 21.3177 3.7
    endloop
  endfacet
  facet normal 0 0 1
    outer loop
      vertex 15.924 22.6544 3.7
      vertex 16.0292 21.0549 3.7
      vertex 16.153 21.1924 3.7
    endloop
  endfacet
  facet normal 0 0 1
    outer loop
      vertex 16.0292 21.0549 3.7
      vertex 15.924 22.6544 3.7
      vertex 15.922 20.9055 3.7
    endloop
  endfacet
  facet normal 0 0 1
    outer loop
      vertex 22.1738 17.9453 3.7
      vertex 22.0997 17.9272 3.7
      vertex 22.1331 17.8878 3.7
    endloop
  endfacet
  facet normal 0 0 1
    outer loop
      vertex 31.8515 22.6849 3.7
      vertex 31.2708 23.2134 3.7
      vertex 31.2717 23.0999 3.7
    endloop
  endfacet
  facet normal 0 0 1
    outer loop
      vertex 31.8515 22.6849 3.7
      vertex 31.2681 23.3506 3.7
      vertex 31.2708 23.2134 3.7
    endloop
  endfacet
  facet normal 0 0 1
    outer loop
      vertex 31.8515 22.6849 3.7
      vertex 31.2636 23.5115 3.7
      vertex 31.2681 23.3506 3.7
    endloop
  endfacet
  facet normal 0 0 1
    outer loop
      vertex 31.8515 22.6849 3.7
      vertex 31.2573 23.696 3.7
      vertex 31.2636 23.5115 3.7
    endloop
  endfacet
  facet normal 0 0 1
    outer loop
      vertex 31.8515 22.6849 3.7
      vertex 31.2491 23.9042 3.7
      vertex 31.2573 23.696 3.7
    endloop
  endfacet
  facet normal 0 0 1
    outer loop
      vertex 31.8515 22.6849 3.7
      vertex 31.2392 24.136 3.7
      vertex 31.2491 23.9042 3.7
    endloop
  endfacet
  facet normal 0 0 1
    outer loop
      vertex 31.8515 22.6849 3.7
      vertex 31.2274 24.3915 3.7
      vertex 31.2392 24.136 3.7
    endloop
  endfacet
  facet normal 0 0 1
    outer loop
      vertex 31.8515 22.6849 3.7
      vertex 31.2139 24.6707 3.7
      vertex 31.2274 24.3915 3.7
    endloop
  endfacet
  facet normal -0 -0 1
    outer loop
      vertex 31.2139 24.6707 3.7
      vertex 31.8515 22.6849 3.7
      vertex 31.1985 24.9735 3.7
    endloop
  endfacet
  facet normal 0 0 1
    outer loop
      vertex 36.8144 23.2965 3.7
      vertex 36.397 23.2267 3.7
      vertex 36.814 23.2572 3.7
    endloop
  endfacet
  facet normal 0 0 1
    outer loop
      vertex 36.397 23.2267 3.7
      vertex 36.8144 23.2965 3.7
      vertex 36.4627 23.4564 3.7
    endloop
  endfacet
  facet normal 0 0 1
    outer loop
      vertex 36.8148 23.3358 3.7
      vertex 36.4627 23.4564 3.7
      vertex 36.8144 23.2965 3.7
    endloop
  endfacet
  facet normal 0 0 1
    outer loop
      vertex 36.8153 23.3752 3.7
      vertex 36.4627 23.4564 3.7
      vertex 36.8148 23.3358 3.7
    endloop
  endfacet
  facet normal 0 0 1
    outer loop
      vertex 36.8158 23.4145 3.7
      vertex 36.4627 23.4564 3.7
      vertex 36.8153 23.3752 3.7
    endloop
  endfacet
  facet normal 0 0 1
    outer loop
      vertex 36.8165 23.4539 3.7
      vertex 36.4627 23.4564 3.7
      vertex 36.8158 23.4145 3.7
    endloop
  endfacet
  facet normal 0 0 1
    outer loop
      vertex 36.8178 23.5076 3.7
      vertex 36.4627 23.4564 3.7
      vertex 36.8165 23.4539 3.7
    endloop
  endfacet
  facet normal 0 0 1
    outer loop
      vertex 36.4627 23.4564 3.7
      vertex 36.8178 23.5076 3.7
      vertex 36.5338 23.7107 3.7
    endloop
  endfacet
  facet normal 0 0 1
    outer loop
      vertex 36.8204 23.5901 3.7
      vertex 36.5338 23.7107 3.7
      vertex 36.8178 23.5076 3.7
    endloop
  endfacet
  facet normal 0 0 1
    outer loop
      vertex 36.8243 23.7014 3.7
      vertex 36.5338 23.7107 3.7
      vertex 36.8204 23.5901 3.7
    endloop
  endfacet
  facet normal 0 0 1
    outer loop
      vertex 36.8294 23.8415 3.7
      vertex 36.5338 23.7107 3.7
      vertex 36.8243 23.7014 3.7
    endloop
  endfacet
  facet normal 0 0 1
    outer loop
      vertex 36.5338 23.7107 3.7
      vertex 36.8294 23.8415 3.7
      vertex 36.6106 23.9896 3.7
    endloop
  endfacet
  facet normal 0 0 1
    outer loop
      vertex 36.8359 24.0103 3.7
      vertex 36.6106 23.9896 3.7
      vertex 36.8294 23.8415 3.7
    endloop
  endfacet
  facet normal 0 0 1
    outer loop
      vertex 36.8436 24.2079 3.7
      vertex 36.6106 23.9896 3.7
      vertex 36.8359 24.0103 3.7
    endloop
  endfacet
  facet normal 0 0 1
    outer loop
      vertex 36.6106 23.9896 3.7
      vertex 36.8436 24.2079 3.7
      vertex 36.693 24.293 3.7
    endloop
  endfacet
  facet normal 0 0 1
    outer loop
      vertex 36.8526 24.4343 3.7
      vertex 36.693 24.293 3.7
      vertex 36.8436 24.2079 3.7
    endloop
  endfacet
  facet normal 0 0 1
    outer loop
      vertex 36.693 24.293 3.7
      vertex 36.8526 24.4343 3.7
      vertex 36.7809 24.621 3.7
    endloop
  endfacet
  facet normal 0 0 1
    outer loop
      vertex 36.8629 24.6895 3.7
      vertex 36.7809 24.621 3.7
      vertex 36.8526 24.4343 3.7
    endloop
  endfacet
  facet normal 0 0 1
    outer loop
      vertex 36.7809 24.621 3.7
      vertex 36.8629 24.6895 3.7
      vertex 36.8744 24.9735 3.7
    endloop
  endfacet
  facet normal -0 0 1
    outer loop
      vertex 39.8779 25.6815 3.7
      vertex 41.593 24.4914 3.7
      vertex 41.593 25.6815 3.7
    endloop
  endfacet
  facet normal 0 0 1
    outer loop
      vertex 41.593 24.4914 3.7
      vertex 39.8779 25.6815 3.7
      vertex 39.8779 24.4914 3.7
    endloop
  endfacet
  facet normal 0 0 1
    outer loop
      vertex 50.3415 21.1957 3.7
      vertex 45.0333 19.2793 3.7
      vertex 49.6472 19.2793 3.7
    endloop
  endfacet
  facet normal 0 0 1
    outer loop
      vertex 29.6727 17.8878 3.7
      vertex 26.4724 21.3178 3.7
      vertex 28.9076 17.8878 3.7
    endloop
  endfacet
  facet normal -0 0 1
    outer loop
      vertex 21.3596 22.4913 3.7
      vertex 24.55 21.2995 3.7
      vertex 22.2491 24.4914 3.7
    endloop
  endfacet
  facet normal 0 0 1
    outer loop
      vertex 21.368 19.8408 3.7
      vertex 24.55 21.2995 3.7
      vertex 21.368 22.2454 3.7
    endloop
  endfacet
  facet normal 0 0 1
    outer loop
      vertex 24.55 21.2995 3.7
      vertex 22.2896 18.901 3.7
      vertex 22.2896 18.1087 3.7
    endloop
  endfacet
  facet normal 0 0 1
    outer loop
      vertex 20.9202 17.8302 3.7
      vertex 8.50704 6.14603 3.7
      vertex 8.51667 5.95 3.7
    endloop
  endfacet
  facet normal 0 0 1
    outer loop
      vertex 10.9369 17.8878 3.7
      vertex 8.50431 6.20158 3.7
      vertex 8.50704 6.14603 3.7
    endloop
  endfacet
  facet normal 0 0 1
    outer loop
      vertex 10.9369 17.8878 3.7
      vertex 8.49615 6.25659 3.7
      vertex 8.50431 6.20158 3.7
    endloop
  endfacet
  facet normal 0 0 1
    outer loop
      vertex 10.9369 17.8878 3.7
      vertex 8.46735 6.45073 3.7
      vertex 8.49615 6.25659 3.7
    endloop
  endfacet
  facet normal 0 0 1
    outer loop
      vertex 10.9369 17.8878 3.7
      vertex 8.45384 6.50467 3.7
      vertex 8.46735 6.45073 3.7
    endloop
  endfacet
  facet normal 0 0 1
    outer loop
      vertex 10.9369 17.8878 3.7
      vertex 8.40615 6.69506 3.7
      vertex 8.45384 6.50467 3.7
    endloop
  endfacet
  facet normal 0 0 1
    outer loop
      vertex 10.9369 17.8878 3.7
      vertex 8.34002 6.87986 3.7
      vertex 8.40615 6.69506 3.7
    endloop
  endfacet
  facet normal 0 0 1
    outer loop
      vertex 10.9369 17.8878 3.7
      vertex 8.32129 6.93222 3.7
      vertex 8.34002 6.87986 3.7
    endloop
  endfacet
  facet normal 0 0 1
    outer loop
      vertex 10.9369 17.8878 3.7
      vertex 8.23737 7.10965 3.7
      vertex 8.32129 6.93222 3.7
    endloop
  endfacet
  facet normal 0 0 1
    outer loop
      vertex 10.9369 17.8878 3.7
      vertex 8.2136 7.15992 3.7
      vertex 8.23737 7.10965 3.7
    endloop
  endfacet
  facet normal 0 0 1
    outer loop
      vertex 10.9369 17.8878 3.7
      vertex 8.11269 7.32827 3.7
      vertex 8.2136 7.15992 3.7
    endloop
  endfacet
  facet normal 0 0 1
    outer loop
      vertex 7.52529 17.8878 3.7
      vertex 9.65532 17.8878 3.7
      vertex 8.10507 22.6849 3.7
    endloop
  endfacet
  facet normal 0 0 1
    outer loop
      vertex 6.93222 8.32129 3.7
      vertex 9.65532 17.8878 3.7
      vertex 7.52529 17.8878 3.7
    endloop
  endfacet
  facet normal 0 0 1
    outer loop
      vertex 10.9369 17.8878 3.7
      vertex 8.0841 7.37596 3.7
      vertex 8.11269 7.32827 3.7
    endloop
  endfacet
  facet normal 0 0 1
    outer loop
      vertex 10.9369 17.8878 3.7
      vertex 8.05098 7.42063 3.7
      vertex 8.0841 7.37596 3.7
    endloop
  endfacet
  facet normal 0 0 1
    outer loop
      vertex 10.9369 17.8878 3.7
      vertex 7.93406 7.57828 3.7
      vertex 8.05098 7.42063 3.7
    endloop
  endfacet
  facet normal 0 0 1
    outer loop
      vertex 10.9369 17.8878 3.7
      vertex 7.89671 7.61948 3.7
      vertex 7.93406 7.57828 3.7
    endloop
  endfacet
  facet normal 0 0 1
    outer loop
      vertex 10.9369 17.8878 3.7
      vertex 7.76491 7.76491 3.7
      vertex 7.89671 7.61948 3.7
    endloop
  endfacet
  facet normal 0 0 1
    outer loop
      vertex 10.9369 17.8878 3.7
      vertex 7.61948 7.89671 3.7
      vertex 7.76491 7.76491 3.7
    endloop
  endfacet
  facet normal 0 0 1
    outer loop
      vertex 7.52529 17.8878 3.7
      vertex 8.10507 22.6849 3.7
      vertex 7.52529 23.0999 3.7
    endloop
  endfacet
  facet normal 0 0 1
    outer loop
      vertex 8.10507 22.6849 3.7
      vertex 7.52439 23.2134 3.7
      vertex 7.52529 23.0999 3.7
    endloop
  endfacet
  facet normal 0 0 1
    outer loop
      vertex 8.10507 22.6849 3.7
      vertex 7.52167 23.3506 3.7
      vertex 7.52439 23.2134 3.7
    endloop
  endfacet
  facet normal 0 0 1
    outer loop
      vertex 8.10507 22.6849 3.7
      vertex 7.51715 23.5115 3.7
      vertex 7.52167 23.3506 3.7
    endloop
  endfacet
  facet normal 0 0 1
    outer loop
      vertex 8.10507 22.6849 3.7
      vertex 7.51082 23.696 3.7
      vertex 7.51715 23.5115 3.7
    endloop
  endfacet
  facet normal 0 0 1
    outer loop
      vertex 8.10507 22.6849 3.7
      vertex 7.50269 23.9042 3.7
      vertex 7.51082 23.696 3.7
    endloop
  endfacet
  facet normal 0 0 1
    outer loop
      vertex 8.10507 22.6849 3.7
      vertex 7.49274 24.136 3.7
      vertex 7.50269 23.9042 3.7
    endloop
  endfacet
  facet normal 0 0 1
    outer loop
      vertex 8.10507 22.6849 3.7
      vertex 7.48098 24.3915 3.7
      vertex 7.49274 24.136 3.7
    endloop
  endfacet
  facet normal 0 0 1
    outer loop
      vertex 8.10507 22.6849 3.7
      vertex 7.46741 24.6707 3.7
      vertex 7.48098 24.3915 3.7
    endloop
  endfacet
  facet normal -0 -0 1
    outer loop
      vertex 7.46741 24.6707 3.7
      vertex 8.10507 22.6849 3.7
      vertex 7.45203 24.9735 3.7
    endloop
  endfacet
  facet normal -0 0 1
    outer loop
      vertex 8.49615 38.2434 3.7
      vertex 14.666 26.4871 3.7
      vertex 8.50431 38.2984 3.7
    endloop
  endfacet
  facet normal -0 0 1
    outer loop
      vertex 8.46735 38.0493 3.7
      vertex 14.666 26.4871 3.7
      vertex 8.49615 38.2434 3.7
    endloop
  endfacet
  facet normal -0 0 1
    outer loop
      vertex 8.45384 37.9953 3.7
      vertex 14.666 26.4871 3.7
      vertex 8.46735 38.0493 3.7
    endloop
  endfacet
  facet normal -0 0 1
    outer loop
      vertex 8.40615 37.8049 3.7
      vertex 14.666 26.4871 3.7
      vertex 8.45384 37.9953 3.7
    endloop
  endfacet
  facet normal -0 0 1
    outer loop
      vertex 8.34002 37.6201 3.7
      vertex 14.666 26.4871 3.7
      vertex 8.40615 37.8049 3.7
    endloop
  endfacet
  facet normal -0 0 1
    outer loop
      vertex 8.32129 37.5678 3.7
      vertex 14.666 26.4871 3.7
      vertex 8.34002 37.6201 3.7
    endloop
  endfacet
  facet normal -0 0 1
    outer loop
      vertex 8.23737 37.3904 3.7
      vertex 14.666 26.4871 3.7
      vertex 8.32129 37.5678 3.7
    endloop
  endfacet
  facet normal 0 0 1
    outer loop
      vertex 12.2675 26.4871 3.7
      vertex 8.33701 26.4871 3.7
      vertex 9.87502 21.6779 3.7
    endloop
  endfacet
  facet normal -0 0 1
    outer loop
      vertex 8.2136 37.3401 3.7
      vertex 14.666 26.4871 3.7
      vertex 8.23737 37.3904 3.7
    endloop
  endfacet
  facet normal -0 0 1
    outer loop
      vertex 8.11269 37.1717 3.7
      vertex 14.666 26.4871 3.7
      vertex 8.2136 37.3401 3.7
    endloop
  endfacet
  facet normal -0 0 1
    outer loop
      vertex 8.0841 37.124 3.7
      vertex 14.666 26.4871 3.7
      vertex 8.11269 37.1717 3.7
    endloop
  endfacet
  facet normal 0 0 1
    outer loop
      vertex 14.666 26.4871 3.7
      vertex 8.0841 37.124 3.7
      vertex 12.2675 26.4871 3.7
    endloop
  endfacet
  facet normal -0 0 1
    outer loop
      vertex 8.05098 37.0794 3.7
      vertex 12.2675 26.4871 3.7
      vertex 8.0841 37.124 3.7
    endloop
  endfacet
  facet normal -0 0 1
    outer loop
      vertex 7.93406 36.9217 3.7
      vertex 12.2675 26.4871 3.7
      vertex 8.05098 37.0794 3.7
    endloop
  endfacet
  facet normal -0 0 1
    outer loop
      vertex 7.89671 36.8805 3.7
      vertex 12.2675 26.4871 3.7
      vertex 7.93406 36.9217 3.7
    endloop
  endfacet
  facet normal -0 0 1
    outer loop
      vertex 7.76491 36.7351 3.7
      vertex 12.2675 26.4871 3.7
      vertex 7.89671 36.8805 3.7
    endloop
  endfacet
  facet normal -0 0 1
    outer loop
      vertex 7.61948 36.6033 3.7
      vertex 12.2675 26.4871 3.7
      vertex 7.76491 36.7351 3.7
    endloop
  endfacet
  facet normal -0 0 1
    outer loop
      vertex 7.57828 36.5659 3.7
      vertex 12.2675 26.4871 3.7
      vertex 7.61948 36.6033 3.7
    endloop
  endfacet
  facet normal -0 0 1
    outer loop
      vertex 7.42063 36.449 3.7
      vertex 12.2675 26.4871 3.7
      vertex 7.57828 36.5659 3.7
    endloop
  endfacet
  facet normal -0 0 1
    outer loop
      vertex 7.37596 36.4159 3.7
      vertex 12.2675 26.4871 3.7
      vertex 7.42063 36.449 3.7
    endloop
  endfacet
  facet normal 0 0 1
    outer loop
      vertex 12.2675 26.4871 3.7
      vertex 7.37596 36.4159 3.7
      vertex 8.33701 26.4871 3.7
    endloop
  endfacet
  facet normal -0 0 1
    outer loop
      vertex 7.32827 36.3873 3.7
      vertex 8.33701 26.4871 3.7
      vertex 7.37596 36.4159 3.7
    endloop
  endfacet
  facet normal -0 0 1
    outer loop
      vertex 7.15992 36.2864 3.7
      vertex 8.33701 26.4871 3.7
      vertex 7.32827 36.3873 3.7
    endloop
  endfacet
  facet normal -0 0 1
    outer loop
      vertex 7.10965 36.2626 3.7
      vertex 8.33701 26.4871 3.7
      vertex 7.15992 36.2864 3.7
    endloop
  endfacet
  facet normal -0 0 1
    outer loop
      vertex 6.93222 36.1787 3.7
      vertex 8.33701 26.4871 3.7
      vertex 7.10965 36.2626 3.7
    endloop
  endfacet
  facet normal -0 0 1
    outer loop
      vertex 6.87986 36.16 3.7
      vertex 8.33701 26.4871 3.7
      vertex 6.93222 36.1787 3.7
    endloop
  endfacet
  facet normal -0 0 1
    outer loop
      vertex 6.69506 36.0939 3.7
      vertex 8.33701 26.4871 3.7
      vertex 6.87986 36.16 3.7
    endloop
  endfacet
  facet normal -0 0 1
    outer loop
      vertex 6.50467 36.0462 3.7
      vertex 8.33701 26.4871 3.7
      vertex 6.69506 36.0939 3.7
    endloop
  endfacet
  facet normal -0 0 1
    outer loop
      vertex 6.45073 36.0326 3.7
      vertex 8.33701 26.4871 3.7
      vertex 6.50467 36.0462 3.7
    endloop
  endfacet
  facet normal 0 0 1
    outer loop
      vertex 5.92626 26.4871 3.7
      vertex 6.45073 36.0326 3.7
      vertex 6.25659 36.0039 3.7
    endloop
  endfacet
  facet normal 0 0 1
    outer loop
      vertex 5.92626 26.4871 3.7
      vertex 6.25659 36.0039 3.7
      vertex 6.20158 35.9957 3.7
    endloop
  endfacet
  facet normal 0 0 1
    outer loop
      vertex 5.92626 26.4871 3.7
      vertex 6.20158 35.9957 3.7
      vertex 6.14603 35.993 3.7
    endloop
  endfacet
  facet normal 0 0 1
    outer loop
      vertex 5.92626 26.4871 3.7
      vertex 6.14603 35.993 3.7
      vertex 5.95 35.9833 3.7
    endloop
  endfacet
  facet normal 0 0 1
    outer loop
      vertex 6.45073 36.0326 3.7
      vertex 5.92626 26.4871 3.7
      vertex 8.33701 26.4871 3.7
    endloop
  endfacet
  facet normal 0 0 1
    outer loop
      vertex 5.69842 35.9957 3.7
      vertex 5.92626 26.4871 3.7
      vertex 5.75396 35.993 3.7
    endloop
  endfacet
  facet normal 0 0 1
    outer loop
      vertex 5.75396 35.993 3.7
      vertex 5.92626 26.4871 3.7
      vertex 5.95 35.9833 3.7
    endloop
  endfacet
  facet normal 0 0 1
    outer loop
      vertex 10.9369 17.8878 3.7
      vertex 7.57828 7.93406 3.7
      vertex 7.61948 7.89671 3.7
    endloop
  endfacet
  facet normal 0 0 1
    outer loop
      vertex 10.9369 17.8878 3.7
      vertex 7.42063 8.05098 3.7
      vertex 7.57828 7.93406 3.7
    endloop
  endfacet
  facet normal 0 0 1
    outer loop
      vertex 10.9369 17.8878 3.7
      vertex 7.37596 8.0841 3.7
      vertex 7.42063 8.05098 3.7
    endloop
  endfacet
  facet normal 0 0 1
    outer loop
      vertex 9.65532 17.8878 3.7
      vertex 7.32827 8.11269 3.7
      vertex 7.37596 8.0841 3.7
    endloop
  endfacet
  facet normal 0 0 1
    outer loop
      vertex 9.65532 17.8878 3.7
      vertex 7.15992 8.2136 3.7
      vertex 7.32827 8.11269 3.7
    endloop
  endfacet
  facet normal 0 0 1
    outer loop
      vertex 9.65532 17.8878 3.7
      vertex 7.10965 8.23737 3.7
      vertex 7.15992 8.2136 3.7
    endloop
  endfacet
  facet normal 0 0 1
    outer loop
      vertex 9.65532 17.8878 3.7
      vertex 6.93222 8.32129 3.7
      vertex 7.10965 8.23737 3.7
    endloop
  endfacet
  facet normal 0 0 1
    outer loop
      vertex 7.52529 17.8878 3.7
      vertex 6.87986 8.34002 3.7
      vertex 6.93222 8.32129 3.7
    endloop
  endfacet
  facet normal 0 0 1
    outer loop
      vertex 7.52529 17.8878 3.7
      vertex 6.69506 8.40615 3.7
      vertex 6.87986 8.34002 3.7
    endloop
  endfacet
  facet normal 0 0 1
    outer loop
      vertex 7.52529 17.8878 3.7
      vertex 6.50467 8.45384 3.7
      vertex 6.69506 8.40615 3.7
    endloop
  endfacet
  facet normal 0 0 1
    outer loop
      vertex 7.52529 17.8878 3.7
      vertex 6.45073 8.46735 3.7
      vertex 6.50467 8.45384 3.7
    endloop
  endfacet
  facet normal 0 0 1
    outer loop
      vertex 7.52529 17.8878 3.7
      vertex 6.25659 8.49615 3.7
      vertex 6.45073 8.46735 3.7
    endloop
  endfacet
  facet normal 0 0 1
    outer loop
      vertex 7.52529 17.8878 3.7
      vertex 6.20158 8.50431 3.7
      vertex 6.25659 8.49615 3.7
    endloop
  endfacet
  facet normal -0 0 1
    outer loop
      vertex 5.92626 17.8878 3.7
      vertex 6.20158 8.50431 3.7
      vertex 7.52529 17.8878 3.7
    endloop
  endfacet
  facet normal 0 0 1
    outer loop
      vertex 6.20158 8.50431 3.7
      vertex 5.92626 17.8878 3.7
      vertex 6.14603 8.50704 3.7
    endloop
  endfacet
  facet normal 0 0 1
    outer loop
      vertex 6.14603 8.50704 3.7
      vertex 5.92626 17.8878 3.7
      vertex 5.95 8.51667 3.7
    endloop
  endfacet
  facet normal 0 0 1
    outer loop
      vertex 5.64341 36.0039 3.7
      vertex 5.92626 26.4871 3.7
      vertex 5.69842 35.9957 3.7
    endloop
  endfacet
  facet normal 0 0 1
    outer loop
      vertex 5.92626 17.8878 3.7
      vertex 5.75396 8.50704 3.7
      vertex 5.95 8.51667 3.7
    endloop
  endfacet
  facet normal 0 0 1
    outer loop
      vertex 5.44927 36.0326 3.7
      vertex 5.92626 26.4871 3.7
      vertex 5.64341 36.0039 3.7
    endloop
  endfacet
  facet normal 0 0 1
    outer loop
      vertex 5.92626 17.8878 3.7
      vertex 5.69842 8.50431 3.7
      vertex 5.75396 8.50704 3.7
    endloop
  endfacet
  facet normal 0 0 1
    outer loop
      vertex 5.39532 36.0462 3.7
      vertex 5.92626 26.4871 3.7
      vertex 5.44927 36.0326 3.7
    endloop
  endfacet
  facet normal 0 0 1
    outer loop
      vertex 5.92626 17.8878 3.7
      vertex 5.64341 8.49615 3.7
      vertex 5.69842 8.50431 3.7
    endloop
  endfacet
  facet normal 0 0 1
    outer loop
      vertex 5.20494 36.0939 3.7
      vertex 5.92626 26.4871 3.7
      vertex 5.39532 36.0462 3.7
    endloop
  endfacet
  facet normal 0 0 1
    outer loop
      vertex 5.92626 17.8878 3.7
      vertex 5.44927 8.46735 3.7
      vertex 5.64341 8.49615 3.7
    endloop
  endfacet
  facet normal 0 0 1
    outer loop
      vertex 5.02014 36.16 3.7
      vertex 5.92626 26.4871 3.7
      vertex 5.20494 36.0939 3.7
    endloop
  endfacet
  facet normal 0 0 1
    outer loop
      vertex 5.92626 17.8878 3.7
      vertex 5.39532 8.45384 3.7
      vertex 5.44927 8.46735 3.7
    endloop
  endfacet
  facet normal 0 0 1
    outer loop
      vertex 4.96778 36.1787 3.7
      vertex 5.92626 26.4871 3.7
      vertex 5.02014 36.16 3.7
    endloop
  endfacet
  facet normal 0 0 1
    outer loop
      vertex 5.92626 17.8878 3.7
      vertex 5.20494 8.40615 3.7
      vertex 5.39532 8.45384 3.7
    endloop
  endfacet
  facet normal 0 0 1
    outer loop
      vertex 4.79035 36.2626 3.7
      vertex 5.92626 26.4871 3.7
      vertex 4.96778 36.1787 3.7
    endloop
  endfacet
  facet normal 0 0 1
    outer loop
      vertex 5.92626 17.8878 3.7
      vertex 5.02014 8.34002 3.7
      vertex 5.20494 8.40615 3.7
    endloop
  endfacet
  facet normal 0 0 1
    outer loop
      vertex 4.74008 36.2864 3.7
      vertex 5.92626 26.4871 3.7
      vertex 4.79035 36.2626 3.7
    endloop
  endfacet
  facet normal 0 0 1
    outer loop
      vertex 5.92626 17.8878 3.7
      vertex 4.96778 8.32129 3.7
      vertex 5.02014 8.34002 3.7
    endloop
  endfacet
  facet normal 0 0 1
    outer loop
      vertex 4.57173 36.3873 3.7
      vertex 5.92626 26.4871 3.7
      vertex 4.74008 36.2864 3.7
    endloop
  endfacet
  facet normal 0 0 1
    outer loop
      vertex 5.92626 17.8878 3.7
      vertex 4.79035 8.23737 3.7
      vertex 4.96778 8.32129 3.7
    endloop
  endfacet
  facet normal 0 0 1
    outer loop
      vertex 4.52404 36.4159 3.7
      vertex 5.92626 26.4871 3.7
      vertex 4.57173 36.3873 3.7
    endloop
  endfacet
  facet normal 0 0 1
    outer loop
      vertex 5.92626 17.8878 3.7
      vertex 4.74008 8.2136 3.7
      vertex 4.79035 8.23737 3.7
    endloop
  endfacet
  facet normal 0 0 1
    outer loop
      vertex 4.47937 36.449 3.7
      vertex 5.92626 26.4871 3.7
      vertex 4.52404 36.4159 3.7
    endloop
  endfacet
  facet normal 0 0 1
    outer loop
      vertex 5.92626 17.8878 3.7
      vertex 4.57173 8.11269 3.7
      vertex 4.74008 8.2136 3.7
    endloop
  endfacet
  facet normal 0 0 1
    outer loop
      vertex 5.92626 26.4871 3.7
      vertex 0 38.5 3.7
      vertex 5.92626 17.8878 3.7
    endloop
  endfacet
  facet normal 0 0 1
    outer loop
      vertex 5.92626 17.8878 3.7
      vertex 4.52404 8.0841 3.7
      vertex 4.57173 8.11269 3.7
    endloop
  endfacet
  facet normal 0 0 1
    outer loop
      vertex 4.32172 36.5659 3.7
      vertex 5.92626 26.4871 3.7
      vertex 4.47937 36.449 3.7
    endloop
  endfacet
  facet normal 0 0 1
    outer loop
      vertex 0 6 3.7
      vertex 5.92626 17.8878 3.7
      vertex 0 38.5 3.7
    endloop
  endfacet
  facet normal 0 0 1
    outer loop
      vertex 5.92626 26.4871 3.7
      vertex 4.32172 36.5659 3.7
      vertex 0 38.5 3.7
    endloop
  endfacet
  facet normal 0 -0 1
    outer loop
      vertex 4.32172 7.93406 3.7
      vertex 5.92626 17.8878 3.7
      vertex 0 6 3.7
    endloop
  endfacet
  facet normal 0 0 1
    outer loop
      vertex 0 38.5 3.7
      vertex 4.32172 36.5659 3.7
      vertex 4.1763 36.6977 3.7
    endloop
  endfacet
  facet normal 0 0 1
    outer loop
      vertex 5.92626 17.8878 3.7
      vertex 4.47937 8.05098 3.7
      vertex 4.52404 8.0841 3.7
    endloop
  endfacet
  facet normal 0 0 1
    outer loop
      vertex 0 38.5 3.7
      vertex 4.1763 36.6977 3.7
      vertex 4.13509 36.7351 3.7
    endloop
  endfacet
  facet normal 0 0 1
    outer loop
      vertex 5.92626 17.8878 3.7
      vertex 4.32172 7.93406 3.7
      vertex 4.47937 8.05098 3.7
    endloop
  endfacet
  facet normal 0 0 1
    outer loop
      vertex 0 38.5 3.7
      vertex 4.13509 36.7351 3.7
      vertex 4.09775 36.7763 3.7
    endloop
  endfacet
  facet normal 0 0 1
    outer loop
      vertex 4.32172 7.93406 3.7
      vertex 0 6 3.7
      vertex 4.1763 7.80225 3.7
    endloop
  endfacet
  facet normal 0 0 1
    outer loop
      vertex 0 38.5 3.7
      vertex 4.09775 36.7763 3.7
      vertex 3.96594 36.9217 3.7
    endloop
  endfacet
  facet normal 0 0 1
    outer loop
      vertex 4.1763 7.80225 3.7
      vertex 0 6 3.7
      vertex 4.13509 7.76491 3.7
    endloop
  endfacet
  facet normal 0 0 1
    outer loop
      vertex 0 38.5 3.7
      vertex 3.96594 36.9217 3.7
      vertex 3.84902 37.0794 3.7
    endloop
  endfacet
  facet normal 0 0 1
    outer loop
      vertex 4.13509 7.76491 3.7
      vertex 0 6 3.7
      vertex 4.09775 7.7237 3.7
    endloop
  endfacet
  facet normal 0 0 1
    outer loop
      vertex 0 38.5 3.7
      vertex 3.84902 37.0794 3.7
      vertex 3.81589 37.124 3.7
    endloop
  endfacet
  facet normal 0 0 1
    outer loop
      vertex 4.09775 7.7237 3.7
      vertex 0 6 3.7
      vertex 3.96594 7.57828 3.7
    endloop
  endfacet
  facet normal 0 0 1
    outer loop
      vertex 0 38.5 3.7
      vertex 3.81589 37.124 3.7
      vertex 3.7873 37.1717 3.7
    endloop
  endfacet
  facet normal 0 0 1
    outer loop
      vertex 3.96594 7.57828 3.7
      vertex 0 6 3.7
      vertex 3.84902 7.42063 3.7
    endloop
  endfacet
  facet normal 0 0 1
    outer loop
      vertex 0 38.5 3.7
      vertex 3.7873 37.1717 3.7
      vertex 3.6864 37.3401 3.7
    endloop
  endfacet
  facet normal 0 0 1
    outer loop
      vertex 3.84902 7.42063 3.7
      vertex 0 6 3.7
      vertex 3.81589 7.37596 3.7
    endloop
  endfacet
  facet normal 0 0 1
    outer loop
      vertex 0 38.5 3.7
      vertex 3.6864 37.3401 3.7
      vertex 3.66263 37.3904 3.7
    endloop
  endfacet
  facet normal 0 0 1
    outer loop
      vertex 3.81589 7.37596 3.7
      vertex 0 6 3.7
      vertex 3.7873 7.32827 3.7
    endloop
  endfacet
  facet normal 0 0 1
    outer loop
      vertex 0 38.5 3.7
      vertex 3.66263 37.3904 3.7
      vertex 3.57871 37.5678 3.7
    endloop
  endfacet
  facet normal 0 0 1
    outer loop
      vertex 3.7873 7.32827 3.7
      vertex 0 6 3.7
      vertex 3.6864 7.15992 3.7
    endloop
  endfacet
  facet normal 0 0 1
    outer loop
      vertex 0 38.5 3.7
      vertex 3.57871 37.5678 3.7
      vertex 3.51259 37.7526 3.7
    endloop
  endfacet
  facet normal 0 0 1
    outer loop
      vertex 3.6864 7.15992 3.7
      vertex 0 6 3.7
      vertex 3.66263 7.10965 3.7
    endloop
  endfacet
  facet normal 0 0 1
    outer loop
      vertex 0 38.5 3.7
      vertex 3.51259 37.7526 3.7
      vertex 3.49385 37.8049 3.7
    endloop
  endfacet
  facet normal 0 0 1
    outer loop
      vertex 3.66263 7.10965 3.7
      vertex 0 6 3.7
      vertex 3.57871 6.93222 3.7
    endloop
  endfacet
  facet normal 0 0 1
    outer loop
      vertex 0 38.5 3.7
      vertex 3.49385 37.8049 3.7
      vertex 3.48034 37.8589 3.7
    endloop
  endfacet
  facet normal 0 0 1
    outer loop
      vertex 3.57871 6.93222 3.7
      vertex 0 6 3.7
      vertex 3.51259 6.74742 3.7
    endloop
  endfacet
  facet normal 0 0 1
    outer loop
      vertex 0 38.5 3.7
      vertex 3.48034 37.8589 3.7
      vertex 3.43265 38.0493 3.7
    endloop
  endfacet
  facet normal 0 0 1
    outer loop
      vertex 3.51259 6.74742 3.7
      vertex 0 6 3.7
      vertex 3.49385 6.69506 3.7
    endloop
  endfacet
  facet normal 0 0 1
    outer loop
      vertex 0 38.5 3.7
      vertex 3.43265 38.0493 3.7
      vertex 3.40385 38.2434 3.7
    endloop
  endfacet
  facet normal 0 0 1
    outer loop
      vertex 3.49385 6.69506 3.7
      vertex 0 6 3.7
      vertex 3.48034 6.64112 3.7
    endloop
  endfacet
  facet normal 0 0 1
    outer loop
      vertex 0 38.5 3.7
      vertex 3.40385 38.2434 3.7
      vertex 3.39569 38.2984 3.7
    endloop
  endfacet
  facet normal 0 0 1
    outer loop
      vertex 3.48034 6.64112 3.7
      vertex 0 6 3.7
      vertex 3.43265 6.45073 3.7
    endloop
  endfacet
  facet normal 0 0 1
    outer loop
      vertex 0 38.5 3.7
      vertex 3.39569 38.2984 3.7
      vertex 3.38606 38.4945 3.7
    endloop
  endfacet
  facet normal 0 0 1
    outer loop
      vertex 3.43265 6.45073 3.7
      vertex 0 6 3.7
      vertex 3.40385 6.25659 3.7
    endloop
  endfacet
  facet normal -0 0 1
    outer loop
      vertex 0 38.5 3.7
      vertex 3.38606 38.4945 3.7
      vertex 3.38333 38.55 3.7
    endloop
  endfacet
  facet normal 0 0 1
    outer loop
      vertex 3.40385 6.25659 3.7
      vertex 0 6 3.7
      vertex 3.39569 6.20158 3.7
    endloop
  endfacet
  facet normal 0 0 1
    outer loop
      vertex 58.9961 38.2434 3.7
      vertex 62.4 38.5 3.7
      vertex 59.0043 38.2984 3.7
    endloop
  endfacet
  facet normal 0 0 1
    outer loop
      vertex 62.4 6 3.7
      vertex 59.007 6.14603 3.7
      vertex 59.0167 5.95 3.7
    endloop
  endfacet
  facet normal 0 0 1
    outer loop
      vertex 58.9673 38.0493 3.7
      vertex 62.4 38.5 3.7
      vertex 58.9961 38.2434 3.7
    endloop
  endfacet
  facet normal 0 0 1
    outer loop
      vertex 62.4 6 3.7
      vertex 59.0043 6.20158 3.7
      vertex 59.007 6.14603 3.7
    endloop
  endfacet
  facet normal 0 0 1
    outer loop
      vertex 58.9538 37.9953 3.7
      vertex 62.4 38.5 3.7
      vertex 58.9673 38.0493 3.7
    endloop
  endfacet
  facet normal 0 0 1
    outer loop
      vertex 62.4 6 3.7
      vertex 58.9961 6.25659 3.7
      vertex 59.0043 6.20158 3.7
    endloop
  endfacet
  facet normal 0 0 1
    outer loop
      vertex 58.9061 37.8049 3.7
      vertex 62.4 38.5 3.7
      vertex 58.9538 37.9953 3.7
    endloop
  endfacet
  facet normal 0 0 1
    outer loop
      vertex 62.4 6 3.7
      vertex 58.9673 6.45073 3.7
      vertex 58.9961 6.25659 3.7
    endloop
  endfacet
  facet normal 0 0 1
    outer loop
      vertex 58.84 37.6201 3.7
      vertex 62.4 38.5 3.7
      vertex 58.9061 37.8049 3.7
    endloop
  endfacet
  facet normal 0 0 1
    outer loop
      vertex 62.4 6 3.7
      vertex 58.9538 6.50467 3.7
      vertex 58.9673 6.45073 3.7
    endloop
  endfacet
  facet normal 0 -0 1
    outer loop
      vertex 56.9895 21.5537 3.7
      vertex 62.4 38.5 3.7
      vertex 56.958 21.8927 3.7
    endloop
  endfacet
  facet normal 0 0 1
    outer loop
      vertex 62.4 6 3.7
      vertex 58.9061 6.69506 3.7
      vertex 58.9538 6.50467 3.7
    endloop
  endfacet
  facet normal 0 0 1
    outer loop
      vertex 58.8213 37.5678 3.7
      vertex 62.4 38.5 3.7
      vertex 58.84 37.6201 3.7
    endloop
  endfacet
  facet normal -0 0 1
    outer loop
      vertex 56.989 20.8475 3.7
      vertex 62.4 6 3.7
      vertex 57 21.1957 3.7
    endloop
  endfacet
  facet normal 0 0 1
    outer loop
      vertex 58.7374 37.3904 3.7
      vertex 62.4 38.5 3.7
      vertex 58.8213 37.5678 3.7
    endloop
  endfacet
  facet normal -0 0 1
    outer loop
      vertex 56.956 20.5165 3.7
      vertex 62.4 6 3.7
      vertex 56.989 20.8475 3.7
    endloop
  endfacet
  facet normal 0 0 1
    outer loop
      vertex 58.7136 37.3401 3.7
      vertex 62.4 38.5 3.7
      vertex 58.7374 37.3904 3.7
    endloop
  endfacet
  facet normal 0 0 1
    outer loop
      vertex 62.4 6 3.7
      vertex 58.84 6.87986 3.7
      vertex 58.9061 6.69506 3.7
    endloop
  endfacet
  facet normal 0 0 1
    outer loop
      vertex 58.6127 37.1717 3.7
      vertex 62.4 38.5 3.7
      vertex 58.7136 37.3401 3.7
    endloop
  endfacet
  facet normal 0 0 1
    outer loop
      vertex 62.4 6 3.7
      vertex 58.8213 6.93222 3.7
      vertex 58.84 6.87986 3.7
    endloop
  endfacet
  facet normal 0 0 1
    outer loop
      vertex 58.5841 37.124 3.7
      vertex 62.4 38.5 3.7
      vertex 58.6127 37.1717 3.7
    endloop
  endfacet
  facet normal -0 0 1
    outer loop
      vertex 56.901 20.2026 3.7
      vertex 62.4 6 3.7
      vertex 56.956 20.5165 3.7
    endloop
  endfacet
  facet normal 0 0 1
    outer loop
      vertex 58.551 37.0794 3.7
      vertex 62.4 38.5 3.7
      vertex 58.5841 37.124 3.7
    endloop
  endfacet
  facet normal 0 0 1
    outer loop
      vertex 62.4 6 3.7
      vertex 58.7374 7.10965 3.7
      vertex 58.8213 6.93222 3.7
    endloop
  endfacet
  facet normal 0 0 1
    outer loop
      vertex 58.4341 36.9217 3.7
      vertex 62.4 38.5 3.7
      vertex 58.551 37.0794 3.7
    endloop
  endfacet
  facet normal 0 0 1
    outer loop
      vertex 62.4 6 3.7
      vertex 58.7136 7.15992 3.7
      vertex 58.7374 7.10965 3.7
    endloop
  endfacet
  facet normal 0 0 1
    outer loop
      vertex 58.3967 36.8805 3.7
      vertex 62.4 38.5 3.7
      vertex 58.4341 36.9217 3.7
    endloop
  endfacet
  facet normal -0 0 1
    outer loop
      vertex 56.824 19.9058 3.7
      vertex 62.4 6 3.7
      vertex 56.901 20.2026 3.7
    endloop
  endfacet
  facet normal 0 0 1
    outer loop
      vertex 58.2649 36.7351 3.7
      vertex 62.4 38.5 3.7
      vertex 58.3967 36.8805 3.7
    endloop
  endfacet
  facet normal 0 0 1
    outer loop
      vertex 62.4 6 3.7
      vertex 58.6127 7.32827 3.7
      vertex 58.7136 7.15992 3.7
    endloop
  endfacet
  facet normal 0 0 1
    outer loop
      vertex 58.1195 36.6033 3.7
      vertex 62.4 38.5 3.7
      vertex 58.2649 36.7351 3.7
    endloop
  endfacet
  facet normal -0 0 1
    outer loop
      vertex 56.725 19.6261 3.7
      vertex 62.4 6 3.7
      vertex 56.824 19.9058 3.7
    endloop
  endfacet
  facet normal 0 0 1
    outer loop
      vertex 58.0783 36.5659 3.7
      vertex 62.4 38.5 3.7
      vertex 58.1195 36.6033 3.7
    endloop
  endfacet
  facet normal 0 0 1
    outer loop
      vertex 62.4 6 3.7
      vertex 58.5841 7.37596 3.7
      vertex 58.6127 7.32827 3.7
    endloop
  endfacet
  facet normal 0 0 1
    outer loop
      vertex 56.3273 23.526 3.7
      vertex 62.4 38.5 3.7
      vertex 58.0783 36.5659 3.7
    endloop
  endfacet
  facet normal 0 0 1
    outer loop
      vertex 62.4 6 3.7
      vertex 58.551 7.42063 3.7
      vertex 58.5841 7.37596 3.7
    endloop
  endfacet
  facet normal 0 0 1
    outer loop
      vertex 56.3273 23.526 3.7
      vertex 58.0783 36.5659 3.7
      vertex 57.9206 36.449 3.7
    endloop
  endfacet
  facet normal -0 0 1
    outer loop
      vertex 56.604 19.3634 3.7
      vertex 62.4 6 3.7
      vertex 56.725 19.6261 3.7
    endloop
  endfacet
  facet normal 0 0 1
    outer loop
      vertex 56.3273 23.526 3.7
      vertex 57.9206 36.449 3.7
      vertex 57.876 36.4159 3.7
    endloop
  endfacet
  facet normal 0 0 1
    outer loop
      vertex 62.4 6 3.7
      vertex 58.4341 7.57828 3.7
      vertex 58.551 7.42063 3.7
    endloop
  endfacet
  facet normal 0 0 1
    outer loop
      vertex 56.1486 23.7315 3.7
      vertex 57.876 36.4159 3.7
      vertex 57.8283 36.3873 3.7
    endloop
  endfacet
  facet normal -0 0 1
    outer loop
      vertex 56.461 19.1179 3.7
      vertex 62.4 6 3.7
      vertex 56.604 19.3634 3.7
    endloop
  endfacet
  facet normal 0 0 1
    outer loop
      vertex 56.1486 23.7315 3.7
      vertex 57.8283 36.3873 3.7
      vertex 57.6599 36.2864 3.7
    endloop
  endfacet
  facet normal 0 0 1
    outer loop
      vertex 62.4 6 3.7
      vertex 58.3967 7.61948 3.7
      vertex 58.4341 7.57828 3.7
    endloop
  endfacet
  facet normal 0 0 1
    outer loop
      vertex 55.95 23.9166 3.7
      vertex 57.6599 36.2864 3.7
      vertex 57.6096 36.2626 3.7
    endloop
  endfacet
  facet normal 0 0 1
    outer loop
      vertex 62.4 6 3.7
      vertex 58.2649 7.76491 3.7
      vertex 58.3967 7.61948 3.7
    endloop
  endfacet
  facet normal 0 0 1
    outer loop
      vertex 55.95 23.9166 3.7
      vertex 57.6096 36.2626 3.7
      vertex 57.4322 36.1787 3.7
    endloop
  endfacet
  facet normal -0 -0 1
    outer loop
      vertex 58.0783 7.93406 3.7
      vertex 62.4 6 3.7
      vertex 56.461 19.1179 3.7
    endloop
  endfacet
  facet normal 0 0 1
    outer loop
      vertex 55.7324 24.0799 3.7
      vertex 57.4322 36.1787 3.7
      vertex 57.3799 36.16 3.7
    endloop
  endfacet
  facet normal 0 0 1
    outer loop
      vertex 62.4 6 3.7
      vertex 58.1195 7.89671 3.7
      vertex 58.2649 7.76491 3.7
    endloop
  endfacet
  facet normal 0 0 1
    outer loop
      vertex 55.7324 24.0799 3.7
      vertex 57.3799 36.16 3.7
      vertex 57.1951 36.0939 3.7
    endloop
  endfacet
  facet normal 0 0 1
    outer loop
      vertex 62.4 6 3.7
      vertex 58.0783 7.93406 3.7
      vertex 58.1195 7.89671 3.7
    endloop
  endfacet
  facet normal 0 0 1
    outer loop
      vertex 55.4959 24.2215 3.7
      vertex 57.1951 36.0939 3.7
      vertex 57.0047 36.0462 3.7
    endloop
  endfacet
  facet normal -0 0 1
    outer loop
      vertex 56.2959 18.8895 3.7
      vertex 58.0783 7.93406 3.7
      vertex 56.461 19.1179 3.7
    endloop
  endfacet
  facet normal 0 0 1
    outer loop
      vertex 58.0783 7.93406 3.7
      vertex 56.2959 18.8895 3.7
      vertex 57.9206 8.05098 3.7
    endloop
  endfacet
  facet normal 0 0 1
    outer loop
      vertex 62.4 6 3.7
      vertex 56.9895 21.5537 3.7
      vertex 57 21.1957 3.7
    endloop
  endfacet
  facet normal 0 0 1
    outer loop
      vertex 62.4 38.5 3.7
      vertex 56.9895 21.5537 3.7
      vertex 62.4 6 3.7
    endloop
  endfacet
  facet normal 0 0 1
    outer loop
      vertex 55.4959 24.2215 3.7
      vertex 57.0047 36.0462 3.7
      vertex 56.9507 36.0326 3.7
    endloop
  endfacet
  facet normal 0 0 1
    outer loop
      vertex 62.4 38.5 3.7
      vertex 56.9054 22.2126 3.7
      vertex 56.958 21.8927 3.7
    endloop
  endfacet
  facet normal 0 0 1
    outer loop
      vertex 62.4 38.5 3.7
      vertex 56.8318 22.5134 3.7
      vertex 56.9054 22.2126 3.7
    endloop
  endfacet
  facet normal 0 0 1
    outer loop
      vertex 55.2406 24.3412 3.7
      vertex 56.9507 36.0326 3.7
      vertex 56.7566 36.0039 3.7
    endloop
  endfacet
  facet normal 0 0 1
    outer loop
      vertex 62.4 38.5 3.7
      vertex 56.7372 22.7951 3.7
      vertex 56.8318 22.5134 3.7
    endloop
  endfacet
  facet normal 0 0 1
    outer loop
      vertex 55.2406 24.3412 3.7
      vertex 56.7566 36.0039 3.7
      vertex 56.7016 35.9957 3.7
    endloop
  endfacet
  facet normal 0 0 1
    outer loop
      vertex 54.9663 24.4392 3.7
      vertex 56.7016 35.9957 3.7
      vertex 56.646 35.993 3.7
    endloop
  endfacet
  facet normal 0 0 1
    outer loop
      vertex 62.4 38.5 3.7
      vertex 56.6216 23.0578 3.7
      vertex 56.7372 22.7951 3.7
    endloop
  endfacet
  facet normal 0 0 1
    outer loop
      vertex 62.4 38.5 3.7
      vertex 56.485 23.3015 3.7
      vertex 56.6216 23.0578 3.7
    endloop
  endfacet
  facet normal 0 0 1
    outer loop
      vertex 54.9663 24.4392 3.7
      vertex 56.646 35.993 3.7
      vertex 56.45 35.9833 3.7
    endloop
  endfacet
  facet normal 0 0 1
    outer loop
      vertex 62.4 38.5 3.7
      vertex 56.3273 23.526 3.7
      vertex 56.485 23.3015 3.7
    endloop
  endfacet
  facet normal 0 0 1
    outer loop
      vertex 54.673 24.5154 3.7
      vertex 56.45 35.9833 3.7
      vertex 56.254 35.993 3.7
    endloop
  endfacet
  facet normal 0 0 1
    outer loop
      vertex 54.673 24.5154 3.7
      vertex 56.254 35.993 3.7
      vertex 56.1984 35.9957 3.7
    endloop
  endfacet
  facet normal 0 0 1
    outer loop
      vertex 57.876 36.4159 3.7
      vertex 56.1486 23.7315 3.7
      vertex 56.3273 23.526 3.7
    endloop
  endfacet
  facet normal 0 0 1
    outer loop
      vertex 54.3609 24.5699 3.7
      vertex 56.1984 35.9957 3.7
      vertex 56.1434 36.0039 3.7
    endloop
  endfacet
  facet normal 0 0 1
    outer loop
      vertex 57.6599 36.2864 3.7
      vertex 55.95 23.9166 3.7
      vertex 56.1486 23.7315 3.7
    endloop
  endfacet
  facet normal 0 0 1
    outer loop
      vertex 54.3609 24.5699 3.7
      vertex 56.1434 36.0039 3.7
      vertex 55.9493 36.0326 3.7
    endloop
  endfacet
  facet normal 0 0 1
    outer loop
      vertex 54.0299 24.6025 3.7
      vertex 55.9493 36.0326 3.7
      vertex 55.8953 36.0462 3.7
    endloop
  endfacet
  facet normal 0 0 1
    outer loop
      vertex 57.4322 36.1787 3.7
      vertex 55.7324 24.0799 3.7
      vertex 55.95 23.9166 3.7
    endloop
  endfacet
  facet normal 0 0 1
    outer loop
      vertex 54.0299 24.6025 3.7
      vertex 55.8953 36.0462 3.7
      vertex 55.7049 36.0939 3.7
    endloop
  endfacet
  facet normal 0 0 1
    outer loop
      vertex 53.6799 24.6134 3.7
      vertex 55.7049 36.0939 3.7
      vertex 55.5201 36.16 3.7
    endloop
  endfacet
  facet normal 0 0 1
    outer loop
      vertex 57.1951 36.0939 3.7
      vertex 55.4959 24.2215 3.7
      vertex 55.7324 24.0799 3.7
    endloop
  endfacet
  facet normal 0 0 1
    outer loop
      vertex 53.6799 24.6134 3.7
      vertex 55.5201 36.16 3.7
      vertex 55.4678 36.1787 3.7
    endloop
  endfacet
  facet normal 0 0 1
    outer loop
      vertex 53.3373 24.6022 3.7
      vertex 55.4678 36.1787 3.7
      vertex 55.2904 36.2626 3.7
    endloop
  endfacet
  facet normal 0 0 1
    outer loop
      vertex 56.9507 36.0326 3.7
      vertex 55.2406 24.3412 3.7
      vertex 55.4959 24.2215 3.7
    endloop
  endfacet
  facet normal 0 0 1
    outer loop
      vertex 53.3373 24.6022 3.7
      vertex 55.2904 36.2626 3.7
      vertex 55.2401 36.2864 3.7
    endloop
  endfacet
  facet normal 0 0 1
    outer loop
      vertex 53.012 24.5684 3.7
      vertex 55.2401 36.2864 3.7
      vertex 55.0717 36.3873 3.7
    endloop
  endfacet
  facet normal 0 0 1
    outer loop
      vertex 53.012 24.5684 3.7
      vertex 55.0717 36.3873 3.7
      vertex 55.024 36.4159 3.7
    endloop
  endfacet
  facet normal 0 0 1
    outer loop
      vertex 52.7041 24.512 3.7
      vertex 55.024 36.4159 3.7
      vertex 54.9794 36.449 3.7
    endloop
  endfacet
  facet normal 0 0 1
    outer loop
      vertex 56.7016 35.9957 3.7
      vertex 54.9663 24.4392 3.7
      vertex 55.2406 24.3412 3.7
    endloop
  endfacet
  facet normal 0 0 1
    outer loop
      vertex 52.7041 24.512 3.7
      vertex 54.9794 36.449 3.7
      vertex 54.8217 36.5659 3.7
    endloop
  endfacet
  facet normal 0 0 1
    outer loop
      vertex 45.0333 26.4871 3.7
      vertex 54.8217 36.5659 3.7
      vertex 54.6763 36.6977 3.7
    endloop
  endfacet
  facet normal 0 0 1
    outer loop
      vertex 56.45 35.9833 3.7
      vertex 54.673 24.5154 3.7
      vertex 54.9663 24.4392 3.7
    endloop
  endfacet
  facet normal 0 0 1
    outer loop
      vertex 45.0333 26.4871 3.7
      vertex 54.6763 36.6977 3.7
      vertex 54.6351 36.7351 3.7
    endloop
  endfacet
  facet normal 0 0 1
    outer loop
      vertex 45.0333 26.4871 3.7
      vertex 54.6351 36.7351 3.7
      vertex 54.5977 36.7763 3.7
    endloop
  endfacet
  facet normal 0 0 1
    outer loop
      vertex 45.0333 26.4871 3.7
      vertex 54.5977 36.7763 3.7
      vertex 54.4659 36.9217 3.7
    endloop
  endfacet
  facet normal 0 0 1
    outer loop
      vertex 56.1984 35.9957 3.7
      vertex 54.3609 24.5699 3.7
      vertex 54.673 24.5154 3.7
    endloop
  endfacet
  facet normal 0 0 1
    outer loop
      vertex 45.0333 26.4871 3.7
      vertex 54.4659 36.9217 3.7
      vertex 54.349 37.0794 3.7
    endloop
  endfacet
  facet normal 0 0 1
    outer loop
      vertex 45.0333 26.4871 3.7
      vertex 54.349 37.0794 3.7
      vertex 54.3159 37.124 3.7
    endloop
  endfacet
  facet normal 0 0 1
    outer loop
      vertex 45.0333 26.4871 3.7
      vertex 54.3159 37.124 3.7
      vertex 54.2873 37.1717 3.7
    endloop
  endfacet
  facet normal 0 0 1
    outer loop
      vertex 45.0333 26.4871 3.7
      vertex 54.2873 37.1717 3.7
      vertex 54.1864 37.3401 3.7
    endloop
  endfacet
  facet normal 0 0 1
    outer loop
      vertex 45.0333 26.4871 3.7
      vertex 54.1864 37.3401 3.7
      vertex 54.1626 37.3904 3.7
    endloop
  endfacet
  facet normal 0 0 1
    outer loop
      vertex 45.0333 26.4871 3.7
      vertex 54.1626 37.3904 3.7
      vertex 54.0787 37.5678 3.7
    endloop
  endfacet
  facet normal 0 0 1
    outer loop
      vertex 55.9493 36.0326 3.7
      vertex 54.0299 24.6025 3.7
      vertex 54.3609 24.5699 3.7
    endloop
  endfacet
  facet normal 0 0 1
    outer loop
      vertex 45.0333 26.4871 3.7
      vertex 54.0787 37.5678 3.7
      vertex 54.0126 37.7526 3.7
    endloop
  endfacet
  facet normal 0 0 1
    outer loop
      vertex 45.0333 26.4871 3.7
      vertex 54.0126 37.7526 3.7
      vertex 53.9939 37.8049 3.7
    endloop
  endfacet
  facet normal 0 0 1
    outer loop
      vertex 45.0333 26.4871 3.7
      vertex 53.9939 37.8049 3.7
      vertex 53.9803 37.8589 3.7
    endloop
  endfacet
  facet normal 0 0 1
    outer loop
      vertex 45.0333 26.4871 3.7
      vertex 53.9803 37.8589 3.7
      vertex 53.9327 38.0493 3.7
    endloop
  endfacet
  facet normal 0 0 1
    outer loop
      vertex 41.593 26.9449 3.7
      vertex 53.9327 38.0493 3.7
      vertex 53.9039 38.2434 3.7
    endloop
  endfacet
  facet normal 0 0 1
    outer loop
      vertex 41.593 26.9449 3.7
      vertex 53.9039 38.2434 3.7
      vertex 53.8957 38.2984 3.7
    endloop
  endfacet
  facet normal 0 0 1
    outer loop
      vertex 41.593 26.9449 3.7
      vertex 53.8957 38.2984 3.7
      vertex 53.8861 38.4945 3.7
    endloop
  endfacet
  facet normal 0 0 1
    outer loop
      vertex 41.593 26.9449 3.7
      vertex 53.8861 38.4945 3.7
      vertex 53.8833 38.55 3.7
    endloop
  endfacet
  facet normal 0 0 1
    outer loop
      vertex 55.7049 36.0939 3.7
      vertex 53.6799 24.6134 3.7
      vertex 54.0299 24.6025 3.7
    endloop
  endfacet
  facet normal -0 0 1
    outer loop
      vertex 59.0167 38.55 3.7
      vertex 62.4 38.5 3.7
      vertex 62.3711 39.0881 3.7
    endloop
  endfacet
  facet normal 0 0 1
    outer loop
      vertex 59.007 38.354 3.7
      vertex 62.4 38.5 3.7
      vertex 59.0167 38.55 3.7
    endloop
  endfacet
  facet normal 0 0 1
    outer loop
      vertex 58.9961 38.8566 3.7
      vertex 62.3711 39.0881 3.7
      vertex 62.2847 39.6705 3.7
    endloop
  endfacet
  facet normal 0 0 1
    outer loop
      vertex 59.0043 38.2984 3.7
      vertex 62.4 38.5 3.7
      vertex 59.007 38.354 3.7
    endloop
  endfacet
  facet normal 0 0 1
    outer loop
      vertex 58.9538 39.1047 3.7
      vertex 62.2847 39.6705 3.7
      vertex 62.1416 40.2417 3.7
    endloop
  endfacet
  facet normal 0 0 1
    outer loop
      vertex 62.4 6 3.7
      vertex 59.0167 5.95 3.7
      vertex 62.3711 5.4119 3.7
    endloop
  endfacet
  facet normal 0 0 1
    outer loop
      vertex 58.9061 39.2951 3.7
      vertex 62.1416 40.2417 3.7
      vertex 61.9433 40.7961 3.7
    endloop
  endfacet
  facet normal -0 0 1
    outer loop
      vertex 59.007 5.75396 3.7
      vertex 62.3711 5.4119 3.7
      vertex 59.0167 5.95 3.7
    endloop
  endfacet
  facet normal 0 0 1
    outer loop
      vertex 58.8213 39.5322 3.7
      vertex 61.9433 40.7961 3.7
      vertex 61.6915 41.3284 3.7
    endloop
  endfacet
  facet normal -0 0 1
    outer loop
      vertex 59.0043 5.69842 3.7
      vertex 62.3711 5.4119 3.7
      vertex 59.007 5.75396 3.7
    endloop
  endfacet
  facet normal 0 0 1
    outer loop
      vertex 58.7136 39.7599 3.7
      vertex 61.6915 41.3284 3.7
      vertex 61.3888 41.8334 3.7
    endloop
  endfacet
  facet normal -0 0 1
    outer loop
      vertex 58.9961 5.64341 3.7
      vertex 62.3711 5.4119 3.7
      vertex 59.0043 5.69842 3.7
    endloop
  endfacet
  facet normal 0 0 1
    outer loop
      vertex 58.551 40.0206 3.7
      vertex 61.3888 41.8334 3.7
      vertex 61.0381 42.3064 3.7
    endloop
  endfacet
  facet normal 0 0 1
    outer loop
      vertex 62.3711 5.4119 3.7
      vertex 58.9961 5.64341 3.7
      vertex 62.2847 4.82946 3.7
    endloop
  endfacet
  facet normal 0 0 1
    outer loop
      vertex 58.3023 40.3237 3.7
      vertex 61.0381 42.3064 3.7
      vertex 60.6426 42.7426 3.7
    endloop
  endfacet
  facet normal -0 0 1
    outer loop
      vertex 58.9673 5.44927 3.7
      vertex 62.2847 4.82946 3.7
      vertex 58.9961 5.64341 3.7
    endloop
  endfacet
  facet normal 0 0 1
    outer loop
      vertex 58.2237 40.4023 3.7
      vertex 60.6426 42.7426 3.7
      vertex 60.2064 43.1381 3.7
    endloop
  endfacet
  facet normal -0 0 1
    outer loop
      vertex 58.9538 5.39532 3.7
      vertex 62.2847 4.82946 3.7
      vertex 58.9673 5.44927 3.7
    endloop
  endfacet
  facet normal 0 0 1
    outer loop
      vertex 57.9206 40.651 3.7
      vertex 60.2064 43.1381 3.7
      vertex 59.7334 43.4888 3.7
    endloop
  endfacet
  facet normal 0 0 1
    outer loop
      vertex 62.2847 4.82946 3.7
      vertex 58.9538 5.39532 3.7
      vertex 62.1416 4.25829 3.7
    endloop
  endfacet
  facet normal 0 0 1
    outer loop
      vertex 57.8283 40.7127 3.7
      vertex 59.7334 43.4888 3.7
      vertex 59.2284 43.7915 3.7
    endloop
  endfacet
  facet normal -0 0 1
    outer loop
      vertex 58.9061 5.20494 3.7
      vertex 62.1416 4.25829 3.7
      vertex 58.9538 5.39532 3.7
    endloop
  endfacet
  facet normal 0 0 1
    outer loop
      vertex 62.1416 4.25829 3.7
      vertex 58.9061 5.20494 3.7
      vertex 61.9433 3.7039 3.7
    endloop
  endfacet
  facet normal 0 0 1
    outer loop
      vertex 62.3711 39.0881 3.7
      vertex 59.007 38.746 3.7
      vertex 59.0167 38.55 3.7
    endloop
  endfacet
  facet normal 0 0 1
    outer loop
      vertex 62.3711 39.0881 3.7
      vertex 59.0043 38.8016 3.7
      vertex 59.007 38.746 3.7
    endloop
  endfacet
  facet normal 0 0 1
    outer loop
      vertex 62.3711 39.0881 3.7
      vertex 58.9961 38.8566 3.7
      vertex 59.0043 38.8016 3.7
    endloop
  endfacet
  facet normal 0 0 1
    outer loop
      vertex 62.2847 39.6705 3.7
      vertex 58.9673 39.0507 3.7
      vertex 58.9961 38.8566 3.7
    endloop
  endfacet
  facet normal 0 0 1
    outer loop
      vertex 62.2847 39.6705 3.7
      vertex 58.9538 39.1047 3.7
      vertex 58.9673 39.0507 3.7
    endloop
  endfacet
  facet normal 0 0 1
    outer loop
      vertex 62.1416 40.2417 3.7
      vertex 58.9061 39.2951 3.7
      vertex 58.9538 39.1047 3.7
    endloop
  endfacet
  facet normal 0 0 1
    outer loop
      vertex 61.9433 40.7961 3.7
      vertex 58.84 39.4799 3.7
      vertex 58.9061 39.2951 3.7
    endloop
  endfacet
  facet normal 0 0 1
    outer loop
      vertex 61.9433 40.7961 3.7
      vertex 58.8213 39.5322 3.7
      vertex 58.84 39.4799 3.7
    endloop
  endfacet
  facet normal 0 0 1
    outer loop
      vertex 61.6915 41.3284 3.7
      vertex 58.7374 39.7096 3.7
      vertex 58.8213 39.5322 3.7
    endloop
  endfacet
  facet normal 0 0 1
    outer loop
      vertex 61.6915 41.3284 3.7
      vertex 58.7136 39.7599 3.7
      vertex 58.7374 39.7096 3.7
    endloop
  endfacet
  facet normal 0 0 1
    outer loop
      vertex 57.6096 40.8374 3.7
      vertex 59.2284 43.7915 3.7
      vertex 58.6961 44.0433 3.7
    endloop
  endfacet
  facet normal 0 0 1
    outer loop
      vertex 61.3888 41.8334 3.7
      vertex 58.6127 39.9283 3.7
      vertex 58.7136 39.7599 3.7
    endloop
  endfacet
  facet normal 0 0 1
    outer loop
      vertex 61.3888 41.8334 3.7
      vertex 58.5841 39.976 3.7
      vertex 58.6127 39.9283 3.7
    endloop
  endfacet
  facet normal 0 0 1
    outer loop
      vertex 61.3888 41.8334 3.7
      vertex 58.551 40.0206 3.7
      vertex 58.5841 39.976 3.7
    endloop
  endfacet
  facet normal 0 0 1
    outer loop
      vertex 61.0381 42.3064 3.7
      vertex 58.4341 40.1783 3.7
      vertex 58.551 40.0206 3.7
    endloop
  endfacet
  facet normal 0 0 1
    outer loop
      vertex 61.0381 42.3064 3.7
      vertex 58.3023 40.3237 3.7
      vertex 58.4341 40.1783 3.7
    endloop
  endfacet
  facet normal 0 0 1
    outer loop
      vertex 60.6426 42.7426 3.7
      vertex 58.2649 40.3649 3.7
      vertex 58.3023 40.3237 3.7
    endloop
  endfacet
  facet normal 0 0 1
    outer loop
      vertex 60.6426 42.7426 3.7
      vertex 58.2237 40.4023 3.7
      vertex 58.2649 40.3649 3.7
    endloop
  endfacet
  facet normal 0 0 1
    outer loop
      vertex 57.2474 40.9874 3.7
      vertex 58.6961 44.0433 3.7
      vertex 58.1417 44.2416 3.7
    endloop
  endfacet
  facet normal 0 0 1
    outer loop
      vertex 60.2064 43.1381 3.7
      vertex 58.0783 40.5341 3.7
      vertex 58.2237 40.4023 3.7
    endloop
  endfacet
  facet normal 0 0 1
    outer loop
      vertex 60.2064 43.1381 3.7
      vertex 57.9206 40.651 3.7
      vertex 58.0783 40.5341 3.7
    endloop
  endfacet
  facet normal 0 0 1
    outer loop
      vertex 59.7334 43.4888 3.7
      vertex 57.876 40.6841 3.7
      vertex 57.9206 40.651 3.7
    endloop
  endfacet
  facet normal 0 0 1
    outer loop
      vertex 59.7334 43.4888 3.7
      vertex 57.8283 40.7127 3.7
      vertex 57.876 40.6841 3.7
    endloop
  endfacet
  facet normal 0 0 1
    outer loop
      vertex 59.2284 43.7915 3.7
      vertex 57.6599 40.8136 3.7
      vertex 57.8283 40.7127 3.7
    endloop
  endfacet
  facet normal 0 0 1
    outer loop
      vertex 59.2284 43.7915 3.7
      vertex 57.6096 40.8374 3.7
      vertex 57.6599 40.8136 3.7
    endloop
  endfacet
  facet normal 0 0 1
    outer loop
      vertex 57.1411 41.0197 3.7
      vertex 58.1417 44.2416 3.7
      vertex 57.5705 44.3847 3.7
    endloop
  endfacet
  facet normal 0 0 1
    outer loop
      vertex 58.6961 44.0433 3.7
      vertex 57.4322 40.9213 3.7
      vertex 57.6096 40.8374 3.7
    endloop
  endfacet
  facet normal 0 0 1
    outer loop
      vertex 58.6961 44.0433 3.7
      vertex 57.2474 40.9874 3.7
      vertex 57.4322 40.9213 3.7
    endloop
  endfacet
  facet normal 0 0 1
    outer loop
      vertex 58.1417 44.2416 3.7
      vertex 57.1951 41.0061 3.7
      vertex 57.2474 40.9874 3.7
    endloop
  endfacet
  facet normal 0 0 1
    outer loop
      vertex 58.1417 44.2416 3.7
      vertex 57.1411 41.0197 3.7
      vertex 57.1951 41.0061 3.7
    endloop
  endfacet
  facet normal 0 0 1
    outer loop
      vertex 56.7566 41.0961 3.7
      vertex 57.5705 44.3847 3.7
      vertex 56.9881 44.4711 3.7
    endloop
  endfacet
  facet normal 0 0 1
    outer loop
      vertex 57.5705 44.3847 3.7
      vertex 56.9507 41.0673 3.7
      vertex 57.1411 41.0197 3.7
    endloop
  endfacet
  facet normal 0 0 1
    outer loop
      vertex 57.5705 44.3847 3.7
      vertex 56.7566 41.0961 3.7
      vertex 56.9507 41.0673 3.7
    endloop
  endfacet
  facet normal 0 0 1
    outer loop
      vertex 56.9881 44.4711 3.7
      vertex 56.7016 41.1043 3.7
      vertex 56.7566 41.0961 3.7
    endloop
  endfacet
  facet normal 0 0 1
    outer loop
      vertex 56.9881 44.4711 3.7
      vertex 56.646 41.107 3.7
      vertex 56.7016 41.1043 3.7
    endloop
  endfacet
  facet normal 0 0 1
    outer loop
      vertex 56.9881 44.4711 3.7
      vertex 56.45 41.1167 3.7
      vertex 56.646 41.107 3.7
    endloop
  endfacet
  facet normal 0 0 1
    outer loop
      vertex 56.4 44.5 3.7
      vertex 56.45 41.1167 3.7
      vertex 56.9881 44.4711 3.7
    endloop
  endfacet
  facet normal 0 0 1
    outer loop
      vertex 56.4 44.5 3.7
      vertex 56.254 41.107 3.7
      vertex 56.45 41.1167 3.7
    endloop
  endfacet
  facet normal 0 0 1
    outer loop
      vertex 56.4 44.5 3.7
      vertex 56.1984 41.1043 3.7
      vertex 56.254 41.107 3.7
    endloop
  endfacet
  facet normal 0 0 1
    outer loop
      vertex 56.4 44.5 3.7
      vertex 56.1434 41.0961 3.7
      vertex 56.1984 41.1043 3.7
    endloop
  endfacet
  facet normal 0 0 1
    outer loop
      vertex 56.4 44.5 3.7
      vertex 55.9493 41.0673 3.7
      vertex 56.1434 41.0961 3.7
    endloop
  endfacet
  facet normal 0 0 1
    outer loop
      vertex 56.4 44.5 3.7
      vertex 55.7589 41.0197 3.7
      vertex 55.9493 41.0673 3.7
    endloop
  endfacet
  facet normal 0 0 1
    outer loop
      vertex 56.4 44.5 3.7
      vertex 55.7049 41.0061 3.7
      vertex 55.7589 41.0197 3.7
    endloop
  endfacet
  facet normal 0 0 1
    outer loop
      vertex 56.4 44.5 3.7
      vertex 55.6526 40.9874 3.7
      vertex 55.7049 41.0061 3.7
    endloop
  endfacet
  facet normal 0 0 1
    outer loop
      vertex 56.4 44.5 3.7
      vertex 55.4678 40.9213 3.7
      vertex 55.6526 40.9874 3.7
    endloop
  endfacet
  facet normal 0 0 1
    outer loop
      vertex 56.4 44.5 3.7
      vertex 55.2904 40.8374 3.7
      vertex 55.4678 40.9213 3.7
    endloop
  endfacet
  facet normal 0 0 1
    outer loop
      vertex 56.4 44.5 3.7
      vertex 55.2401 40.8136 3.7
      vertex 55.2904 40.8374 3.7
    endloop
  endfacet
  facet normal 0 0 1
    outer loop
      vertex 56.4 44.5 3.7
      vertex 55.0717 40.7127 3.7
      vertex 55.2401 40.8136 3.7
    endloop
  endfacet
  facet normal 0 0 1
    outer loop
      vertex 56.4 44.5 3.7
      vertex 55.024 40.6841 3.7
      vertex 55.0717 40.7127 3.7
    endloop
  endfacet
  facet normal 0 0 1
    outer loop
      vertex 56.4 44.5 3.7
      vertex 54.9794 40.651 3.7
      vertex 55.024 40.6841 3.7
    endloop
  endfacet
  facet normal 0 0 1
    outer loop
      vertex 56.4 44.5 3.7
      vertex 54.8217 40.5341 3.7
      vertex 54.9794 40.651 3.7
    endloop
  endfacet
  facet normal 0 0 1
    outer loop
      vertex 56.4 44.5 3.7
      vertex 54.6763 40.4023 3.7
      vertex 54.8217 40.5341 3.7
    endloop
  endfacet
  facet normal 0 0 1
    outer loop
      vertex 56.4 44.5 3.7
      vertex 54.6351 40.3649 3.7
      vertex 54.6763 40.4023 3.7
    endloop
  endfacet
  facet normal 0 0 1
    outer loop
      vertex 56.4 44.5 3.7
      vertex 54.5977 40.3237 3.7
      vertex 54.6351 40.3649 3.7
    endloop
  endfacet
  facet normal 0 0 1
    outer loop
      vertex 56.4 44.5 3.7
      vertex 54.4659 40.1783 3.7
      vertex 54.5977 40.3237 3.7
    endloop
  endfacet
  facet normal 0 0 1
    outer loop
      vertex 56.4 44.5 3.7
      vertex 54.349 40.0206 3.7
      vertex 54.4659 40.1783 3.7
    endloop
  endfacet
  facet normal 0 0 1
    outer loop
      vertex 56.4 44.5 3.7
      vertex 54.3159 39.976 3.7
      vertex 54.349 40.0206 3.7
    endloop
  endfacet
  facet normal 0 0 1
    outer loop
      vertex 56.4 44.5 3.7
      vertex 54.2873 39.9283 3.7
      vertex 54.3159 39.976 3.7
    endloop
  endfacet
  facet normal 0 0 1
    outer loop
      vertex 56.4 44.5 3.7
      vertex 54.1864 39.7599 3.7
      vertex 54.2873 39.9283 3.7
    endloop
  endfacet
  facet normal 0 0 1
    outer loop
      vertex 8.2136 39.7599 3.7
      vertex 54.1864 39.7599 3.7
      vertex 56.4 44.5 3.7
    endloop
  endfacet
  facet normal 0 -0 1
    outer loop
      vertex 32.0835 26.4871 3.7
      vertex 54.1864 39.7599 3.7
      vertex 8.2136 39.7599 3.7
    endloop
  endfacet
  facet normal 0 0 1
    outer loop
      vertex 41.593 26.9449 3.7
      vertex 53.8861 38.6055 3.7
      vertex 53.8957 38.8016 3.7
    endloop
  endfacet
  facet normal 0 0 1
    outer loop
      vertex 55.4678 36.1787 3.7
      vertex 53.3373 24.6022 3.7
      vertex 53.6799 24.6134 3.7
    endloop
  endfacet
  facet normal 0 0 1
    outer loop
      vertex 55.2401 36.2864 3.7
      vertex 53.012 24.5684 3.7
      vertex 53.3373 24.6022 3.7
    endloop
  endfacet
  facet normal 0 0 1
    outer loop
      vertex 53.8861 38.6055 3.7
      vertex 41.593 26.9449 3.7
      vertex 53.8833 38.55 3.7
    endloop
  endfacet
  facet normal 0 0 1
    outer loop
      vertex 55.024 36.4159 3.7
      vertex 52.7041 24.512 3.7
      vertex 53.012 24.5684 3.7
    endloop
  endfacet
  facet normal 0 0 1
    outer loop
      vertex 54.8217 36.5659 3.7
      vertex 52.4135 24.4332 3.7
      vertex 52.7041 24.512 3.7
    endloop
  endfacet
  facet normal 0 0 1
    outer loop
      vertex 54.8217 36.5659 3.7
      vertex 45.0333 26.4871 3.7
      vertex 52.4135 24.4332 3.7
    endloop
  endfacet
  facet normal 0 0 1
    outer loop
      vertex 52.4135 24.4332 3.7
      vertex 45.0333 26.4871 3.7
      vertex 52.1402 24.3318 3.7
    endloop
  endfacet
  facet normal 0 0 1
    outer loop
      vertex 52.1402 24.3318 3.7
      vertex 45.0333 26.4871 3.7
      vertex 51.8843 24.2079 3.7
    endloop
  endfacet
  facet normal 0 0 1
    outer loop
      vertex 39.8779 26.9449 3.7
      vertex 53.8957 38.8016 3.7
      vertex 53.9039 38.8566 3.7
    endloop
  endfacet
  facet normal 0 0 1
    outer loop
      vertex 39.8779 26.9449 3.7
      vertex 53.9039 38.8566 3.7
      vertex 53.9327 39.0507 3.7
    endloop
  endfacet
  facet normal 0 0 1
    outer loop
      vertex 51.8843 24.2079 3.7
      vertex 45.0333 26.4871 3.7
      vertex 51.6456 24.0615 3.7
    endloop
  endfacet
  facet normal 0 0 1
    outer loop
      vertex 51.6456 24.0615 3.7
      vertex 45.0333 26.4871 3.7
      vertex 51.4244 23.8925 3.7
    endloop
  endfacet
  facet normal 0 0 1
    outer loop
      vertex 51.4244 23.8925 3.7
      vertex 45.0333 26.4871 3.7
      vertex 51.2204 23.701 3.7
    endloop
  endfacet
  facet normal 0 0 1
    outer loop
      vertex 51.2204 23.701 3.7
      vertex 45.0333 26.4871 3.7
      vertex 51.0359 23.4898 3.7
    endloop
  endfacet
  facet normal 0 0 1
    outer loop
      vertex 51.0359 23.4898 3.7
      vertex 45.0333 26.4871 3.7
      vertex 50.8732 23.2619 3.7
    endloop
  endfacet
  facet normal 0 0 1
    outer loop
      vertex 50.8732 23.2619 3.7
      vertex 45.0333 26.4871 3.7
      vertex 50.7321 23.0171 3.7
    endloop
  endfacet
  facet normal 0 0 1
    outer loop
      vertex 50.7321 23.0171 3.7
      vertex 45.0333 26.4871 3.7
      vertex 50.6128 22.7555 3.7
    endloop
  endfacet
  facet normal 0 0 1
    outer loop
      vertex 50.6128 22.7555 3.7
      vertex 45.0333 26.4871 3.7
      vertex 50.5151 22.4772 3.7
    endloop
  endfacet
  facet normal 0 0 1
    outer loop
      vertex 45.0333 19.2793 3.7
      vertex 50.3415 21.1957 3.7
      vertex 50.3524 21.5413 3.7
    endloop
  endfacet
  facet normal 0 0 1
    outer loop
      vertex 50.4392 22.182 3.7
      vertex 45.0333 19.2793 3.7
      vertex 50.3849 21.87 3.7
    endloop
  endfacet
  facet normal 0 0 1
    outer loop
      vertex 45.0333 19.2793 3.7
      vertex 50.4392 22.182 3.7
      vertex 45.0333 26.4871 3.7
    endloop
  endfacet
  facet normal 0 0 1
    outer loop
      vertex 50.5151 22.4772 3.7
      vertex 45.0333 26.4871 3.7
      vertex 50.4392 22.182 3.7
    endloop
  endfacet
  facet normal 0 0 1
    outer loop
      vertex 50.3849 21.87 3.7
      vertex 45.0333 19.2793 3.7
      vertex 50.3524 21.5413 3.7
    endloop
  endfacet
  facet normal 0 0 1
    outer loop
      vertex 39.8779 26.9449 3.7
      vertex 53.9327 39.0507 3.7
      vertex 53.9803 39.2411 3.7
    endloop
  endfacet
  facet normal 0 0 1
    outer loop
      vertex 39.8779 26.9449 3.7
      vertex 53.9803 39.2411 3.7
      vertex 53.9939 39.2951 3.7
    endloop
  endfacet
  facet normal 0 0 1
    outer loop
      vertex 39.8779 26.9449 3.7
      vertex 53.9939 39.2951 3.7
      vertex 54.0126 39.3474 3.7
    endloop
  endfacet
  facet normal 0 0 1
    outer loop
      vertex 39.8779 26.9449 3.7
      vertex 54.0126 39.3474 3.7
      vertex 54.0787 39.5322 3.7
    endloop
  endfacet
  facet normal 0 0 1
    outer loop
      vertex 54.1626 39.7096 3.7
      vertex 32.0835 26.4871 3.7
      vertex 54.0787 39.5322 3.7
    endloop
  endfacet
  facet normal 0 0 1
    outer loop
      vertex 53.9327 38.0493 3.7
      vertex 41.593 26.9449 3.7
      vertex 45.0333 26.4871 3.7
    endloop
  endfacet
  facet normal 0 0 1
    outer loop
      vertex 41.593 25.6815 3.7
      vertex 43.2328 26.4871 3.7
      vertex 41.593 26.9449 3.7
    endloop
  endfacet
  facet normal 0 0 1
    outer loop
      vertex 45.0333 26.4871 3.7
      vertex 41.593 26.9449 3.7
      vertex 43.2328 26.4871 3.7
    endloop
  endfacet
  facet normal 0 0 1
    outer loop
      vertex 53.8957 38.8016 3.7
      vertex 39.8779 26.9449 3.7
      vertex 41.593 26.9449 3.7
    endloop
  endfacet
  facet normal -0 0 1
    outer loop
      vertex 38.4124 26.4871 3.7
      vertex 39.8779 25.6815 3.7
      vertex 39.8779 26.9449 3.7
    endloop
  endfacet
  facet normal 0 0 1
    outer loop
      vertex 39.8779 25.6815 3.7
      vertex 38.4124 26.4871 3.7
      vertex 39.8779 24.4914 3.7
    endloop
  endfacet
  facet normal 0 0 1
    outer loop
      vertex 38.4124 17.8878 3.7
      vertex 39.8779 24.4914 3.7
      vertex 38.4124 26.4871 3.7
    endloop
  endfacet
  facet normal 0 0 1
    outer loop
      vertex 54.0787 39.5322 3.7
      vertex 36.0139 26.4871 3.7
      vertex 39.8779 26.9449 3.7
    endloop
  endfacet
  facet normal 0 0 1
    outer loop
      vertex 39.8779 26.9449 3.7
      vertex 36.0139 26.4871 3.7
      vertex 38.4124 26.4871 3.7
    endloop
  endfacet
  facet normal 0 0 1
    outer loop
      vertex 34.4332 21.4398 3.7
      vertex 33.7557 21.214 3.7
      vertex 34.0487 20.0605 3.7
    endloop
  endfacet
  facet normal -0 0 1
    outer loop
      vertex 33.6215 21.6779 3.7
      vertex 34.4332 21.4398 3.7
      vertex 36.0139 26.4871 3.7
    endloop
  endfacet
  facet normal 0 0 1
    outer loop
      vertex 34.4332 21.4398 3.7
      vertex 33.6215 21.6779 3.7
      vertex 33.7557 21.214 3.7
    endloop
  endfacet
  facet normal 0 0 1
    outer loop
      vertex 36.0139 26.4871 3.7
      vertex 32.0835 26.4871 3.7
      vertex 33.6215 21.6779 3.7
    endloop
  endfacet
  facet normal 0 0 1
    outer loop
      vertex 54.0787 39.5322 3.7
      vertex 32.0835 26.4871 3.7
      vertex 36.0139 26.4871 3.7
    endloop
  endfacet
  facet normal 0 0 1
    outer loop
      vertex 54.1864 39.7599 3.7
      vertex 32.0835 26.4871 3.7
      vertex 54.1626 39.7096 3.7
    endloop
  endfacet
  facet normal -0 0 1
    outer loop
      vertex 28.7733 24.4914 3.7
      vertex 29.6727 17.8878 3.7
      vertex 29.6727 26.4871 3.7
    endloop
  endfacet
  facet normal -0 0 1
    outer loop
      vertex 26.4724 21.3178 3.7
      vertex 29.6727 17.8878 3.7
      vertex 28.7733 24.4914 3.7
    endloop
  endfacet
  facet normal 0 0 1
    outer loop
      vertex 29.6727 26.4871 3.7
      vertex 26.9119 24.4914 3.7
      vertex 28.7733 24.4914 3.7
    endloop
  endfacet
  facet normal 0 0 1
    outer loop
      vertex 26.9119 24.4914 3.7
      vertex 24.0983 24.4914 3.7
      vertex 25.5082 22.3309 3.7
    endloop
  endfacet
  facet normal 0 0 1
    outer loop
      vertex 29.6727 26.4871 3.7
      vertex 24.0983 24.4914 3.7
      vertex 26.9119 24.4914 3.7
    endloop
  endfacet
  facet normal 0 0 1
    outer loop
      vertex 32.0835 26.4871 3.7
      vertex 8.2136 39.7599 3.7
      vertex 29.6727 26.4871 3.7
    endloop
  endfacet
  facet normal -0 -0 1
    outer loop
      vertex 8.34002 39.4799 3.7
      vertex 29.6727 26.4871 3.7
      vertex 8.32129 39.5322 3.7
    endloop
  endfacet
  facet normal -0 0 1
    outer loop
      vertex 21.368 19.8408 3.7
      vertex 22.2896 18.901 3.7
      vertex 24.55 21.2995 3.7
    endloop
  endfacet
  facet normal -0 -0 1
    outer loop
      vertex 21.3741 19.611 3.7
      vertex 22.2896 18.901 3.7
      vertex 21.3695 19.7216 3.7
    endloop
  endfacet
  facet normal 0 0 1
    outer loop
      vertex 22.2896 18.901 3.7
      vertex 21.3741 19.611 3.7
      vertex 22.2487 18.8933 3.7
    endloop
  endfacet
  facet normal 0 0 1
    outer loop
      vertex 22.2487 18.8933 3.7
      vertex 21.3741 19.611 3.7
      vertex 22.2076 18.8865 3.7
    endloop
  endfacet
  facet normal -0 -0 1
    outer loop
      vertex 21.3819 19.5089 3.7
      vertex 22.2076 18.8865 3.7
      vertex 21.3741 19.611 3.7
    endloop
  endfacet
  facet normal 0 0 1
    outer loop
      vertex 22.2076 18.8865 3.7
      vertex 21.3819 19.5089 3.7
      vertex 22.1662 18.8806 3.7
    endloop
  endfacet
  facet normal 0 0 1
    outer loop
      vertex 22.1662 18.8806 3.7
      vertex 21.3819 19.5089 3.7
      vertex 22.1244 18.8756 3.7
    endloop
  endfacet
  facet normal -0 -0 1
    outer loop
      vertex 21.3927 19.4153 3.7
      vertex 22.1244 18.8756 3.7
      vertex 21.3819 19.5089 3.7
    endloop
  endfacet
  facet normal 0 0 1
    outer loop
      vertex 22.1244 18.8756 3.7
      vertex 21.3927 19.4153 3.7
      vertex 22.0824 18.8716 3.7
    endloop
  endfacet
  facet normal 0 0 1
    outer loop
      vertex 22.0824 18.8716 3.7
      vertex 21.3927 19.4153 3.7
      vertex 22.04 18.8684 3.7
    endloop
  endfacet
  facet normal -0 -0 1
    outer loop
      vertex 21.4066 19.3301 3.7
      vertex 22.04 18.8684 3.7
      vertex 21.3927 19.4153 3.7
    endloop
  endfacet
  facet normal 0 0 1
    outer loop
      vertex 22.04 18.8684 3.7
      vertex 21.4066 19.3301 3.7
      vertex 21.9974 18.8661 3.7
    endloop
  endfacet
  facet normal 0 0 1
    outer loop
      vertex 21.9974 18.8661 3.7
      vertex 21.4066 19.3301 3.7
      vertex 21.9544 18.8648 3.7
    endloop
  endfacet
  facet normal -0 -0 1
    outer loop
      vertex 21.4236 19.2535 3.7
      vertex 21.9544 18.8648 3.7
      vertex 21.4066 19.3301 3.7
    endloop
  endfacet
  facet normal 0 0 1
    outer loop
      vertex 21.9544 18.8648 3.7
      vertex 21.4236 19.2535 3.7
      vertex 21.9112 18.8643 3.7
    endloop
  endfacet
  facet normal 0 0 1
    outer loop
      vertex 21.9112 18.8643 3.7
      vertex 21.4436 19.1855 3.7
      vertex 21.8482 18.8669 3.7
    endloop
  endfacet
  facet normal 0 0 1
    outer loop
      vertex 21.8482 18.8669 3.7
      vertex 21.4436 19.1855 3.7
      vertex 21.7893 18.8747 3.7
    endloop
  endfacet
  facet normal -0 -0 1
    outer loop
      vertex 21.4668 19.1259 3.7
      vertex 21.7893 18.8747 3.7
      vertex 21.4436 19.1855 3.7
    endloop
  endfacet
  facet normal 0 0 1
    outer loop
      vertex 21.7893 18.8747 3.7
      vertex 21.4668 19.1259 3.7
      vertex 21.7345 18.8877 3.7
    endloop
  endfacet
  facet normal 0 0 1
    outer loop
      vertex 21.7345 18.8877 3.7
      vertex 21.4668 19.1259 3.7
      vertex 21.6839 18.9059 3.7
    endloop
  endfacet
  facet normal 0 0 1
    outer loop
      vertex 21.6839 18.9059 3.7
      vertex 21.4668 19.1259 3.7
      vertex 21.6375 18.9293 3.7
    endloop
  endfacet
  facet normal 0 0 1
    outer loop
      vertex 21.6375 18.9293 3.7
      vertex 21.4668 19.1259 3.7
      vertex 21.5952 18.9579 3.7
    endloop
  endfacet
  facet normal 0 0 1
    outer loop
      vertex 21.523 19.0307 3.7
      vertex 21.4668 19.1259 3.7
      vertex 21.4931 19.0748 3.7
    endloop
  endfacet
  facet normal 0 0 1
    outer loop
      vertex 21.557 18.9917 3.7
      vertex 21.4668 19.1259 3.7
      vertex 21.523 19.0307 3.7
    endloop
  endfacet
  facet normal 0 0 1
    outer loop
      vertex 21.5952 18.9579 3.7
      vertex 21.4668 19.1259 3.7
      vertex 21.557 18.9917 3.7
    endloop
  endfacet
  facet normal -0 -0 1
    outer loop
      vertex 21.4436 19.1855 3.7
      vertex 21.9112 18.8643 3.7
      vertex 21.4236 19.2535 3.7
    endloop
  endfacet
  facet normal 0 0 1
    outer loop
      vertex 24.55 21.2995 3.7
      vertex 21.3596 22.4913 3.7
      vertex 21.368 22.2454 3.7
    endloop
  endfacet
  facet normal 0 0 1
    outer loop
      vertex 22.2491 24.4914 3.7
      vertex 21.3345 22.7243 3.7
      vertex 21.3596 22.4913 3.7
    endloop
  endfacet
  facet normal 0 0 1
    outer loop
      vertex 22.2491 24.4914 3.7
      vertex 21.2927 22.9446 3.7
      vertex 21.3345 22.7243 3.7
    endloop
  endfacet
  facet normal 0 0 1
    outer loop
      vertex 22.2491 24.4914 3.7
      vertex 21.2341 23.152 3.7
      vertex 21.2927 22.9446 3.7
    endloop
  endfacet
  facet normal 0 0 1
    outer loop
      vertex 22.2491 24.4914 3.7
      vertex 21.1589 23.3466 3.7
      vertex 21.2341 23.152 3.7
    endloop
  endfacet
  facet normal 0 0 1
    outer loop
      vertex 22.2491 24.4914 3.7
      vertex 21.0669 23.5284 3.7
      vertex 21.1589 23.3466 3.7
    endloop
  endfacet
  facet normal 0 0 1
    outer loop
      vertex 22.2491 24.4914 3.7
      vertex 20.9581 23.6974 3.7
      vertex 21.0669 23.5284 3.7
    endloop
  endfacet
  facet normal 0 0 1
    outer loop
      vertex 22.2491 24.4914 3.7
      vertex 20.8327 23.8536 3.7
      vertex 20.9581 23.6974 3.7
    endloop
  endfacet
  facet normal -0 -0 1
    outer loop
      vertex 8.46735 39.0507 3.7
      vertex 29.6727 26.4871 3.7
      vertex 8.45384 39.1047 3.7
    endloop
  endfacet
  facet normal 0 0 1
    outer loop
      vertex 22.2491 24.4914 3.7
      vertex 20.6905 23.997 3.7
      vertex 20.8327 23.8536 3.7
    endloop
  endfacet
  facet normal 0 0 1
    outer loop
      vertex 22.2491 24.4914 3.7
      vertex 20.5329 24.1264 3.7
      vertex 20.6905 23.997 3.7
    endloop
  endfacet
  facet normal 0 0 1
    outer loop
      vertex 22.2491 24.4914 3.7
      vertex 20.3611 24.2405 3.7
      vertex 20.5329 24.1264 3.7
    endloop
  endfacet
  facet normal -0 -0 1
    outer loop
      vertex 8.49615 38.8566 3.7
      vertex 29.6727 26.4871 3.7
      vertex 8.46735 39.0507 3.7
    endloop
  endfacet
  facet normal 0 0 1
    outer loop
      vertex 22.2491 24.4914 3.7
      vertex 20.1752 24.3395 3.7
      vertex 20.3611 24.2405 3.7
    endloop
  endfacet
  facet normal -0 -0 1
    outer loop
      vertex 8.50431 38.8016 3.7
      vertex 29.6727 26.4871 3.7
      vertex 8.49615 38.8566 3.7
    endloop
  endfacet
  facet normal -0 -0 1
    outer loop
      vertex 8.50704 38.746 3.7
      vertex 29.6727 26.4871 3.7
      vertex 8.50431 38.8016 3.7
    endloop
  endfacet
  facet normal 0 0 1
    outer loop
      vertex 22.2491 24.4914 3.7
      vertex 19.975 24.4232 3.7
      vertex 20.1752 24.3395 3.7
    endloop
  endfacet
  facet normal -0 -0 1
    outer loop
      vertex 8.51667 38.55 3.7
      vertex 29.6727 26.4871 3.7
      vertex 8.50704 38.746 3.7
    endloop
  endfacet
  facet normal 0 0 1
    outer loop
      vertex 29.6727 26.4871 3.7
      vertex 22.2491 24.4914 3.7
      vertex 24.0983 24.4914 3.7
    endloop
  endfacet
  facet normal -0 0 1
    outer loop
      vertex 8.50704 38.354 3.7
      vertex 22.2491 24.4914 3.7
      vertex 8.51667 38.55 3.7
    endloop
  endfacet
  facet normal 0 0 1
    outer loop
      vertex 22.2491 24.4914 3.7
      vertex 19.5323 24.5449 3.7
      vertex 19.7607 24.4917 3.7
    endloop
  endfacet
  facet normal 0 0 1
    outer loop
      vertex 22.2491 24.4914 3.7
      vertex 14.666 26.4871 3.7
      vertex 19.5323 24.5449 3.7
    endloop
  endfacet
  facet normal 0 0 1
    outer loop
      vertex 19.5323 24.5449 3.7
      vertex 14.666 26.4871 3.7
      vertex 19.2897 24.583 3.7
    endloop
  endfacet
  facet normal 0 0 1
    outer loop
      vertex 19.2897 24.583 3.7
      vertex 14.666 26.4871 3.7
      vertex 19.0329 24.6058 3.7
    endloop
  endfacet
  facet normal 0 0 1
    outer loop
      vertex 19.0329 24.6058 3.7
      vertex 14.666 26.4871 3.7
      vertex 18.7619 24.6134 3.7
    endloop
  endfacet
  facet normal 0 0 1
    outer loop
      vertex 18.7619 24.6134 3.7
      vertex 14.666 26.4871 3.7
      vertex 18.493 24.6073 3.7
    endloop
  endfacet
  facet normal 0 0 1
    outer loop
      vertex 15.924 22.6544 3.7
      vertex 15.8312 20.7439 3.7
      vertex 15.922 20.9055 3.7
    endloop
  endfacet
  facet normal 0 0 1
    outer loop
      vertex 15.924 22.6544 3.7
      vertex 15.757 20.5703 3.7
      vertex 15.8312 20.7439 3.7
    endloop
  endfacet
  facet normal 0 0 1
    outer loop
      vertex 15.924 22.6544 3.7
      vertex 15.6992 20.3847 3.7
      vertex 15.757 20.5703 3.7
    endloop
  endfacet
  facet normal 0 0 1
    outer loop
      vertex 14.666 26.4871 3.7
      vertex 15.6992 20.3847 3.7
      vertex 15.924 22.6544 3.7
    endloop
  endfacet
  facet normal 0 0 1
    outer loop
      vertex 14.666 17.8878 3.7
      vertex 15.6992 20.3847 3.7
      vertex 14.666 26.4871 3.7
    endloop
  endfacet
  facet normal 0 0 1
    outer loop
      vertex 15.658 20.187 3.7
      vertex 14.666 17.8878 3.7
      vertex 15.6332 19.9772 3.7
    endloop
  endfacet
  facet normal 0 0 1
    outer loop
      vertex 15.6992 20.3847 3.7
      vertex 14.666 17.8878 3.7
      vertex 15.658 20.187 3.7
    endloop
  endfacet
  facet normal 0 0 1
    outer loop
      vertex 15.9675 22.8629 3.7
      vertex 14.666 26.4871 3.7
      vertex 15.924 22.6544 3.7
    endloop
  endfacet
  facet normal 0 0 1
    outer loop
      vertex 16.0246 23.0599 3.7
      vertex 14.666 26.4871 3.7
      vertex 15.9675 22.8629 3.7
    endloop
  endfacet
  facet normal 0 0 1
    outer loop
      vertex 16.0953 23.2453 3.7
      vertex 14.666 26.4871 3.7
      vertex 16.0246 23.0599 3.7
    endloop
  endfacet
  facet normal 0 0 1
    outer loop
      vertex 16.1796 23.4193 3.7
      vertex 14.666 26.4871 3.7
      vertex 16.0953 23.2453 3.7
    endloop
  endfacet
  facet normal 0 0 1
    outer loop
      vertex 16.2776 23.5817 3.7
      vertex 14.666 26.4871 3.7
      vertex 16.1796 23.4193 3.7
    endloop
  endfacet
  facet normal 0 0 1
    outer loop
      vertex 16.3892 23.7325 3.7
      vertex 14.666 26.4871 3.7
      vertex 16.2776 23.5817 3.7
    endloop
  endfacet
  facet normal 0 0 1
    outer loop
      vertex 16.5145 23.8719 3.7
      vertex 14.666 26.4871 3.7
      vertex 16.3892 23.7325 3.7
    endloop
  endfacet
  facet normal 0 0 1
    outer loop
      vertex 16.6533 23.9997 3.7
      vertex 14.666 26.4871 3.7
      vertex 16.5145 23.8719 3.7
    endloop
  endfacet
  facet normal 0 0 1
    outer loop
      vertex 16.8059 24.116 3.7
      vertex 14.666 26.4871 3.7
      vertex 16.6533 23.9997 3.7
    endloop
  endfacet
  facet normal 0 0 1
    outer loop
      vertex 16.9717 24.2204 3.7
      vertex 14.666 26.4871 3.7
      vertex 16.8059 24.116 3.7
    endloop
  endfacet
  facet normal 0 0 1
    outer loop
      vertex 17.1503 24.3125 3.7
      vertex 14.666 26.4871 3.7
      vertex 16.9717 24.2204 3.7
    endloop
  endfacet
  facet normal 0 0 1
    outer loop
      vertex 18.493 24.6073 3.7
      vertex 14.666 26.4871 3.7
      vertex 18.237 24.5889 3.7
    endloop
  endfacet
  facet normal 0 0 1
    outer loop
      vertex 17.3419 24.3923 3.7
      vertex 14.666 26.4871 3.7
      vertex 17.1503 24.3125 3.7
    endloop
  endfacet
  facet normal 0 0 1
    outer loop
      vertex 10.6867 21.4398 3.7
      vertex 10.0093 21.214 3.7
      vertex 10.3022 20.0605 3.7
    endloop
  endfacet
  facet normal -0 0 1
    outer loop
      vertex 9.87502 21.6779 3.7
      vertex 10.6867 21.4398 3.7
      vertex 12.2675 26.4871 3.7
    endloop
  endfacet
  facet normal 0 0 1
    outer loop
      vertex 10.6867 21.4398 3.7
      vertex 9.87502 21.6779 3.7
      vertex 10.0093 21.214 3.7
    endloop
  endfacet
  facet normal -0 0 1
    outer loop
      vertex 8.50431 38.2984 3.7
      vertex 14.666 26.4871 3.7
      vertex 8.50704 38.354 3.7
    endloop
  endfacet
  facet normal 0 0 1
    outer loop
      vertex 22.2491 24.4914 3.7
      vertex 8.50704 38.354 3.7
      vertex 14.666 26.4871 3.7
    endloop
  endfacet
  facet normal 0 0 1
    outer loop
      vertex 18.237 24.5889 3.7
      vertex 14.666 26.4871 3.7
      vertex 17.9939 24.5582 3.7
    endloop
  endfacet
  facet normal 0 0 1
    outer loop
      vertex 17.9939 24.5582 3.7
      vertex 14.666 26.4871 3.7
      vertex 17.7637 24.5152 3.7
    endloop
  endfacet
  facet normal 0 0 1
    outer loop
      vertex 17.5464 24.4599 3.7
      vertex 14.666 26.4871 3.7
      vertex 17.3419 24.3923 3.7
    endloop
  endfacet
  facet normal 0 0 1
    outer loop
      vertex 17.7637 24.5152 3.7
      vertex 14.666 26.4871 3.7
      vertex 17.5464 24.4599 3.7
    endloop
  endfacet
  facet normal 0 0 1
    outer loop
      vertex 22.2491 24.4914 3.7
      vertex 19.7607 24.4917 3.7
      vertex 19.975 24.4232 3.7
    endloop
  endfacet
  facet normal 0 -0 1
    outer loop
      vertex 22.2491 24.4914 3.7
      vertex 29.6727 26.4871 3.7
      vertex 8.51667 38.55 3.7
    endloop
  endfacet
  facet normal -0 -0 1
    outer loop
      vertex 8.45384 39.1047 3.7
      vertex 29.6727 26.4871 3.7
      vertex 8.40615 39.2951 3.7
    endloop
  endfacet
  facet normal -0 -0 1
    outer loop
      vertex 8.40615 39.2951 3.7
      vertex 29.6727 26.4871 3.7
      vertex 8.34002 39.4799 3.7
    endloop
  endfacet
  facet normal 0 0 1
    outer loop
      vertex 29.6727 26.4871 3.7
      vertex 8.23737 39.7096 3.7
      vertex 8.32129 39.5322 3.7
    endloop
  endfacet
  facet normal 0 0 1
    outer loop
      vertex 29.6727 26.4871 3.7
      vertex 8.2136 39.7599 3.7
      vertex 8.23737 39.7096 3.7
    endloop
  endfacet
  facet normal 0 0 1
    outer loop
      vertex 56.4 44.5 3.7
      vertex 8.11269 39.9283 3.7
      vertex 8.2136 39.7599 3.7
    endloop
  endfacet
  facet normal -0 0 1
    outer loop
      vertex 6 44.5 3.7
      vertex 8.11269 39.9283 3.7
      vertex 56.4 44.5 3.7
    endloop
  endfacet
  facet normal 0 0 1
    outer loop
      vertex 8.11269 39.9283 3.7
      vertex 6 44.5 3.7
      vertex 8.0841 39.976 3.7
    endloop
  endfacet
  facet normal 0 0 1
    outer loop
      vertex 8.0841 39.976 3.7
      vertex 6 44.5 3.7
      vertex 8.05098 40.0206 3.7
    endloop
  endfacet
  facet normal 0 0 1
    outer loop
      vertex 8.05098 40.0206 3.7
      vertex 6 44.5 3.7
      vertex 7.93406 40.1783 3.7
    endloop
  endfacet
  facet normal 0 0 1
    outer loop
      vertex 7.93406 40.1783 3.7
      vertex 6 44.5 3.7
      vertex 7.80225 40.3237 3.7
    endloop
  endfacet
  facet normal 0 0 1
    outer loop
      vertex 7.80225 40.3237 3.7
      vertex 6 44.5 3.7
      vertex 7.76491 40.3649 3.7
    endloop
  endfacet
  facet normal 0 0 1
    outer loop
      vertex 7.76491 40.3649 3.7
      vertex 6 44.5 3.7
      vertex 7.7237 40.4023 3.7
    endloop
  endfacet
  facet normal 0 0 1
    outer loop
      vertex 7.7237 40.4023 3.7
      vertex 6 44.5 3.7
      vertex 7.57828 40.5341 3.7
    endloop
  endfacet
  facet normal 0 0 1
    outer loop
      vertex 7.57828 40.5341 3.7
      vertex 6 44.5 3.7
      vertex 7.42063 40.651 3.7
    endloop
  endfacet
  facet normal 0 0 1
    outer loop
      vertex 7.42063 40.651 3.7
      vertex 6 44.5 3.7
      vertex 7.37596 40.6841 3.7
    endloop
  endfacet
  facet normal 0 0 1
    outer loop
      vertex 7.37596 40.6841 3.7
      vertex 6 44.5 3.7
      vertex 7.32827 40.7127 3.7
    endloop
  endfacet
  facet normal 0 0 1
    outer loop
      vertex 7.32827 40.7127 3.7
      vertex 6 44.5 3.7
      vertex 7.15992 40.8136 3.7
    endloop
  endfacet
  facet normal 0 0 1
    outer loop
      vertex 7.15992 40.8136 3.7
      vertex 6 44.5 3.7
      vertex 7.10965 40.8374 3.7
    endloop
  endfacet
  facet normal 0 0 1
    outer loop
      vertex 7.10965 40.8374 3.7
      vertex 6 44.5 3.7
      vertex 6.93222 40.9213 3.7
    endloop
  endfacet
  facet normal 0 0 1
    outer loop
      vertex 6.93222 40.9213 3.7
      vertex 6 44.5 3.7
      vertex 6.74742 40.9874 3.7
    endloop
  endfacet
  facet normal 0 0 1
    outer loop
      vertex 6.74742 40.9874 3.7
      vertex 6 44.5 3.7
      vertex 6.69506 41.0061 3.7
    endloop
  endfacet
  facet normal 0 0 1
    outer loop
      vertex 6.69506 41.0061 3.7
      vertex 6 44.5 3.7
      vertex 6.64112 41.0197 3.7
    endloop
  endfacet
  facet normal 0 0 1
    outer loop
      vertex 6.64112 41.0197 3.7
      vertex 6 44.5 3.7
      vertex 6.45073 41.0673 3.7
    endloop
  endfacet
  facet normal 0 0 1
    outer loop
      vertex 6.45073 41.0673 3.7
      vertex 6 44.5 3.7
      vertex 6.25659 41.0961 3.7
    endloop
  endfacet
  facet normal 0 0 1
    outer loop
      vertex 6.25659 41.0961 3.7
      vertex 6 44.5 3.7
      vertex 6.20158 41.1043 3.7
    endloop
  endfacet
  facet normal 0 0 1
    outer loop
      vertex 6.20158 41.1043 3.7
      vertex 6 44.5 3.7
      vertex 6.14603 41.107 3.7
    endloop
  endfacet
  facet normal 0 0 1
    outer loop
      vertex 6 44.5 3.7
      vertex 5.95 41.1167 3.7
      vertex 6.14603 41.107 3.7
    endloop
  endfacet
  facet normal -0 0 1
    outer loop
      vertex 5.4119 44.4711 3.7
      vertex 5.95 41.1167 3.7
      vertex 6 44.5 3.7
    endloop
  endfacet
  facet normal 0 0 1
    outer loop
      vertex 5.95 41.1167 3.7
      vertex 5.4119 44.4711 3.7
      vertex 5.75396 41.107 3.7
    endloop
  endfacet
  facet normal 0 0 1
    outer loop
      vertex 5.75396 41.107 3.7
      vertex 5.4119 44.4711 3.7
      vertex 5.69842 41.1043 3.7
    endloop
  endfacet
  facet normal 0 0 1
    outer loop
      vertex 5.69842 41.1043 3.7
      vertex 5.4119 44.4711 3.7
      vertex 5.64341 41.0961 3.7
    endloop
  endfacet
  facet normal -0 0 1
    outer loop
      vertex 4.82946 44.3847 3.7
      vertex 5.64341 41.0961 3.7
      vertex 5.4119 44.4711 3.7
    endloop
  endfacet
  facet normal 0 0 1
    outer loop
      vertex 5.64341 41.0961 3.7
      vertex 4.82946 44.3847 3.7
      vertex 5.44927 41.0673 3.7
    endloop
  endfacet
  facet normal 0 0 1
    outer loop
      vertex 5.44927 41.0673 3.7
      vertex 4.82946 44.3847 3.7
      vertex 5.25888 41.0197 3.7
    endloop
  endfacet
  facet normal -0 0 1
    outer loop
      vertex 4.25829 44.2416 3.7
      vertex 5.25888 41.0197 3.7
      vertex 4.82946 44.3847 3.7
    endloop
  endfacet
  facet normal 0 0 1
    outer loop
      vertex 5.25888 41.0197 3.7
      vertex 4.25829 44.2416 3.7
      vertex 5.20494 41.0061 3.7
    endloop
  endfacet
  facet normal 0 0 1
    outer loop
      vertex 5.20494 41.0061 3.7
      vertex 4.25829 44.2416 3.7
      vertex 5.15258 40.9874 3.7
    endloop
  endfacet
  facet normal -0 0 1
    outer loop
      vertex 3.7039 44.0433 3.7
      vertex 5.15258 40.9874 3.7
      vertex 4.25829 44.2416 3.7
    endloop
  endfacet
  facet normal 0 0 1
    outer loop
      vertex 5.15258 40.9874 3.7
      vertex 3.7039 44.0433 3.7
      vertex 4.96778 40.9213 3.7
    endloop
  endfacet
  facet normal 0 0 1
    outer loop
      vertex 4.96778 40.9213 3.7
      vertex 3.7039 44.0433 3.7
      vertex 4.79035 40.8374 3.7
    endloop
  endfacet
  facet normal -0 0 1
    outer loop
      vertex 3.17162 43.7915 3.7
      vertex 4.79035 40.8374 3.7
      vertex 3.7039 44.0433 3.7
    endloop
  endfacet
  facet normal 0 0 1
    outer loop
      vertex 4.79035 40.8374 3.7
      vertex 3.17162 43.7915 3.7
      vertex 4.74008 40.8136 3.7
    endloop
  endfacet
  facet normal 0 0 1
    outer loop
      vertex 4.74008 40.8136 3.7
      vertex 3.17162 43.7915 3.7
      vertex 4.57173 40.7127 3.7
    endloop
  endfacet
  facet normal -0 0 1
    outer loop
      vertex 2.66658 43.4888 3.7
      vertex 4.57173 40.7127 3.7
      vertex 3.17162 43.7915 3.7
    endloop
  endfacet
  facet normal 0 0 1
    outer loop
      vertex 4.57173 40.7127 3.7
      vertex 2.66658 43.4888 3.7
      vertex 4.52404 40.6841 3.7
    endloop
  endfacet
  facet normal 0 0 1
    outer loop
      vertex 4.52404 40.6841 3.7
      vertex 2.66658 43.4888 3.7
      vertex 4.47937 40.651 3.7
    endloop
  endfacet
  facet normal -0 0 1
    outer loop
      vertex 2.19364 43.1381 3.7
      vertex 4.47937 40.651 3.7
      vertex 2.66658 43.4888 3.7
    endloop
  endfacet
  facet normal 0 0 1
    outer loop
      vertex 4.47937 40.651 3.7
      vertex 2.19364 43.1381 3.7
      vertex 4.32172 40.5341 3.7
    endloop
  endfacet
  facet normal 0 0 1
    outer loop
      vertex 4.32172 40.5341 3.7
      vertex 2.19364 43.1381 3.7
      vertex 4.1763 40.4023 3.7
    endloop
  endfacet
  facet normal -0 0 1
    outer loop
      vertex 1.75736 42.7426 3.7
      vertex 4.1763 40.4023 3.7
      vertex 2.19364 43.1381 3.7
    endloop
  endfacet
  facet normal 0 0 1
    outer loop
      vertex 4.1763 40.4023 3.7
      vertex 1.75736 42.7426 3.7
      vertex 4.13509 40.3649 3.7
    endloop
  endfacet
  facet normal 0 0 1
    outer loop
      vertex 4.13509 40.3649 3.7
      vertex 1.75736 42.7426 3.7
      vertex 4.09775 40.3237 3.7
    endloop
  endfacet
  facet normal -0 0 1
    outer loop
      vertex 1.36194 42.3064 3.7
      vertex 4.09775 40.3237 3.7
      vertex 1.75736 42.7426 3.7
    endloop
  endfacet
  facet normal 0 0 1
    outer loop
      vertex 4.09775 40.3237 3.7
      vertex 1.36194 42.3064 3.7
      vertex 3.96594 40.1783 3.7
    endloop
  endfacet
  facet normal 0 0 1
    outer loop
      vertex 3.96594 40.1783 3.7
      vertex 1.36194 42.3064 3.7
      vertex 3.84902 40.0206 3.7
    endloop
  endfacet
  facet normal -0 0 1
    outer loop
      vertex 1.01118 41.8334 3.7
      vertex 3.84902 40.0206 3.7
      vertex 1.36194 42.3064 3.7
    endloop
  endfacet
  facet normal 0 0 1
    outer loop
      vertex 3.84902 40.0206 3.7
      vertex 1.01118 41.8334 3.7
      vertex 3.81589 39.976 3.7
    endloop
  endfacet
  facet normal 0 0 1
    outer loop
      vertex 3.81589 39.976 3.7
      vertex 1.01118 41.8334 3.7
      vertex 3.7873 39.9283 3.7
    endloop
  endfacet
  facet normal 0 0 1
    outer loop
      vertex 3.7873 39.9283 3.7
      vertex 1.01118 41.8334 3.7
      vertex 3.6864 39.7599 3.7
    endloop
  endfacet
  facet normal -0 0 1
    outer loop
      vertex 0.708472 41.3284 3.7
      vertex 3.6864 39.7599 3.7
      vertex 1.01118 41.8334 3.7
    endloop
  endfacet
  facet normal 0 0 1
    outer loop
      vertex 3.6864 39.7599 3.7
      vertex 0.708472 41.3284 3.7
      vertex 3.66263 39.7096 3.7
    endloop
  endfacet
  facet normal -0 0 1
    outer loop
      vertex 0.258357 40.2417 3.7
      vertex 3.51259 39.3474 3.7
      vertex 0.456722 40.7961 3.7
    endloop
  endfacet
  facet normal 0 0 1
    outer loop
      vertex 3.57871 39.5322 3.7
      vertex 0.456722 40.7961 3.7
      vertex 3.51259 39.3474 3.7
    endloop
  endfacet
  facet normal -0 0 1
    outer loop
      vertex 0.456722 40.7961 3.7
      vertex 3.57871 39.5322 3.7
      vertex 0.708472 41.3284 3.7
    endloop
  endfacet
  facet normal 0 0 1
    outer loop
      vertex 3.66263 39.7096 3.7
      vertex 0.708472 41.3284 3.7
      vertex 3.57871 39.5322 3.7
    endloop
  endfacet
  facet normal -0 0 1
    outer loop
      vertex 58.84 5.02014 3.7
      vertex 61.9433 3.7039 3.7
      vertex 58.9061 5.20494 3.7
    endloop
  endfacet
  facet normal -0 0 1
    outer loop
      vertex 58.8213 4.96778 3.7
      vertex 61.9433 3.7039 3.7
      vertex 58.84 5.02014 3.7
    endloop
  endfacet
  facet normal 0 0 1
    outer loop
      vertex 61.9433 3.7039 3.7
      vertex 58.8213 4.96778 3.7
      vertex 61.6915 3.17162 3.7
    endloop
  endfacet
  facet normal -0 0 1
    outer loop
      vertex 58.7374 4.79035 3.7
      vertex 61.6915 3.17162 3.7
      vertex 58.8213 4.96778 3.7
    endloop
  endfacet
  facet normal -0 0 1
    outer loop
      vertex 58.7136 4.74008 3.7
      vertex 61.6915 3.17162 3.7
      vertex 58.7374 4.79035 3.7
    endloop
  endfacet
  facet normal 0 0 1
    outer loop
      vertex 61.6915 3.17162 3.7
      vertex 58.7136 4.74008 3.7
      vertex 61.3888 2.66658 3.7
    endloop
  endfacet
  facet normal -0 0 1
    outer loop
      vertex 58.6127 4.57173 3.7
      vertex 61.3888 2.66658 3.7
      vertex 58.7136 4.74008 3.7
    endloop
  endfacet
  facet normal -0 0 1
    outer loop
      vertex 58.5841 4.52404 3.7
      vertex 61.3888 2.66658 3.7
      vertex 58.6127 4.57173 3.7
    endloop
  endfacet
  facet normal -0 0 1
    outer loop
      vertex 58.551 4.47937 3.7
      vertex 61.3888 2.66658 3.7
      vertex 58.5841 4.52404 3.7
    endloop
  endfacet
  facet normal 0 0 1
    outer loop
      vertex 61.3888 2.66658 3.7
      vertex 58.551 4.47937 3.7
      vertex 61.0381 2.19364 3.7
    endloop
  endfacet
  facet normal -0 0 1
    outer loop
      vertex 58.4341 4.32172 3.7
      vertex 61.0381 2.19364 3.7
      vertex 58.551 4.47937 3.7
    endloop
  endfacet
  facet normal -0 0 1
    outer loop
      vertex 58.3023 4.1763 3.7
      vertex 61.0381 2.19364 3.7
      vertex 58.4341 4.32172 3.7
    endloop
  endfacet
  facet normal 0 0 1
    outer loop
      vertex 61.0381 2.19364 3.7
      vertex 58.3023 4.1763 3.7
      vertex 60.6426 1.75736 3.7
    endloop
  endfacet
  facet normal -0 0 1
    outer loop
      vertex 58.2649 4.13509 3.7
      vertex 60.6426 1.75736 3.7
      vertex 58.3023 4.1763 3.7
    endloop
  endfacet
  facet normal -0 0 1
    outer loop
      vertex 58.2237 4.09775 3.7
      vertex 60.6426 1.75736 3.7
      vertex 58.2649 4.13509 3.7
    endloop
  endfacet
  facet normal 0 0 1
    outer loop
      vertex 60.6426 1.75736 3.7
      vertex 58.2237 4.09775 3.7
      vertex 60.2064 1.36194 3.7
    endloop
  endfacet
  facet normal -0 0 1
    outer loop
      vertex 58.0783 3.96594 3.7
      vertex 60.2064 1.36194 3.7
      vertex 58.2237 4.09775 3.7
    endloop
  endfacet
  facet normal -0 0 1
    outer loop
      vertex 57.9206 3.84902 3.7
      vertex 60.2064 1.36194 3.7
      vertex 58.0783 3.96594 3.7
    endloop
  endfacet
  facet normal 0 0 1
    outer loop
      vertex 60.2064 1.36194 3.7
      vertex 57.9206 3.84902 3.7
      vertex 59.7334 1.01118 3.7
    endloop
  endfacet
  facet normal -0 0 1
    outer loop
      vertex 57.876 3.81589 3.7
      vertex 59.7334 1.01118 3.7
      vertex 57.9206 3.84902 3.7
    endloop
  endfacet
  facet normal -0 0 1
    outer loop
      vertex 57.8283 3.7873 3.7
      vertex 59.7334 1.01118 3.7
      vertex 57.876 3.81589 3.7
    endloop
  endfacet
  facet normal 0 0 1
    outer loop
      vertex 59.7334 1.01118 3.7
      vertex 57.8283 3.7873 3.7
      vertex 59.2284 0.708472 3.7
    endloop
  endfacet
  facet normal -0 0 1
    outer loop
      vertex 57.6599 3.6864 3.7
      vertex 59.2284 0.708472 3.7
      vertex 57.8283 3.7873 3.7
    endloop
  endfacet
  facet normal -0 0 1
    outer loop
      vertex 57.6096 3.66263 3.7
      vertex 59.2284 0.708472 3.7
      vertex 57.6599 3.6864 3.7
    endloop
  endfacet
  facet normal 0 0 1
    outer loop
      vertex 59.2284 0.708472 3.7
      vertex 57.6096 3.66263 3.7
      vertex 58.6961 0.456722 3.7
    endloop
  endfacet
  facet normal -0 0 1
    outer loop
      vertex 57.4322 3.57871 3.7
      vertex 58.6961 0.456722 3.7
      vertex 57.6096 3.66263 3.7
    endloop
  endfacet
  facet normal -0 0 1
    outer loop
      vertex 57.2474 3.51259 3.7
      vertex 58.6961 0.456722 3.7
      vertex 57.4322 3.57871 3.7
    endloop
  endfacet
  facet normal 0 0 1
    outer loop
      vertex 58.6961 0.456722 3.7
      vertex 57.2474 3.51259 3.7
      vertex 58.1417 0.258357 3.7
    endloop
  endfacet
  facet normal -0 0 1
    outer loop
      vertex 57.1951 3.49385 3.7
      vertex 58.1417 0.258357 3.7
      vertex 57.2474 3.51259 3.7
    endloop
  endfacet
  facet normal -0 0 1
    outer loop
      vertex 57.1411 3.48034 3.7
      vertex 58.1417 0.258357 3.7
      vertex 57.1951 3.49385 3.7
    endloop
  endfacet
  facet normal 0 0 1
    outer loop
      vertex 58.1417 0.258357 3.7
      vertex 57.1411 3.48034 3.7
      vertex 57.5705 0.115288 3.7
    endloop
  endfacet
  facet normal -0 0 1
    outer loop
      vertex 56.9507 3.43265 3.7
      vertex 57.5705 0.115288 3.7
      vertex 57.1411 3.48034 3.7
    endloop
  endfacet
  facet normal -0 0 1
    outer loop
      vertex 56.7566 3.40385 3.7
      vertex 57.5705 0.115288 3.7
      vertex 56.9507 3.43265 3.7
    endloop
  endfacet
  facet normal 0 0 1
    outer loop
      vertex 57.5705 0.115288 3.7
      vertex 56.7566 3.40385 3.7
      vertex 56.9881 0.0288916 3.7
    endloop
  endfacet
  facet normal -0 0 1
    outer loop
      vertex 56.7016 3.39569 3.7
      vertex 56.9881 0.0288916 3.7
      vertex 56.7566 3.40385 3.7
    endloop
  endfacet
  facet normal -0 0 1
    outer loop
      vertex 56.5055 3.38606 3.7
      vertex 56.9881 0.0288916 3.7
      vertex 56.7016 3.39569 3.7
    endloop
  endfacet
  facet normal 0 0 1
    outer loop
      vertex 56.4 0 3.7
      vertex 56.5055 3.38606 3.7
      vertex 56.45 3.38333 3.7
    endloop
  endfacet
  facet normal 0 0 1
    outer loop
      vertex 56.5055 3.38606 3.7
      vertex 56.4 0 3.7
      vertex 56.9881 0.0288916 3.7
    endloop
  endfacet
  facet normal 0 0 1
    outer loop
      vertex 56.3945 3.38606 3.7
      vertex 56.4 0 3.7
      vertex 56.45 3.38333 3.7
    endloop
  endfacet
  facet normal 0 0 1
    outer loop
      vertex 56.1984 3.39569 3.7
      vertex 56.4 0 3.7
      vertex 56.3945 3.38606 3.7
    endloop
  endfacet
  facet normal 0 0 1
    outer loop
      vertex 56.1434 3.40385 3.7
      vertex 56.4 0 3.7
      vertex 56.1984 3.39569 3.7
    endloop
  endfacet
  facet normal 0 0 1
    outer loop
      vertex 55.9493 3.43265 3.7
      vertex 56.4 0 3.7
      vertex 56.1434 3.40385 3.7
    endloop
  endfacet
  facet normal 0 0 1
    outer loop
      vertex 55.7589 3.48034 3.7
      vertex 56.4 0 3.7
      vertex 55.9493 3.43265 3.7
    endloop
  endfacet
  facet normal 0 0 1
    outer loop
      vertex 55.7049 3.49385 3.7
      vertex 56.4 0 3.7
      vertex 55.7589 3.48034 3.7
    endloop
  endfacet
  facet normal 0 0 1
    outer loop
      vertex 55.6526 3.51259 3.7
      vertex 56.4 0 3.7
      vertex 55.7049 3.49385 3.7
    endloop
  endfacet
  facet normal 0 0 1
    outer loop
      vertex 55.4678 3.57871 3.7
      vertex 56.4 0 3.7
      vertex 55.6526 3.51259 3.7
    endloop
  endfacet
  facet normal 0 0 1
    outer loop
      vertex 55.2904 3.66263 3.7
      vertex 56.4 0 3.7
      vertex 55.4678 3.57871 3.7
    endloop
  endfacet
  facet normal 0 0 1
    outer loop
      vertex 55.2401 3.6864 3.7
      vertex 56.4 0 3.7
      vertex 55.2904 3.66263 3.7
    endloop
  endfacet
  facet normal 0 0 1
    outer loop
      vertex 55.0717 3.7873 3.7
      vertex 56.4 0 3.7
      vertex 55.2401 3.6864 3.7
    endloop
  endfacet
  facet normal 0 0 1
    outer loop
      vertex 55.024 3.81589 3.7
      vertex 56.4 0 3.7
      vertex 55.0717 3.7873 3.7
    endloop
  endfacet
  facet normal 0 0 1
    outer loop
      vertex 54.9794 3.84902 3.7
      vertex 56.4 0 3.7
      vertex 55.024 3.81589 3.7
    endloop
  endfacet
  facet normal 0 0 1
    outer loop
      vertex 54.8217 3.96594 3.7
      vertex 56.4 0 3.7
      vertex 54.9794 3.84902 3.7
    endloop
  endfacet
  facet normal 0 0 1
    outer loop
      vertex 54.6763 4.09775 3.7
      vertex 56.4 0 3.7
      vertex 54.8217 3.96594 3.7
    endloop
  endfacet
  facet normal 0 0 1
    outer loop
      vertex 54.6351 4.13509 3.7
      vertex 56.4 0 3.7
      vertex 54.6763 4.09775 3.7
    endloop
  endfacet
  facet normal 0 0 1
    outer loop
      vertex 54.5977 4.1763 3.7
      vertex 56.4 0 3.7
      vertex 54.6351 4.13509 3.7
    endloop
  endfacet
  facet normal 0 0 1
    outer loop
      vertex 54.4659 4.32172 3.7
      vertex 56.4 0 3.7
      vertex 54.5977 4.1763 3.7
    endloop
  endfacet
  facet normal 0 0 1
    outer loop
      vertex 54.349 4.47937 3.7
      vertex 56.4 0 3.7
      vertex 54.4659 4.32172 3.7
    endloop
  endfacet
  facet normal 0 0 1
    outer loop
      vertex 54.3159 4.52404 3.7
      vertex 56.4 0 3.7
      vertex 54.349 4.47937 3.7
    endloop
  endfacet
  facet normal 0 0 1
    outer loop
      vertex 54.2873 4.57173 3.7
      vertex 56.4 0 3.7
      vertex 54.3159 4.52404 3.7
    endloop
  endfacet
  facet normal 0 0 1
    outer loop
      vertex 54.1864 4.74008 3.7
      vertex 56.4 0 3.7
      vertex 54.2873 4.57173 3.7
    endloop
  endfacet
  facet normal 0 0 1
    outer loop
      vertex 33.4018 17.8878 3.7
      vertex 54.1864 4.74008 3.7
      vertex 54.1626 4.79035 3.7
    endloop
  endfacet
  facet normal 0 0 1
    outer loop
      vertex 33.4018 17.8878 3.7
      vertex 54.1626 4.79035 3.7
      vertex 54.0787 4.96778 3.7
    endloop
  endfacet
  facet normal 0 0 1
    outer loop
      vertex 53.8833 5.95 3.7
      vertex 53.8957 5.69842 3.7
      vertex 53.8861 5.89446 3.7
    endloop
  endfacet
  facet normal 0 0 1
    outer loop
      vertex 53.9803 6.64112 3.7
      vertex 43.2328 17.8878 3.7
      vertex 53.9327 6.45073 3.7
    endloop
  endfacet
  facet normal 0 0 1
    outer loop
      vertex 53.9327 6.45073 3.7
      vertex 43.2328 17.8878 3.7
      vertex 53.9039 6.25659 3.7
    endloop
  endfacet
  facet normal 0 0 1
    outer loop
      vertex 53.9039 6.25659 3.7
      vertex 43.2328 17.8878 3.7
      vertex 53.8957 6.20158 3.7
    endloop
  endfacet
  facet normal 0 0 1
    outer loop
      vertex 53.8957 6.20158 3.7
      vertex 43.2328 17.8878 3.7
      vertex 53.8861 6.00554 3.7
    endloop
  endfacet
  facet normal -0 0 1
    outer loop
      vertex 49.6472 17.8878 3.7
      vertex 52.6879 17.8675 3.7
      vertex 52.4022 17.9466 3.7
    endloop
  endfacet
  facet normal 0 0 1
    outer loop
      vertex 49.6472 17.8878 3.7
      vertex 52.4022 17.9466 3.7
      vertex 52.133 18.0483 3.7
    endloop
  endfacet
  facet normal 0 0 1
    outer loop
      vertex 49.6472 17.8878 3.7
      vertex 52.133 18.0483 3.7
      vertex 51.8802 18.1727 3.7
    endloop
  endfacet
  facet normal 0 0 1
    outer loop
      vertex 53.8861 6.00554 3.7
      vertex 43.2328 17.8878 3.7
      vertex 53.8833 5.95 3.7
    endloop
  endfacet
  facet normal -0 0 1
    outer loop
      vertex 41.593 17.8878 3.7
      vertex 53.8833 5.95 3.7
      vertex 43.2328 17.8878 3.7
    endloop
  endfacet
  facet normal 0 0 1
    outer loop
      vertex 49.6472 17.8878 3.7
      vertex 51.8802 18.1727 3.7
      vertex 51.6438 18.3196 3.7
    endloop
  endfacet
  facet normal 0 0 1
    outer loop
      vertex 49.6472 17.8878 3.7
      vertex 51.6438 18.3196 3.7
      vertex 51.4239 18.4891 3.7
    endloop
  endfacet
  facet normal 0 0 1
    outer loop
      vertex 49.6472 17.8878 3.7
      vertex 51.4239 18.4891 3.7
      vertex 51.2204 18.6813 3.7
    endloop
  endfacet
  facet normal 0 0 1
    outer loop
      vertex 49.6472 17.8878 3.7
      vertex 51.2204 18.6813 3.7
      vertex 51.0359 18.8931 3.7
    endloop
  endfacet
  facet normal 0 0 1
    outer loop
      vertex 49.6472 17.8878 3.7
      vertex 51.0359 18.8931 3.7
      vertex 50.8732 19.1219 3.7
    endloop
  endfacet
  facet normal -0 0 1
    outer loop
      vertex 49.6472 19.2793 3.7
      vertex 50.8732 19.1219 3.7
      vertex 50.7321 19.3675 3.7
    endloop
  endfacet
  facet normal 0 0 1
    outer loop
      vertex 49.6472 19.2793 3.7
      vertex 50.7321 19.3675 3.7
      vertex 50.6128 19.63 3.7
    endloop
  endfacet
  facet normal 0 0 1
    outer loop
      vertex 49.6472 19.2793 3.7
      vertex 50.6128 19.63 3.7
      vertex 50.5151 19.9094 3.7
    endloop
  endfacet
  facet normal 0 0 1
    outer loop
      vertex 49.6472 19.2793 3.7
      vertex 50.5151 19.9094 3.7
      vertex 50.4392 20.2057 3.7
    endloop
  endfacet
  facet normal 0 0 1
    outer loop
      vertex 49.6472 19.2793 3.7
      vertex 50.3524 20.8488 3.7
      vertex 50.3415 21.1957 3.7
    endloop
  endfacet
  facet normal 0 0 1
    outer loop
      vertex 49.6472 19.2793 3.7
      vertex 50.3849 20.5188 3.7
      vertex 50.3524 20.8488 3.7
    endloop
  endfacet
  facet normal 0 0 1
    outer loop
      vertex 49.6472 19.2793 3.7
      vertex 50.4392 20.2057 3.7
      vertex 50.3849 20.5188 3.7
    endloop
  endfacet
  facet normal 0 0 1
    outer loop
      vertex 50.8732 19.1219 3.7
      vertex 49.6472 19.2793 3.7
      vertex 49.6472 17.8878 3.7
    endloop
  endfacet
  facet normal 0 0 1
    outer loop
      vertex 53.8833 5.95 3.7
      vertex 41.593 17.8878 3.7
      vertex 53.8957 5.69842 3.7
    endloop
  endfacet
  facet normal -0 0 1
    outer loop
      vertex 39.8779 17.8878 3.7
      vertex 53.8957 5.69842 3.7
      vertex 41.593 17.8878 3.7
    endloop
  endfacet
  facet normal 0 0 1
    outer loop
      vertex 53.8957 5.69842 3.7
      vertex 39.8779 17.8878 3.7
      vertex 53.9039 5.64341 3.7
    endloop
  endfacet
  facet normal 0 0 1
    outer loop
      vertex 53.9039 5.64341 3.7
      vertex 39.8779 17.8878 3.7
      vertex 53.9327 5.44927 3.7
    endloop
  endfacet
  facet normal -0 0 1
    outer loop
      vertex 38.4124 17.8878 3.7
      vertex 53.9327 5.44927 3.7
      vertex 39.8779 17.8878 3.7
    endloop
  endfacet
  facet normal 0 0 1
    outer loop
      vertex 53.9327 5.44927 3.7
      vertex 38.4124 17.8878 3.7
      vertex 53.9803 5.25888 3.7
    endloop
  endfacet
  facet normal 0 0 1
    outer loop
      vertex 53.9803 5.25888 3.7
      vertex 38.4124 17.8878 3.7
      vertex 53.9939 5.20494 3.7
    endloop
  endfacet
  facet normal 0 0 1
    outer loop
      vertex 41.593 24.4914 3.7
      vertex 43.2328 26.4871 3.7
      vertex 41.593 25.6815 3.7
    endloop
  endfacet
  facet normal 0 0 1
    outer loop
      vertex 43.2328 26.4871 3.7
      vertex 41.593 24.4914 3.7
      vertex 43.2328 17.8878 3.7
    endloop
  endfacet
  facet normal 0 0 1
    outer loop
      vertex 41.593 17.8878 3.7
      vertex 43.2328 17.8878 3.7
      vertex 41.593 24.4914 3.7
    endloop
  endfacet
  facet normal -0 0 1
    outer loop
      vertex 36.8134 17.8878 3.7
      vertex 53.9939 5.20494 3.7
      vertex 38.4124 17.8878 3.7
    endloop
  endfacet
  facet normal 0 0 1
    outer loop
      vertex 53.9939 5.20494 3.7
      vertex 36.8134 17.8878 3.7
      vertex 54.0126 5.15258 3.7
    endloop
  endfacet
  facet normal 0 0 1
    outer loop
      vertex 39.8779 24.4914 3.7
      vertex 38.4124 17.8878 3.7
      vertex 39.8779 17.8878 3.7
    endloop
  endfacet
  facet normal 0 0 1
    outer loop
      vertex 54.0126 5.15258 3.7
      vertex 36.8134 17.8878 3.7
      vertex 54.0787 4.96778 3.7
    endloop
  endfacet
  facet normal -0 0 1
    outer loop
      vertex 34.6834 17.8878 3.7
      vertex 54.0787 4.96778 3.7
      vertex 36.8134 17.8878 3.7
    endloop
  endfacet
  facet normal 0 0 1
    outer loop
      vertex 36.814 23.2572 3.7
      vertex 36.397 23.2267 3.7
      vertex 36.8137 23.2178 3.7
    endloop
  endfacet
  facet normal 0 0 1
    outer loop
      vertex 36.8137 23.2178 3.7
      vertex 36.397 23.2267 3.7
      vertex 36.8136 23.1785 3.7
    endloop
  endfacet
  facet normal 0 0 1
    outer loop
      vertex 36.8136 23.1785 3.7
      vertex 36.397 23.2267 3.7
      vertex 36.8134 23.1392 3.7
    endloop
  endfacet
  facet normal 0 0 1
    outer loop
      vertex 36.8134 23.1392 3.7
      vertex 36.397 23.2267 3.7
      vertex 36.8134 23.0999 3.7
    endloop
  endfacet
  facet normal 0 0 1
    outer loop
      vertex 36.337 23.0215 3.7
      vertex 36.8134 23.0999 3.7
      vertex 36.397 23.2267 3.7
    endloop
  endfacet
  facet normal 0 0 1
    outer loop
      vertex 36.2825 22.8409 3.7
      vertex 36.8134 23.0999 3.7
      vertex 36.337 23.0215 3.7
    endloop
  endfacet
  facet normal 0 0 1
    outer loop
      vertex 36.2336 22.6849 3.7
      vertex 36.8134 23.0999 3.7
      vertex 36.2825 22.8409 3.7
    endloop
  endfacet
  facet normal 0 0 1
    outer loop
      vertex 36.8134 23.0999 3.7
      vertex 36.2336 22.6849 3.7
      vertex 36.8134 17.8878 3.7
    endloop
  endfacet
  facet normal 0 0 1
    outer loop
      vertex 34.6834 17.8878 3.7
      vertex 36.8134 17.8878 3.7
      vertex 36.2336 22.6849 3.7
    endloop
  endfacet
  facet normal -0 0 1
    outer loop
      vertex 33.4018 17.8878 3.7
      vertex 54.0787 4.96778 3.7
      vertex 34.6834 17.8878 3.7
    endloop
  endfacet
  facet normal 0 0 1
    outer loop
      vertex 54.1864 4.74008 3.7
      vertex 33.4018 17.8878 3.7
      vertex 31.2717 17.8878 3.7
    endloop
  endfacet
  facet normal 0 0 1
    outer loop
      vertex 31.2717 17.8878 3.7
      vertex 31.8515 22.6849 3.7
      vertex 31.2717 23.0999 3.7
    endloop
  endfacet
  facet normal 0 0 1
    outer loop
      vertex 31.8515 22.6849 3.7
      vertex 31.2717 17.8878 3.7
      vertex 33.4018 17.8878 3.7
    endloop
  endfacet
  facet normal 0 0 1
    outer loop
      vertex 54.1864 4.74008 3.7
      vertex 31.2717 17.8878 3.7
      vertex 56.4 0 3.7
    endloop
  endfacet
  facet normal 0 0 1
    outer loop
      vertex 8.2136 4.74008 3.7
      vertex 31.2717 17.8878 3.7
      vertex 29.6727 17.8878 3.7
    endloop
  endfacet
  facet normal 0 0 1
    outer loop
      vertex 8.2136 4.74008 3.7
      vertex 29.6727 17.8878 3.7
      vertex 28.9076 17.8878 3.7
    endloop
  endfacet
  facet normal 0 0 1
    outer loop
      vertex 8.32129 4.96778 3.7
      vertex 28.9076 17.8878 3.7
      vertex 27.0461 17.8878 3.7
    endloop
  endfacet
  facet normal 0 0 1
    outer loop
      vertex 23.958 17.8878 3.7
      vertex 27.0461 17.8878 3.7
      vertex 25.5082 20.2803 3.7
    endloop
  endfacet
  facet normal 0 0 1
    outer loop
      vertex 8.40615 5.20494 3.7
      vertex 27.0461 17.8878 3.7
      vertex 23.958 17.8878 3.7
    endloop
  endfacet
  facet normal 0 0 1
    outer loop
      vertex 21.6593 17.8422 3.7
      vertex 23.958 17.8878 3.7
      vertex 22.1331 17.8878 3.7
    endloop
  endfacet
  facet normal -0 0 1
    outer loop
      vertex 22.0707 17.92 3.7
      vertex 22.1331 17.8878 3.7
      vertex 22.0997 17.9272 3.7
    endloop
  endfacet
  facet normal -0 0 1
    outer loop
      vertex 22.0149 17.9061 3.7
      vertex 22.1331 17.8878 3.7
      vertex 22.0707 17.92 3.7
    endloop
  endfacet
  facet normal -0 0 1
    outer loop
      vertex 21.9878 17.8995 3.7
      vertex 22.1331 17.8878 3.7
      vertex 22.0149 17.9061 3.7
    endloop
  endfacet
  facet normal -0 0 1
    outer loop
      vertex 21.9606 17.8931 3.7
      vertex 22.1331 17.8878 3.7
      vertex 21.9878 17.8995 3.7
    endloop
  endfacet
  facet normal 0 0 1
    outer loop
      vertex 21.9335 17.8871 3.7
      vertex 22.1331 17.8878 3.7
      vertex 21.9606 17.8931 3.7
    endloop
  endfacet
  facet normal 0 0 1
    outer loop
      vertex 21.9064 17.8814 3.7
      vertex 22.1331 17.8878 3.7
      vertex 21.9335 17.8871 3.7
    endloop
  endfacet
  facet normal 0 0 1
    outer loop
      vertex 21.8793 17.876 3.7
      vertex 22.1331 17.8878 3.7
      vertex 21.9064 17.8814 3.7
    endloop
  endfacet
  facet normal 0 0 1
    outer loop
      vertex 21.8522 17.8708 3.7
      vertex 22.1331 17.8878 3.7
      vertex 21.8793 17.876 3.7
    endloop
  endfacet
  facet normal 0 0 1
    outer loop
      vertex 21.825 17.866 3.7
      vertex 22.1331 17.8878 3.7
      vertex 21.8522 17.8708 3.7
    endloop
  endfacet
  facet normal 0 0 1
    outer loop
      vertex 21.7979 17.8615 3.7
      vertex 22.1331 17.8878 3.7
      vertex 21.825 17.866 3.7
    endloop
  endfacet
  facet normal 0 0 1
    outer loop
      vertex 21.7708 17.8573 3.7
      vertex 22.1331 17.8878 3.7
      vertex 21.7979 17.8615 3.7
    endloop
  endfacet
  facet normal 0 0 1
    outer loop
      vertex 21.7435 17.8533 3.7
      vertex 22.1331 17.8878 3.7
      vertex 21.7708 17.8573 3.7
    endloop
  endfacet
  facet normal 0 0 1
    outer loop
      vertex 21.7158 17.8495 3.7
      vertex 22.1331 17.8878 3.7
      vertex 21.7435 17.8533 3.7
    endloop
  endfacet
  facet normal 0 0 1
    outer loop
      vertex 21.6877 17.8458 3.7
      vertex 22.1331 17.8878 3.7
      vertex 21.7158 17.8495 3.7
    endloop
  endfacet
  facet normal 0 0 1
    outer loop
      vertex 21.6593 17.8422 3.7
      vertex 22.1331 17.8878 3.7
      vertex 21.6877 17.8458 3.7
    endloop
  endfacet
  facet normal 0 0 1
    outer loop
      vertex 21.6305 17.8388 3.7
      vertex 23.958 17.8878 3.7
      vertex 21.6593 17.8422 3.7
    endloop
  endfacet
  facet normal 0 0 1
    outer loop
      vertex 23.958 17.8878 3.7
      vertex 21.6305 17.8388 3.7
      vertex 8.46735 5.44927 3.7
    endloop
  endfacet
  facet normal 0 0 1
    outer loop
      vertex 8.46735 5.44927 3.7
      vertex 21.6305 17.8388 3.7
      vertex 21.6013 17.8356 3.7
    endloop
  endfacet
  facet normal 0 0 1
    outer loop
      vertex 8.46735 5.44927 3.7
      vertex 21.6013 17.8356 3.7
      vertex 21.5717 17.8325 3.7
    endloop
  endfacet
  facet normal 0 0 1
    outer loop
      vertex 8.46735 5.44927 3.7
      vertex 21.5717 17.8325 3.7
      vertex 21.5418 17.8296 3.7
    endloop
  endfacet
  facet normal 0 0 1
    outer loop
      vertex 8.46735 5.44927 3.7
      vertex 21.5418 17.8296 3.7
      vertex 21.5114 17.8268 3.7
    endloop
  endfacet
  facet normal 0 0 1
    outer loop
      vertex 8.46735 5.44927 3.7
      vertex 21.5114 17.8268 3.7
      vertex 21.4803 17.8242 3.7
    endloop
  endfacet
  facet normal 0 0 1
    outer loop
      vertex 8.50431 5.69842 3.7
      vertex 21.4803 17.8242 3.7
      vertex 21.4481 17.822 3.7
    endloop
  endfacet
  facet normal 0 0 1
    outer loop
      vertex 8.50431 5.69842 3.7
      vertex 21.4481 17.822 3.7
      vertex 21.4148 17.82 3.7
    endloop
  endfacet
  facet normal 0 0 1
    outer loop
      vertex 8.50431 5.69842 3.7
      vertex 21.4148 17.82 3.7
      vertex 21.3803 17.8183 3.7
    endloop
  endfacet
  facet normal 0 0 1
    outer loop
      vertex 8.50431 5.69842 3.7
      vertex 21.3803 17.8183 3.7
      vertex 21.3447 17.817 3.7
    endloop
  endfacet
  facet normal 0 0 1
    outer loop
      vertex 8.50431 5.69842 3.7
      vertex 21.3447 17.817 3.7
      vertex 21.308 17.8159 3.7
    endloop
  endfacet
  facet normal 0 0 1
    outer loop
      vertex 8.50431 5.69842 3.7
      vertex 21.308 17.8159 3.7
      vertex 21.2701 17.8152 3.7
    endloop
  endfacet
  facet normal 0 0 1
    outer loop
      vertex 8.50431 5.69842 3.7
      vertex 21.2701 17.8152 3.7
      vertex 21.2311 17.8147 3.7
    endloop
  endfacet
  facet normal 0 0 1
    outer loop
      vertex 8.50431 5.69842 3.7
      vertex 21.2311 17.8147 3.7
      vertex 21.191 17.8146 3.7
    endloop
  endfacet
  facet normal 0 0 1
    outer loop
      vertex 8.51667 5.95 3.7
      vertex 21.191 17.8146 3.7
      vertex 21.0514 17.8185 3.7
    endloop
  endfacet
  facet normal 0 0 1
    outer loop
      vertex 8.51667 5.95 3.7
      vertex 21.0514 17.8185 3.7
      vertex 20.9202 17.8302 3.7
    endloop
  endfacet
  facet normal 0 0 1
    outer loop
      vertex 18.2667 17.83 3.7
      vertex 20.9202 17.8302 3.7
      vertex 20.7974 17.8498 3.7
    endloop
  endfacet
  facet normal 0 0 1
    outer loop
      vertex 18.2667 17.83 3.7
      vertex 20.7974 17.8498 3.7
      vertex 20.6829 17.8772 3.7
    endloop
  endfacet
  facet normal -0 0 1
    outer loop
      vertex 18.5443 17.9102 3.7
      vertex 20.6829 17.8772 3.7
      vertex 20.5767 17.9125 3.7
    endloop
  endfacet
  facet normal 0 0 1
    outer loop
      vertex 18.5443 17.9102 3.7
      vertex 20.5767 17.9125 3.7
      vertex 20.479 17.9556 3.7
    endloop
  endfacet
  facet normal -0 0 1
    outer loop
      vertex 19.83 19.0657 3.7
      vertex 19.8832 18.9324 3.7
      vertex 19.8666 19.0657 3.7
    endloop
  endfacet
  facet normal 0 0 1
    outer loop
      vertex 19.661 18.7929 3.7
      vertex 19.8832 18.9324 3.7
      vertex 19.83 19.0657 3.7
    endloop
  endfacet
  facet normal 0 0 1
    outer loop
      vertex 19.8832 18.9324 3.7
      vertex 19.661 18.7929 3.7
      vertex 19.9059 18.8065 3.7
    endloop
  endfacet
  facet normal 0 0 1
    outer loop
      vertex 19.9059 18.8065 3.7
      vertex 19.661 18.7929 3.7
      vertex 19.9348 18.688 3.7
    endloop
  endfacet
  facet normal 0 0 1
    outer loop
      vertex 19.661 18.7929 3.7
      vertex 19.9697 18.5769 3.7
      vertex 19.9348 18.688 3.7
    endloop
  endfacet
  facet normal 0 0 1
    outer loop
      vertex 19.4738 18.5522 3.7
      vertex 19.9697 18.5769 3.7
      vertex 19.661 18.7929 3.7
    endloop
  endfacet
  facet normal 0 0 1
    outer loop
      vertex 19.9697 18.5769 3.7
      vertex 19.4738 18.5522 3.7
      vertex 20.0107 18.4731 3.7
    endloop
  endfacet
  facet normal 0 0 1
    outer loop
      vertex 20.0107 18.4731 3.7
      vertex 19.4738 18.5522 3.7
      vertex 20.0579 18.3767 3.7
    endloop
  endfacet
  facet normal 0 0 1
    outer loop
      vertex 19.2685 18.3435 3.7
      vertex 20.0579 18.3767 3.7
      vertex 19.4738 18.5522 3.7
    endloop
  endfacet
  facet normal 0 0 1
    outer loop
      vertex 20.0579 18.3767 3.7
      vertex 19.2685 18.3435 3.7
      vertex 20.1111 18.2878 3.7
    endloop
  endfacet
  facet normal 0 0 1
    outer loop
      vertex 20.1111 18.2878 3.7
      vertex 19.2685 18.3435 3.7
      vertex 20.1704 18.2061 3.7
    endloop
  endfacet
  facet normal 0 0 1
    outer loop
      vertex 20.1704 18.2061 3.7
      vertex 19.2685 18.3435 3.7
      vertex 20.2358 18.1319 3.7
    endloop
  endfacet
  facet normal -0 0 1
    outer loop
      vertex 19.0452 18.167 3.7
      vertex 20.2358 18.1319 3.7
      vertex 19.2685 18.3435 3.7
    endloop
  endfacet
  facet normal 0 0 1
    outer loop
      vertex 20.2358 18.1319 3.7
      vertex 19.0452 18.167 3.7
      vertex 20.3085 18.0653 3.7
    endloop
  endfacet
  facet normal 0 0 1
    outer loop
      vertex 20.3085 18.0653 3.7
      vertex 19.0452 18.167 3.7
      vertex 20.3896 18.0065 3.7
    endloop
  endfacet
  facet normal -0 0 1
    outer loop
      vertex 18.8038 18.0226 3.7
      vertex 20.3896 18.0065 3.7
      vertex 19.0452 18.167 3.7
    endloop
  endfacet
  facet normal 0 0 1
    outer loop
      vertex 20.3896 18.0065 3.7
      vertex 18.8038 18.0226 3.7
      vertex 20.479 17.9556 3.7
    endloop
  endfacet
  facet normal 0 0 1
    outer loop
      vertex 18.5443 17.9102 3.7
      vertex 20.479 17.9556 3.7
      vertex 18.8038 18.0226 3.7
    endloop
  endfacet
  facet normal 0 0 1
    outer loop
      vertex 20.6829 17.8772 3.7
      vertex 18.5443 17.9102 3.7
      vertex 18.2667 17.83 3.7
    endloop
  endfacet
  facet normal 0 0 1
    outer loop
      vertex 20.9202 17.8302 3.7
      vertex 18.2667 17.83 3.7
      vertex 17.971 17.7818 3.7
    endloop
  endfacet
  facet normal 0 0 1
    outer loop
      vertex 8.50704 6.14603 3.7
      vertex 20.9202 17.8302 3.7
      vertex 17.971 17.7818 3.7
    endloop
  endfacet
  facet normal 0 0 1
    outer loop
      vertex 8.50704 6.14603 3.7
      vertex 17.971 17.7818 3.7
      vertex 17.6573 17.7658 3.7
    endloop
  endfacet
  facet normal 0 0 1
    outer loop
      vertex 8.50704 6.14603 3.7
      vertex 17.6573 17.7658 3.7
      vertex 17.4495 17.7722 3.7
    endloop
  endfacet
  facet normal 0 0 1
    outer loop
      vertex 8.50704 6.14603 3.7
      vertex 17.4495 17.7722 3.7
      vertex 17.2522 17.7915 3.7
    endloop
  endfacet
  facet normal 0 0 1
    outer loop
      vertex 8.50704 6.14603 3.7
      vertex 17.2522 17.7915 3.7
      vertex 17.0653 17.8238 3.7
    endloop
  endfacet
  facet normal 0 0 1
    outer loop
      vertex 14.666 17.8878 3.7
      vertex 17.0653 17.8238 3.7
      vertex 16.8887 17.8689 3.7
    endloop
  endfacet
  facet normal -0 0 1
    outer loop
      vertex 14.666 17.8878 3.7
      vertex 16.8887 17.8689 3.7
      vertex 16.7226 17.9268 3.7
    endloop
  endfacet
  facet normal 0 0 1
    outer loop
      vertex 15.6332 19.9772 3.7
      vertex 14.666 17.8878 3.7
      vertex 15.625 19.7554 3.7
    endloop
  endfacet
  facet normal 0 0 1
    outer loop
      vertex 15.625 19.7554 3.7
      vertex 14.666 17.8878 3.7
      vertex 15.6316 19.5504 3.7
    endloop
  endfacet
  facet normal 0 0 1
    outer loop
      vertex 15.6316 19.5504 3.7
      vertex 14.666 17.8878 3.7
      vertex 15.6515 19.3559 3.7
    endloop
  endfacet
  facet normal 0 0 1
    outer loop
      vertex 14.666 17.8878 3.7
      vertex 15.6846 19.1719 3.7
      vertex 15.6515 19.3559 3.7
    endloop
  endfacet
  facet normal 0 0 1
    outer loop
      vertex 14.666 17.8878 3.7
      vertex 15.7311 18.9983 3.7
      vertex 15.6846 19.1719 3.7
    endloop
  endfacet
  facet normal 0 0 1
    outer loop
      vertex 14.666 17.8878 3.7
      vertex 15.7907 18.8352 3.7
      vertex 15.7311 18.9983 3.7
    endloop
  endfacet
  facet normal 0 0 1
    outer loop
      vertex 14.666 17.8878 3.7
      vertex 15.8637 18.6826 3.7
      vertex 15.7907 18.8352 3.7
    endloop
  endfacet
  facet normal 0 0 1
    outer loop
      vertex 14.666 17.8878 3.7
      vertex 15.9498 18.5405 3.7
      vertex 15.8637 18.6826 3.7
    endloop
  endfacet
  facet normal 0 0 1
    outer loop
      vertex 14.666 17.8878 3.7
      vertex 16.0493 18.4088 3.7
      vertex 15.9498 18.5405 3.7
    endloop
  endfacet
  facet normal 0 0 1
    outer loop
      vertex 14.666 17.8878 3.7
      vertex 16.162 18.2876 3.7
      vertex 16.0493 18.4088 3.7
    endloop
  endfacet
  facet normal 0 0 1
    outer loop
      vertex 14.666 17.8878 3.7
      vertex 16.2865 18.1781 3.7
      vertex 16.162 18.2876 3.7
    endloop
  endfacet
  facet normal 0 0 1
    outer loop
      vertex 14.666 17.8878 3.7
      vertex 16.4215 18.0815 3.7
      vertex 16.2865 18.1781 3.7
    endloop
  endfacet
  facet normal 0 0 1
    outer loop
      vertex 14.666 17.8878 3.7
      vertex 16.5669 17.9977 3.7
      vertex 16.4215 18.0815 3.7
    endloop
  endfacet
  facet normal 0 0 1
    outer loop
      vertex 14.666 17.8878 3.7
      vertex 16.7226 17.9268 3.7
      vertex 16.5669 17.9977 3.7
    endloop
  endfacet
  facet normal 0 0 1
    outer loop
      vertex 8.50704 6.14603 3.7
      vertex 17.0653 17.8238 3.7
      vertex 14.666 17.8878 3.7
    endloop
  endfacet
  facet normal 0 0 1
    outer loop
      vertex 8.50704 6.14603 3.7
      vertex 14.666 17.8878 3.7
      vertex 13.067 17.8878 3.7
    endloop
  endfacet
  facet normal 0 0 1
    outer loop
      vertex 13.0676 23.2572 3.7
      vertex 12.6506 23.2267 3.7
      vertex 13.0673 23.2178 3.7
    endloop
  endfacet
  facet normal 0 0 1
    outer loop
      vertex 13.0673 23.2178 3.7
      vertex 12.6506 23.2267 3.7
      vertex 13.0671 23.1785 3.7
    endloop
  endfacet
  facet normal 0 0 1
    outer loop
      vertex 13.0671 23.1785 3.7
      vertex 12.6506 23.2267 3.7
      vertex 13.067 23.1392 3.7
    endloop
  endfacet
  facet normal 0 0 1
    outer loop
      vertex 13.067 23.1392 3.7
      vertex 12.6506 23.2267 3.7
      vertex 13.067 23.0999 3.7
    endloop
  endfacet
  facet normal 0 0 1
    outer loop
      vertex 12.5905 23.0215 3.7
      vertex 13.067 23.0999 3.7
      vertex 12.6506 23.2267 3.7
    endloop
  endfacet
  facet normal 0 0 1
    outer loop
      vertex 12.5361 22.8409 3.7
      vertex 13.067 23.0999 3.7
      vertex 12.5905 23.0215 3.7
    endloop
  endfacet
  facet normal 0 0 1
    outer loop
      vertex 12.4872 22.6849 3.7
      vertex 13.067 23.0999 3.7
      vertex 12.5361 22.8409 3.7
    endloop
  endfacet
  facet normal 0 0 1
    outer loop
      vertex 13.067 23.0999 3.7
      vertex 12.4872 22.6849 3.7
      vertex 13.067 17.8878 3.7
    endloop
  endfacet
  facet normal 0 0 1
    outer loop
      vertex 10.9369 17.8878 3.7
      vertex 13.067 17.8878 3.7
      vertex 12.4872 22.6849 3.7
    endloop
  endfacet
  facet normal 0 0 1
    outer loop
      vertex 8.50704 6.14603 3.7
      vertex 13.067 17.8878 3.7
      vertex 10.9369 17.8878 3.7
    endloop
  endfacet
  facet normal 0 0 1
    outer loop
      vertex 7.37596 8.0841 3.7
      vertex 10.9369 17.8878 3.7
      vertex 9.65532 17.8878 3.7
    endloop
  endfacet
  facet normal 0 0 1
    outer loop
      vertex 21.191 17.8146 3.7
      vertex 8.51667 5.95 3.7
      vertex 8.50704 5.75396 3.7
    endloop
  endfacet
  facet normal 0 0 1
    outer loop
      vertex 21.191 17.8146 3.7
      vertex 8.50704 5.75396 3.7
      vertex 8.50431 5.69842 3.7
    endloop
  endfacet
  facet normal 0 0 1
    outer loop
      vertex 21.4803 17.8242 3.7
      vertex 8.50431 5.69842 3.7
      vertex 8.49615 5.64341 3.7
    endloop
  endfacet
  facet normal 0 0 1
    outer loop
      vertex 21.4803 17.8242 3.7
      vertex 8.49615 5.64341 3.7
      vertex 8.46735 5.44927 3.7
    endloop
  endfacet
  facet normal 0 0 1
    outer loop
      vertex 23.958 17.8878 3.7
      vertex 8.46735 5.44927 3.7
      vertex 8.45384 5.39532 3.7
    endloop
  endfacet
  facet normal 0 0 1
    outer loop
      vertex 23.958 17.8878 3.7
      vertex 8.45384 5.39532 3.7
      vertex 8.40615 5.20494 3.7
    endloop
  endfacet
  facet normal 0 0 1
    outer loop
      vertex 27.0461 17.8878 3.7
      vertex 8.40615 5.20494 3.7
      vertex 8.34002 5.02014 3.7
    endloop
  endfacet
  facet normal 0 0 1
    outer loop
      vertex 27.0461 17.8878 3.7
      vertex 8.34002 5.02014 3.7
      vertex 8.32129 4.96778 3.7
    endloop
  endfacet
  facet normal 0 0 1
    outer loop
      vertex 28.9076 17.8878 3.7
      vertex 8.32129 4.96778 3.7
      vertex 8.23737 4.79035 3.7
    endloop
  endfacet
  facet normal 0 0 1
    outer loop
      vertex 28.9076 17.8878 3.7
      vertex 8.23737 4.79035 3.7
      vertex 8.2136 4.74008 3.7
    endloop
  endfacet
  facet normal 0 0 1
    outer loop
      vertex 31.2717 17.8878 3.7
      vertex 8.2136 4.74008 3.7
      vertex 56.4 0 3.7
    endloop
  endfacet
  facet normal -0 0 1
    outer loop
      vertex 8.11269 4.57173 3.7
      vertex 56.4 0 3.7
      vertex 8.2136 4.74008 3.7
    endloop
  endfacet
  facet normal 0 0 1
    outer loop
      vertex 6 0 3.7
      vertex 8.11269 4.57173 3.7
      vertex 8.0841 4.52404 3.7
    endloop
  endfacet
  facet normal 0 0 1
    outer loop
      vertex 6 0 3.7
      vertex 8.0841 4.52404 3.7
      vertex 8.05098 4.47937 3.7
    endloop
  endfacet
  facet normal 0 0 1
    outer loop
      vertex 6 0 3.7
      vertex 8.05098 4.47937 3.7
      vertex 7.93406 4.32172 3.7
    endloop
  endfacet
  facet normal 0 0 1
    outer loop
      vertex 6 0 3.7
      vertex 7.93406 4.32172 3.7
      vertex 7.80225 4.1763 3.7
    endloop
  endfacet
  facet normal 0 0 1
    outer loop
      vertex 6 0 3.7
      vertex 7.80225 4.1763 3.7
      vertex 7.76491 4.13509 3.7
    endloop
  endfacet
  facet normal 0 0 1
    outer loop
      vertex 6 0 3.7
      vertex 7.76491 4.13509 3.7
      vertex 7.7237 4.09775 3.7
    endloop
  endfacet
  facet normal 0 0 1
    outer loop
      vertex 6 0 3.7
      vertex 7.7237 4.09775 3.7
      vertex 7.57828 3.96594 3.7
    endloop
  endfacet
  facet normal 0 0 1
    outer loop
      vertex 6 0 3.7
      vertex 7.57828 3.96594 3.7
      vertex 7.42063 3.84902 3.7
    endloop
  endfacet
  facet normal 0 0 1
    outer loop
      vertex 6 0 3.7
      vertex 7.42063 3.84902 3.7
      vertex 7.37596 3.81589 3.7
    endloop
  endfacet
  facet normal 0 0 1
    outer loop
      vertex 6 0 3.7
      vertex 7.37596 3.81589 3.7
      vertex 7.32827 3.7873 3.7
    endloop
  endfacet
  facet normal 0 0 1
    outer loop
      vertex 6 0 3.7
      vertex 7.32827 3.7873 3.7
      vertex 7.15992 3.6864 3.7
    endloop
  endfacet
  facet normal 0 0 1
    outer loop
      vertex 6 0 3.7
      vertex 7.15992 3.6864 3.7
      vertex 7.10965 3.66263 3.7
    endloop
  endfacet
  facet normal 0 0 1
    outer loop
      vertex 6 0 3.7
      vertex 7.10965 3.66263 3.7
      vertex 6.93222 3.57871 3.7
    endloop
  endfacet
  facet normal 0 0 1
    outer loop
      vertex 6 0 3.7
      vertex 6.93222 3.57871 3.7
      vertex 6.74742 3.51259 3.7
    endloop
  endfacet
  facet normal 0 0 1
    outer loop
      vertex 6 0 3.7
      vertex 6.74742 3.51259 3.7
      vertex 6.69506 3.49385 3.7
    endloop
  endfacet
  facet normal 0 0 1
    outer loop
      vertex 6 0 3.7
      vertex 6.69506 3.49385 3.7
      vertex 6.64112 3.48034 3.7
    endloop
  endfacet
  facet normal 0 0 1
    outer loop
      vertex 6 0 3.7
      vertex 6.64112 3.48034 3.7
      vertex 6.45073 3.43265 3.7
    endloop
  endfacet
  facet normal 0 0 1
    outer loop
      vertex 6 0 3.7
      vertex 6.45073 3.43265 3.7
      vertex 6.25659 3.40385 3.7
    endloop
  endfacet
  facet normal 0 0 1
    outer loop
      vertex 6 0 3.7
      vertex 6.25659 3.40385 3.7
      vertex 6.20158 3.39569 3.7
    endloop
  endfacet
  facet normal 0 0 1
    outer loop
      vertex 6 0 3.7
      vertex 6.20158 3.39569 3.7
      vertex 6.00554 3.38606 3.7
    endloop
  endfacet
  facet normal 0 0 1
    outer loop
      vertex 8.11269 4.57173 3.7
      vertex 6 0 3.7
      vertex 56.4 0 3.7
    endloop
  endfacet
  facet normal -0 0 1
    outer loop
      vertex 5.95 3.38333 3.7
      vertex 6 0 3.7
      vertex 6.00554 3.38606 3.7
    endloop
  endfacet
  facet normal 0 0 1
    outer loop
      vertex 5.89446 3.38606 3.7
      vertex 6 0 3.7
      vertex 5.95 3.38333 3.7
    endloop
  endfacet
  facet normal 0 0 1
    outer loop
      vertex 5.4119 0.0288916 3.7
      vertex 5.89446 3.38606 3.7
      vertex 5.69842 3.39569 3.7
    endloop
  endfacet
  facet normal 0 0 1
    outer loop
      vertex 5.4119 0.0288916 3.7
      vertex 5.69842 3.39569 3.7
      vertex 5.64341 3.40385 3.7
    endloop
  endfacet
  facet normal 0 0 1
    outer loop
      vertex 4.82946 0.115288 3.7
      vertex 5.64341 3.40385 3.7
      vertex 5.44927 3.43265 3.7
    endloop
  endfacet
  facet normal 0 0 1
    outer loop
      vertex 5.89446 3.38606 3.7
      vertex 5.4119 0.0288916 3.7
      vertex 6 0 3.7
    endloop
  endfacet
  facet normal 0 0 1
    outer loop
      vertex 4.82946 0.115288 3.7
      vertex 5.44927 3.43265 3.7
      vertex 5.25888 3.48034 3.7
    endloop
  endfacet
  facet normal 0 0 1
    outer loop
      vertex 4.25829 0.258357 3.7
      vertex 5.25888 3.48034 3.7
      vertex 5.20494 3.49385 3.7
    endloop
  endfacet
  facet normal 0 0 1
    outer loop
      vertex 4.25829 0.258357 3.7
      vertex 5.20494 3.49385 3.7
      vertex 5.15258 3.51259 3.7
    endloop
  endfacet
  facet normal 0 0 1
    outer loop
      vertex 3.7039 0.456722 3.7
      vertex 5.15258 3.51259 3.7
      vertex 4.96778 3.57871 3.7
    endloop
  endfacet
  facet normal 0 0 1
    outer loop
      vertex 5.64341 3.40385 3.7
      vertex 4.82946 0.115288 3.7
      vertex 5.4119 0.0288916 3.7
    endloop
  endfacet
  facet normal 0 0 1
    outer loop
      vertex 3.7039 0.456722 3.7
      vertex 4.96778 3.57871 3.7
      vertex 4.79035 3.66263 3.7
    endloop
  endfacet
  facet normal 0 0 1
    outer loop
      vertex 3.17162 0.708472 3.7
      vertex 4.79035 3.66263 3.7
      vertex 4.74008 3.6864 3.7
    endloop
  endfacet
  facet normal 0 0 1
    outer loop
      vertex 3.17162 0.708472 3.7
      vertex 4.74008 3.6864 3.7
      vertex 4.57173 3.7873 3.7
    endloop
  endfacet
  facet normal 0 0 1
    outer loop
      vertex 2.66658 1.01118 3.7
      vertex 4.57173 3.7873 3.7
      vertex 4.52404 3.81589 3.7
    endloop
  endfacet
  facet normal 0 0 1
    outer loop
      vertex 2.66658 1.01118 3.7
      vertex 4.52404 3.81589 3.7
      vertex 4.47937 3.84902 3.7
    endloop
  endfacet
  facet normal 0 0 1
    outer loop
      vertex 2.19364 1.36194 3.7
      vertex 4.47937 3.84902 3.7
      vertex 4.32172 3.96594 3.7
    endloop
  endfacet
  facet normal 0 0 1
    outer loop
      vertex 5.25888 3.48034 3.7
      vertex 4.25829 0.258357 3.7
      vertex 4.82946 0.115288 3.7
    endloop
  endfacet
  facet normal 0 0 1
    outer loop
      vertex 2.19364 1.36194 3.7
      vertex 4.32172 3.96594 3.7
      vertex 4.1763 4.09775 3.7
    endloop
  endfacet
  facet normal 0 0 1
    outer loop
      vertex 1.75736 1.75736 3.7
      vertex 4.1763 4.09775 3.7
      vertex 4.13509 4.13509 3.7
    endloop
  endfacet
  facet normal 0 0 1
    outer loop
      vertex 1.75736 1.75736 3.7
      vertex 4.13509 4.13509 3.7
      vertex 4.09775 4.1763 3.7
    endloop
  endfacet
  facet normal 0 0 1
    outer loop
      vertex 1.36194 2.19364 3.7
      vertex 4.09775 4.1763 3.7
      vertex 3.96594 4.32172 3.7
    endloop
  endfacet
  facet normal 0 0 1
    outer loop
      vertex 1.36194 2.19364 3.7
      vertex 3.96594 4.32172 3.7
      vertex 3.84902 4.47937 3.7
    endloop
  endfacet
  facet normal 0 0 1
    outer loop
      vertex 1.01118 2.66658 3.7
      vertex 3.84902 4.47937 3.7
      vertex 3.81589 4.52404 3.7
    endloop
  endfacet
  facet normal 0 0 1
    outer loop
      vertex 1.01118 2.66658 3.7
      vertex 3.81589 4.52404 3.7
      vertex 3.7873 4.57173 3.7
    endloop
  endfacet
  facet normal 0 0 1
    outer loop
      vertex 5.15258 3.51259 3.7
      vertex 3.7039 0.456722 3.7
      vertex 4.25829 0.258357 3.7
    endloop
  endfacet
  facet normal 0 0 1
    outer loop
      vertex 1.01118 2.66658 3.7
      vertex 3.7873 4.57173 3.7
      vertex 3.6864 4.74008 3.7
    endloop
  endfacet
  facet normal 0 0 1
    outer loop
      vertex 0.708472 3.17162 3.7
      vertex 3.6864 4.74008 3.7
      vertex 3.66263 4.79035 3.7
    endloop
  endfacet
  facet normal 0 0 1
    outer loop
      vertex 0.708472 3.17162 3.7
      vertex 3.66263 4.79035 3.7
      vertex 3.57871 4.96778 3.7
    endloop
  endfacet
  facet normal 0 0 1
    outer loop
      vertex 0.456722 3.7039 3.7
      vertex 3.57871 4.96778 3.7
      vertex 3.51259 5.15258 3.7
    endloop
  endfacet
  facet normal 0 0 1
    outer loop
      vertex 0.258357 4.25829 3.7
      vertex 3.51259 5.15258 3.7
      vertex 3.49385 5.20494 3.7
    endloop
  endfacet
  facet normal 0 0 1
    outer loop
      vertex 0.258357 4.25829 3.7
      vertex 3.49385 5.20494 3.7
      vertex 3.48034 5.25888 3.7
    endloop
  endfacet
  facet normal 0 0 1
    outer loop
      vertex 0.258357 4.25829 3.7
      vertex 3.48034 5.25888 3.7
      vertex 3.43265 5.44927 3.7
    endloop
  endfacet
  facet normal 0 0 1
    outer loop
      vertex 0.115288 4.82946 3.7
      vertex 3.43265 5.44927 3.7
      vertex 3.40385 5.64341 3.7
    endloop
  endfacet
  facet normal 0 0 1
    outer loop
      vertex 0.0288916 5.4119 3.7
      vertex 3.40385 5.64341 3.7
      vertex 3.39569 5.69842 3.7
    endloop
  endfacet
  facet normal 0 0 1
    outer loop
      vertex 4.79035 3.66263 3.7
      vertex 3.17162 0.708472 3.7
      vertex 3.7039 0.456722 3.7
    endloop
  endfacet
  facet normal 0 0 1
    outer loop
      vertex 0.0288916 5.4119 3.7
      vertex 3.39569 5.69842 3.7
      vertex 3.38606 5.89446 3.7
    endloop
  endfacet
  facet normal 0 0 1
    outer loop
      vertex 0 6 3.7
      vertex 3.38606 5.89446 3.7
      vertex 3.38333 5.95 3.7
    endloop
  endfacet
  facet normal 0 0 1
    outer loop
      vertex 3.39569 6.20158 3.7
      vertex 0 6 3.7
      vertex 3.38606 6.00554 3.7
    endloop
  endfacet
  facet normal 0 0 1
    outer loop
      vertex 3.51259 39.3474 3.7
      vertex 0.258357 40.2417 3.7
      vertex 3.49385 39.2951 3.7
    endloop
  endfacet
  facet normal 0 0 1
    outer loop
      vertex 3.38606 6.00554 3.7
      vertex 0 6 3.7
      vertex 3.38333 5.95 3.7
    endloop
  endfacet
  facet normal 0 0 1
    outer loop
      vertex 3.49385 39.2951 3.7
      vertex 0.258357 40.2417 3.7
      vertex 3.48034 39.2411 3.7
    endloop
  endfacet
  facet normal 0 0 1
    outer loop
      vertex 3.38606 5.89446 3.7
      vertex 0 6 3.7
      vertex 0.0288916 5.4119 3.7
    endloop
  endfacet
  facet normal 0 0 1
    outer loop
      vertex 3.48034 39.2411 3.7
      vertex 0.258357 40.2417 3.7
      vertex 3.43265 39.0507 3.7
    endloop
  endfacet
  facet normal 0 0 1
    outer loop
      vertex 4.57173 3.7873 3.7
      vertex 2.66658 1.01118 3.7
      vertex 3.17162 0.708472 3.7
    endloop
  endfacet
  facet normal -0 0 1
    outer loop
      vertex 0.115288 39.6705 3.7
      vertex 3.43265 39.0507 3.7
      vertex 0.258357 40.2417 3.7
    endloop
  endfacet
  facet normal 0 0 1
    outer loop
      vertex 4.47937 3.84902 3.7
      vertex 2.19364 1.36194 3.7
      vertex 2.66658 1.01118 3.7
    endloop
  endfacet
  facet normal 0 0 1
    outer loop
      vertex 3.43265 39.0507 3.7
      vertex 0.115288 39.6705 3.7
      vertex 3.40385 38.8566 3.7
    endloop
  endfacet
  facet normal 0 0 1
    outer loop
      vertex 4.1763 4.09775 3.7
      vertex 1.75736 1.75736 3.7
      vertex 2.19364 1.36194 3.7
    endloop
  endfacet
  facet normal -0 0 1
    outer loop
      vertex 0.0288916 39.0881 3.7
      vertex 3.40385 38.8566 3.7
      vertex 0.115288 39.6705 3.7
    endloop
  endfacet
  facet normal 0 0 1
    outer loop
      vertex 4.09775 4.1763 3.7
      vertex 1.36194 2.19364 3.7
      vertex 1.75736 1.75736 3.7
    endloop
  endfacet
  facet normal 0 0 1
    outer loop
      vertex 3.40385 38.8566 3.7
      vertex 0.0288916 39.0881 3.7
      vertex 3.39569 38.8016 3.7
    endloop
  endfacet
  facet normal 0 0 1
    outer loop
      vertex 3.84902 4.47937 3.7
      vertex 1.01118 2.66658 3.7
      vertex 1.36194 2.19364 3.7
    endloop
  endfacet
  facet normal 0 0 1
    outer loop
      vertex 3.39569 38.8016 3.7
      vertex 0.0288916 39.0881 3.7
      vertex 3.38606 38.6055 3.7
    endloop
  endfacet
  facet normal 0 0 1
    outer loop
      vertex 3.6864 4.74008 3.7
      vertex 0.708472 3.17162 3.7
      vertex 1.01118 2.66658 3.7
    endloop
  endfacet
  facet normal 0 0 1
    outer loop
      vertex 0 38.5 3.7
      vertex 3.38606 38.6055 3.7
      vertex 0.0288916 39.0881 3.7
    endloop
  endfacet
  facet normal 0 0 1
    outer loop
      vertex 3.57871 4.96778 3.7
      vertex 0.456722 3.7039 3.7
      vertex 0.708472 3.17162 3.7
    endloop
  endfacet
  facet normal 0 0 1
    outer loop
      vertex 3.38606 38.6055 3.7
      vertex 0 38.5 3.7
      vertex 3.38333 38.55 3.7
    endloop
  endfacet
  facet normal 0 0 1
    outer loop
      vertex 3.51259 5.15258 3.7
      vertex 0.258357 4.25829 3.7
      vertex 0.456722 3.7039 3.7
    endloop
  endfacet
  facet normal 0 0 1
    outer loop
      vertex 3.43265 5.44927 3.7
      vertex 0.115288 4.82946 3.7
      vertex 0.258357 4.25829 3.7
    endloop
  endfacet
  facet normal 0 0 1
    outer loop
      vertex 3.40385 5.64341 3.7
      vertex 0.0288916 5.4119 3.7
      vertex 0.115288 4.82946 3.7
    endloop
  endfacet
  facet normal 0 0 1
    outer loop
      vertex 57.9206 8.05098 3.7
      vertex 56.2959 18.8895 3.7
      vertex 57.876 8.0841 3.7
    endloop
  endfacet
  facet normal 0 0 1
    outer loop
      vertex 57.876 8.0841 3.7
      vertex 56.2959 18.8895 3.7
      vertex 57.8283 8.11269 3.7
    endloop
  endfacet
  facet normal -0 0 1
    outer loop
      vertex 56.1089 18.6782 3.7
      vertex 57.8283 8.11269 3.7
      vertex 56.2959 18.8895 3.7
    endloop
  endfacet
  facet normal 0 0 1
    outer loop
      vertex 57.8283 8.11269 3.7
      vertex 56.1089 18.6782 3.7
      vertex 57.6599 8.2136 3.7
    endloop
  endfacet
  facet normal 0 0 1
    outer loop
      vertex 57.6599 8.2136 3.7
      vertex 56.1089 18.6782 3.7
      vertex 57.6096 8.23737 3.7
    endloop
  endfacet
  facet normal -0 0 1
    outer loop
      vertex 55.9025 18.4867 3.7
      vertex 57.6096 8.23737 3.7
      vertex 56.1089 18.6782 3.7
    endloop
  endfacet
  facet normal 0 0 1
    outer loop
      vertex 57.6096 8.23737 3.7
      vertex 55.9025 18.4867 3.7
      vertex 57.4322 8.32129 3.7
    endloop
  endfacet
  facet normal 0 0 1
    outer loop
      vertex 57.4322 8.32129 3.7
      vertex 55.9025 18.4867 3.7
      vertex 57.3799 8.34002 3.7
    endloop
  endfacet
  facet normal 0 0 1
    outer loop
      vertex 57.3799 8.34002 3.7
      vertex 55.9025 18.4867 3.7
      vertex 57.1951 8.40615 3.7
    endloop
  endfacet
  facet normal -0 0 1
    outer loop
      vertex 55.6792 18.3177 3.7
      vertex 57.1951 8.40615 3.7
      vertex 55.9025 18.4867 3.7
    endloop
  endfacet
  facet normal 0 0 1
    outer loop
      vertex 57.1951 8.40615 3.7
      vertex 55.6792 18.3177 3.7
      vertex 57.0047 8.45384 3.7
    endloop
  endfacet
  facet normal -0 0 1
    outer loop
      vertex 55.439 18.1713 3.7
      vertex 57.0047 8.45384 3.7
      vertex 55.6792 18.3177 3.7
    endloop
  endfacet
  facet normal 0 0 1
    outer loop
      vertex 57.0047 8.45384 3.7
      vertex 55.439 18.1713 3.7
      vertex 56.9507 8.46735 3.7
    endloop
  endfacet
  facet normal 0 0 1
    outer loop
      vertex 56.9507 8.46735 3.7
      vertex 55.439 18.1713 3.7
      vertex 56.7566 8.49615 3.7
    endloop
  endfacet
  facet normal 0 0 1
    outer loop
      vertex 56.7566 8.49615 3.7
      vertex 55.439 18.1713 3.7
      vertex 56.7016 8.50431 3.7
    endloop
  endfacet
  facet normal -0 0 1
    outer loop
      vertex 55.1819 18.0474 3.7
      vertex 56.7016 8.50431 3.7
      vertex 55.439 18.1713 3.7
    endloop
  endfacet
  facet normal 0 0 1
    outer loop
      vertex 56.7016 8.50431 3.7
      vertex 55.1819 18.0474 3.7
      vertex 56.646 8.50704 3.7
    endloop
  endfacet
  facet normal 0 0 1
    outer loop
      vertex 56.646 8.50704 3.7
      vertex 55.1819 18.0474 3.7
      vertex 56.45 8.51667 3.7
    endloop
  endfacet
  facet normal -0 0 1
    outer loop
      vertex 54.9079 17.946 3.7
      vertex 56.45 8.51667 3.7
      vertex 55.1819 18.0474 3.7
    endloop
  endfacet
  facet normal 0 0 1
    outer loop
      vertex 56.45 8.51667 3.7
      vertex 54.9079 17.946 3.7
      vertex 56.254 8.50704 3.7
    endloop
  endfacet
  facet normal 0 0 1
    outer loop
      vertex 56.254 8.50704 3.7
      vertex 54.9079 17.946 3.7
      vertex 56.1984 8.50431 3.7
    endloop
  endfacet
  facet normal -0 0 1
    outer loop
      vertex 54.6171 17.8672 3.7
      vertex 56.1984 8.50431 3.7
      vertex 54.9079 17.946 3.7
    endloop
  endfacet
  facet normal 0 0 1
    outer loop
      vertex 56.1984 8.50431 3.7
      vertex 54.6171 17.8672 3.7
      vertex 56.1434 8.49615 3.7
    endloop
  endfacet
  facet normal 0 0 1
    outer loop
      vertex 56.1434 8.49615 3.7
      vertex 54.6171 17.8672 3.7
      vertex 55.9493 8.46735 3.7
    endloop
  endfacet
  facet normal -0 0 1
    outer loop
      vertex 54.3094 17.8108 3.7
      vertex 55.9493 8.46735 3.7
      vertex 54.6171 17.8672 3.7
    endloop
  endfacet
  facet normal 0 0 1
    outer loop
      vertex 55.9493 8.46735 3.7
      vertex 54.3094 17.8108 3.7
      vertex 55.8953 8.45384 3.7
    endloop
  endfacet
  facet normal 0 0 1
    outer loop
      vertex 55.8953 8.45384 3.7
      vertex 54.3094 17.8108 3.7
      vertex 55.7049 8.40615 3.7
    endloop
  endfacet
  facet normal -0 0 1
    outer loop
      vertex 53.9848 17.777 3.7
      vertex 55.7049 8.40615 3.7
      vertex 54.3094 17.8108 3.7
    endloop
  endfacet
  facet normal 0 0 1
    outer loop
      vertex 55.7049 8.40615 3.7
      vertex 53.9848 17.777 3.7
      vertex 55.5201 8.34002 3.7
    endloop
  endfacet
  facet normal -0 0 1
    outer loop
      vertex 53.6434 17.7658 3.7
      vertex 55.5201 8.34002 3.7
      vertex 53.9848 17.777 3.7
    endloop
  endfacet
  facet normal 0 0 1
    outer loop
      vertex 55.5201 8.34002 3.7
      vertex 53.6434 17.7658 3.7
      vertex 55.4678 8.32129 3.7
    endloop
  endfacet
  facet normal 0 0 1
    outer loop
      vertex 53.3084 17.7771 3.7
      vertex 55.4678 8.32129 3.7
      vertex 53.6434 17.7658 3.7
    endloop
  endfacet
  facet normal 0 0 1
    outer loop
      vertex 55.4678 8.32129 3.7
      vertex 53.3084 17.7771 3.7
      vertex 55.2904 8.23737 3.7
    endloop
  endfacet
  facet normal 0 0 1
    outer loop
      vertex 55.2904 8.23737 3.7
      vertex 53.3084 17.7771 3.7
      vertex 55.2401 8.2136 3.7
    endloop
  endfacet
  facet normal 0 0 1
    outer loop
      vertex 52.9899 17.811 3.7
      vertex 55.2401 8.2136 3.7
      vertex 53.3084 17.7771 3.7
    endloop
  endfacet
  facet normal 0 0 1
    outer loop
      vertex 55.2401 8.2136 3.7
      vertex 52.9899 17.811 3.7
      vertex 55.0717 8.11269 3.7
    endloop
  endfacet
  facet normal 0 0 1
    outer loop
      vertex 55.0717 8.11269 3.7
      vertex 52.9899 17.811 3.7
      vertex 55.024 8.0841 3.7
    endloop
  endfacet
  facet normal 0 0 1
    outer loop
      vertex 52.6879 17.8675 3.7
      vertex 55.024 8.0841 3.7
      vertex 52.9899 17.811 3.7
    endloop
  endfacet
  facet normal 0 0 1
    outer loop
      vertex 55.024 8.0841 3.7
      vertex 52.6879 17.8675 3.7
      vertex 54.9794 8.05098 3.7
    endloop
  endfacet
  facet normal 0 0 1
    outer loop
      vertex 54.9794 8.05098 3.7
      vertex 52.6879 17.8675 3.7
      vertex 54.8217 7.93406 3.7
    endloop
  endfacet
  facet normal 0 0 1
    outer loop
      vertex 49.6472 17.8878 3.7
      vertex 54.8217 7.93406 3.7
      vertex 52.6879 17.8675 3.7
    endloop
  endfacet
  facet normal 0 0 1
    outer loop
      vertex 54.8217 7.93406 3.7
      vertex 49.6472 17.8878 3.7
      vertex 54.6763 7.80225 3.7
    endloop
  endfacet
  facet normal 0 0 1
    outer loop
      vertex 54.6763 7.80225 3.7
      vertex 49.6472 17.8878 3.7
      vertex 54.6351 7.76491 3.7
    endloop
  endfacet
  facet normal 0 0 1
    outer loop
      vertex 54.6351 7.76491 3.7
      vertex 49.6472 17.8878 3.7
      vertex 54.5977 7.7237 3.7
    endloop
  endfacet
  facet normal 0 0 1
    outer loop
      vertex 54.5977 7.7237 3.7
      vertex 49.6472 17.8878 3.7
      vertex 54.4659 7.57828 3.7
    endloop
  endfacet
  facet normal 0 0 1
    outer loop
      vertex 54.4659 7.57828 3.7
      vertex 49.6472 17.8878 3.7
      vertex 54.349 7.42063 3.7
    endloop
  endfacet
  facet normal 0 0 1
    outer loop
      vertex 54.349 7.42063 3.7
      vertex 49.6472 17.8878 3.7
      vertex 54.3159 7.37596 3.7
    endloop
  endfacet
  facet normal 0 0 1
    outer loop
      vertex 54.3159 7.37596 3.7
      vertex 49.6472 17.8878 3.7
      vertex 54.2873 7.32827 3.7
    endloop
  endfacet
  facet normal 0 0 1
    outer loop
      vertex 54.2873 7.32827 3.7
      vertex 49.6472 17.8878 3.7
      vertex 54.1864 7.15992 3.7
    endloop
  endfacet
  facet normal 0 0 1
    outer loop
      vertex 54.1864 7.15992 3.7
      vertex 49.6472 17.8878 3.7
      vertex 54.1626 7.10965 3.7
    endloop
  endfacet
  facet normal 0 0 1
    outer loop
      vertex 54.1626 7.10965 3.7
      vertex 49.6472 17.8878 3.7
      vertex 54.0787 6.93222 3.7
    endloop
  endfacet
  facet normal -0 0 1
    outer loop
      vertex 43.2328 17.8878 3.7
      vertex 54.0787 6.93222 3.7
      vertex 49.6472 17.8878 3.7
    endloop
  endfacet
  facet normal 0 0 1
    outer loop
      vertex 54.0787 6.93222 3.7
      vertex 43.2328 17.8878 3.7
      vertex 54.0126 6.74742 3.7
    endloop
  endfacet
  facet normal 0 0 1
    outer loop
      vertex 54.0126 6.74742 3.7
      vertex 43.2328 17.8878 3.7
      vertex 53.9939 6.69506 3.7
    endloop
  endfacet
  facet normal 0 0 1
    outer loop
      vertex 53.9939 6.69506 3.7
      vertex 43.2328 17.8878 3.7
      vertex 53.9803 6.64112 3.7
    endloop
  endfacet
  facet normal -0 0 1
    outer loop
      vertex 18.7742 20.9332 3.7
      vertex 19.653 20.6098 3.7
      vertex 19.653 20.9455 3.7
    endloop
  endfacet
  facet normal 0 0 1
    outer loop
      vertex 19.653 20.6098 3.7
      vertex 18.7742 20.9332 3.7
      vertex 19.6507 20.5141 3.7
    endloop
  endfacet
  facet normal 0 0 1
    outer loop
      vertex 19.6507 20.5141 3.7
      vertex 18.7742 20.9332 3.7
      vertex 19.6437 20.4195 3.7
    endloop
  endfacet
  facet normal 0 0 1
    outer loop
      vertex 19.6437 20.4195 3.7
      vertex 18.7742 20.9332 3.7
      vertex 19.632 20.326 3.7
    endloop
  endfacet
  facet normal 0 0 1
    outer loop
      vertex 19.632 20.326 3.7
      vertex 18.7742 20.9332 3.7
      vertex 19.6156 20.2337 3.7
    endloop
  endfacet
  facet normal 0 0 1
    outer loop
      vertex 19.6156 20.2337 3.7
      vertex 18.7742 20.9332 3.7
      vertex 19.5946 20.1425 3.7
    endloop
  endfacet
  facet normal 0 0 1
    outer loop
      vertex 19.5946 20.1425 3.7
      vertex 18.7742 20.9332 3.7
      vertex 19.5689 20.0524 3.7
    endloop
  endfacet
  facet normal 0 0 1
    outer loop
      vertex 19.5689 20.0524 3.7
      vertex 18.7742 20.9332 3.7
      vertex 19.5386 19.9635 3.7
    endloop
  endfacet
  facet normal 0 0 1
    outer loop
      vertex 19.5386 19.9635 3.7
      vertex 18.7742 20.9332 3.7
      vertex 19.5035 19.8757 3.7
    endloop
  endfacet
  facet normal 0 0 1
    outer loop
      vertex 19.5035 19.8757 3.7
      vertex 18.7742 20.9332 3.7
      vertex 19.4638 19.789 3.7
    endloop
  endfacet
  facet normal -0 0 1
    outer loop
      vertex 18.6455 20.9268 3.7
      vertex 19.4638 19.789 3.7
      vertex 18.7742 20.9332 3.7
    endloop
  endfacet
  facet normal 0 0 1
    outer loop
      vertex 19.4638 19.789 3.7
      vertex 18.6455 20.9268 3.7
      vertex 19.42 19.7049 3.7
    endloop
  endfacet
  facet normal 0 0 1
    outer loop
      vertex 19.42 19.7049 3.7
      vertex 18.6455 20.9268 3.7
      vertex 19.3727 19.625 3.7
    endloop
  endfacet
  facet normal -0 0 1
    outer loop
      vertex 18.5255 20.9183 3.7
      vertex 19.3727 19.625 3.7
      vertex 18.6455 20.9268 3.7
    endloop
  endfacet
  facet normal 0 0 1
    outer loop
      vertex 19.3727 19.625 3.7
      vertex 18.5255 20.9183 3.7
      vertex 19.3218 19.5493 3.7
    endloop
  endfacet
  facet normal 0 0 1
    outer loop
      vertex 19.3218 19.5493 3.7
      vertex 18.5255 20.9183 3.7
      vertex 19.2673 19.4776 3.7
    endloop
  endfacet
  facet normal 0 0 1
    outer loop
      vertex 19.2673 19.4776 3.7
      vertex 18.5255 20.9183 3.7
      vertex 19.2094 19.4102 3.7
    endloop
  endfacet
  facet normal -0 0 1
    outer loop
      vertex 18.4141 20.9078 3.7
      vertex 19.2094 19.4102 3.7
      vertex 18.5255 20.9183 3.7
    endloop
  endfacet
  facet normal 0 0 1
    outer loop
      vertex 19.2094 19.4102 3.7
      vertex 18.4141 20.9078 3.7
      vertex 19.1478 19.3468 3.7
    endloop
  endfacet
  facet normal 0 0 1
    outer loop
      vertex 19.1478 19.3468 3.7
      vertex 18.4141 20.9078 3.7
      vertex 19.0828 19.2876 3.7
    endloop
  endfacet
  facet normal 0 0 1
    outer loop
      vertex 19.0828 19.2876 3.7
      vertex 18.4141 20.9078 3.7
      vertex 19.0142 19.2326 3.7
    endloop
  endfacet
  facet normal -0 0 1
    outer loop
      vertex 18.3112 20.8953 3.7
      vertex 19.0142 19.2326 3.7
      vertex 18.4141 20.9078 3.7
    endloop
  endfacet
  facet normal 0 0 1
    outer loop
      vertex 19.0142 19.2326 3.7
      vertex 18.3112 20.8953 3.7
      vertex 18.942 19.1817 3.7
    endloop
  endfacet
  facet normal 0 0 1
    outer loop
      vertex 18.942 19.1817 3.7
      vertex 18.3112 20.8953 3.7
      vertex 18.8672 19.1356 3.7
    endloop
  endfacet
  facet normal -0 0 1
    outer loop
      vertex 18.217 20.8807 3.7
      vertex 18.8672 19.1356 3.7
      vertex 18.3112 20.8953 3.7
    endloop
  endfacet
  facet normal 0 0 1
    outer loop
      vertex 18.8672 19.1356 3.7
      vertex 18.217 20.8807 3.7
      vertex 18.7907 19.0949 3.7
    endloop
  endfacet
  facet normal 0 0 1
    outer loop
      vertex 18.7907 19.0949 3.7
      vertex 18.217 20.8807 3.7
      vertex 18.7125 19.0596 3.7
    endloop
  endfacet
  facet normal -0 0 1
    outer loop
      vertex 17.4148 19.9692 3.7
      vertex 18.7125 19.0596 3.7
      vertex 18.217 20.8807 3.7
    endloop
  endfacet
  facet normal 0 0 1
    outer loop
      vertex 18.7125 19.0596 3.7
      vertex 17.4148 19.9692 3.7
      vertex 18.6325 19.0298 3.7
    endloop
  endfacet
  facet normal -0 0 1
    outer loop
      vertex 17.4132 19.8897 3.7
      vertex 18.6325 19.0298 3.7
      vertex 17.4148 19.9692 3.7
    endloop
  endfacet
  facet normal 0 0 1
    outer loop
      vertex 18.6325 19.0298 3.7
      vertex 17.4132 19.8897 3.7
      vertex 18.5507 19.0054 3.7
    endloop
  endfacet
  facet normal 0 0 1
    outer loop
      vertex 18.5507 19.0054 3.7
      vertex 17.4132 19.8897 3.7
      vertex 18.4673 18.9864 3.7
    endloop
  endfacet
  facet normal -0 -0 1
    outer loop
      vertex 17.4159 19.7882 3.7
      vertex 18.4673 18.9864 3.7
      vertex 17.4132 19.8897 3.7
    endloop
  endfacet
  facet normal 0 0 1
    outer loop
      vertex 17.4148 19.9692 3.7
      vertex 18.217 20.8807 3.7
      vertex 18.1313 20.8641 3.7
    endloop
  endfacet
  facet normal 0 0 1
    outer loop
      vertex 18.4673 18.9864 3.7
      vertex 17.4159 19.7882 3.7
      vertex 18.3821 18.9728 3.7
    endloop
  endfacet
  facet normal 0 0 1
    outer loop
      vertex 17.4278 20.1175 3.7
      vertex 18.1313 20.8641 3.7
      vertex 18.0542 20.8454 3.7
    endloop
  endfacet
  facet normal -0 -0 1
    outer loop
      vertex 17.4239 19.6927 3.7
      vertex 18.2952 18.9647 3.7
      vertex 17.4159 19.7882 3.7
    endloop
  endfacet
  facet normal 0 0 1
    outer loop
      vertex 17.4391 20.1862 3.7
      vertex 18.0542 20.8454 3.7
      vertex 17.9857 20.8247 3.7
    endloop
  endfacet
  facet normal 0 0 1
    outer loop
      vertex 18.2952 18.9647 3.7
      vertex 17.4239 19.6927 3.7
      vertex 18.2065 18.962 3.7
    endloop
  endfacet
  facet normal 0 0 1
    outer loop
      vertex 17.4537 20.2513 3.7
      vertex 17.9857 20.8247 3.7
      vertex 17.9258 20.802 3.7
    endloop
  endfacet
  facet normal -0 -0 1
    outer loop
      vertex 17.4372 19.6032 3.7
      vertex 18.2065 18.962 3.7
      vertex 17.4239 19.6927 3.7
    endloop
  endfacet
  facet normal 0 0 1
    outer loop
      vertex 17.4537 20.2513 3.7
      vertex 17.9258 20.802 3.7
      vertex 17.8717 20.7769 3.7
    endloop
  endfacet
  facet normal 0 0 1
    outer loop
      vertex 18.2065 18.962 3.7
      vertex 17.4372 19.6032 3.7
      vertex 18.1283 18.9648 3.7
    endloop
  endfacet
  facet normal 0 0 1
    outer loop
      vertex 17.4537 20.2513 3.7
      vertex 17.8717 20.7769 3.7
      vertex 17.8205 20.749 3.7
    endloop
  endfacet
  facet normal -0 -0 1
    outer loop
      vertex 17.456 19.5196 3.7
      vertex 18.1283 18.9648 3.7
      vertex 17.4372 19.6032 3.7
    endloop
  endfacet
  facet normal 0 0 1
    outer loop
      vertex 17.4715 20.3128 3.7
      vertex 17.8205 20.749 3.7
      vertex 17.7722 20.7183 3.7
    endloop
  endfacet
  facet normal 0 0 1
    outer loop
      vertex 18.1283 18.9648 3.7
      vertex 17.456 19.5196 3.7
      vertex 18.0536 18.9733 3.7
    endloop
  endfacet
  facet normal 0 0 1
    outer loop
      vertex 17.4715 20.3128 3.7
      vertex 17.7722 20.7183 3.7
      vertex 17.7269 20.6848 3.7
    endloop
  endfacet
  facet normal 0 0 1
    outer loop
      vertex 17.4715 20.3128 3.7
      vertex 17.7269 20.6848 3.7
      vertex 17.6845 20.6485 3.7
    endloop
  endfacet
  facet normal 0 0 1
    outer loop
      vertex 18.0536 18.9733 3.7
      vertex 17.456 19.5196 3.7
      vertex 17.9824 18.9874 3.7
    endloop
  endfacet
  facet normal 0 0 1
    outer loop
      vertex 17.4715 20.3128 3.7
      vertex 17.6845 20.6485 3.7
      vertex 17.6451 20.6095 3.7
    endloop
  endfacet
  facet normal -0 -0 1
    outer loop
      vertex 17.48 19.4419 3.7
      vertex 17.9824 18.9874 3.7
      vertex 17.456 19.5196 3.7
    endloop
  endfacet
  facet normal 0 0 1
    outer loop
      vertex 17.4715 20.3128 3.7
      vertex 17.6451 20.6095 3.7
      vertex 17.6086 20.5676 3.7
    endloop
  endfacet
  facet normal 0 0 1
    outer loop
      vertex 17.9824 18.9874 3.7
      vertex 17.48 19.4419 3.7
      vertex 17.9148 19.0072 3.7
    endloop
  endfacet
  facet normal 0 0 1
    outer loop
      vertex 17.4715 20.3128 3.7
      vertex 17.6086 20.5676 3.7
      vertex 17.575 20.5229 3.7
    endloop
  endfacet
  facet normal 0 0 1
    outer loop
      vertex 17.4715 20.3128 3.7
      vertex 17.575 20.5229 3.7
      vertex 17.5444 20.4755 3.7
    endloop
  endfacet
  facet normal 0 0 1
    outer loop
      vertex 18.3821 18.9728 3.7
      vertex 17.4159 19.7882 3.7
      vertex 18.2952 18.9647 3.7
    endloop
  endfacet
  facet normal 0 0 1
    outer loop
      vertex 17.4715 20.3128 3.7
      vertex 17.5444 20.4755 3.7
      vertex 17.5169 20.4249 3.7
    endloop
  endfacet
  facet normal 0 0 1
    outer loop
      vertex 17.9148 19.0072 3.7
      vertex 17.48 19.4419 3.7
      vertex 17.8508 19.0326 3.7
    endloop
  endfacet
  facet normal 0 0 1
    outer loop
      vertex 17.4715 20.3128 3.7
      vertex 17.5169 20.4249 3.7
      vertex 17.4926 20.3706 3.7
    endloop
  endfacet
  facet normal 0 0 1
    outer loop
      vertex 17.8508 19.0326 3.7
      vertex 17.48 19.4419 3.7
      vertex 17.7902 19.0637 3.7
    endloop
  endfacet
  facet normal 0 0 1
    outer loop
      vertex 17.8205 20.749 3.7
      vertex 17.4715 20.3128 3.7
      vertex 17.4537 20.2513 3.7
    endloop
  endfacet
  facet normal 0 0 1
    outer loop
      vertex 18.1313 20.8641 3.7
      vertex 17.4197 20.0452 3.7
      vertex 17.4148 19.9692 3.7
    endloop
  endfacet
  facet normal 0 0 1
    outer loop
      vertex 17.9857 20.8247 3.7
      vertex 17.4537 20.2513 3.7
      vertex 17.4391 20.1862 3.7
    endloop
  endfacet
  facet normal 0 0 1
    outer loop
      vertex 18.0542 20.8454 3.7
      vertex 17.4391 20.1862 3.7
      vertex 17.4278 20.1175 3.7
    endloop
  endfacet
  facet normal 0 0 1
    outer loop
      vertex 18.1313 20.8641 3.7
      vertex 17.4278 20.1175 3.7
      vertex 17.4197 20.0452 3.7
    endloop
  endfacet
  facet normal 0 0 1
    outer loop
      vertex 17.7902 19.0637 3.7
      vertex 17.48 19.4419 3.7
      vertex 17.7332 19.1004 3.7
    endloop
  endfacet
  facet normal 0 0 1
    outer loop
      vertex 17.5843 19.2447 3.7
      vertex 17.5095 19.3702 3.7
      vertex 17.5442 19.3045 3.7
    endloop
  endfacet
  facet normal 0 0 1
    outer loop
      vertex 17.6797 19.1428 3.7
      vertex 17.5095 19.3702 3.7
      vertex 17.6298 19.1908 3.7
    endloop
  endfacet
  facet normal 0 0 1
    outer loop
      vertex 17.6298 19.1908 3.7
      vertex 17.5095 19.3702 3.7
      vertex 17.5843 19.2447 3.7
    endloop
  endfacet
  facet normal 0 0 1
    outer loop
      vertex 17.7332 19.1004 3.7
      vertex 17.48 19.4419 3.7
      vertex 17.6797 19.1428 3.7
    endloop
  endfacet
  facet normal -0 -0 1
    outer loop
      vertex 17.5095 19.3702 3.7
      vertex 17.6797 19.1428 3.7
      vertex 17.48 19.4419 3.7
    endloop
  endfacet
  facet normal -0 0 1
    outer loop
      vertex 52.1613 21.6658 3.7
      vertex 55.201 21.4494 3.7
      vertex 55.1868 21.6873 3.7
    endloop
  endfacet
  facet normal 0 0 1
    outer loop
      vertex 55.201 21.4494 3.7
      vertex 52.142 21.1957 3.7
      vertex 55.2058 21.1957 3.7
    endloop
  endfacet
  facet normal 0 0 1
    outer loop
      vertex 52.1613 21.6658 3.7
      vertex 55.1868 21.6873 3.7
      vertex 55.163 21.9091 3.7
    endloop
  endfacet
  facet normal -0 0 1
    outer loop
      vertex 52.2191 22.0806 3.7
      vertex 55.163 21.9091 3.7
      vertex 55.1298 22.1149 3.7
    endloop
  endfacet
  facet normal 0 -0 1
    outer loop
      vertex 52.1467 20.9567 3.7
      vertex 55.2058 21.1957 3.7
      vertex 52.142 21.1957 3.7
    endloop
  endfacet
  facet normal 0 0 1
    outer loop
      vertex 52.2191 22.0806 3.7
      vertex 55.1298 22.1149 3.7
      vertex 55.0871 22.3048 3.7
    endloop
  endfacet
  facet normal -0 0 1
    outer loop
      vertex 52.3156 22.4401 3.7
      vertex 55.0871 22.3048 3.7
      vertex 55.0348 22.4787 3.7
    endloop
  endfacet
  facet normal 0 0 1
    outer loop
      vertex 55.2058 21.1957 3.7
      vertex 52.1467 20.9567 3.7
      vertex 55.1863 20.7218 3.7
    endloop
  endfacet
  facet normal 0 0 1
    outer loop
      vertex 53.7044 23.4356 3.7
      vertex 55.0348 22.4787 3.7
      vertex 54.9731 22.6366 3.7
    endloop
  endfacet
  facet normal 0 0 1
    outer loop
      vertex 53.8628 23.429 3.7
      vertex 54.9731 22.6366 3.7
      vertex 54.9019 22.7786 3.7
    endloop
  endfacet
  facet normal -0 -0 1
    outer loop
      vertex 52.1608 20.7308 3.7
      vertex 55.1863 20.7218 3.7
      vertex 52.1467 20.9567 3.7
    endloop
  endfacet
  facet normal 0 0 1
    outer loop
      vertex 54.0127 23.4094 3.7
      vertex 54.9019 22.7786 3.7
      vertex 54.8212 22.9046 3.7
    endloop
  endfacet
  facet normal 0 0 1
    outer loop
      vertex 54.0127 23.4094 3.7
      vertex 54.8212 22.9046 3.7
      vertex 54.7315 23.016 3.7
    endloop
  endfacet
  facet normal 0 -0 1
    outer loop
      vertex 52.1844 20.5179 3.7
      vertex 55.1863 20.7218 3.7
      vertex 52.1608 20.7308 3.7
    endloop
  endfacet
  facet normal 0 0 1
    outer loop
      vertex 54.0127 23.4094 3.7
      vertex 54.7315 23.016 3.7
      vertex 54.6331 23.1144 3.7
    endloop
  endfacet
  facet normal 0 0 1
    outer loop
      vertex 54.0127 23.4094 3.7
      vertex 54.6331 23.1144 3.7
      vertex 54.5262 23.1996 3.7
    endloop
  endfacet
  facet normal 0 0 1
    outer loop
      vertex 55.1863 20.7218 3.7
      vertex 52.1844 20.5179 3.7
      vertex 55.1277 20.3036 3.7
    endloop
  endfacet
  facet normal 0 0 1
    outer loop
      vertex 54.0127 23.4094 3.7
      vertex 54.5262 23.1996 3.7
      vertex 54.4107 23.2717 3.7
    endloop
  endfacet
  facet normal 0 0 1
    outer loop
      vertex 54.0127 23.4094 3.7
      vertex 54.4107 23.2717 3.7
      vertex 54.2866 23.3307 3.7
    endloop
  endfacet
  facet normal -0 -0 1
    outer loop
      vertex 52.2173 20.318 3.7
      vertex 55.1277 20.3036 3.7
      vertex 52.1844 20.5179 3.7
    endloop
  endfacet
  facet normal 0 0 1
    outer loop
      vertex 54.0127 23.4094 3.7
      vertex 54.2866 23.3307 3.7
      vertex 54.1539 23.3766 3.7
    endloop
  endfacet
  facet normal 0 0 1
    outer loop
      vertex 54.9019 22.7786 3.7
      vertex 54.0127 23.4094 3.7
      vertex 53.8628 23.429 3.7
    endloop
  endfacet
  facet normal 0 -0 1
    outer loop
      vertex 52.2597 20.1312 3.7
      vertex 55.1277 20.3036 3.7
      vertex 52.2173 20.318 3.7
    endloop
  endfacet
  facet normal 0 0 1
    outer loop
      vertex 54.9731 22.6366 3.7
      vertex 53.8628 23.429 3.7
      vertex 53.7044 23.4356 3.7
    endloop
  endfacet
  facet normal 0 0 1
    outer loop
      vertex 55.0348 22.4787 3.7
      vertex 53.7044 23.4356 3.7
      vertex 52.3156 22.4401 3.7
    endloop
  endfacet
  facet normal 0 0 1
    outer loop
      vertex 55.1277 20.3036 3.7
      vertex 52.2597 20.1312 3.7
      vertex 55.0301 19.9412 3.7
    endloop
  endfacet
  facet normal -0 -0 1
    outer loop
      vertex 52.3115 19.9574 3.7
      vertex 55.0301 19.9412 3.7
      vertex 52.2597 20.1312 3.7
    endloop
  endfacet
  facet normal 0 0 1
    outer loop
      vertex 52.3156 22.4401 3.7
      vertex 53.7044 23.4356 3.7
      vertex 53.3765 23.4079 3.7
    endloop
  endfacet
  facet normal 0 -0 1
    outer loop
      vertex 52.3727 19.7967 3.7
      vertex 55.0301 19.9412 3.7
      vertex 52.3115 19.9574 3.7
    endloop
  endfacet
  facet normal 0 0 1
    outer loop
      vertex 55.0301 19.9412 3.7
      vertex 52.3727 19.7967 3.7
      vertex 54.8935 19.6345 3.7
    endloop
  endfacet
  facet normal 0 0 1
    outer loop
      vertex 52.4506 22.7442 3.7
      vertex 53.3765 23.4079 3.7
      vertex 53.0871 23.325 3.7
    endloop
  endfacet
  facet normal 0 -0 1
    outer loop
      vertex 53.9568 18.9655 3.7
      vertex 54.8935 19.6345 3.7
      vertex 52.3727 19.7967 3.7
    endloop
  endfacet
  facet normal 0 -0 1
    outer loop
      vertex 54.2495 19.0491 3.7
      vertex 54.7179 19.3836 3.7
      vertex 53.9568 18.9655 3.7
    endloop
  endfacet
  facet normal 0 0 1
    outer loop
      vertex 52.6242 22.9931 3.7
      vertex 53.0871 23.325 3.7
      vertex 52.8364 23.1867 3.7
    endloop
  endfacet
  facet normal 0 0 1
    outer loop
      vertex 54.7179 19.3836 3.7
      vertex 54.2495 19.0491 3.7
      vertex 54.5032 19.1885 3.7
    endloop
  endfacet
  facet normal 0 0 1
    outer loop
      vertex 54.8935 19.6345 3.7
      vertex 53.9568 18.9655 3.7
      vertex 54.7179 19.3836 3.7
    endloop
  endfacet
  facet normal 0 0 1
    outer loop
      vertex 53.0871 23.325 3.7
      vertex 52.6242 22.9931 3.7
      vertex 52.4506 22.7442 3.7
    endloop
  endfacet
  facet normal 0 0 1
    outer loop
      vertex 53.9568 18.9655 3.7
      vertex 52.3727 19.7967 3.7
      vertex 53.625 18.9376 3.7
    endloop
  endfacet
  facet normal -0 -0 1
    outer loop
      vertex 52.4433 19.649 3.7
      vertex 53.625 18.9376 3.7
      vertex 52.3727 19.7967 3.7
    endloop
  endfacet
  facet normal 0 0 1
    outer loop
      vertex 53.3765 23.4079 3.7
      vertex 52.4506 22.7442 3.7
      vertex 52.3156 22.4401 3.7
    endloop
  endfacet
  facet normal 0 0 1
    outer loop
      vertex 53.625 18.9376 3.7
      vertex 52.4433 19.649 3.7
      vertex 53.4692 18.9447 3.7
    endloop
  endfacet
  facet normal -0 -0 1
    outer loop
      vertex 52.5234 19.5143 3.7
      vertex 53.4692 18.9447 3.7
      vertex 52.4433 19.649 3.7
    endloop
  endfacet
  facet normal 0 0 1
    outer loop
      vertex 55.0871 22.3048 3.7
      vertex 52.3156 22.4401 3.7
      vertex 52.2191 22.0806 3.7
    endloop
  endfacet
  facet normal 0 0 1
    outer loop
      vertex 53.4692 18.9447 3.7
      vertex 52.5234 19.5143 3.7
      vertex 53.3217 18.9661 3.7
    endloop
  endfacet
  facet normal 0 0 1
    outer loop
      vertex 53.3217 18.9661 3.7
      vertex 52.5234 19.5143 3.7
      vertex 53.1825 19.0017 3.7
    endloop
  endfacet
  facet normal 0 0 1
    outer loop
      vertex 55.163 21.9091 3.7
      vertex 52.2191 22.0806 3.7
      vertex 52.1613 21.6658 3.7
    endloop
  endfacet
  facet normal 0 0 1
    outer loop
      vertex 55.201 21.4494 3.7
      vertex 52.1613 21.6658 3.7
      vertex 52.142 21.1957 3.7
    endloop
  endfacet
  facet normal 0 0 1
    outer loop
      vertex 52.8153 19.1939 3.7
      vertex 52.5234 19.5143 3.7
      vertex 52.7097 19.2865 3.7
    endloop
  endfacet
  facet normal 0 0 1
    outer loop
      vertex 53.1825 19.0017 3.7
      vertex 52.5234 19.5143 3.7
      vertex 53.0518 19.0515 3.7
    endloop
  endfacet
  facet normal 0 0 1
    outer loop
      vertex 52.7097 19.2865 3.7
      vertex 52.5234 19.5143 3.7
      vertex 52.6123 19.3933 3.7
    endloop
  endfacet
  facet normal 0 0 1
    outer loop
      vertex 52.9294 19.1156 3.7
      vertex 52.5234 19.5143 3.7
      vertex 52.8153 19.1939 3.7
    endloop
  endfacet
  facet normal 0 0 1
    outer loop
      vertex 53.0518 19.0515 3.7
      vertex 52.5234 19.5143 3.7
      vertex 52.9294 19.1156 3.7
    endloop
  endfacet
  facet normal -0 0 1
    outer loop
      vertex 39.8779 26.9449 3.2
      vertex 41.593 25.6815 3.2
      vertex 41.593 26.9449 3.2
    endloop
  endfacet
  facet normal 0 0 1
    outer loop
      vertex 41.593 25.6815 3.2
      vertex 39.8779 26.9449 3.2
      vertex 39.8779 25.6815 3.2
    endloop
  endfacet
  facet normal 0 0 1
    outer loop
      vertex 13.1164 24.6895 3.2
      vertex 14.666 26.4871 3.2
      vertex 13.128 24.9735 3.2
    endloop
  endfacet
  facet normal 0 0 1
    outer loop
      vertex 12.2675 26.4871 3.2
      vertex 13.0345 24.621 3.2
      vertex 13.128 24.9735 3.2
    endloop
  endfacet
  facet normal 0 0 1
    outer loop
      vertex 13.0345 24.621 3.2
      vertex 12.2675 26.4871 3.2
      vertex 12.9465 24.293 3.2
    endloop
  endfacet
  facet normal 0 0 1
    outer loop
      vertex 12.9465 24.293 3.2
      vertex 12.2675 26.4871 3.2
      vertex 12.8642 23.9896 3.2
    endloop
  endfacet
  facet normal 0 0 1
    outer loop
      vertex 12.8642 23.9896 3.2
      vertex 12.2675 26.4871 3.2
      vertex 12.7874 23.7107 3.2
    endloop
  endfacet
  facet normal 0 0 1
    outer loop
      vertex 10.6867 21.4398 3.2
      vertex 12.7874 23.7107 3.2
      vertex 12.2675 26.4871 3.2
    endloop
  endfacet
  facet normal 0 0 1
    outer loop
      vertex 12.7874 23.7107 3.2
      vertex 10.6867 21.4398 3.2
      vertex 12.7162 23.4564 3.2
    endloop
  endfacet
  facet normal 0 0 1
    outer loop
      vertex 12.7162 23.4564 3.2
      vertex 10.6867 21.4398 3.2
      vertex 12.6506 23.2267 3.2
    endloop
  endfacet
  facet normal 0 0 1
    outer loop
      vertex 12.6506 23.2267 3.2
      vertex 10.6867 21.4398 3.2
      vertex 12.5905 23.0215 3.2
    endloop
  endfacet
  facet normal -0 0 1
    outer loop
      vertex 12.2675 26.4871 3.2
      vertex 13.128 24.9735 3.2
      vertex 14.666 26.4871 3.2
    endloop
  endfacet
  facet normal 0 0 1
    outer loop
      vertex 12.5905 23.0215 3.2
      vertex 10.6867 21.4398 3.2
      vertex 12.5361 22.8409 3.2
    endloop
  endfacet
  facet normal 0 0 1
    outer loop
      vertex 12.5361 22.8409 3.2
      vertex 10.6867 21.4398 3.2
      vertex 12.4872 22.6849 3.2
    endloop
  endfacet
  facet normal 0 0 1
    outer loop
      vertex 10.3022 20.0605 3.2
      vertex 12.4872 22.6849 3.2
      vertex 10.6867 21.4398 3.2
    endloop
  endfacet
  facet normal 0 0 1
    outer loop
      vertex 12.4872 22.6849 3.2
      vertex 10.3022 20.0605 3.2
      vertex 10.9369 17.8878 3.2
    endloop
  endfacet
  facet normal 0 0 1
    outer loop
      vertex 8.10507 22.6849 3.2
      vertex 10.0093 21.214 3.2
      vertex 9.87502 21.6779 3.2
    endloop
  endfacet
  facet normal 0 0 1
    outer loop
      vertex 10.3022 20.0605 3.2
      vertex 9.65532 17.8878 3.2
      vertex 10.9369 17.8878 3.2
    endloop
  endfacet
  facet normal 0 0 1
    outer loop
      vertex 10.0093 21.214 3.2
      vertex 8.10507 22.6849 3.2
      vertex 10.3022 20.0605 3.2
    endloop
  endfacet
  facet normal -0 0 1
    outer loop
      vertex 8.10507 22.6849 3.2
      vertex 9.87502 21.6779 3.2
      vertex 8.33701 26.4871 3.2
    endloop
  endfacet
  facet normal 0 0 1
    outer loop
      vertex 10.3022 20.0605 3.2
      vertex 8.10507 22.6849 3.2
      vertex 9.65532 17.8878 3.2
    endloop
  endfacet
  facet normal 0 0 1
    outer loop
      vertex 8.33701 26.4871 3.2
      vertex 7.45203 24.9735 3.2
      vertex 8.10507 22.6849 3.2
    endloop
  endfacet
  facet normal 0 -0 1
    outer loop
      vertex 7.45203 24.9735 3.2
      vertex 8.33701 26.4871 3.2
      vertex 5.92626 26.4871 3.2
    endloop
  endfacet
  facet normal 0 0 1
    outer loop
      vertex 13.1061 24.4343 3.2
      vertex 14.666 26.4871 3.2
      vertex 13.1164 24.6895 3.2
    endloop
  endfacet
  facet normal 0 0 1
    outer loop
      vertex 13.0971 24.2079 3.2
      vertex 14.666 26.4871 3.2
      vertex 13.1061 24.4343 3.2
    endloop
  endfacet
  facet normal 0 0 1
    outer loop
      vertex 13.0894 24.0103 3.2
      vertex 14.666 26.4871 3.2
      vertex 13.0971 24.2079 3.2
    endloop
  endfacet
  facet normal 0 0 1
    outer loop
      vertex 13.083 23.8415 3.2
      vertex 14.666 26.4871 3.2
      vertex 13.0894 24.0103 3.2
    endloop
  endfacet
  facet normal 0 0 1
    outer loop
      vertex 13.0778 23.7014 3.2
      vertex 14.666 26.4871 3.2
      vertex 13.083 23.8415 3.2
    endloop
  endfacet
  facet normal 0 0 1
    outer loop
      vertex 13.0739 23.5901 3.2
      vertex 14.666 26.4871 3.2
      vertex 13.0778 23.7014 3.2
    endloop
  endfacet
  facet normal 0 0 1
    outer loop
      vertex 13.0713 23.5076 3.2
      vertex 14.666 26.4871 3.2
      vertex 13.0739 23.5901 3.2
    endloop
  endfacet
  facet normal 0 0 1
    outer loop
      vertex 13.07 23.4539 3.2
      vertex 14.666 26.4871 3.2
      vertex 13.0713 23.5076 3.2
    endloop
  endfacet
  facet normal 0 0 1
    outer loop
      vertex 13.0694 23.4145 3.2
      vertex 14.666 26.4871 3.2
      vertex 13.07 23.4539 3.2
    endloop
  endfacet
  facet normal 0 0 1
    outer loop
      vertex 13.0688 23.3752 3.2
      vertex 14.666 26.4871 3.2
      vertex 13.0694 23.4145 3.2
    endloop
  endfacet
  facet normal 0 0 1
    outer loop
      vertex 13.0683 23.3358 3.2
      vertex 14.666 26.4871 3.2
      vertex 13.0688 23.3752 3.2
    endloop
  endfacet
  facet normal 0 0 1
    outer loop
      vertex 13.0679 23.2965 3.2
      vertex 14.666 26.4871 3.2
      vertex 13.0683 23.3358 3.2
    endloop
  endfacet
  facet normal 0 0 1
    outer loop
      vertex 13.0676 23.2572 3.2
      vertex 14.666 26.4871 3.2
      vertex 13.0679 23.2965 3.2
    endloop
  endfacet
  facet normal 0 0 1
    outer loop
      vertex 13.0673 23.2178 3.2
      vertex 14.666 26.4871 3.2
      vertex 13.0676 23.2572 3.2
    endloop
  endfacet
  facet normal 0 0 1
    outer loop
      vertex 13.0671 23.1785 3.2
      vertex 14.666 26.4871 3.2
      vertex 13.0673 23.2178 3.2
    endloop
  endfacet
  facet normal 0 0 1
    outer loop
      vertex 13.067 23.1392 3.2
      vertex 14.666 26.4871 3.2
      vertex 13.0671 23.1785 3.2
    endloop
  endfacet
  facet normal 0 0 1
    outer loop
      vertex 13.067 23.0999 3.2
      vertex 14.666 26.4871 3.2
      vertex 13.067 23.1392 3.2
    endloop
  endfacet
  facet normal 0 0 1
    outer loop
      vertex 14.666 26.4871 3.2
      vertex 13.067 23.0999 3.2
      vertex 14.666 17.8878 3.2
    endloop
  endfacet
  facet normal 0 0 1
    outer loop
      vertex 14.666 17.8878 3.2
      vertex 13.067 23.0999 3.2
      vertex 13.067 17.8878 3.2
    endloop
  endfacet
  facet normal 0 0 1
    outer loop
      vertex 5.92626 26.4871 3.2
      vertex 7.52529 23.0999 3.2
      vertex 7.52439 23.2134 3.2
    endloop
  endfacet
  facet normal 0 0 1
    outer loop
      vertex 5.92626 26.4871 3.2
      vertex 7.52439 23.2134 3.2
      vertex 7.52167 23.3506 3.2
    endloop
  endfacet
  facet normal 0 0 1
    outer loop
      vertex 5.92626 26.4871 3.2
      vertex 7.52167 23.3506 3.2
      vertex 7.51715 23.5115 3.2
    endloop
  endfacet
  facet normal 0 0 1
    outer loop
      vertex 5.92626 26.4871 3.2
      vertex 7.51715 23.5115 3.2
      vertex 7.51082 23.696 3.2
    endloop
  endfacet
  facet normal 0 0 1
    outer loop
      vertex 5.92626 26.4871 3.2
      vertex 7.51082 23.696 3.2
      vertex 7.50269 23.9042 3.2
    endloop
  endfacet
  facet normal 0 0 1
    outer loop
      vertex 5.92626 26.4871 3.2
      vertex 7.50269 23.9042 3.2
      vertex 7.49274 24.136 3.2
    endloop
  endfacet
  facet normal 0 0 1
    outer loop
      vertex 5.92626 26.4871 3.2
      vertex 7.49274 24.136 3.2
      vertex 7.48098 24.3915 3.2
    endloop
  endfacet
  facet normal 0 0 1
    outer loop
      vertex 5.92626 26.4871 3.2
      vertex 7.48098 24.3915 3.2
      vertex 7.46741 24.6707 3.2
    endloop
  endfacet
  facet normal 0 0 1
    outer loop
      vertex 5.92626 26.4871 3.2
      vertex 7.46741 24.6707 3.2
      vertex 7.45203 24.9735 3.2
    endloop
  endfacet
  facet normal 0 0 1
    outer loop
      vertex 7.52529 23.0999 3.2
      vertex 5.92626 26.4871 3.2
      vertex 5.92626 17.8878 3.2
    endloop
  endfacet
  facet normal 0 0 1
    outer loop
      vertex 7.52529 23.0999 3.2
      vertex 5.92626 17.8878 3.2
      vertex 7.52529 17.8878 3.2
    endloop
  endfacet
  facet normal 0 0 1
    outer loop
      vertex 45.0333 26.4871 3.2
      vertex 43.2328 26.4871 3.2
      vertex 45.0333 19.2793 3.2
    endloop
  endfacet
  facet normal -0 0 1
    outer loop
      vertex 45.0333 19.2793 3.2
      vertex 49.6472 17.8878 3.2
      vertex 49.6472 19.2793 3.2
    endloop
  endfacet
  facet normal 0 0 1
    outer loop
      vertex 45.0333 19.2793 3.2
      vertex 43.2328 17.8878 3.2
      vertex 49.6472 17.8878 3.2
    endloop
  endfacet
  facet normal 0 0 1
    outer loop
      vertex 43.2328 17.8878 3.2
      vertex 45.0333 19.2793 3.2
      vertex 43.2328 26.4871 3.2
    endloop
  endfacet
  facet normal 0 0 1
    outer loop
      vertex 36.8629 24.6895 3.2
      vertex 38.4124 26.4871 3.2
      vertex 36.8744 24.9735 3.2
    endloop
  endfacet
  facet normal 0 0 1
    outer loop
      vertex 36.0139 26.4871 3.2
      vertex 36.7809 24.621 3.2
      vertex 36.8744 24.9735 3.2
    endloop
  endfacet
  facet normal 0 0 1
    outer loop
      vertex 36.7809 24.621 3.2
      vertex 36.0139 26.4871 3.2
      vertex 36.693 24.293 3.2
    endloop
  endfacet
  facet normal 0 0 1
    outer loop
      vertex 36.693 24.293 3.2
      vertex 36.0139 26.4871 3.2
      vertex 36.6106 23.9896 3.2
    endloop
  endfacet
  facet normal 0 0 1
    outer loop
      vertex 36.6106 23.9896 3.2
      vertex 36.0139 26.4871 3.2
      vertex 36.5338 23.7107 3.2
    endloop
  endfacet
  facet normal 0 0 1
    outer loop
      vertex 34.4332 21.4398 3.2
      vertex 36.5338 23.7107 3.2
      vertex 36.0139 26.4871 3.2
    endloop
  endfacet
  facet normal 0 0 1
    outer loop
      vertex 36.5338 23.7107 3.2
      vertex 34.4332 21.4398 3.2
      vertex 36.4627 23.4564 3.2
    endloop
  endfacet
  facet normal 0 0 1
    outer loop
      vertex 36.4627 23.4564 3.2
      vertex 34.4332 21.4398 3.2
      vertex 36.397 23.2267 3.2
    endloop
  endfacet
  facet normal 0 0 1
    outer loop
      vertex 36.397 23.2267 3.2
      vertex 34.4332 21.4398 3.2
      vertex 36.337 23.0215 3.2
    endloop
  endfacet
  facet normal -0 0 1
    outer loop
      vertex 36.0139 26.4871 3.2
      vertex 36.8744 24.9735 3.2
      vertex 38.4124 26.4871 3.2
    endloop
  endfacet
  facet normal 0 0 1
    outer loop
      vertex 36.337 23.0215 3.2
      vertex 34.4332 21.4398 3.2
      vertex 36.2825 22.8409 3.2
    endloop
  endfacet
  facet normal 0 0 1
    outer loop
      vertex 36.2825 22.8409 3.2
      vertex 34.4332 21.4398 3.2
      vertex 36.2336 22.6849 3.2
    endloop
  endfacet
  facet normal 0 0 1
    outer loop
      vertex 34.0487 20.0605 3.2
      vertex 36.2336 22.6849 3.2
      vertex 34.4332 21.4398 3.2
    endloop
  endfacet
  facet normal 0 0 1
    outer loop
      vertex 36.2336 22.6849 3.2
      vertex 34.0487 20.0605 3.2
      vertex 34.6834 17.8878 3.2
    endloop
  endfacet
  facet normal 0 0 1
    outer loop
      vertex 31.8515 22.6849 3.2
      vertex 33.7557 21.214 3.2
      vertex 33.6215 21.6779 3.2
    endloop
  endfacet
  facet normal 0 0 1
    outer loop
      vertex 34.0487 20.0605 3.2
      vertex 33.4018 17.8878 3.2
      vertex 34.6834 17.8878 3.2
    endloop
  endfacet
  facet normal 0 0 1
    outer loop
      vertex 33.7557 21.214 3.2
      vertex 31.8515 22.6849 3.2
      vertex 34.0487 20.0605 3.2
    endloop
  endfacet
  facet normal -0 0 1
    outer loop
      vertex 31.8515 22.6849 3.2
      vertex 33.6215 21.6779 3.2
      vertex 32.0835 26.4871 3.2
    endloop
  endfacet
  facet normal 0 0 1
    outer loop
      vertex 34.0487 20.0605 3.2
      vertex 31.8515 22.6849 3.2
      vertex 33.4018 17.8878 3.2
    endloop
  endfacet
  facet normal 0 0 1
    outer loop
      vertex 32.0835 26.4871 3.2
      vertex 31.1985 24.9735 3.2
      vertex 31.8515 22.6849 3.2
    endloop
  endfacet
  facet normal 0 -0 1
    outer loop
      vertex 31.1985 24.9735 3.2
      vertex 32.0835 26.4871 3.2
      vertex 29.6727 26.4871 3.2
    endloop
  endfacet
  facet normal 0 0 1
    outer loop
      vertex 36.8526 24.4343 3.2
      vertex 38.4124 26.4871 3.2
      vertex 36.8629 24.6895 3.2
    endloop
  endfacet
  facet normal 0 0 1
    outer loop
      vertex 36.8436 24.2079 3.2
      vertex 38.4124 26.4871 3.2
      vertex 36.8526 24.4343 3.2
    endloop
  endfacet
  facet normal 0 0 1
    outer loop
      vertex 36.8359 24.0103 3.2
      vertex 38.4124 26.4871 3.2
      vertex 36.8436 24.2079 3.2
    endloop
  endfacet
  facet normal 0 0 1
    outer loop
      vertex 36.8294 23.8415 3.2
      vertex 38.4124 26.4871 3.2
      vertex 36.8359 24.0103 3.2
    endloop
  endfacet
  facet normal 0 0 1
    outer loop
      vertex 36.8243 23.7014 3.2
      vertex 38.4124 26.4871 3.2
      vertex 36.8294 23.8415 3.2
    endloop
  endfacet
  facet normal 0 0 1
    outer loop
      vertex 36.8204 23.5901 3.2
      vertex 38.4124 26.4871 3.2
      vertex 36.8243 23.7014 3.2
    endloop
  endfacet
  facet normal 0 0 1
    outer loop
      vertex 36.8178 23.5076 3.2
      vertex 38.4124 26.4871 3.2
      vertex 36.8204 23.5901 3.2
    endloop
  endfacet
  facet normal 0 0 1
    outer loop
      vertex 36.8165 23.4539 3.2
      vertex 38.4124 26.4871 3.2
      vertex 36.8178 23.5076 3.2
    endloop
  endfacet
  facet normal 0 0 1
    outer loop
      vertex 36.8158 23.4145 3.2
      vertex 38.4124 26.4871 3.2
      vertex 36.8165 23.4539 3.2
    endloop
  endfacet
  facet normal 0 0 1
    outer loop
      vertex 36.8153 23.3752 3.2
      vertex 38.4124 26.4871 3.2
      vertex 36.8158 23.4145 3.2
    endloop
  endfacet
  facet normal 0 0 1
    outer loop
      vertex 36.8148 23.3358 3.2
      vertex 38.4124 26.4871 3.2
      vertex 36.8153 23.3752 3.2
    endloop
  endfacet
  facet normal 0 0 1
    outer loop
      vertex 36.8144 23.2965 3.2
      vertex 38.4124 26.4871 3.2
      vertex 36.8148 23.3358 3.2
    endloop
  endfacet
  facet normal 0 0 1
    outer loop
      vertex 36.814 23.2572 3.2
      vertex 38.4124 26.4871 3.2
      vertex 36.8144 23.2965 3.2
    endloop
  endfacet
  facet normal 0 0 1
    outer loop
      vertex 36.8137 23.2178 3.2
      vertex 38.4124 26.4871 3.2
      vertex 36.814 23.2572 3.2
    endloop
  endfacet
  facet normal 0 0 1
    outer loop
      vertex 36.8136 23.1785 3.2
      vertex 38.4124 26.4871 3.2
      vertex 36.8137 23.2178 3.2
    endloop
  endfacet
  facet normal 0 0 1
    outer loop
      vertex 36.8134 23.1392 3.2
      vertex 38.4124 26.4871 3.2
      vertex 36.8136 23.1785 3.2
    endloop
  endfacet
  facet normal 0 0 1
    outer loop
      vertex 36.8134 23.0999 3.2
      vertex 38.4124 26.4871 3.2
      vertex 36.8134 23.1392 3.2
    endloop
  endfacet
  facet normal 0 0 1
    outer loop
      vertex 38.4124 26.4871 3.2
      vertex 36.8134 23.0999 3.2
      vertex 38.4124 17.8878 3.2
    endloop
  endfacet
  facet normal 0 0 1
    outer loop
      vertex 38.4124 17.8878 3.2
      vertex 36.8134 23.0999 3.2
      vertex 36.8134 17.8878 3.2
    endloop
  endfacet
  facet normal 0 0 1
    outer loop
      vertex 29.6727 26.4871 3.2
      vertex 31.2717 23.0999 3.2
      vertex 31.2708 23.2134 3.2
    endloop
  endfacet
  facet normal 0 0 1
    outer loop
      vertex 29.6727 26.4871 3.2
      vertex 31.2708 23.2134 3.2
      vertex 31.2681 23.3506 3.2
    endloop
  endfacet
  facet normal 0 0 1
    outer loop
      vertex 29.6727 26.4871 3.2
      vertex 31.2681 23.3506 3.2
      vertex 31.2636 23.5115 3.2
    endloop
  endfacet
  facet normal 0 0 1
    outer loop
      vertex 29.6727 26.4871 3.2
      vertex 31.2636 23.5115 3.2
      vertex 31.2573 23.696 3.2
    endloop
  endfacet
  facet normal 0 0 1
    outer loop
      vertex 29.6727 26.4871 3.2
      vertex 31.2573 23.696 3.2
      vertex 31.2491 23.9042 3.2
    endloop
  endfacet
  facet normal 0 0 1
    outer loop
      vertex 29.6727 26.4871 3.2
      vertex 31.2491 23.9042 3.2
      vertex 31.2392 24.136 3.2
    endloop
  endfacet
  facet normal 0 0 1
    outer loop
      vertex 29.6727 26.4871 3.2
      vertex 31.2392 24.136 3.2
      vertex 31.2274 24.3915 3.2
    endloop
  endfacet
  facet normal 0 0 1
    outer loop
      vertex 29.6727 26.4871 3.2
      vertex 31.2274 24.3915 3.2
      vertex 31.2139 24.6707 3.2
    endloop
  endfacet
  facet normal 0 0 1
    outer loop
      vertex 29.6727 26.4871 3.2
      vertex 31.2139 24.6707 3.2
      vertex 31.1985 24.9735 3.2
    endloop
  endfacet
  facet normal 0 0 1
    outer loop
      vertex 31.2717 23.0999 3.2
      vertex 29.6727 26.4871 3.2
      vertex 29.6727 17.8878 3.2
    endloop
  endfacet
  facet normal 0 0 1
    outer loop
      vertex 31.2717 23.0999 3.2
      vertex 29.6727 17.8878 3.2
      vertex 31.2717 17.8878 3.2
    endloop
  endfacet
  facet normal 0 0 1
    outer loop
      vertex 57 21.1957 3.2
      vertex 55.201 21.4494 3.2
      vertex 55.2058 21.1957 3.2
    endloop
  endfacet
  facet normal 0 0 1
    outer loop
      vertex 55.4959 24.2215 3.2
      vertex 55.1868 21.6873 3.2
      vertex 55.201 21.4494 3.2
    endloop
  endfacet
  facet normal 0 0 1
    outer loop
      vertex 55.4959 24.2215 3.2
      vertex 55.163 21.9091 3.2
      vertex 55.1868 21.6873 3.2
    endloop
  endfacet
  facet normal 0 0 1
    outer loop
      vertex 55.4959 24.2215 3.2
      vertex 55.1298 22.1149 3.2
      vertex 55.163 21.9091 3.2
    endloop
  endfacet
  facet normal 0 0 1
    outer loop
      vertex 55.4959 24.2215 3.2
      vertex 55.0871 22.3048 3.2
      vertex 55.1298 22.1149 3.2
    endloop
  endfacet
  facet normal 0 0 1
    outer loop
      vertex 55.4959 24.2215 3.2
      vertex 55.0348 22.4787 3.2
      vertex 55.0871 22.3048 3.2
    endloop
  endfacet
  facet normal 0 0 1
    outer loop
      vertex 55.4959 24.2215 3.2
      vertex 54.9731 22.6366 3.2
      vertex 55.0348 22.4787 3.2
    endloop
  endfacet
  facet normal 0 0 1
    outer loop
      vertex 54.5262 23.1996 3.2
      vertex 55.2406 24.3412 3.2
      vertex 54.9663 24.4392 3.2
    endloop
  endfacet
  facet normal 0 0 1
    outer loop
      vertex 55.4959 24.2215 3.2
      vertex 54.9019 22.7786 3.2
      vertex 54.9731 22.6366 3.2
    endloop
  endfacet
  facet normal 0 0 1
    outer loop
      vertex 55.4959 24.2215 3.2
      vertex 54.8212 22.9046 3.2
      vertex 54.9019 22.7786 3.2
    endloop
  endfacet
  facet normal 0 0 1
    outer loop
      vertex 55.4959 24.2215 3.2
      vertex 54.7315 23.016 3.2
      vertex 54.8212 22.9046 3.2
    endloop
  endfacet
  facet normal 0 0 1
    outer loop
      vertex 54.4107 23.2717 3.2
      vertex 54.9663 24.4392 3.2
      vertex 54.673 24.5154 3.2
    endloop
  endfacet
  facet normal 0 0 1
    outer loop
      vertex 55.4959 24.2215 3.2
      vertex 54.6331 23.1144 3.2
      vertex 54.7315 23.016 3.2
    endloop
  endfacet
  facet normal 0 0 1
    outer loop
      vertex 55.2406 24.3412 3.2
      vertex 54.5262 23.1996 3.2
      vertex 54.6331 23.1144 3.2
    endloop
  endfacet
  facet normal 0 0 1
    outer loop
      vertex 54.9663 24.4392 3.2
      vertex 54.4107 23.2717 3.2
      vertex 54.5262 23.1996 3.2
    endloop
  endfacet
  facet normal 0 0 1
    outer loop
      vertex 54.1539 23.3766 3.2
      vertex 54.673 24.5154 3.2
      vertex 54.3609 24.5699 3.2
    endloop
  endfacet
  facet normal 0 0 1
    outer loop
      vertex 54.673 24.5154 3.2
      vertex 54.2866 23.3307 3.2
      vertex 54.4107 23.2717 3.2
    endloop
  endfacet
  facet normal 0 0 1
    outer loop
      vertex 54.673 24.5154 3.2
      vertex 54.1539 23.3766 3.2
      vertex 54.2866 23.3307 3.2
    endloop
  endfacet
  facet normal 0 0 1
    outer loop
      vertex 54.0127 23.4094 3.2
      vertex 54.3609 24.5699 3.2
      vertex 54.0299 24.6025 3.2
    endloop
  endfacet
  facet normal 0 0 1
    outer loop
      vertex 54.3609 24.5699 3.2
      vertex 54.0127 23.4094 3.2
      vertex 54.1539 23.3766 3.2
    endloop
  endfacet
  facet normal 0 0 1
    outer loop
      vertex 54.0299 24.6025 3.2
      vertex 53.8628 23.429 3.2
      vertex 54.0127 23.4094 3.2
    endloop
  endfacet
  facet normal 0 0 1
    outer loop
      vertex 53.6799 24.6134 3.2
      vertex 53.8628 23.429 3.2
      vertex 54.0299 24.6025 3.2
    endloop
  endfacet
  facet normal 0 0 1
    outer loop
      vertex 53.8628 23.429 3.2
      vertex 53.6799 24.6134 3.2
      vertex 53.7044 23.4356 3.2
    endloop
  endfacet
  facet normal -0 0 1
    outer loop
      vertex 53.3373 24.6022 3.2
      vertex 53.7044 23.4356 3.2
      vertex 53.6799 24.6134 3.2
    endloop
  endfacet
  facet normal 0 0 1
    outer loop
      vertex 53.7044 23.4356 3.2
      vertex 53.3373 24.6022 3.2
      vertex 53.3765 23.4079 3.2
    endloop
  endfacet
  facet normal -0 0 1
    outer loop
      vertex 53.012 24.5684 3.2
      vertex 53.3765 23.4079 3.2
      vertex 53.3373 24.6022 3.2
    endloop
  endfacet
  facet normal 0 0 1
    outer loop
      vertex 53.3765 23.4079 3.2
      vertex 53.012 24.5684 3.2
      vertex 53.0871 23.325 3.2
    endloop
  endfacet
  facet normal -0 0 1
    outer loop
      vertex 52.7041 24.512 3.2
      vertex 53.0871 23.325 3.2
      vertex 53.012 24.5684 3.2
    endloop
  endfacet
  facet normal -0 0 1
    outer loop
      vertex 52.4135 24.4332 3.2
      vertex 53.0871 23.325 3.2
      vertex 52.7041 24.512 3.2
    endloop
  endfacet
  facet normal 0 0 1
    outer loop
      vertex 53.0871 23.325 3.2
      vertex 52.4135 24.4332 3.2
      vertex 52.8364 23.1867 3.2
    endloop
  endfacet
  facet normal -0 0 1
    outer loop
      vertex 52.1402 24.3318 3.2
      vertex 52.8364 23.1867 3.2
      vertex 52.4135 24.4332 3.2
    endloop
  endfacet
  facet normal -0 0 1
    outer loop
      vertex 51.8843 24.2079 3.2
      vertex 52.8364 23.1867 3.2
      vertex 52.1402 24.3318 3.2
    endloop
  endfacet
  facet normal 0 0 1
    outer loop
      vertex 52.8364 23.1867 3.2
      vertex 51.8843 24.2079 3.2
      vertex 52.6242 22.9931 3.2
    endloop
  endfacet
  facet normal -0 0 1
    outer loop
      vertex 51.6456 24.0615 3.2
      vertex 52.6242 22.9931 3.2
      vertex 51.8843 24.2079 3.2
    endloop
  endfacet
  facet normal -0 0 1
    outer loop
      vertex 51.4244 23.8925 3.2
      vertex 52.6242 22.9931 3.2
      vertex 51.6456 24.0615 3.2
    endloop
  endfacet
  facet normal -0 0 1
    outer loop
      vertex 51.2204 23.701 3.2
      vertex 52.4506 22.7442 3.2
      vertex 51.4244 23.8925 3.2
    endloop
  endfacet
  facet normal 0 0 1
    outer loop
      vertex 52.6242 22.9931 3.2
      vertex 51.4244 23.8925 3.2
      vertex 52.4506 22.7442 3.2
    endloop
  endfacet
  facet normal -0 0 1
    outer loop
      vertex 55.201 21.4494 3.2
      vertex 57 21.1957 3.2
      vertex 56.9895 21.5537 3.2
    endloop
  endfacet
  facet normal 0 0 1
    outer loop
      vertex 55.201 21.4494 3.2
      vertex 56.9895 21.5537 3.2
      vertex 56.958 21.8927 3.2
    endloop
  endfacet
  facet normal 0 0 1
    outer loop
      vertex 57 21.1957 3.2
      vertex 55.2058 21.1957 3.2
      vertex 56.989 20.8475 3.2
    endloop
  endfacet
  facet normal 0 0 1
    outer loop
      vertex 55.201 21.4494 3.2
      vertex 56.958 21.8927 3.2
      vertex 56.9054 22.2126 3.2
    endloop
  endfacet
  facet normal 0 0 1
    outer loop
      vertex 55.1863 20.7218 3.2
      vertex 56.989 20.8475 3.2
      vertex 55.2058 21.1957 3.2
    endloop
  endfacet
  facet normal 0 0 1
    outer loop
      vertex 55.201 21.4494 3.2
      vertex 56.9054 22.2126 3.2
      vertex 56.8318 22.5134 3.2
    endloop
  endfacet
  facet normal 0 0 1
    outer loop
      vertex 56.989 20.8475 3.2
      vertex 55.1863 20.7218 3.2
      vertex 56.956 20.5165 3.2
    endloop
  endfacet
  facet normal 0 0 1
    outer loop
      vertex 55.201 21.4494 3.2
      vertex 56.8318 22.5134 3.2
      vertex 56.7372 22.7951 3.2
    endloop
  endfacet
  facet normal 0 0 1
    outer loop
      vertex 56.956 20.5165 3.2
      vertex 55.1863 20.7218 3.2
      vertex 56.901 20.2026 3.2
    endloop
  endfacet
  facet normal 0 0 1
    outer loop
      vertex 55.201 21.4494 3.2
      vertex 56.7372 22.7951 3.2
      vertex 56.6216 23.0578 3.2
    endloop
  endfacet
  facet normal -0 0 1
    outer loop
      vertex 55.1277 20.3036 3.2
      vertex 56.901 20.2026 3.2
      vertex 55.1863 20.7218 3.2
    endloop
  endfacet
  facet normal 0 0 1
    outer loop
      vertex 55.201 21.4494 3.2
      vertex 56.6216 23.0578 3.2
      vertex 56.485 23.3015 3.2
    endloop
  endfacet
  facet normal 0 0 1
    outer loop
      vertex 56.901 20.2026 3.2
      vertex 55.1277 20.3036 3.2
      vertex 56.824 19.9058 3.2
    endloop
  endfacet
  facet normal 0 0 1
    outer loop
      vertex 55.201 21.4494 3.2
      vertex 56.485 23.3015 3.2
      vertex 56.3273 23.526 3.2
    endloop
  endfacet
  facet normal 0 0 1
    outer loop
      vertex 56.824 19.9058 3.2
      vertex 55.1277 20.3036 3.2
      vertex 56.725 19.6261 3.2
    endloop
  endfacet
  facet normal 0 0 1
    outer loop
      vertex 55.201 21.4494 3.2
      vertex 56.3273 23.526 3.2
      vertex 56.1486 23.7315 3.2
    endloop
  endfacet
  facet normal -0 0 1
    outer loop
      vertex 55.0301 19.9412 3.2
      vertex 56.725 19.6261 3.2
      vertex 55.1277 20.3036 3.2
    endloop
  endfacet
  facet normal 0 0 1
    outer loop
      vertex 55.201 21.4494 3.2
      vertex 56.1486 23.7315 3.2
      vertex 55.95 23.9166 3.2
    endloop
  endfacet
  facet normal 0 0 1
    outer loop
      vertex 56.725 19.6261 3.2
      vertex 55.0301 19.9412 3.2
      vertex 56.604 19.3634 3.2
    endloop
  endfacet
  facet normal 0 0 1
    outer loop
      vertex 55.201 21.4494 3.2
      vertex 55.95 23.9166 3.2
      vertex 55.7324 24.0799 3.2
    endloop
  endfacet
  facet normal 0 0 1
    outer loop
      vertex 56.604 19.3634 3.2
      vertex 55.0301 19.9412 3.2
      vertex 56.461 19.1179 3.2
    endloop
  endfacet
  facet normal 0 0 1
    outer loop
      vertex 55.201 21.4494 3.2
      vertex 55.7324 24.0799 3.2
      vertex 55.4959 24.2215 3.2
    endloop
  endfacet
  facet normal 0 0 1
    outer loop
      vertex 56.461 19.1179 3.2
      vertex 55.0301 19.9412 3.2
      vertex 56.2959 18.8895 3.2
    endloop
  endfacet
  facet normal 0 0 1
    outer loop
      vertex 54.6331 23.1144 3.2
      vertex 55.4959 24.2215 3.2
      vertex 55.2406 24.3412 3.2
    endloop
  endfacet
  facet normal -0 0 1
    outer loop
      vertex 54.8935 19.6345 3.2
      vertex 56.2959 18.8895 3.2
      vertex 55.0301 19.9412 3.2
    endloop
  endfacet
  facet normal 0 0 1
    outer loop
      vertex 56.2959 18.8895 3.2
      vertex 54.8935 19.6345 3.2
      vertex 56.1089 18.6782 3.2
    endloop
  endfacet
  facet normal 0 0 1
    outer loop
      vertex 56.1089 18.6782 3.2
      vertex 54.8935 19.6345 3.2
      vertex 55.9025 18.4867 3.2
    endloop
  endfacet
  facet normal -0 0 1
    outer loop
      vertex 54.7179 19.3836 3.2
      vertex 55.9025 18.4867 3.2
      vertex 54.8935 19.6345 3.2
    endloop
  endfacet
  facet normal 0 0 1
    outer loop
      vertex 55.9025 18.4867 3.2
      vertex 54.7179 19.3836 3.2
      vertex 55.6792 18.3177 3.2
    endloop
  endfacet
  facet normal 0 0 1
    outer loop
      vertex 55.6792 18.3177 3.2
      vertex 54.7179 19.3836 3.2
      vertex 55.439 18.1713 3.2
    endloop
  endfacet
  facet normal -0 0 1
    outer loop
      vertex 54.5032 19.1885 3.2
      vertex 55.439 18.1713 3.2
      vertex 54.7179 19.3836 3.2
    endloop
  endfacet
  facet normal 0 0 1
    outer loop
      vertex 55.439 18.1713 3.2
      vertex 54.5032 19.1885 3.2
      vertex 55.1819 18.0474 3.2
    endloop
  endfacet
  facet normal 0 0 1
    outer loop
      vertex 55.1819 18.0474 3.2
      vertex 54.5032 19.1885 3.2
      vertex 54.9079 17.946 3.2
    endloop
  endfacet
  facet normal -0 0 1
    outer loop
      vertex 54.2495 19.0491 3.2
      vertex 54.9079 17.946 3.2
      vertex 54.5032 19.1885 3.2
    endloop
  endfacet
  facet normal 0 0 1
    outer loop
      vertex 54.9079 17.946 3.2
      vertex 54.2495 19.0491 3.2
      vertex 54.6171 17.8672 3.2
    endloop
  endfacet
  facet normal 0 0 1
    outer loop
      vertex 54.6171 17.8672 3.2
      vertex 54.2495 19.0491 3.2
      vertex 54.3094 17.8108 3.2
    endloop
  endfacet
  facet normal -0 0 1
    outer loop
      vertex 53.9568 18.9655 3.2
      vertex 54.3094 17.8108 3.2
      vertex 54.2495 19.0491 3.2
    endloop
  endfacet
  facet normal 0 0 1
    outer loop
      vertex 54.3094 17.8108 3.2
      vertex 53.9568 18.9655 3.2
      vertex 53.9848 17.777 3.2
    endloop
  endfacet
  facet normal -0 0 1
    outer loop
      vertex 53.625 18.9376 3.2
      vertex 53.9848 17.777 3.2
      vertex 53.9568 18.9655 3.2
    endloop
  endfacet
  facet normal 0 0 1
    outer loop
      vertex 53.9848 17.777 3.2
      vertex 53.625 18.9376 3.2
      vertex 53.6434 17.7658 3.2
    endloop
  endfacet
  facet normal 0 0 1
    outer loop
      vertex 53.4692 18.9447 3.2
      vertex 53.6434 17.7658 3.2
      vertex 53.625 18.9376 3.2
    endloop
  endfacet
  facet normal 0 0 1
    outer loop
      vertex 53.3084 17.7771 3.2
      vertex 53.4692 18.9447 3.2
      vertex 53.3217 18.9661 3.2
    endloop
  endfacet
  facet normal 0 0 1
    outer loop
      vertex 53.4692 18.9447 3.2
      vertex 53.3084 17.7771 3.2
      vertex 53.6434 17.7658 3.2
    endloop
  endfacet
  facet normal 0 0 1
    outer loop
      vertex 52.9899 17.811 3.2
      vertex 53.3217 18.9661 3.2
      vertex 53.1825 19.0017 3.2
    endloop
  endfacet
  facet normal 0 0 1
    outer loop
      vertex 52.6879 17.8675 3.2
      vertex 53.1825 19.0017 3.2
      vertex 53.0518 19.0515 3.2
    endloop
  endfacet
  facet normal 0 0 1
    outer loop
      vertex 53.3217 18.9661 3.2
      vertex 52.9899 17.811 3.2
      vertex 53.3084 17.7771 3.2
    endloop
  endfacet
  facet normal 0 0 1
    outer loop
      vertex 52.4022 17.9466 3.2
      vertex 53.0518 19.0515 3.2
      vertex 52.9294 19.1156 3.2
    endloop
  endfacet
  facet normal 0 0 1
    outer loop
      vertex 52.4022 17.9466 3.2
      vertex 52.9294 19.1156 3.2
      vertex 52.8153 19.1939 3.2
    endloop
  endfacet
  facet normal 0 0 1
    outer loop
      vertex 52.133 18.0483 3.2
      vertex 52.8153 19.1939 3.2
      vertex 52.7097 19.2865 3.2
    endloop
  endfacet
  facet normal 0 0 1
    outer loop
      vertex 53.1825 19.0017 3.2
      vertex 52.6879 17.8675 3.2
      vertex 52.9899 17.811 3.2
    endloop
  endfacet
  facet normal 0 0 1
    outer loop
      vertex 51.6438 18.3196 3.2
      vertex 52.7097 19.2865 3.2
      vertex 52.6123 19.3933 3.2
    endloop
  endfacet
  facet normal 0 0 1
    outer loop
      vertex 51.4239 18.4891 3.2
      vertex 52.6123 19.3933 3.2
      vertex 52.5234 19.5143 3.2
    endloop
  endfacet
  facet normal 0 0 1
    outer loop
      vertex 51.2204 18.6813 3.2
      vertex 52.5234 19.5143 3.2
      vertex 52.4433 19.649 3.2
    endloop
  endfacet
  facet normal 0 0 1
    outer loop
      vertex 53.0518 19.0515 3.2
      vertex 52.4022 17.9466 3.2
      vertex 52.6879 17.8675 3.2
    endloop
  endfacet
  facet normal 0 0 1
    outer loop
      vertex 51.0359 18.8931 3.2
      vertex 52.4433 19.649 3.2
      vertex 52.3727 19.7967 3.2
    endloop
  endfacet
  facet normal 0 0 1
    outer loop
      vertex 50.8732 19.1219 3.2
      vertex 52.3727 19.7967 3.2
      vertex 52.3115 19.9574 3.2
    endloop
  endfacet
  facet normal 0 0 1
    outer loop
      vertex 50.7321 19.3675 3.2
      vertex 52.3115 19.9574 3.2
      vertex 52.2597 20.1312 3.2
    endloop
  endfacet
  facet normal 0 0 1
    outer loop
      vertex 50.6128 19.63 3.2
      vertex 52.2597 20.1312 3.2
      vertex 52.2173 20.318 3.2
    endloop
  endfacet
  facet normal 0 0 1
    outer loop
      vertex 50.5151 19.9094 3.2
      vertex 52.2173 20.318 3.2
      vertex 52.1844 20.5179 3.2
    endloop
  endfacet
  facet normal -0 0 1
    outer loop
      vertex 50.3849 20.5188 3.2
      vertex 52.1844 20.5179 3.2
      vertex 52.1608 20.7308 3.2
    endloop
  endfacet
  facet normal 0 0 1
    outer loop
      vertex 52.8153 19.1939 3.2
      vertex 52.133 18.0483 3.2
      vertex 52.4022 17.9466 3.2
    endloop
  endfacet
  facet normal -0 0 1
    outer loop
      vertex 50.3524 20.8488 3.2
      vertex 52.1608 20.7308 3.2
      vertex 52.1467 20.9567 3.2
    endloop
  endfacet
  facet normal 0 0 1
    outer loop
      vertex 50.3524 20.8488 3.2
      vertex 52.1467 20.9567 3.2
      vertex 52.142 21.1957 3.2
    endloop
  endfacet
  facet normal -0 0 1
    outer loop
      vertex 51.0359 23.4898 3.2
      vertex 52.4506 22.7442 3.2
      vertex 51.2204 23.701 3.2
    endloop
  endfacet
  facet normal 0 0 1
    outer loop
      vertex 52.4506 22.7442 3.2
      vertex 51.0359 23.4898 3.2
      vertex 52.3156 22.4401 3.2
    endloop
  endfacet
  facet normal 0 -0 1
    outer loop
      vertex 50.3524 20.8488 3.2
      vertex 52.142 21.1957 3.2
      vertex 50.3415 21.1957 3.2
    endloop
  endfacet
  facet normal -0 0 1
    outer loop
      vertex 50.8732 23.2619 3.2
      vertex 52.3156 22.4401 3.2
      vertex 51.0359 23.4898 3.2
    endloop
  endfacet
  facet normal 0 0 1
    outer loop
      vertex 52.1608 20.7308 3.2
      vertex 50.3524 20.8488 3.2
      vertex 50.3849 20.5188 3.2
    endloop
  endfacet
  facet normal -0 0 1
    outer loop
      vertex 50.7321 23.0171 3.2
      vertex 52.3156 22.4401 3.2
      vertex 50.8732 23.2619 3.2
    endloop
  endfacet
  facet normal 0 0 1
    outer loop
      vertex 52.1844 20.5179 3.2
      vertex 50.3849 20.5188 3.2
      vertex 50.4392 20.2057 3.2
    endloop
  endfacet
  facet normal -0 0 1
    outer loop
      vertex 50.6128 22.7555 3.2
      vertex 52.3156 22.4401 3.2
      vertex 50.7321 23.0171 3.2
    endloop
  endfacet
  facet normal 0 0 1
    outer loop
      vertex 52.7097 19.2865 3.2
      vertex 51.8802 18.1727 3.2
      vertex 52.133 18.0483 3.2
    endloop
  endfacet
  facet normal 0 0 1
    outer loop
      vertex 52.3156 22.4401 3.2
      vertex 50.6128 22.7555 3.2
      vertex 52.2191 22.0806 3.2
    endloop
  endfacet
  facet normal 0 0 1
    outer loop
      vertex 52.7097 19.2865 3.2
      vertex 51.6438 18.3196 3.2
      vertex 51.8802 18.1727 3.2
    endloop
  endfacet
  facet normal -0 0 1
    outer loop
      vertex 50.5151 22.4772 3.2
      vertex 52.2191 22.0806 3.2
      vertex 50.6128 22.7555 3.2
    endloop
  endfacet
  facet normal 0 0 1
    outer loop
      vertex 52.6123 19.3933 3.2
      vertex 51.4239 18.4891 3.2
      vertex 51.6438 18.3196 3.2
    endloop
  endfacet
  facet normal -0 0 1
    outer loop
      vertex 50.4392 22.182 3.2
      vertex 52.2191 22.0806 3.2
      vertex 50.5151 22.4772 3.2
    endloop
  endfacet
  facet normal 0 0 1
    outer loop
      vertex 52.142 21.1957 3.2
      vertex 50.3524 21.5413 3.2
      vertex 50.3415 21.1957 3.2
    endloop
  endfacet
  facet normal 0 0 1
    outer loop
      vertex 52.2191 22.0806 3.2
      vertex 50.4392 22.182 3.2
      vertex 52.1613 21.6658 3.2
    endloop
  endfacet
  facet normal 0 0 1
    outer loop
      vertex 52.5234 19.5143 3.2
      vertex 51.2204 18.6813 3.2
      vertex 51.4239 18.4891 3.2
    endloop
  endfacet
  facet normal -0 0 1
    outer loop
      vertex 50.3849 21.87 3.2
      vertex 52.1613 21.6658 3.2
      vertex 50.4392 22.182 3.2
    endloop
  endfacet
  facet normal 0 0 1
    outer loop
      vertex 52.4433 19.649 3.2
      vertex 51.0359 18.8931 3.2
      vertex 51.2204 18.6813 3.2
    endloop
  endfacet
  facet normal 0 0 1
    outer loop
      vertex 50.3524 21.5413 3.2
      vertex 52.1613 21.6658 3.2
      vertex 50.3849 21.87 3.2
    endloop
  endfacet
  facet normal 0 0 1
    outer loop
      vertex 52.1613 21.6658 3.2
      vertex 50.3524 21.5413 3.2
      vertex 52.142 21.1957 3.2
    endloop
  endfacet
  facet normal 0 0 1
    outer loop
      vertex 52.3727 19.7967 3.2
      vertex 50.8732 19.1219 3.2
      vertex 51.0359 18.8931 3.2
    endloop
  endfacet
  facet normal 0 0 1
    outer loop
      vertex 52.1844 20.5179 3.2
      vertex 50.4392 20.2057 3.2
      vertex 50.5151 19.9094 3.2
    endloop
  endfacet
  facet normal 0 0 1
    outer loop
      vertex 52.2597 20.1312 3.2
      vertex 50.6128 19.63 3.2
      vertex 50.7321 19.3675 3.2
    endloop
  endfacet
  facet normal 0 0 1
    outer loop
      vertex 52.2173 20.318 3.2
      vertex 50.5151 19.9094 3.2
      vertex 50.6128 19.63 3.2
    endloop
  endfacet
  facet normal 0 0 1
    outer loop
      vertex 52.3115 19.9574 3.2
      vertex 50.7321 19.3675 3.2
      vertex 50.8732 19.1219 3.2
    endloop
  endfacet
  facet normal -0 0 1
    outer loop
      vertex 19.6502 22.3668 3.2
      vertex 21.368 22.2454 3.2
      vertex 21.3596 22.4913 3.2
    endloop
  endfacet
  facet normal 0 0 1
    outer loop
      vertex 22.2896 18.901 3.2
      vertex 22.2487 18.8933 3.2
      vertex 22.2896 18.1087 3.2
    endloop
  endfacet
  facet normal -0 0 1
    outer loop
      vertex 26.9119 24.4914 3.2
      vertex 26.4724 21.3178 3.2
      vertex 28.7733 24.4914 3.2
    endloop
  endfacet
  facet normal 0 -0 1
    outer loop
      vertex 26.4724 21.3178 3.2
      vertex 26.9119 24.4914 3.2
      vertex 25.5082 22.3309 3.2
    endloop
  endfacet
  facet normal 0 0 1
    outer loop
      vertex 26.4724 21.3178 3.2
      vertex 27.0461 17.8878 3.2
      vertex 28.9076 17.8878 3.2
    endloop
  endfacet
  facet normal 0 0 1
    outer loop
      vertex 24.55 21.2995 3.2
      vertex 26.4724 21.3178 3.2
      vertex 25.5082 22.3309 3.2
    endloop
  endfacet
  facet normal 0 0 1
    outer loop
      vertex 26.4724 21.3178 3.2
      vertex 25.5082 20.2803 3.2
      vertex 27.0461 17.8878 3.2
    endloop
  endfacet
  facet normal 0 0 1
    outer loop
      vertex 26.4724 21.3178 3.2
      vertex 24.55 21.2995 3.2
      vertex 25.5082 20.2803 3.2
    endloop
  endfacet
  facet normal 0 0 1
    outer loop
      vertex 24.0983 24.4914 3.2
      vertex 24.55 21.2995 3.2
      vertex 25.5082 22.3309 3.2
    endloop
  endfacet
  facet normal 0 0 1
    outer loop
      vertex 24.55 21.2995 3.2
      vertex 24.0983 24.4914 3.2
      vertex 22.2491 24.4914 3.2
    endloop
  endfacet
  facet normal 0 0 1
    outer loop
      vertex 24.55 21.2995 3.2
      vertex 23.958 17.8878 3.2
      vertex 25.5082 20.2803 3.2
    endloop
  endfacet
  facet normal -0 0 1
    outer loop
      vertex 22.2896 18.1087 3.2
      vertex 23.958 17.8878 3.2
      vertex 24.55 21.2995 3.2
    endloop
  endfacet
  facet normal -0 0 1
    outer loop
      vertex 22.2076 18.8865 3.2
      vertex 22.2896 18.1087 3.2
      vertex 22.2487 18.8933 3.2
    endloop
  endfacet
  facet normal -0 0 1
    outer loop
      vertex 22.1662 18.8806 3.2
      vertex 22.2896 18.1087 3.2
      vertex 22.2076 18.8865 3.2
    endloop
  endfacet
  facet normal -0 0 1
    outer loop
      vertex 22.1738 17.9453 3.2
      vertex 23.958 17.8878 3.2
      vertex 22.2896 18.1087 3.2
    endloop
  endfacet
  facet normal 0 0 1
    outer loop
      vertex 23.958 17.8878 3.2
      vertex 22.1738 17.9453 3.2
      vertex 22.1331 17.8878 3.2
    endloop
  endfacet
  facet normal -0 0 1
    outer loop
      vertex 22.1244 18.8756 3.2
      vertex 22.2896 18.1087 3.2
      vertex 22.1662 18.8806 3.2
    endloop
  endfacet
  facet normal -0 0 1
    outer loop
      vertex 22.0824 18.8716 3.2
      vertex 22.2896 18.1087 3.2
      vertex 22.1244 18.8756 3.2
    endloop
  endfacet
  facet normal -0 0 1
    outer loop
      vertex 22.04 18.8684 3.2
      vertex 22.2896 18.1087 3.2
      vertex 22.0824 18.8716 3.2
    endloop
  endfacet
  facet normal -0 0 1
    outer loop
      vertex 21.9974 18.8661 3.2
      vertex 22.2896 18.1087 3.2
      vertex 22.04 18.8684 3.2
    endloop
  endfacet
  facet normal -0 0 1
    outer loop
      vertex 21.9544 18.8648 3.2
      vertex 22.2896 18.1087 3.2
      vertex 21.9974 18.8661 3.2
    endloop
  endfacet
  facet normal 0 0 1
    outer loop
      vertex 22.2896 18.1087 3.2
      vertex 22.0997 17.9272 3.2
      vertex 22.1738 17.9453 3.2
    endloop
  endfacet
  facet normal -0 0 1
    outer loop
      vertex 21.9112 18.8643 3.2
      vertex 22.2896 18.1087 3.2
      vertex 21.9544 18.8648 3.2
    endloop
  endfacet
  facet normal 0 0 1
    outer loop
      vertex 22.2896 18.1087 3.2
      vertex 22.0707 17.92 3.2
      vertex 22.0997 17.9272 3.2
    endloop
  endfacet
  facet normal 0 -0 1
    outer loop
      vertex 21.9878 17.8995 3.2
      vertex 22.2896 18.1087 3.2
      vertex 21.9112 18.8643 3.2
    endloop
  endfacet
  facet normal 0 0 1
    outer loop
      vertex 22.2896 18.1087 3.2
      vertex 22.0149 17.9061 3.2
      vertex 22.0707 17.92 3.2
    endloop
  endfacet
  facet normal 0 0 1
    outer loop
      vertex 22.2896 18.1087 3.2
      vertex 21.9878 17.8995 3.2
      vertex 22.0149 17.9061 3.2
    endloop
  endfacet
  facet normal 0 0 1
    outer loop
      vertex 21.9878 17.8995 3.2
      vertex 21.9112 18.8643 3.2
      vertex 21.9606 17.8931 3.2
    endloop
  endfacet
  facet normal 0 0 1
    outer loop
      vertex 21.8482 18.8669 3.2
      vertex 21.9606 17.8931 3.2
      vertex 21.9112 18.8643 3.2
    endloop
  endfacet
  facet normal 0 0 1
    outer loop
      vertex 21.9606 17.8931 3.2
      vertex 21.8482 18.8669 3.2
      vertex 21.9335 17.8871 3.2
    endloop
  endfacet
  facet normal 0 0 1
    outer loop
      vertex 21.9335 17.8871 3.2
      vertex 21.8482 18.8669 3.2
      vertex 21.9064 17.8814 3.2
    endloop
  endfacet
  facet normal 0 0 1
    outer loop
      vertex 21.9064 17.8814 3.2
      vertex 21.8482 18.8669 3.2
      vertex 21.8793 17.876 3.2
    endloop
  endfacet
  facet normal 0 0 1
    outer loop
      vertex 21.8793 17.876 3.2
      vertex 21.8482 18.8669 3.2
      vertex 21.8522 17.8708 3.2
    endloop
  endfacet
  facet normal 0 0 1
    outer loop
      vertex 21.8482 18.8669 3.2
      vertex 21.825 17.866 3.2
      vertex 21.8522 17.8708 3.2
    endloop
  endfacet
  facet normal 0 0 1
    outer loop
      vertex 21.7893 18.8747 3.2
      vertex 21.825 17.866 3.2
      vertex 21.8482 18.8669 3.2
    endloop
  endfacet
  facet normal 0 0 1
    outer loop
      vertex 21.825 17.866 3.2
      vertex 21.7893 18.8747 3.2
      vertex 21.7979 17.8615 3.2
    endloop
  endfacet
  facet normal 0 0 1
    outer loop
      vertex 21.7893 18.8747 3.2
      vertex 21.7708 17.8573 3.2
      vertex 21.7979 17.8615 3.2
    endloop
  endfacet
  facet normal 0 0 1
    outer loop
      vertex 21.7893 18.8747 3.2
      vertex 21.7435 17.8533 3.2
      vertex 21.7708 17.8573 3.2
    endloop
  endfacet
  facet normal 0 0 1
    outer loop
      vertex 21.7158 17.8495 3.2
      vertex 21.7893 18.8747 3.2
      vertex 21.7345 18.8877 3.2
    endloop
  endfacet
  facet normal 0 0 1
    outer loop
      vertex 21.7893 18.8747 3.2
      vertex 21.7158 17.8495 3.2
      vertex 21.7435 17.8533 3.2
    endloop
  endfacet
  facet normal 0 0 1
    outer loop
      vertex 21.7345 18.8877 3.2
      vertex 21.6877 17.8458 3.2
      vertex 21.7158 17.8495 3.2
    endloop
  endfacet
  facet normal 0 0 1
    outer loop
      vertex 21.5717 17.8325 3.2
      vertex 21.7345 18.8877 3.2
      vertex 21.6839 18.9059 3.2
    endloop
  endfacet
  facet normal 0 0 1
    outer loop
      vertex 21.7345 18.8877 3.2
      vertex 21.6593 17.8422 3.2
      vertex 21.6877 17.8458 3.2
    endloop
  endfacet
  facet normal 0 0 1
    outer loop
      vertex 21.4481 17.822 3.2
      vertex 21.6839 18.9059 3.2
      vertex 21.6375 18.9293 3.2
    endloop
  endfacet
  facet normal 0 0 1
    outer loop
      vertex 21.7345 18.8877 3.2
      vertex 21.6305 17.8388 3.2
      vertex 21.6593 17.8422 3.2
    endloop
  endfacet
  facet normal 0 0 1
    outer loop
      vertex 21.7345 18.8877 3.2
      vertex 21.6013 17.8356 3.2
      vertex 21.6305 17.8388 3.2
    endloop
  endfacet
  facet normal 0 0 1
    outer loop
      vertex 21.308 17.8159 3.2
      vertex 21.6375 18.9293 3.2
      vertex 21.5952 18.9579 3.2
    endloop
  endfacet
  facet normal 0 0 1
    outer loop
      vertex 21.7345 18.8877 3.2
      vertex 21.5717 17.8325 3.2
      vertex 21.6013 17.8356 3.2
    endloop
  endfacet
  facet normal 0 0 1
    outer loop
      vertex 21.191 17.8146 3.2
      vertex 21.5952 18.9579 3.2
      vertex 21.557 18.9917 3.2
    endloop
  endfacet
  facet normal 0 0 1
    outer loop
      vertex 21.6839 18.9059 3.2
      vertex 21.5418 17.8296 3.2
      vertex 21.5717 17.8325 3.2
    endloop
  endfacet
  facet normal 0 0 1
    outer loop
      vertex 20.9202 17.8302 3.2
      vertex 21.557 18.9917 3.2
      vertex 21.523 19.0307 3.2
    endloop
  endfacet
  facet normal 0 0 1
    outer loop
      vertex 21.6839 18.9059 3.2
      vertex 21.5114 17.8268 3.2
      vertex 21.5418 17.8296 3.2
    endloop
  endfacet
  facet normal 0 0 1
    outer loop
      vertex 20.6829 17.8772 3.2
      vertex 21.523 19.0307 3.2
      vertex 21.4931 19.0748 3.2
    endloop
  endfacet
  facet normal 0 0 1
    outer loop
      vertex 21.6839 18.9059 3.2
      vertex 21.4803 17.8242 3.2
      vertex 21.5114 17.8268 3.2
    endloop
  endfacet
  facet normal 0 0 1
    outer loop
      vertex 20.1111 18.2878 3.2
      vertex 21.4931 19.0748 3.2
      vertex 21.4668 19.1259 3.2
    endloop
  endfacet
  facet normal 0 0 1
    outer loop
      vertex 21.6839 18.9059 3.2
      vertex 21.4481 17.822 3.2
      vertex 21.4803 17.8242 3.2
    endloop
  endfacet
  facet normal 0 0 1
    outer loop
      vertex 19.9697 18.5769 3.2
      vertex 21.4668 19.1259 3.2
      vertex 21.4436 19.1855 3.2
    endloop
  endfacet
  facet normal 0 0 1
    outer loop
      vertex 19.9059 18.8065 3.2
      vertex 21.4436 19.1855 3.2
      vertex 21.4236 19.2535 3.2
    endloop
  endfacet
  facet normal 0 0 1
    outer loop
      vertex 21.6375 18.9293 3.2
      vertex 21.4148 17.82 3.2
      vertex 21.4481 17.822 3.2
    endloop
  endfacet
  facet normal 0 0 1
    outer loop
      vertex 19.8666 19.0657 3.2
      vertex 21.4236 19.2535 3.2
      vertex 21.4066 19.3301 3.2
    endloop
  endfacet
  facet normal 0 0 1
    outer loop
      vertex 19.8666 19.0657 3.2
      vertex 21.4066 19.3301 3.2
      vertex 21.3927 19.4153 3.2
    endloop
  endfacet
  facet normal 0 0 1
    outer loop
      vertex 19.8666 19.0657 3.2
      vertex 21.3927 19.4153 3.2
      vertex 21.3819 19.5089 3.2
    endloop
  endfacet
  facet normal 0 0 1
    outer loop
      vertex 21.6375 18.9293 3.2
      vertex 21.3803 17.8183 3.2
      vertex 21.4148 17.82 3.2
    endloop
  endfacet
  facet normal 0 0 1
    outer loop
      vertex 19.8666 19.0657 3.2
      vertex 21.3819 19.5089 3.2
      vertex 21.3741 19.611 3.2
    endloop
  endfacet
  facet normal 0 0 1
    outer loop
      vertex 19.8666 19.0657 3.2
      vertex 21.3741 19.611 3.2
      vertex 21.3695 19.7216 3.2
    endloop
  endfacet
  facet normal 0 0 1
    outer loop
      vertex 19.8666 19.0657 3.2
      vertex 21.3695 19.7216 3.2
      vertex 21.368 19.8408 3.2
    endloop
  endfacet
  facet normal 0 0 1
    outer loop
      vertex 21.6375 18.9293 3.2
      vertex 21.3447 17.817 3.2
      vertex 21.3803 17.8183 3.2
    endloop
  endfacet
  facet normal 0 0 1
    outer loop
      vertex 21.368 22.2454 3.2
      vertex 19.653 20.9455 3.2
      vertex 21.368 19.8408 3.2
    endloop
  endfacet
  facet normal -0 0 1
    outer loop
      vertex 19.6419 22.4982 3.2
      vertex 21.3596 22.4913 3.2
      vertex 21.3345 22.7243 3.2
    endloop
  endfacet
  facet normal 0 0 1
    outer loop
      vertex 21.368 19.8408 3.2
      vertex 19.6507 20.5141 3.2
      vertex 19.6437 20.4195 3.2
    endloop
  endfacet
  facet normal 0 0 1
    outer loop
      vertex 19.6279 22.6215 3.2
      vertex 21.3345 22.7243 3.2
      vertex 21.2927 22.9446 3.2
    endloop
  endfacet
  facet normal -0 0 1
    outer loop
      vertex 19.632 20.326 3.2
      vertex 21.368 19.8408 3.2
      vertex 19.6437 20.4195 3.2
    endloop
  endfacet
  facet normal 0 0 1
    outer loop
      vertex 19.6279 22.6215 3.2
      vertex 21.2927 22.9446 3.2
      vertex 21.2341 23.152 3.2
    endloop
  endfacet
  facet normal 0 0 1
    outer loop
      vertex 21.368 19.8408 3.2
      vertex 19.653 20.6098 3.2
      vertex 19.6507 20.5141 3.2
    endloop
  endfacet
  facet normal 0 0 1
    outer loop
      vertex 21.4236 19.2535 3.2
      vertex 19.8666 19.0657 3.2
      vertex 19.8832 18.9324 3.2
    endloop
  endfacet
  facet normal 0 0 1
    outer loop
      vertex 19.6084 22.7365 3.2
      vertex 21.2341 23.152 3.2
      vertex 21.1589 23.3466 3.2
    endloop
  endfacet
  facet normal 0 0 1
    outer loop
      vertex 19.5833 22.8433 3.2
      vertex 21.1589 23.3466 3.2
      vertex 21.0669 23.5284 3.2
    endloop
  endfacet
  facet normal 0 0 1
    outer loop
      vertex 21.6375 18.9293 3.2
      vertex 21.308 17.8159 3.2
      vertex 21.3447 17.817 3.2
    endloop
  endfacet
  facet normal 0 0 1
    outer loop
      vertex 19.5526 22.9419 3.2
      vertex 21.0669 23.5284 3.2
      vertex 20.9581 23.6974 3.2
    endloop
  endfacet
  facet normal 0 0 1
    outer loop
      vertex 21.368 19.8408 3.2
      vertex 19.653 20.9455 3.2
      vertex 19.653 20.6098 3.2
    endloop
  endfacet
  facet normal 0 0 1
    outer loop
      vertex 19.5526 22.9419 3.2
      vertex 20.9581 23.6974 3.2
      vertex 20.8327 23.8536 3.2
    endloop
  endfacet
  facet normal 0 0 1
    outer loop
      vertex 21.5952 18.9579 3.2
      vertex 21.2701 17.8152 3.2
      vertex 21.308 17.8159 3.2
    endloop
  endfacet
  facet normal 0 0 1
    outer loop
      vertex 19.5164 23.0322 3.2
      vertex 20.8327 23.8536 3.2
      vertex 20.6905 23.997 3.2
    endloop
  endfacet
  facet normal 0 0 1
    outer loop
      vertex 21.5952 18.9579 3.2
      vertex 21.2311 17.8147 3.2
      vertex 21.2701 17.8152 3.2
    endloop
  endfacet
  facet normal 0 0 1
    outer loop
      vertex 21.5952 18.9579 3.2
      vertex 21.191 17.8146 3.2
      vertex 21.2311 17.8147 3.2
    endloop
  endfacet
  facet normal 0 0 1
    outer loop
      vertex 19.4746 23.1144 3.2
      vertex 20.6905 23.997 3.2
      vertex 20.5329 24.1264 3.2
    endloop
  endfacet
  facet normal 0 0 1
    outer loop
      vertex 21.4236 19.2535 3.2
      vertex 19.8832 18.9324 3.2
      vertex 19.9059 18.8065 3.2
    endloop
  endfacet
  facet normal 0 0 1
    outer loop
      vertex 21.4436 19.1855 3.2
      vertex 19.9059 18.8065 3.2
      vertex 19.9348 18.688 3.2
    endloop
  endfacet
  facet normal 0 0 1
    outer loop
      vertex 19.4272 23.1884 3.2
      vertex 20.5329 24.1264 3.2
      vertex 20.3611 24.2405 3.2
    endloop
  endfacet
  facet normal 0 0 1
    outer loop
      vertex 21.557 18.9917 3.2
      vertex 20.9202 17.8302 3.2
      vertex 21.0514 17.8185 3.2
    endloop
  endfacet
  facet normal 0 0 1
    outer loop
      vertex 21.4436 19.1855 3.2
      vertex 19.9348 18.688 3.2
      vertex 19.9697 18.5769 3.2
    endloop
  endfacet
  facet normal 0 0 1
    outer loop
      vertex 19.3735 23.2543 3.2
      vertex 20.3611 24.2405 3.2
      vertex 20.1752 24.3395 3.2
    endloop
  endfacet
  facet normal 0 0 1
    outer loop
      vertex 21.4668 19.1259 3.2
      vertex 19.9697 18.5769 3.2
      vertex 20.0107 18.4731 3.2
    endloop
  endfacet
  facet normal 0 0 1
    outer loop
      vertex 21.4668 19.1259 3.2
      vertex 20.0107 18.4731 3.2
      vertex 20.0579 18.3767 3.2
    endloop
  endfacet
  facet normal 0 0 1
    outer loop
      vertex 21.523 19.0307 3.2
      vertex 20.6829 17.8772 3.2
      vertex 20.7974 17.8498 3.2
    endloop
  endfacet
  facet normal 0 0 1
    outer loop
      vertex 21.4931 19.0748 3.2
      vertex 20.5767 17.9125 3.2
      vertex 20.6829 17.8772 3.2
    endloop
  endfacet
  facet normal 0 0 1
    outer loop
      vertex 19.3735 23.2543 3.2
      vertex 20.1752 24.3395 3.2
      vertex 19.975 24.4232 3.2
    endloop
  endfacet
  facet normal 0 0 1
    outer loop
      vertex 21.368 22.2454 3.2
      vertex 19.653 21.8915 3.2
      vertex 19.653 20.9455 3.2
    endloop
  endfacet
  facet normal 0 0 1
    outer loop
      vertex 21.4931 19.0748 3.2
      vertex 20.1704 18.2061 3.2
      vertex 20.2358 18.1319 3.2
    endloop
  endfacet
  facet normal 0 0 1
    outer loop
      vertex 21.4931 19.0748 3.2
      vertex 20.3085 18.0653 3.2
      vertex 20.3896 18.0065 3.2
    endloop
  endfacet
  facet normal 0 0 1
    outer loop
      vertex 21.4931 19.0748 3.2
      vertex 20.2358 18.1319 3.2
      vertex 20.3085 18.0653 3.2
    endloop
  endfacet
  facet normal 0 0 1
    outer loop
      vertex 21.4931 19.0748 3.2
      vertex 20.3896 18.0065 3.2
      vertex 20.479 17.9556 3.2
    endloop
  endfacet
  facet normal 0 0 1
    outer loop
      vertex 21.4931 19.0748 3.2
      vertex 20.1111 18.2878 3.2
      vertex 20.1704 18.2061 3.2
    endloop
  endfacet
  facet normal 0 0 1
    outer loop
      vertex 19.3127 23.3125 3.2
      vertex 19.975 24.4232 3.2
      vertex 19.7607 24.4917 3.2
    endloop
  endfacet
  facet normal 0 0 1
    outer loop
      vertex 21.4931 19.0748 3.2
      vertex 20.479 17.9556 3.2
      vertex 20.5767 17.9125 3.2
    endloop
  endfacet
  facet normal 0 0 1
    outer loop
      vertex 21.368 22.2454 3.2
      vertex 19.653 22.2272 3.2
      vertex 19.653 21.8915 3.2
    endloop
  endfacet
  facet normal 0 0 1
    outer loop
      vertex 21.368 22.2454 3.2
      vertex 19.6502 22.3668 3.2
      vertex 19.653 22.2272 3.2
    endloop
  endfacet
  facet normal 0 0 1
    outer loop
      vertex 21.3596 22.4913 3.2
      vertex 19.6419 22.4982 3.2
      vertex 19.6502 22.3668 3.2
    endloop
  endfacet
  facet normal 0 0 1
    outer loop
      vertex 21.3345 22.7243 3.2
      vertex 19.6279 22.6215 3.2
      vertex 19.6419 22.4982 3.2
    endloop
  endfacet
  facet normal 0 0 1
    outer loop
      vertex 21.2341 23.152 3.2
      vertex 19.6084 22.7365 3.2
      vertex 19.6279 22.6215 3.2
    endloop
  endfacet
  facet normal 0 0 1
    outer loop
      vertex 21.1589 23.3466 3.2
      vertex 19.5833 22.8433 3.2
      vertex 19.6084 22.7365 3.2
    endloop
  endfacet
  facet normal 0 0 1
    outer loop
      vertex 21.0669 23.5284 3.2
      vertex 19.5526 22.9419 3.2
      vertex 19.5833 22.8433 3.2
    endloop
  endfacet
  facet normal 0 0 1
    outer loop
      vertex 19.2448 23.363 3.2
      vertex 19.7607 24.4917 3.2
      vertex 19.5323 24.5449 3.2
    endloop
  endfacet
  facet normal 0 0 1
    outer loop
      vertex 20.8327 23.8536 3.2
      vertex 19.5164 23.0322 3.2
      vertex 19.5526 22.9419 3.2
    endloop
  endfacet
  facet normal 0 0 1
    outer loop
      vertex 20.6905 23.997 3.2
      vertex 19.4746 23.1144 3.2
      vertex 19.5164 23.0322 3.2
    endloop
  endfacet
  facet normal 0 0 1
    outer loop
      vertex 20.5329 24.1264 3.2
      vertex 19.4272 23.1884 3.2
      vertex 19.4746 23.1144 3.2
    endloop
  endfacet
  facet normal 0 0 1
    outer loop
      vertex 20.3611 24.2405 3.2
      vertex 19.3735 23.2543 3.2
      vertex 19.4272 23.1884 3.2
    endloop
  endfacet
  facet normal 0 0 1
    outer loop
      vertex 19.975 24.4232 3.2
      vertex 19.3127 23.3125 3.2
      vertex 19.3735 23.2543 3.2
    endloop
  endfacet
  facet normal 0 0 1
    outer loop
      vertex 19.0878 23.4406 3.2
      vertex 19.5323 24.5449 3.2
      vertex 19.2897 24.583 3.2
    endloop
  endfacet
  facet normal 0 0 1
    outer loop
      vertex 19.7607 24.4917 3.2
      vertex 19.2448 23.363 3.2
      vertex 19.3127 23.3125 3.2
    endloop
  endfacet
  facet normal 0 0 1
    outer loop
      vertex 19.5323 24.5449 3.2
      vertex 19.1698 23.4057 3.2
      vertex 19.2448 23.363 3.2
    endloop
  endfacet
  facet normal 0 0 1
    outer loop
      vertex 19.5323 24.5449 3.2
      vertex 19.0878 23.4406 3.2
      vertex 19.1698 23.4057 3.2
    endloop
  endfacet
  facet normal 0 0 1
    outer loop
      vertex 18.9986 23.4678 3.2
      vertex 19.2897 24.583 3.2
      vertex 19.0329 24.6058 3.2
    endloop
  endfacet
  facet normal 0 0 1
    outer loop
      vertex 19.2897 24.583 3.2
      vertex 18.9986 23.4678 3.2
      vertex 19.0878 23.4406 3.2
    endloop
  endfacet
  facet normal 0 0 1
    outer loop
      vertex 19.0329 24.6058 3.2
      vertex 18.9024 23.4872 3.2
      vertex 18.9986 23.4678 3.2
    endloop
  endfacet
  facet normal 0 0 1
    outer loop
      vertex 19.0329 24.6058 3.2
      vertex 18.7991 23.4988 3.2
      vertex 18.9024 23.4872 3.2
    endloop
  endfacet
  facet normal 0 0 1
    outer loop
      vertex 18.7619 24.6134 3.2
      vertex 18.7991 23.4988 3.2
      vertex 19.0329 24.6058 3.2
    endloop
  endfacet
  facet normal 0 0 1
    outer loop
      vertex 18.7619 24.6134 3.2
      vertex 18.6888 23.5027 3.2
      vertex 18.7991 23.4988 3.2
    endloop
  endfacet
  facet normal -0 0 1
    outer loop
      vertex 18.493 24.6073 3.2
      vertex 18.6888 23.5027 3.2
      vertex 18.7619 24.6134 3.2
    endloop
  endfacet
  facet normal 0 0 1
    outer loop
      vertex 18.6888 23.5027 3.2
      vertex 18.493 24.6073 3.2
      vertex 18.5861 23.5 3.2
    endloop
  endfacet
  facet normal 0 0 1
    outer loop
      vertex 18.493 24.6073 3.2
      vertex 18.4897 23.492 3.2
      vertex 18.5861 23.5 3.2
    endloop
  endfacet
  facet normal -0 0 1
    outer loop
      vertex 18.237 24.5889 3.2
      vertex 18.4897 23.492 3.2
      vertex 18.493 24.6073 3.2
    endloop
  endfacet
  facet normal 0 0 1
    outer loop
      vertex 18.4897 23.492 3.2
      vertex 18.237 24.5889 3.2
      vertex 18.3995 23.4786 3.2
    endloop
  endfacet
  facet normal 0 0 1
    outer loop
      vertex 18.3995 23.4786 3.2
      vertex 18.237 24.5889 3.2
      vertex 18.3156 23.4599 3.2
    endloop
  endfacet
  facet normal -0 0 1
    outer loop
      vertex 17.9939 24.5582 3.2
      vertex 18.3156 23.4599 3.2
      vertex 18.237 24.5889 3.2
    endloop
  endfacet
  facet normal 0 0 1
    outer loop
      vertex 18.3156 23.4599 3.2
      vertex 17.9939 24.5582 3.2
      vertex 18.2379 23.4358 3.2
    endloop
  endfacet
  facet normal -0 0 1
    outer loop
      vertex 17.7637 24.5152 3.2
      vertex 18.2379 23.4358 3.2
      vertex 17.9939 24.5582 3.2
    endloop
  endfacet
  facet normal 0 0 1
    outer loop
      vertex 18.2379 23.4358 3.2
      vertex 17.7637 24.5152 3.2
      vertex 18.1666 23.4064 3.2
    endloop
  endfacet
  facet normal 0 0 1
    outer loop
      vertex 18.1666 23.4064 3.2
      vertex 17.7637 24.5152 3.2
      vertex 18.1014 23.3716 3.2
    endloop
  endfacet
  facet normal -0 0 1
    outer loop
      vertex 17.5464 24.4599 3.2
      vertex 18.1014 23.3716 3.2
      vertex 17.7637 24.5152 3.2
    endloop
  endfacet
  facet normal 0 0 1
    outer loop
      vertex 18.1014 23.3716 3.2
      vertex 17.5464 24.4599 3.2
      vertex 18.0425 23.3315 3.2
    endloop
  endfacet
  facet normal -0 0 1
    outer loop
      vertex 17.3419 24.3923 3.2
      vertex 18.0425 23.3315 3.2
      vertex 17.5464 24.4599 3.2
    endloop
  endfacet
  facet normal 0 0 1
    outer loop
      vertex 18.0425 23.3315 3.2
      vertex 17.3419 24.3923 3.2
      vertex 17.9899 23.286 3.2
    endloop
  endfacet
  facet normal -0 0 1
    outer loop
      vertex 17.1503 24.3125 3.2
      vertex 17.9899 23.286 3.2
      vertex 17.3419 24.3923 3.2
    endloop
  endfacet
  facet normal 0 0 1
    outer loop
      vertex 17.9899 23.286 3.2
      vertex 17.1503 24.3125 3.2
      vertex 17.9425 23.2344 3.2
    endloop
  endfacet
  facet normal -0 0 1
    outer loop
      vertex 16.9717 24.2204 3.2
      vertex 17.9425 23.2344 3.2
      vertex 17.1503 24.3125 3.2
    endloop
  endfacet
  facet normal 0 0 1
    outer loop
      vertex 17.9425 23.2344 3.2
      vertex 16.9717 24.2204 3.2
      vertex 17.8992 23.1757 3.2
    endloop
  endfacet
  facet normal -0 0 1
    outer loop
      vertex 16.8059 24.116 3.2
      vertex 17.8992 23.1757 3.2
      vertex 16.9717 24.2204 3.2
    endloop
  endfacet
  facet normal 0 0 1
    outer loop
      vertex 17.8992 23.1757 3.2
      vertex 16.8059 24.116 3.2
      vertex 17.8601 23.11 3.2
    endloop
  endfacet
  facet normal -0 0 1
    outer loop
      vertex 16.6533 23.9997 3.2
      vertex 17.8601 23.11 3.2
      vertex 16.8059 24.116 3.2
    endloop
  endfacet
  facet normal 0 0 1
    outer loop
      vertex 17.8601 23.11 3.2
      vertex 16.6533 23.9997 3.2
      vertex 17.825 23.0374 3.2
    endloop
  endfacet
  facet normal -0 0 1
    outer loop
      vertex 16.5145 23.8719 3.2
      vertex 17.825 23.0374 3.2
      vertex 16.6533 23.9997 3.2
    endloop
  endfacet
  facet normal 0 0 1
    outer loop
      vertex 17.825 23.0374 3.2
      vertex 16.5145 23.8719 3.2
      vertex 17.7942 22.9577 3.2
    endloop
  endfacet
  facet normal -0 0 1
    outer loop
      vertex 16.3892 23.7325 3.2
      vertex 17.7942 22.9577 3.2
      vertex 16.5145 23.8719 3.2
    endloop
  endfacet
  facet normal -0 0 1
    outer loop
      vertex 16.2776 23.5817 3.2
      vertex 17.7942 22.9577 3.2
      vertex 16.3892 23.7325 3.2
    endloop
  endfacet
  facet normal 0 0 1
    outer loop
      vertex 17.7942 22.9577 3.2
      vertex 16.2776 23.5817 3.2
      vertex 17.7675 22.871 3.2
    endloop
  endfacet
  facet normal -0 0 1
    outer loop
      vertex 16.1796 23.4193 3.2
      vertex 17.7675 22.871 3.2
      vertex 16.2776 23.5817 3.2
    endloop
  endfacet
  facet normal 0 0 1
    outer loop
      vertex 17.7675 22.871 3.2
      vertex 16.1796 23.4193 3.2
      vertex 17.7449 22.7773 3.2
    endloop
  endfacet
  facet normal -0 0 1
    outer loop
      vertex 16.0953 23.2453 3.2
      vertex 17.7449 22.7773 3.2
      vertex 16.1796 23.4193 3.2
    endloop
  endfacet
  facet normal 0 0 1
    outer loop
      vertex 17.7449 22.7773 3.2
      vertex 16.0953 23.2453 3.2
      vertex 17.7265 22.6766 3.2
    endloop
  endfacet
  facet normal -0 0 1
    outer loop
      vertex 16.0246 23.0599 3.2
      vertex 17.7265 22.6766 3.2
      vertex 16.0953 23.2453 3.2
    endloop
  endfacet
  facet normal 0 0 1
    outer loop
      vertex 17.7265 22.6766 3.2
      vertex 16.0246 23.0599 3.2
      vertex 17.7123 22.5689 3.2
    endloop
  endfacet
  facet normal -0 0 1
    outer loop
      vertex 15.9675 22.8629 3.2
      vertex 17.7123 22.5689 3.2
      vertex 16.0246 23.0599 3.2
    endloop
  endfacet
  facet normal 0 0 1
    outer loop
      vertex 17.7123 22.5689 3.2
      vertex 15.9675 22.8629 3.2
      vertex 15.924 22.6544 3.2
    endloop
  endfacet
  facet normal 0 0 1
    outer loop
      vertex 19.653 21.8915 3.2
      vertex 18.7742 20.9332 3.2
      vertex 19.653 20.9455 3.2
    endloop
  endfacet
  facet normal -0 0 1
    outer loop
      vertex 18.231 21.8671 3.2
      vertex 18.7742 20.9332 3.2
      vertex 19.653 21.8915 3.2
    endloop
  endfacet
  facet normal 0 0 1
    outer loop
      vertex 18.7742 20.9332 3.2
      vertex 18.231 21.8671 3.2
      vertex 18.6455 20.9268 3.2
    endloop
  endfacet
  facet normal 0 0 1
    outer loop
      vertex 18.6455 20.9268 3.2
      vertex 18.231 21.8671 3.2
      vertex 18.5255 20.9183 3.2
    endloop
  endfacet
  facet normal 0 0 1
    outer loop
      vertex 18.5255 20.9183 3.2
      vertex 18.231 21.8671 3.2
      vertex 18.4141 20.9078 3.2
    endloop
  endfacet
  facet normal 0 0 1
    outer loop
      vertex 18.4141 20.9078 3.2
      vertex 18.231 21.8671 3.2
      vertex 18.3112 20.8953 3.2
    endloop
  endfacet
  facet normal 0 0 1
    outer loop
      vertex 18.231 21.8671 3.2
      vertex 18.217 20.8807 3.2
      vertex 18.3112 20.8953 3.2
    endloop
  endfacet
  facet normal -0 0 1
    outer loop
      vertex 17.9563 21.8579 3.2
      vertex 18.217 20.8807 3.2
      vertex 18.231 21.8671 3.2
    endloop
  endfacet
  facet normal 0 0 1
    outer loop
      vertex 18.217 20.8807 3.2
      vertex 17.9563 21.8579 3.2
      vertex 18.1313 20.8641 3.2
    endloop
  endfacet
  facet normal 0 0 1
    outer loop
      vertex 18.1313 20.8641 3.2
      vertex 17.9563 21.8579 3.2
      vertex 18.0542 20.8454 3.2
    endloop
  endfacet
  facet normal 0 0 1
    outer loop
      vertex 18.0542 20.8454 3.2
      vertex 17.9563 21.8579 3.2
      vertex 17.9857 20.8247 3.2
    endloop
  endfacet
  facet normal -0 0 1
    outer loop
      vertex 17.6965 21.8357 3.2
      vertex 17.9857 20.8247 3.2
      vertex 17.9563 21.8579 3.2
    endloop
  endfacet
  facet normal 0 0 1
    outer loop
      vertex 17.9857 20.8247 3.2
      vertex 17.6965 21.8357 3.2
      vertex 17.9258 20.802 3.2
    endloop
  endfacet
  facet normal 0 0 1
    outer loop
      vertex 17.9258 20.802 3.2
      vertex 17.6965 21.8357 3.2
      vertex 17.8717 20.7769 3.2
    endloop
  endfacet
  facet normal -0 0 1
    outer loop
      vertex 17.4515 21.8006 3.2
      vertex 17.8717 20.7769 3.2
      vertex 17.6965 21.8357 3.2
    endloop
  endfacet
  facet normal 0 0 1
    outer loop
      vertex 17.8717 20.7769 3.2
      vertex 17.4515 21.8006 3.2
      vertex 17.8205 20.749 3.2
    endloop
  endfacet
  facet normal 0 0 1
    outer loop
      vertex 17.8205 20.749 3.2
      vertex 17.4515 21.8006 3.2
      vertex 17.7722 20.7183 3.2
    endloop
  endfacet
  facet normal -0 0 1
    outer loop
      vertex 17.2213 21.7525 3.2
      vertex 17.7722 20.7183 3.2
      vertex 17.4515 21.8006 3.2
    endloop
  endfacet
  facet normal 0 0 1
    outer loop
      vertex 17.7722 20.7183 3.2
      vertex 17.2213 21.7525 3.2
      vertex 17.7269 20.6848 3.2
    endloop
  endfacet
  facet normal 0 0 1
    outer loop
      vertex 17.7269 20.6848 3.2
      vertex 17.2213 21.7525 3.2
      vertex 17.6845 20.6485 3.2
    endloop
  endfacet
  facet normal -0 0 1
    outer loop
      vertex 17.006 21.6915 3.2
      vertex 17.6845 20.6485 3.2
      vertex 17.2213 21.7525 3.2
    endloop
  endfacet
  facet normal 0 0 1
    outer loop
      vertex 17.6845 20.6485 3.2
      vertex 17.006 21.6915 3.2
      vertex 17.6451 20.6095 3.2
    endloop
  endfacet
  facet normal -0 0 1
    outer loop
      vertex 16.8056 21.6175 3.2
      vertex 17.6451 20.6095 3.2
      vertex 17.006 21.6915 3.2
    endloop
  endfacet
  facet normal 0 0 1
    outer loop
      vertex 17.6451 20.6095 3.2
      vertex 16.8056 21.6175 3.2
      vertex 17.6086 20.5676 3.2
    endloop
  endfacet
  facet normal 0 0 1
    outer loop
      vertex 17.6086 20.5676 3.2
      vertex 16.8056 21.6175 3.2
      vertex 17.575 20.5229 3.2
    endloop
  endfacet
  facet normal -0 0 1
    outer loop
      vertex 16.6199 21.5305 3.2
      vertex 17.575 20.5229 3.2
      vertex 16.8056 21.6175 3.2
    endloop
  endfacet
  facet normal 0 0 1
    outer loop
      vertex 17.575 20.5229 3.2
      vertex 16.6199 21.5305 3.2
      vertex 17.5444 20.4755 3.2
    endloop
  endfacet
  facet normal -0 0 1
    outer loop
      vertex 16.4492 21.4306 3.2
      vertex 17.5444 20.4755 3.2
      vertex 16.6199 21.5305 3.2
    endloop
  endfacet
  facet normal 0 0 1
    outer loop
      vertex 17.5444 20.4755 3.2
      vertex 16.4492 21.4306 3.2
      vertex 17.5169 20.4249 3.2
    endloop
  endfacet
  facet normal -0 0 1
    outer loop
      vertex 16.2932 21.3177 3.2
      vertex 17.5169 20.4249 3.2
      vertex 16.4492 21.4306 3.2
    endloop
  endfacet
  facet normal 0 0 1
    outer loop
      vertex 17.5169 20.4249 3.2
      vertex 16.2932 21.3177 3.2
      vertex 17.4926 20.3706 3.2
    endloop
  endfacet
  facet normal -0 0 1
    outer loop
      vertex 16.153 21.1924 3.2
      vertex 17.4926 20.3706 3.2
      vertex 16.2932 21.3177 3.2
    endloop
  endfacet
  facet normal 0 0 1
    outer loop
      vertex 17.4926 20.3706 3.2
      vertex 16.153 21.1924 3.2
      vertex 17.4715 20.3128 3.2
    endloop
  endfacet
  facet normal -0 0 1
    outer loop
      vertex 16.0292 21.0549 3.2
      vertex 17.4715 20.3128 3.2
      vertex 16.153 21.1924 3.2
    endloop
  endfacet
  facet normal 0 0 1
    outer loop
      vertex 17.4715 20.3128 3.2
      vertex 16.0292 21.0549 3.2
      vertex 17.4537 20.2513 3.2
    endloop
  endfacet
  facet normal 0 -0 1
    outer loop
      vertex 15.6316 19.5504 3.2
      vertex 17.4132 19.8897 3.2
      vertex 15.625 19.7554 3.2
    endloop
  endfacet
  facet normal 0 -0 1
    outer loop
      vertex 15.6515 19.3559 3.2
      vertex 17.4132 19.8897 3.2
      vertex 15.6316 19.5504 3.2
    endloop
  endfacet
  facet normal -0 0 1
    outer loop
      vertex 15.922 20.9055 3.2
      vertex 17.4537 20.2513 3.2
      vertex 16.0292 21.0549 3.2
    endloop
  endfacet
  facet normal 0 -0 1
    outer loop
      vertex 15.6846 19.1719 3.2
      vertex 17.4132 19.8897 3.2
      vertex 15.6515 19.3559 3.2
    endloop
  endfacet
  facet normal 0 0 1
    outer loop
      vertex 17.4537 20.2513 3.2
      vertex 15.922 20.9055 3.2
      vertex 17.4391 20.1862 3.2
    endloop
  endfacet
  facet normal 0 0 1
    outer loop
      vertex 17.4132 19.8897 3.2
      vertex 17.0653 17.8238 3.2
      vertex 17.2522 17.7915 3.2
    endloop
  endfacet
  facet normal -0 0 1
    outer loop
      vertex 15.8312 20.7439 3.2
      vertex 17.4391 20.1862 3.2
      vertex 15.922 20.9055 3.2
    endloop
  endfacet
  facet normal 0 0 1
    outer loop
      vertex 17.4132 19.8897 3.2
      vertex 16.8887 17.8689 3.2
      vertex 17.0653 17.8238 3.2
    endloop
  endfacet
  facet normal -0 0 1
    outer loop
      vertex 15.757 20.5703 3.2
      vertex 17.4391 20.1862 3.2
      vertex 15.8312 20.7439 3.2
    endloop
  endfacet
  facet normal 0 -0 1
    outer loop
      vertex 15.7311 18.9983 3.2
      vertex 17.4132 19.8897 3.2
      vertex 15.6846 19.1719 3.2
    endloop
  endfacet
  facet normal 0 0 1
    outer loop
      vertex 17.4132 19.8897 3.2
      vertex 16.7226 17.9268 3.2
      vertex 16.8887 17.8689 3.2
    endloop
  endfacet
  facet normal 0 0 1
    outer loop
      vertex 17.4391 20.1862 3.2
      vertex 15.757 20.5703 3.2
      vertex 17.4278 20.1175 3.2
    endloop
  endfacet
  facet normal 0 0 1
    outer loop
      vertex 17.4132 19.8897 3.2
      vertex 16.5669 17.9977 3.2
      vertex 16.7226 17.9268 3.2
    endloop
  endfacet
  facet normal -0 0 1
    outer loop
      vertex 15.6992 20.3847 3.2
      vertex 17.4278 20.1175 3.2
      vertex 15.757 20.5703 3.2
    endloop
  endfacet
  facet normal 0 0 1
    outer loop
      vertex 17.4132 19.8897 3.2
      vertex 16.2865 18.1781 3.2
      vertex 16.4215 18.0815 3.2
    endloop
  endfacet
  facet normal 0 0 1
    outer loop
      vertex 17.4278 20.1175 3.2
      vertex 15.6992 20.3847 3.2
      vertex 17.4197 20.0452 3.2
    endloop
  endfacet
  facet normal 0 0 1
    outer loop
      vertex 17.4132 19.8897 3.2
      vertex 16.162 18.2876 3.2
      vertex 16.2865 18.1781 3.2
    endloop
  endfacet
  facet normal -0 0 1
    outer loop
      vertex 15.658 20.187 3.2
      vertex 17.4197 20.0452 3.2
      vertex 15.6992 20.3847 3.2
    endloop
  endfacet
  facet normal 0 0 1
    outer loop
      vertex 17.4132 19.8897 3.2
      vertex 16.0493 18.4088 3.2
      vertex 16.162 18.2876 3.2
    endloop
  endfacet
  facet normal 0 0 1
    outer loop
      vertex 17.4197 20.0452 3.2
      vertex 15.658 20.187 3.2
      vertex 17.4148 19.9692 3.2
    endloop
  endfacet
  facet normal 0 0 1
    outer loop
      vertex 17.4132 19.8897 3.2
      vertex 15.9498 18.5405 3.2
      vertex 16.0493 18.4088 3.2
    endloop
  endfacet
  facet normal -0 0 1
    outer loop
      vertex 15.6332 19.9772 3.2
      vertex 17.4148 19.9692 3.2
      vertex 15.658 20.187 3.2
    endloop
  endfacet
  facet normal 0 0 1
    outer loop
      vertex 17.4132 19.8897 3.2
      vertex 15.7311 18.9983 3.2
      vertex 15.7907 18.8352 3.2
    endloop
  endfacet
  facet normal 0 0 1
    outer loop
      vertex 17.4148 19.9692 3.2
      vertex 15.6332 19.9772 3.2
      vertex 17.4132 19.8897 3.2
    endloop
  endfacet
  facet normal 0 0 1
    outer loop
      vertex 17.4132 19.8897 3.2
      vertex 15.7907 18.8352 3.2
      vertex 15.8637 18.6826 3.2
    endloop
  endfacet
  facet normal 0 0 1
    outer loop
      vertex 17.4132 19.8897 3.2
      vertex 15.6332 19.9772 3.2
      vertex 15.625 19.7554 3.2
    endloop
  endfacet
  facet normal 0 0 1
    outer loop
      vertex 17.4132 19.8897 3.2
      vertex 15.8637 18.6826 3.2
      vertex 15.9498 18.5405 3.2
    endloop
  endfacet
  facet normal 0 0 1
    outer loop
      vertex 17.4132 19.8897 3.2
      vertex 16.4215 18.0815 3.2
      vertex 16.5669 17.9977 3.2
    endloop
  endfacet
  facet normal 0 0 1
    outer loop
      vertex 21.4668 19.1259 3.2
      vertex 20.0579 18.3767 3.2
      vertex 20.1111 18.2878 3.2
    endloop
  endfacet
  facet normal 0 0 1
    outer loop
      vertex 21.523 19.0307 3.2
      vertex 20.7974 17.8498 3.2
      vertex 20.9202 17.8302 3.2
    endloop
  endfacet
  facet normal 0 0 1
    outer loop
      vertex 21.557 18.9917 3.2
      vertex 21.0514 17.8185 3.2
      vertex 21.191 17.8146 3.2
    endloop
  endfacet
  facet normal -0 0 1
    outer loop
      vertex 19.6156 20.2337 3.2
      vertex 21.368 19.8408 3.2
      vertex 19.632 20.326 3.2
    endloop
  endfacet
  facet normal -0 0 1
    outer loop
      vertex 19.5946 20.1425 3.2
      vertex 21.368 19.8408 3.2
      vertex 19.6156 20.2337 3.2
    endloop
  endfacet
  facet normal -0 0 1
    outer loop
      vertex 19.5689 20.0524 3.2
      vertex 21.368 19.8408 3.2
      vertex 19.5946 20.1425 3.2
    endloop
  endfacet
  facet normal 0 0 1
    outer loop
      vertex 21.368 19.8408 3.2
      vertex 19.5689 20.0524 3.2
      vertex 19.8666 19.0657 3.2
    endloop
  endfacet
  facet normal -0 0 1
    outer loop
      vertex 19.5386 19.9635 3.2
      vertex 19.8666 19.0657 3.2
      vertex 19.5689 20.0524 3.2
    endloop
  endfacet
  facet normal -0 0 1
    outer loop
      vertex 19.5035 19.8757 3.2
      vertex 19.8666 19.0657 3.2
      vertex 19.5386 19.9635 3.2
    endloop
  endfacet
  facet normal -0 0 1
    outer loop
      vertex 19.4638 19.789 3.2
      vertex 19.8666 19.0657 3.2
      vertex 19.5035 19.8757 3.2
    endloop
  endfacet
  facet normal -0 0 1
    outer loop
      vertex 19.42 19.7049 3.2
      vertex 19.8666 19.0657 3.2
      vertex 19.4638 19.789 3.2
    endloop
  endfacet
  facet normal 0 0 1
    outer loop
      vertex 19.8666 19.0657 3.2
      vertex 19.42 19.7049 3.2
      vertex 19.83 19.0657 3.2
    endloop
  endfacet
  facet normal -0 0 1
    outer loop
      vertex 19.3727 19.625 3.2
      vertex 19.83 19.0657 3.2
      vertex 19.42 19.7049 3.2
    endloop
  endfacet
  facet normal -0 0 1
    outer loop
      vertex 19.3218 19.5493 3.2
      vertex 19.83 19.0657 3.2
      vertex 19.3727 19.625 3.2
    endloop
  endfacet
  facet normal -0 0 1
    outer loop
      vertex 19.2673 19.4776 3.2
      vertex 19.83 19.0657 3.2
      vertex 19.3218 19.5493 3.2
    endloop
  endfacet
  facet normal -0 0 1
    outer loop
      vertex 19.2094 19.4102 3.2
      vertex 19.83 19.0657 3.2
      vertex 19.2673 19.4776 3.2
    endloop
  endfacet
  facet normal 0 0 1
    outer loop
      vertex 19.83 19.0657 3.2
      vertex 19.2094 19.4102 3.2
      vertex 19.661 18.7929 3.2
    endloop
  endfacet
  facet normal -0 0 1
    outer loop
      vertex 19.1478 19.3468 3.2
      vertex 19.661 18.7929 3.2
      vertex 19.2094 19.4102 3.2
    endloop
  endfacet
  facet normal -0 0 1
    outer loop
      vertex 19.0828 19.2876 3.2
      vertex 19.661 18.7929 3.2
      vertex 19.1478 19.3468 3.2
    endloop
  endfacet
  facet normal -0 0 1
    outer loop
      vertex 19.0142 19.2326 3.2
      vertex 19.661 18.7929 3.2
      vertex 19.0828 19.2876 3.2
    endloop
  endfacet
  facet normal 0 0 1
    outer loop
      vertex 19.661 18.7929 3.2
      vertex 19.0142 19.2326 3.2
      vertex 19.4738 18.5522 3.2
    endloop
  endfacet
  facet normal -0 0 1
    outer loop
      vertex 18.942 19.1817 3.2
      vertex 19.4738 18.5522 3.2
      vertex 19.0142 19.2326 3.2
    endloop
  endfacet
  facet normal -0 0 1
    outer loop
      vertex 18.8672 19.1356 3.2
      vertex 19.4738 18.5522 3.2
      vertex 18.942 19.1817 3.2
    endloop
  endfacet
  facet normal 0 0 1
    outer loop
      vertex 19.4738 18.5522 3.2
      vertex 18.8672 19.1356 3.2
      vertex 19.2685 18.3435 3.2
    endloop
  endfacet
  facet normal -0 0 1
    outer loop
      vertex 18.7907 19.0949 3.2
      vertex 19.2685 18.3435 3.2
      vertex 18.8672 19.1356 3.2
    endloop
  endfacet
  facet normal -0 0 1
    outer loop
      vertex 18.7125 19.0596 3.2
      vertex 19.2685 18.3435 3.2
      vertex 18.7907 19.0949 3.2
    endloop
  endfacet
  facet normal 0 0 1
    outer loop
      vertex 19.2685 18.3435 3.2
      vertex 18.7125 19.0596 3.2
      vertex 19.0452 18.167 3.2
    endloop
  endfacet
  facet normal -0 0 1
    outer loop
      vertex 18.6325 19.0298 3.2
      vertex 19.0452 18.167 3.2
      vertex 18.7125 19.0596 3.2
    endloop
  endfacet
  facet normal -0 0 1
    outer loop
      vertex 18.5507 19.0054 3.2
      vertex 19.0452 18.167 3.2
      vertex 18.6325 19.0298 3.2
    endloop
  endfacet
  facet normal 0 0 1
    outer loop
      vertex 19.0452 18.167 3.2
      vertex 18.5507 19.0054 3.2
      vertex 18.8038 18.0226 3.2
    endloop
  endfacet
  facet normal -0 0 1
    outer loop
      vertex 18.4673 18.9864 3.2
      vertex 18.8038 18.0226 3.2
      vertex 18.5507 19.0054 3.2
    endloop
  endfacet
  facet normal -0 0 1
    outer loop
      vertex 18.3821 18.9728 3.2
      vertex 18.8038 18.0226 3.2
      vertex 18.4673 18.9864 3.2
    endloop
  endfacet
  facet normal 0 0 1
    outer loop
      vertex 18.8038 18.0226 3.2
      vertex 18.3821 18.9728 3.2
      vertex 18.5443 17.9102 3.2
    endloop
  endfacet
  facet normal -0 0 1
    outer loop
      vertex 18.2952 18.9647 3.2
      vertex 18.5443 17.9102 3.2
      vertex 18.3821 18.9728 3.2
    endloop
  endfacet
  facet normal -0 0 1
    outer loop
      vertex 18.2065 18.962 3.2
      vertex 18.5443 17.9102 3.2
      vertex 18.2952 18.9647 3.2
    endloop
  endfacet
  facet normal 0 0 1
    outer loop
      vertex 18.5443 17.9102 3.2
      vertex 18.2065 18.962 3.2
      vertex 18.2667 17.83 3.2
    endloop
  endfacet
  facet normal 0 0 1
    outer loop
      vertex 18.1283 18.9648 3.2
      vertex 18.2667 17.83 3.2
      vertex 18.2065 18.962 3.2
    endloop
  endfacet
  facet normal 0 0 1
    outer loop
      vertex 18.0536 18.9733 3.2
      vertex 18.2667 17.83 3.2
      vertex 18.1283 18.9648 3.2
    endloop
  endfacet
  facet normal 0 0 1
    outer loop
      vertex 17.971 17.7818 3.2
      vertex 18.0536 18.9733 3.2
      vertex 17.9824 18.9874 3.2
    endloop
  endfacet
  facet normal 0 0 1
    outer loop
      vertex 18.0536 18.9733 3.2
      vertex 17.971 17.7818 3.2
      vertex 18.2667 17.83 3.2
    endloop
  endfacet
  facet normal 0 0 1
    outer loop
      vertex 17.6573 17.7658 3.2
      vertex 17.9824 18.9874 3.2
      vertex 17.9148 19.0072 3.2
    endloop
  endfacet
  facet normal 0 0 1
    outer loop
      vertex 17.6573 17.7658 3.2
      vertex 17.9148 19.0072 3.2
      vertex 17.8508 19.0326 3.2
    endloop
  endfacet
  facet normal 0 0 1
    outer loop
      vertex 17.4495 17.7722 3.2
      vertex 17.8508 19.0326 3.2
      vertex 17.7902 19.0637 3.2
    endloop
  endfacet
  facet normal 0 0 1
    outer loop
      vertex 17.2522 17.7915 3.2
      vertex 17.7902 19.0637 3.2
      vertex 17.7332 19.1004 3.2
    endloop
  endfacet
  facet normal 0 0 1
    outer loop
      vertex 17.2522 17.7915 3.2
      vertex 17.7332 19.1004 3.2
      vertex 17.6797 19.1428 3.2
    endloop
  endfacet
  facet normal 0 0 1
    outer loop
      vertex 17.9824 18.9874 3.2
      vertex 17.6573 17.7658 3.2
      vertex 17.971 17.7818 3.2
    endloop
  endfacet
  facet normal 0 0 1
    outer loop
      vertex 17.2522 17.7915 3.2
      vertex 17.6797 19.1428 3.2
      vertex 17.6298 19.1908 3.2
    endloop
  endfacet
  facet normal 0 0 1
    outer loop
      vertex 17.2522 17.7915 3.2
      vertex 17.6298 19.1908 3.2
      vertex 17.5843 19.2447 3.2
    endloop
  endfacet
  facet normal 0 0 1
    outer loop
      vertex 17.2522 17.7915 3.2
      vertex 17.5843 19.2447 3.2
      vertex 17.5442 19.3045 3.2
    endloop
  endfacet
  facet normal 0 0 1
    outer loop
      vertex 17.2522 17.7915 3.2
      vertex 17.5442 19.3045 3.2
      vertex 17.5095 19.3702 3.2
    endloop
  endfacet
  facet normal 0 0 1
    outer loop
      vertex 17.2522 17.7915 3.2
      vertex 17.5095 19.3702 3.2
      vertex 17.48 19.4419 3.2
    endloop
  endfacet
  facet normal 0 0 1
    outer loop
      vertex 17.2522 17.7915 3.2
      vertex 17.48 19.4419 3.2
      vertex 17.456 19.5196 3.2
    endloop
  endfacet
  facet normal 0 0 1
    outer loop
      vertex 17.8508 19.0326 3.2
      vertex 17.4495 17.7722 3.2
      vertex 17.6573 17.7658 3.2
    endloop
  endfacet
  facet normal 0 0 1
    outer loop
      vertex 17.2522 17.7915 3.2
      vertex 17.456 19.5196 3.2
      vertex 17.4372 19.6032 3.2
    endloop
  endfacet
  facet normal 0 0 1
    outer loop
      vertex 17.2522 17.7915 3.2
      vertex 17.4372 19.6032 3.2
      vertex 17.4239 19.6927 3.2
    endloop
  endfacet
  facet normal 0 0 1
    outer loop
      vertex 17.2522 17.7915 3.2
      vertex 17.4239 19.6927 3.2
      vertex 17.4159 19.7882 3.2
    endloop
  endfacet
  facet normal 0 0 1
    outer loop
      vertex 17.2522 17.7915 3.2
      vertex 17.4159 19.7882 3.2
      vertex 17.4132 19.8897 3.2
    endloop
  endfacet
  facet normal 0 0 1
    outer loop
      vertex 17.7902 19.0637 3.2
      vertex 17.2522 17.7915 3.2
      vertex 17.4495 17.7722 3.2
    endloop
  endfacet
  facet normal -0 0 1
    outer loop
      vertex 39.8779 24.4914 3.2
      vertex 41.593 17.8878 3.2
      vertex 41.593 24.4914 3.2
    endloop
  endfacet
  facet normal 0 0 1
    outer loop
      vertex 41.593 17.8878 3.2
      vertex 39.8779 24.4914 3.2
      vertex 39.8779 17.8878 3.2
    endloop
  endfacet
  facet normal 0 -1 0
    outer loop
      vertex 39.8779 26.9449 3.2
      vertex 41.593 26.9449 3.7
      vertex 39.8779 26.9449 3.7
    endloop
  endfacet
  facet normal 0 -1 -0
    outer loop
      vertex 41.593 26.9449 3.7
      vertex 39.8779 26.9449 3.2
      vertex 41.593 26.9449 3.2
    endloop
  endfacet
  facet normal 1 -0 0
    outer loop
      vertex 39.8779 25.6815 3.7
      vertex 39.8779 26.9449 3.2
      vertex 39.8779 26.9449 3.7
    endloop
  endfacet
  facet normal 1 0 0
    outer loop
      vertex 39.8779 26.9449 3.2
      vertex 39.8779 25.6815 3.7
      vertex 39.8779 25.6815 3.2
    endloop
  endfacet
  facet normal 0 1 -0
    outer loop
      vertex 41.593 25.6815 3.2
      vertex 39.8779 25.6815 3.7
      vertex 41.593 25.6815 3.7
    endloop
  endfacet
  facet normal 0 1 0
    outer loop
      vertex 39.8779 25.6815 3.7
      vertex 41.593 25.6815 3.2
      vertex 39.8779 25.6815 3.2
    endloop
  endfacet
  facet normal -1 0 0
    outer loop
      vertex 41.593 25.6815 3.2
      vertex 41.593 26.9449 3.7
      vertex 41.593 26.9449 3.2
    endloop
  endfacet
  facet normal -1 -0 0
    outer loop
      vertex 41.593 26.9449 3.7
      vertex 41.593 25.6815 3.2
      vertex 41.593 25.6815 3.7
    endloop
  endfacet
  facet normal -0.999969 -0.00792927 0
    outer loop
      vertex 7.52529 23.0999 3.2
      vertex 7.52439 23.2134 3.7
      vertex 7.52439 23.2134 3.2
    endloop
  endfacet
  facet normal -0.999969 -0.00792927 0
    outer loop
      vertex 7.52439 23.2134 3.7
      vertex 7.52529 23.0999 3.2
      vertex 7.52529 23.0999 3.7
    endloop
  endfacet
  facet normal -0.999804 -0.0198212 0
    outer loop
      vertex 7.52439 23.2134 3.2
      vertex 7.52167 23.3506 3.7
      vertex 7.52167 23.3506 3.2
    endloop
  endfacet
  facet normal -0.999804 -0.0198212 0
    outer loop
      vertex 7.52167 23.3506 3.7
      vertex 7.52439 23.2134 3.2
      vertex 7.52439 23.2134 3.7
    endloop
  endfacet
  facet normal -0.999606 -0.0280809 0
    outer loop
      vertex 7.52167 23.3506 3.2
      vertex 7.51715 23.5115 3.7
      vertex 7.51715 23.5115 3.2
    endloop
  endfacet
  facet normal -0.999606 -0.0280809 0
    outer loop
      vertex 7.51715 23.5115 3.7
      vertex 7.52167 23.3506 3.2
      vertex 7.52167 23.3506 3.7
    endloop
  endfacet
  facet normal -0.999412 -0.0342888 0
    outer loop
      vertex 7.51715 23.5115 3.2
      vertex 7.51082 23.696 3.7
      vertex 7.51082 23.696 3.2
    endloop
  endfacet
  facet normal -0.999412 -0.0342888 0
    outer loop
      vertex 7.51082 23.696 3.7
      vertex 7.51715 23.5115 3.2
      vertex 7.51715 23.5115 3.7
    endloop
  endfacet
  facet normal -0.999238 -0.0390193 0
    outer loop
      vertex 7.51082 23.696 3.2
      vertex 7.50269 23.9042 3.7
      vertex 7.50269 23.9042 3.2
    endloop
  endfacet
  facet normal -0.999238 -0.0390193 0
    outer loop
      vertex 7.50269 23.9042 3.7
      vertex 7.51082 23.696 3.2
      vertex 7.51082 23.696 3.7
    endloop
  endfacet
  facet normal -0.99908 -0.0428854 0
    outer loop
      vertex 7.50269 23.9042 3.2
      vertex 7.49274 24.136 3.7
      vertex 7.49274 24.136 3.2
    endloop
  endfacet
  facet normal -0.99908 -0.0428854 0
    outer loop
      vertex 7.49274 24.136 3.7
      vertex 7.50269 23.9042 3.2
      vertex 7.50269 23.9042 3.7
    endloop
  endfacet
  facet normal -0.998942 -0.0459787 0
    outer loop
      vertex 7.49274 24.136 3.2
      vertex 7.48098 24.3915 3.7
      vertex 7.48098 24.3915 3.2
    endloop
  endfacet
  facet normal -0.998942 -0.0459787 0
    outer loop
      vertex 7.48098 24.3915 3.7
      vertex 7.49274 24.136 3.2
      vertex 7.49274 24.136 3.7
    endloop
  endfacet
  facet normal -0.998821 -0.0485458 0
    outer loop
      vertex 7.48098 24.3915 3.2
      vertex 7.46741 24.6707 3.7
      vertex 7.46741 24.6707 3.2
    endloop
  endfacet
  facet normal -0.998821 -0.0485458 0
    outer loop
      vertex 7.46741 24.6707 3.7
      vertex 7.48098 24.3915 3.2
      vertex 7.48098 24.3915 3.7
    endloop
  endfacet
  facet normal -0.998713 -0.0507272 0
    outer loop
      vertex 7.46741 24.6707 3.2
      vertex 7.45203 24.9735 3.7
      vertex 7.45203 24.9735 3.2
    endloop
  endfacet
  facet normal -0.998713 -0.0507272 0
    outer loop
      vertex 7.45203 24.9735 3.7
      vertex 7.46741 24.6707 3.2
      vertex 7.46741 24.6707 3.7
    endloop
  endfacet
  facet normal 0.961618 0.274393 0
    outer loop
      vertex 8.10507 22.6849 3.7
      vertex 7.45203 24.9735 3.2
      vertex 7.45203 24.9735 3.7
    endloop
  endfacet
  facet normal 0.961618 0.274393 0
    outer loop
      vertex 7.45203 24.9735 3.2
      vertex 8.10507 22.6849 3.7
      vertex 8.10507 22.6849 3.2
    endloop
  endfacet
  facet normal 0.951546 0.307506 0
    outer loop
      vertex 9.65532 17.8878 3.7
      vertex 8.10507 22.6849 3.2
      vertex 8.10507 22.6849 3.7
    endloop
  endfacet
  facet normal 0.951546 0.307506 0
    outer loop
      vertex 8.10507 22.6849 3.2
      vertex 9.65532 17.8878 3.7
      vertex 9.65532 17.8878 3.2
    endloop
  endfacet
  facet normal 0 1 -0
    outer loop
      vertex 10.9369 17.8878 3.2
      vertex 9.65532 17.8878 3.7
      vertex 10.9369 17.8878 3.7
    endloop
  endfacet
  facet normal 0 1 0
    outer loop
      vertex 9.65532 17.8878 3.7
      vertex 10.9369 17.8878 3.2
      vertex 9.65532 17.8878 3.2
    endloop
  endfacet
  facet normal -0.951543 0.307514 0
    outer loop
      vertex 10.9369 17.8878 3.2
      vertex 12.4872 22.6849 3.7
      vertex 12.4872 22.6849 3.2
    endloop
  endfacet
  facet normal -0.951543 0.307514 0
    outer loop
      vertex 12.4872 22.6849 3.7
      vertex 10.9369 17.8878 3.2
      vertex 10.9369 17.8878 3.7
    endloop
  endfacet
  facet normal -0.954218 0.299111 0
    outer loop
      vertex 12.4872 22.6849 3.2
      vertex 12.5361 22.8409 3.7
      vertex 12.5361 22.8409 3.2
    endloop
  endfacet
  facet normal -0.954218 0.299111 0
    outer loop
      vertex 12.5361 22.8409 3.7
      vertex 12.4872 22.6849 3.2
      vertex 12.4872 22.6849 3.7
    endloop
  endfacet
  facet normal -0.957505 0.288418 0
    outer loop
      vertex 12.5361 22.8409 3.2
      vertex 12.5905 23.0215 3.7
      vertex 12.5905 23.0215 3.2
    endloop
  endfacet
  facet normal -0.957505 0.288418 0
    outer loop
      vertex 12.5905 23.0215 3.7
      vertex 12.5361 22.8409 3.2
      vertex 12.5361 22.8409 3.7
    endloop
  endfacet
  facet normal -0.959685 0.281077 0
    outer loop
      vertex 12.5905 23.0215 3.2
      vertex 12.6506 23.2267 3.7
      vertex 12.6506 23.2267 3.2
    endloop
  endfacet
  facet normal -0.959685 0.281077 0
    outer loop
      vertex 12.6506 23.2267 3.7
      vertex 12.5905 23.0215 3.2
      vertex 12.5905 23.0215 3.7
    endloop
  endfacet
  facet normal -0.961556 0.274611 0
    outer loop
      vertex 12.6506 23.2267 3.2
      vertex 12.7162 23.4564 3.7
      vertex 12.7162 23.4564 3.2
    endloop
  endfacet
  facet normal -0.961556 0.274611 0
    outer loop
      vertex 12.7162 23.4564 3.7
      vertex 12.6506 23.2267 3.2
      vertex 12.6506 23.2267 3.7
    endloop
  endfacet
  facet normal -0.962968 0.269616 0
    outer loop
      vertex 12.7162 23.4564 3.2
      vertex 12.7874 23.7107 3.7
      vertex 12.7874 23.7107 3.2
    endloop
  endfacet
  facet normal -0.962968 0.269616 0
    outer loop
      vertex 12.7874 23.7107 3.7
      vertex 12.7162 23.4564 3.2
      vertex 12.7162 23.4564 3.7
    endloop
  endfacet
  facet normal -0.964115 0.265486 0
    outer loop
      vertex 12.7874 23.7107 3.2
      vertex 12.8642 23.9896 3.7
      vertex 12.8642 23.9896 3.2
    endloop
  endfacet
  facet normal -0.964115 0.265486 0
    outer loop
      vertex 12.8642 23.9896 3.7
      vertex 12.7874 23.7107 3.2
      vertex 12.7874 23.7107 3.7
    endloop
  endfacet
  facet normal -0.965123 0.261798 0
    outer loop
      vertex 12.8642 23.9896 3.2
      vertex 12.9465 24.293 3.7
      vertex 12.9465 24.293 3.2
    endloop
  endfacet
  facet normal -0.965123 0.261798 0
    outer loop
      vertex 12.9465 24.293 3.7
      vertex 12.8642 23.9896 3.2
      vertex 12.8642 23.9896 3.7
    endloop
  endfacet
  facet normal -0.965843 0.259129 0
    outer loop
      vertex 12.9465 24.293 3.2
      vertex 13.0345 24.621 3.7
      vertex 13.0345 24.621 3.2
    endloop
  endfacet
  facet normal -0.965843 0.259129 0
    outer loop
      vertex 13.0345 24.621 3.7
      vertex 12.9465 24.293 3.2
      vertex 12.9465 24.293 3.7
    endloop
  endfacet
  facet normal -0.966575 0.256382 0
    outer loop
      vertex 13.0345 24.621 3.2
      vertex 13.128 24.9735 3.7
      vertex 13.128 24.9735 3.2
    endloop
  endfacet
  facet normal -0.966575 0.256382 0
    outer loop
      vertex 13.128 24.9735 3.7
      vertex 13.0345 24.621 3.2
      vertex 13.0345 24.621 3.7
    endloop
  endfacet
  facet normal 0.999167 -0.040811 0
    outer loop
      vertex 13.1164 24.6895 3.7
      vertex 13.128 24.9735 3.2
      vertex 13.128 24.9735 3.7
    endloop
  endfacet
  facet normal 0.999167 -0.040811 0
    outer loop
      vertex 13.128 24.9735 3.2
      vertex 13.1164 24.6895 3.7
      vertex 13.1164 24.6895 3.2
    endloop
  endfacet
  facet normal 0.999187 -0.0403277 0
    outer loop
      vertex 13.1061 24.4343 3.7
      vertex 13.1164 24.6895 3.2
      vertex 13.1164 24.6895 3.7
    endloop
  endfacet
  facet normal 0.999187 -0.0403277 0
    outer loop
      vertex 13.1164 24.6895 3.2
      vertex 13.1061 24.4343 3.7
      vertex 13.1061 24.4343 3.2
    endloop
  endfacet
  facet normal 0.999211 -0.0397213 0
    outer loop
      vertex 13.0971 24.2079 3.7
      vertex 13.1061 24.4343 3.2
      vertex 13.1061 24.4343 3.7
    endloop
  endfacet
  facet normal 0.999211 -0.0397213 0
    outer loop
      vertex 13.1061 24.4343 3.2
      vertex 13.0971 24.2079 3.7
      vertex 13.0971 24.2079 3.2
    endloop
  endfacet
  facet normal 0.999242 -0.0389381 0
    outer loop
      vertex 13.0894 24.0103 3.7
      vertex 13.0971 24.2079 3.2
      vertex 13.0971 24.2079 3.7
    endloop
  endfacet
  facet normal 0.999242 -0.0389381 0
    outer loop
      vertex 13.0971 24.2079 3.2
      vertex 13.0894 24.0103 3.7
      vertex 13.0894 24.0103 3.2
    endloop
  endfacet
  facet normal 0.999282 -0.0378875 0
    outer loop
      vertex 13.083 23.8415 3.7
      vertex 13.0894 24.0103 3.2
      vertex 13.0894 24.0103 3.7
    endloop
  endfacet
  facet normal 0.999282 -0.0378875 0
    outer loop
      vertex 13.0894 24.0103 3.2
      vertex 13.083 23.8415 3.7
      vertex 13.083 23.8415 3.2
    endloop
  endfacet
  facet normal 0.999312 -0.0370908 0
    outer loop
      vertex 13.0778 23.7014 3.7
      vertex 13.083 23.8415 3.2
      vertex 13.083 23.8415 3.7
    endloop
  endfacet
  facet normal 0.999312 -0.0370908 0
    outer loop
      vertex 13.083 23.8415 3.2
      vertex 13.0778 23.7014 3.7
      vertex 13.0778 23.7014 3.2
    endloop
  endfacet
  facet normal 0.999387 -0.0350189 0
    outer loop
      vertex 13.0739 23.5901 3.7
      vertex 13.0778 23.7014 3.2
      vertex 13.0778 23.7014 3.7
    endloop
  endfacet
  facet normal 0.999387 -0.0350189 0
    outer loop
      vertex 13.0778 23.7014 3.2
      vertex 13.0739 23.5901 3.7
      vertex 13.0739 23.5901 3.2
    endloop
  endfacet
  facet normal 0.999504 -0.0314995 0
    outer loop
      vertex 13.0713 23.5076 3.7
      vertex 13.0739 23.5901 3.2
      vertex 13.0739 23.5901 3.7
    endloop
  endfacet
  facet normal 0.999504 -0.0314995 0
    outer loop
      vertex 13.0739 23.5901 3.2
      vertex 13.0713 23.5076 3.7
      vertex 13.0713 23.5076 3.2
    endloop
  endfacet
  facet normal 0.999707 -0.0242015 0
    outer loop
      vertex 13.07 23.4539 3.7
      vertex 13.0713 23.5076 3.2
      vertex 13.0713 23.5076 3.7
    endloop
  endfacet
  facet normal 0.999707 -0.0242015 0
    outer loop
      vertex 13.0713 23.5076 3.2
      vertex 13.07 23.4539 3.7
      vertex 13.07 23.4539 3.2
    endloop
  endfacet
  facet normal 0.999884 -0.0152267 0
    outer loop
      vertex 13.0694 23.4145 3.7
      vertex 13.07 23.4539 3.2
      vertex 13.07 23.4539 3.7
    endloop
  endfacet
  facet normal 0.999884 -0.0152267 0
    outer loop
      vertex 13.07 23.4539 3.2
      vertex 13.0694 23.4145 3.7
      vertex 13.0694 23.4145 3.2
    endloop
  endfacet
  facet normal 0.999883 -0.0152654 0
    outer loop
      vertex 13.0688 23.3752 3.7
      vertex 13.0694 23.4145 3.2
      vertex 13.0694 23.4145 3.7
    endloop
  endfacet
  facet normal 0.999883 -0.0152654 0
    outer loop
      vertex 13.0694 23.4145 3.2
      vertex 13.0688 23.3752 3.7
      vertex 13.0688 23.3752 3.2
    endloop
  endfacet
  facet normal 0.999919 -0.0126893 0
    outer loop
      vertex 13.0683 23.3358 3.7
      vertex 13.0688 23.3752 3.2
      vertex 13.0688 23.3752 3.7
    endloop
  endfacet
  facet normal 0.999919 -0.0126893 0
    outer loop
      vertex 13.0688 23.3752 3.2
      vertex 13.0683 23.3358 3.7
      vertex 13.0683 23.3358 3.2
    endloop
  endfacet
  facet normal 0.999948 -0.0101776 0
    outer loop
      vertex 13.0679 23.2965 3.7
      vertex 13.0683 23.3358 3.2
      vertex 13.0683 23.3358 3.7
    endloop
  endfacet
  facet normal 0.999948 -0.0101776 0
    outer loop
      vertex 13.0683 23.3358 3.2
      vertex 13.0679 23.2965 3.7
      vertex 13.0679 23.2965 3.2
    endloop
  endfacet
  facet normal 0.999971 -0.00763337 0
    outer loop
      vertex 13.0676 23.2572 3.7
      vertex 13.0679 23.2965 3.2
      vertex 13.0679 23.2965 3.7
    endloop
  endfacet
  facet normal 0.999971 -0.00763337 0
    outer loop
      vertex 13.0679 23.2965 3.2
      vertex 13.0676 23.2572 3.7
      vertex 13.0676 23.2572 3.2
    endloop
  endfacet
  facet normal 0.999971 -0.00761399 0
    outer loop
      vertex 13.0673 23.2178 3.7
      vertex 13.0676 23.2572 3.2
      vertex 13.0676 23.2572 3.7
    endloop
  endfacet
  facet normal 0.999971 -0.00761399 0
    outer loop
      vertex 13.0676 23.2572 3.2
      vertex 13.0673 23.2178 3.7
      vertex 13.0673 23.2178 3.2
    endloop
  endfacet
  facet normal 0.999987 -0.00508899 0
    outer loop
      vertex 13.0671 23.1785 3.7
      vertex 13.0673 23.2178 3.2
      vertex 13.0673 23.2178 3.7
    endloop
  endfacet
  facet normal 0.999987 -0.00508899 0
    outer loop
      vertex 13.0673 23.2178 3.2
      vertex 13.0671 23.1785 3.7
      vertex 13.0671 23.1785 3.2
    endloop
  endfacet
  facet normal 0.999997 -0.00254452 0
    outer loop
      vertex 13.067 23.1392 3.7
      vertex 13.0671 23.1785 3.2
      vertex 13.0671 23.1785 3.7
    endloop
  endfacet
  facet normal 0.999997 -0.00254452 0
    outer loop
      vertex 13.0671 23.1785 3.2
      vertex 13.067 23.1392 3.7
      vertex 13.067 23.1392 3.2
    endloop
  endfacet
  facet normal 1 -0 0
    outer loop
      vertex 13.067 23.0999 3.7
      vertex 13.067 23.1392 3.2
      vertex 13.067 23.1392 3.7
    endloop
  endfacet
  facet normal 1 0 0
    outer loop
      vertex 13.067 23.1392 3.2
      vertex 13.067 23.0999 3.7
      vertex 13.067 23.0999 3.2
    endloop
  endfacet
  facet normal 1 -0 0
    outer loop
      vertex 13.067 17.8878 3.7
      vertex 13.067 23.0999 3.2
      vertex 13.067 23.0999 3.7
    endloop
  endfacet
  facet normal 1 0 0
    outer loop
      vertex 13.067 23.0999 3.2
      vertex 13.067 17.8878 3.7
      vertex 13.067 17.8878 3.2
    endloop
  endfacet
  facet normal 0 1 -0
    outer loop
      vertex 14.666 17.8878 3.2
      vertex 13.067 17.8878 3.7
      vertex 14.666 17.8878 3.7
    endloop
  endfacet
  facet normal 0 1 0
    outer loop
      vertex 13.067 17.8878 3.7
      vertex 14.666 17.8878 3.2
      vertex 13.067 17.8878 3.2
    endloop
  endfacet
  facet normal -1 0 0
    outer loop
      vertex 14.666 17.8878 3.2
      vertex 14.666 26.4871 3.7
      vertex 14.666 26.4871 3.2
    endloop
  endfacet
  facet normal -1 -0 0
    outer loop
      vertex 14.666 26.4871 3.7
      vertex 14.666 17.8878 3.2
      vertex 14.666 17.8878 3.7
    endloop
  endfacet
  facet normal 0 -1 0
    outer loop
      vertex 12.2675 26.4871 3.2
      vertex 14.666 26.4871 3.7
      vertex 12.2675 26.4871 3.7
    endloop
  endfacet
  facet normal 0 -1 -0
    outer loop
      vertex 14.666 26.4871 3.7
      vertex 12.2675 26.4871 3.2
      vertex 14.666 26.4871 3.2
    endloop
  endfacet
  facet normal 0.95429 -0.298881 0
    outer loop
      vertex 10.6867 21.4398 3.7
      vertex 12.2675 26.4871 3.2
      vertex 12.2675 26.4871 3.7
    endloop
  endfacet
  facet normal 0.95429 -0.298881 0
    outer loop
      vertex 12.2675 26.4871 3.2
      vertex 10.6867 21.4398 3.7
      vertex 10.6867 21.4398 3.2
    endloop
  endfacet
  facet normal 0.963272 -0.268526 0
    outer loop
      vertex 10.3022 20.0605 3.7
      vertex 10.6867 21.4398 3.2
      vertex 10.6867 21.4398 3.7
    endloop
  endfacet
  facet normal 0.963272 -0.268526 0
    outer loop
      vertex 10.6867 21.4398 3.2
      vertex 10.3022 20.0605 3.7
      vertex 10.3022 20.0605 3.2
    endloop
  endfacet
  facet normal -0.969241 -0.246112 0
    outer loop
      vertex 10.3022 20.0605 3.2
      vertex 10.0093 21.214 3.7
      vertex 10.0093 21.214 3.2
    endloop
  endfacet
  facet normal -0.969241 -0.246112 0
    outer loop
      vertex 10.0093 21.214 3.7
      vertex 10.3022 20.0605 3.2
      vertex 10.3022 20.0605 3.7
    endloop
  endfacet
  facet normal -0.960568 -0.278045 0
    outer loop
      vertex 10.0093 21.214 3.2
      vertex 9.87502 21.6779 3.7
      vertex 9.87502 21.6779 3.2
    endloop
  endfacet
  facet normal -0.960568 -0.278045 0
    outer loop
      vertex 9.87502 21.6779 3.7
      vertex 10.0093 21.214 3.2
      vertex 10.0093 21.214 3.7
    endloop
  endfacet
  facet normal -0.952478 -0.304608 0
    outer loop
      vertex 9.87502 21.6779 3.2
      vertex 8.33701 26.4871 3.7
      vertex 8.33701 26.4871 3.2
    endloop
  endfacet
  facet normal -0.952478 -0.304608 0
    outer loop
      vertex 8.33701 26.4871 3.7
      vertex 9.87502 21.6779 3.2
      vertex 9.87502 21.6779 3.7
    endloop
  endfacet
  facet normal 0 -1 0
    outer loop
      vertex 5.92626 26.4871 3.2
      vertex 8.33701 26.4871 3.7
      vertex 5.92626 26.4871 3.7
    endloop
  endfacet
  facet normal 0 -1 -0
    outer loop
      vertex 8.33701 26.4871 3.7
      vertex 5.92626 26.4871 3.2
      vertex 8.33701 26.4871 3.2
    endloop
  endfacet
  facet normal 1 -0 0
    outer loop
      vertex 5.92626 17.8878 3.7
      vertex 5.92626 26.4871 3.2
      vertex 5.92626 26.4871 3.7
    endloop
  endfacet
  facet normal 1 0 0
    outer loop
      vertex 5.92626 26.4871 3.2
      vertex 5.92626 17.8878 3.7
      vertex 5.92626 17.8878 3.2
    endloop
  endfacet
  facet normal 0 1 -0
    outer loop
      vertex 7.52529 17.8878 3.2
      vertex 5.92626 17.8878 3.7
      vertex 7.52529 17.8878 3.7
    endloop
  endfacet
  facet normal 0 1 0
    outer loop
      vertex 5.92626 17.8878 3.7
      vertex 7.52529 17.8878 3.2
      vertex 5.92626 17.8878 3.2
    endloop
  endfacet
  facet normal -1 0 0
    outer loop
      vertex 7.52529 17.8878 3.2
      vertex 7.52529 23.0999 3.7
      vertex 7.52529 23.0999 3.2
    endloop
  endfacet
  facet normal -1 -0 0
    outer loop
      vertex 7.52529 23.0999 3.7
      vertex 7.52529 17.8878 3.2
      vertex 7.52529 17.8878 3.7
    endloop
  endfacet
  facet normal 0 -1 0
    outer loop
      vertex 45.0333 19.2793 3.2
      vertex 49.6472 19.2793 3.7
      vertex 45.0333 19.2793 3.7
    endloop
  endfacet
  facet normal 0 -1 -0
    outer loop
      vertex 49.6472 19.2793 3.7
      vertex 45.0333 19.2793 3.2
      vertex 49.6472 19.2793 3.2
    endloop
  endfacet
  facet normal -1 0 0
    outer loop
      vertex 45.0333 19.2793 3.2
      vertex 45.0333 26.4871 3.7
      vertex 45.0333 26.4871 3.2
    endloop
  endfacet
  facet normal -1 -0 0
    outer loop
      vertex 45.0333 26.4871 3.7
      vertex 45.0333 19.2793 3.2
      vertex 45.0333 19.2793 3.7
    endloop
  endfacet
  facet normal 0 -1 0
    outer loop
      vertex 43.2328 26.4871 3.2
      vertex 45.0333 26.4871 3.7
      vertex 43.2328 26.4871 3.7
    endloop
  endfacet
  facet normal 0 -1 -0
    outer loop
      vertex 45.0333 26.4871 3.7
      vertex 43.2328 26.4871 3.2
      vertex 45.0333 26.4871 3.2
    endloop
  endfacet
  facet normal 1 -0 0
    outer loop
      vertex 43.2328 17.8878 3.7
      vertex 43.2328 26.4871 3.2
      vertex 43.2328 26.4871 3.7
    endloop
  endfacet
  facet normal 1 0 0
    outer loop
      vertex 43.2328 26.4871 3.2
      vertex 43.2328 17.8878 3.7
      vertex 43.2328 17.8878 3.2
    endloop
  endfacet
  facet normal 0 1 -0
    outer loop
      vertex 49.6472 17.8878 3.2
      vertex 43.2328 17.8878 3.7
      vertex 49.6472 17.8878 3.7
    endloop
  endfacet
  facet normal 0 1 0
    outer loop
      vertex 43.2328 17.8878 3.7
      vertex 49.6472 17.8878 3.2
      vertex 43.2328 17.8878 3.2
    endloop
  endfacet
  facet normal -1 0 0
    outer loop
      vertex 49.6472 17.8878 3.2
      vertex 49.6472 19.2793 3.7
      vertex 49.6472 19.2793 3.2
    endloop
  endfacet
  facet normal -1 -0 0
    outer loop
      vertex 49.6472 19.2793 3.7
      vertex 49.6472 17.8878 3.2
      vertex 49.6472 17.8878 3.7
    endloop
  endfacet
  facet normal -0.999969 -0.00792927 0
    outer loop
      vertex 31.2717 23.0999 3.2
      vertex 31.2708 23.2134 3.7
      vertex 31.2708 23.2134 3.2
    endloop
  endfacet
  facet normal -0.999969 -0.00792927 0
    outer loop
      vertex 31.2708 23.2134 3.7
      vertex 31.2717 23.0999 3.2
      vertex 31.2717 23.0999 3.7
    endloop
  endfacet
  facet normal -0.999806 -0.0196755 0
    outer loop
      vertex 31.2708 23.2134 3.2
      vertex 31.2681 23.3506 3.7
      vertex 31.2681 23.3506 3.2
    endloop
  endfacet
  facet normal -0.999806 -0.0196755 0
    outer loop
      vertex 31.2681 23.3506 3.7
      vertex 31.2708 23.2134 3.2
      vertex 31.2708 23.2134 3.7
    endloop
  endfacet
  facet normal -0.999609 -0.0279568 0
    outer loop
      vertex 31.2681 23.3506 3.2
      vertex 31.2636 23.5115 3.7
      vertex 31.2636 23.5115 3.2
    endloop
  endfacet
  facet normal -0.999609 -0.0279568 0
    outer loop
      vertex 31.2636 23.5115 3.7
      vertex 31.2681 23.3506 3.2
      vertex 31.2681 23.3506 3.7
    endloop
  endfacet
  facet normal -0.999418 -0.0341265 0
    outer loop
      vertex 31.2636 23.5115 3.2
      vertex 31.2573 23.696 3.7
      vertex 31.2573 23.696 3.2
    endloop
  endfacet
  facet normal -0.999418 -0.0341265 0
    outer loop
      vertex 31.2573 23.696 3.7
      vertex 31.2636 23.5115 3.2
      vertex 31.2636 23.5115 3.7
    endloop
  endfacet
  facet normal -0.999225 -0.0393547 0
    outer loop
      vertex 31.2573 23.696 3.2
      vertex 31.2491 23.9042 3.7
      vertex 31.2491 23.9042 3.2
    endloop
  endfacet
  facet normal -0.999225 -0.0393547 0
    outer loop
      vertex 31.2491 23.9042 3.7
      vertex 31.2573 23.696 3.2
      vertex 31.2573 23.696 3.7
    endloop
  endfacet
  facet normal -0.999089 -0.0426703 0
    outer loop
      vertex 31.2491 23.9042 3.2
      vertex 31.2392 24.136 3.7
      vertex 31.2392 24.136 3.2
    endloop
  endfacet
  facet normal -0.999089 -0.0426703 0
    outer loop
      vertex 31.2392 24.136 3.7
      vertex 31.2491 23.9042 3.2
      vertex 31.2491 23.9042 3.7
    endloop
  endfacet
  facet normal -0.998935 -0.0461348 0
    outer loop
      vertex 31.2392 24.136 3.2
      vertex 31.2274 24.3915 3.7
      vertex 31.2274 24.3915 3.2
    endloop
  endfacet
  facet normal -0.998935 -0.0461348 0
    outer loop
      vertex 31.2274 24.3915 3.7
      vertex 31.2392 24.136 3.2
      vertex 31.2392 24.136 3.7
    endloop
  endfacet
  facet normal -0.998833 -0.048296 0
    outer loop
      vertex 31.2274 24.3915 3.2
      vertex 31.2139 24.6707 3.7
      vertex 31.2139 24.6707 3.2
    endloop
  endfacet
  facet normal -0.998833 -0.048296 0
    outer loop
      vertex 31.2139 24.6707 3.7
      vertex 31.2274 24.3915 3.2
      vertex 31.2274 24.3915 3.7
    endloop
  endfacet
  facet normal -0.998709 -0.050793 0
    outer loop
      vertex 31.2139 24.6707 3.2
      vertex 31.1985 24.9735 3.7
      vertex 31.1985 24.9735 3.2
    endloop
  endfacet
  facet normal -0.998709 -0.050793 0
    outer loop
      vertex 31.1985 24.9735 3.7
      vertex 31.2139 24.6707 3.2
      vertex 31.2139 24.6707 3.7
    endloop
  endfacet
  facet normal 0.961622 0.274377 0
    outer loop
      vertex 31.8515 22.6849 3.7
      vertex 31.1985 24.9735 3.2
      vertex 31.1985 24.9735 3.7
    endloop
  endfacet
  facet normal 0.961622 0.274377 0
    outer loop
      vertex 31.1985 24.9735 3.2
      vertex 31.8515 22.6849 3.7
      vertex 31.8515 22.6849 3.2
    endloop
  endfacet
  facet normal 0.951543 0.307514 0
    outer loop
      vertex 33.4018 17.8878 3.7
      vertex 31.8515 22.6849 3.2
      vertex 31.8515 22.6849 3.7
    endloop
  endfacet
  facet normal 0.951543 0.307514 0
    outer loop
      vertex 31.8515 22.6849 3.2
      vertex 33.4018 17.8878 3.7
      vertex 33.4018 17.8878 3.2
    endloop
  endfacet
  facet normal 0 1 -0
    outer loop
      vertex 34.6834 17.8878 3.2
      vertex 33.4018 17.8878 3.7
      vertex 34.6834 17.8878 3.7
    endloop
  endfacet
  facet normal 0 1 0
    outer loop
      vertex 33.4018 17.8878 3.7
      vertex 34.6834 17.8878 3.2
      vertex 33.4018 17.8878 3.2
    endloop
  endfacet
  facet normal -0.951549 0.307497 0
    outer loop
      vertex 34.6834 17.8878 3.2
      vertex 36.2336 22.6849 3.7
      vertex 36.2336 22.6849 3.2
    endloop
  endfacet
  facet normal -0.951549 0.307497 0
    outer loop
      vertex 36.2336 22.6849 3.7
      vertex 34.6834 17.8878 3.2
      vertex 34.6834 17.8878 3.7
    endloop
  endfacet
  facet normal -0.954218 0.299111 0
    outer loop
      vertex 36.2336 22.6849 3.2
      vertex 36.2825 22.8409 3.7
      vertex 36.2825 22.8409 3.2
    endloop
  endfacet
  facet normal -0.954218 0.299111 0
    outer loop
      vertex 36.2825 22.8409 3.7
      vertex 36.2336 22.6849 3.2
      vertex 36.2336 22.6849 3.7
    endloop
  endfacet
  facet normal -0.957358 0.288904 0
    outer loop
      vertex 36.2825 22.8409 3.2
      vertex 36.337 23.0215 3.7
      vertex 36.337 23.0215 3.2
    endloop
  endfacet
  facet normal -0.957358 0.288904 0
    outer loop
      vertex 36.337 23.0215 3.7
      vertex 36.2825 22.8409 3.2
      vertex 36.2825 22.8409 3.7
    endloop
  endfacet
  facet normal -0.959811 0.280647 0
    outer loop
      vertex 36.337 23.0215 3.2
      vertex 36.397 23.2267 3.7
      vertex 36.397 23.2267 3.2
    endloop
  endfacet
  facet normal -0.959811 0.280647 0
    outer loop
      vertex 36.397 23.2267 3.7
      vertex 36.337 23.0215 3.2
      vertex 36.337 23.0215 3.7
    endloop
  endfacet
  facet normal -0.961445 0.274998 0
    outer loop
      vertex 36.397 23.2267 3.2
      vertex 36.4627 23.4564 3.7
      vertex 36.4627 23.4564 3.2
    endloop
  endfacet
  facet normal -0.961445 0.274998 0
    outer loop
      vertex 36.4627 23.4564 3.7
      vertex 36.397 23.2267 3.2
      vertex 36.397 23.2267 3.7
    endloop
  endfacet
  facet normal -0.963066 0.269265 0
    outer loop
      vertex 36.4627 23.4564 3.2
      vertex 36.5338 23.7107 3.7
      vertex 36.5338 23.7107 3.2
    endloop
  endfacet
  facet normal -0.963066 0.269265 0
    outer loop
      vertex 36.5338 23.7107 3.7
      vertex 36.4627 23.4564 3.2
      vertex 36.4627 23.4564 3.7
    endloop
  endfacet
  facet normal -0.964115 0.265486 0
    outer loop
      vertex 36.5338 23.7107 3.2
      vertex 36.6106 23.9896 3.7
      vertex 36.6106 23.9896 3.2
    endloop
  endfacet
  facet normal -0.964115 0.265486 0
    outer loop
      vertex 36.6106 23.9896 3.7
      vertex 36.5338 23.7107 3.2
      vertex 36.5338 23.7107 3.7
    endloop
  endfacet
  facet normal -0.965042 0.262095 0
    outer loop
      vertex 36.6106 23.9896 3.2
      vertex 36.693 24.293 3.7
      vertex 36.693 24.293 3.2
    endloop
  endfacet
  facet normal -0.965042 0.262095 0
    outer loop
      vertex 36.693 24.293 3.7
      vertex 36.6106 23.9896 3.2
      vertex 36.6106 23.9896 3.7
    endloop
  endfacet
  facet normal -0.965917 0.258854 0
    outer loop
      vertex 36.693 24.293 3.2
      vertex 36.7809 24.621 3.7
      vertex 36.7809 24.621 3.2
    endloop
  endfacet
  facet normal -0.965917 0.258854 0
    outer loop
      vertex 36.7809 24.621 3.7
      vertex 36.693 24.293 3.2
      vertex 36.693 24.293 3.7
    endloop
  endfacet
  facet normal -0.966575 0.256382 0
    outer loop
      vertex 36.7809 24.621 3.2
      vertex 36.8744 24.9735 3.7
      vertex 36.8744 24.9735 3.2
    endloop
  endfacet
  facet normal -0.966575 0.256382 0
    outer loop
      vertex 36.8744 24.9735 3.7
      vertex 36.7809 24.621 3.2
      vertex 36.7809 24.621 3.7
    endloop
  endfacet
  facet normal 0.999181 -0.0404598 0
    outer loop
      vertex 36.8629 24.6895 3.7
      vertex 36.8744 24.9735 3.2
      vertex 36.8744 24.9735 3.7
    endloop
  endfacet
  facet normal 0.999181 -0.0404598 0
    outer loop
      vertex 36.8744 24.9735 3.2
      vertex 36.8629 24.6895 3.7
      vertex 36.8629 24.6895 3.2
    endloop
  endfacet
  facet normal 0.999187 -0.0403277 0
    outer loop
      vertex 36.8526 24.4343 3.7
      vertex 36.8629 24.6895 3.2
      vertex 36.8629 24.6895 3.7
    endloop
  endfacet
  facet normal 0.999187 -0.0403277 0
    outer loop
      vertex 36.8629 24.6895 3.2
      vertex 36.8526 24.4343 3.7
      vertex 36.8526 24.4343 3.2
    endloop
  endfacet
  facet normal 0.999211 -0.0397213 0
    outer loop
      vertex 36.8436 24.2079 3.7
      vertex 36.8526 24.4343 3.2
      vertex 36.8526 24.4343 3.7
    endloop
  endfacet
  facet normal 0.999211 -0.0397213 0
    outer loop
      vertex 36.8526 24.4343 3.2
      vertex 36.8436 24.2079 3.7
      vertex 36.8436 24.2079 3.2
    endloop
  endfacet
  facet normal 0.999242 -0.0389381 0
    outer loop
      vertex 36.8359 24.0103 3.7
      vertex 36.8436 24.2079 3.2
      vertex 36.8436 24.2079 3.7
    endloop
  endfacet
  facet normal 0.999242 -0.0389381 0
    outer loop
      vertex 36.8436 24.2079 3.2
      vertex 36.8359 24.0103 3.7
      vertex 36.8359 24.0103 3.2
    endloop
  endfacet
  facet normal 0.999259 -0.0384786 0
    outer loop
      vertex 36.8294 23.8415 3.7
      vertex 36.8359 24.0103 3.2
      vertex 36.8359 24.0103 3.7
    endloop
  endfacet
  facet normal 0.999259 -0.0384786 0
    outer loop
      vertex 36.8359 24.0103 3.2
      vertex 36.8294 23.8415 3.7
      vertex 36.8294 23.8415 3.2
    endloop
  endfacet
  facet normal 0.999338 -0.0363785 0
    outer loop
      vertex 36.8243 23.7014 3.7
      vertex 36.8294 23.8415 3.2
      vertex 36.8294 23.8415 3.7
    endloop
  endfacet
  facet normal 0.999338 -0.0363785 0
    outer loop
      vertex 36.8294 23.8415 3.2
      vertex 36.8243 23.7014 3.7
      vertex 36.8243 23.7014 3.2
    endloop
  endfacet
  facet normal 0.999387 -0.0350189 0
    outer loop
      vertex 36.8204 23.5901 3.7
      vertex 36.8243 23.7014 3.2
      vertex 36.8243 23.7014 3.7
    endloop
  endfacet
  facet normal 0.999387 -0.0350189 0
    outer loop
      vertex 36.8243 23.7014 3.2
      vertex 36.8204 23.5901 3.7
      vertex 36.8204 23.5901 3.2
    endloop
  endfacet
  facet normal 0.999504 -0.0314995 0
    outer loop
      vertex 36.8178 23.5076 3.7
      vertex 36.8204 23.5901 3.2
      vertex 36.8204 23.5901 3.7
    endloop
  endfacet
  facet normal 0.999504 -0.0314995 0
    outer loop
      vertex 36.8204 23.5901 3.2
      vertex 36.8178 23.5076 3.7
      vertex 36.8178 23.5076 3.2
    endloop
  endfacet
  facet normal 0.999707 -0.0242015 0
    outer loop
      vertex 36.8165 23.4539 3.7
      vertex 36.8178 23.5076 3.2
      vertex 36.8178 23.5076 3.7
    endloop
  endfacet
  facet normal 0.999707 -0.0242015 0
    outer loop
      vertex 36.8178 23.5076 3.2
      vertex 36.8165 23.4539 3.7
      vertex 36.8165 23.4539 3.2
    endloop
  endfacet
  facet normal 0.999842 -0.0177637 0
    outer loop
      vertex 36.8158 23.4145 3.7
      vertex 36.8165 23.4539 3.2
      vertex 36.8165 23.4539 3.7
    endloop
  endfacet
  facet normal 0.999842 -0.0177637 0
    outer loop
      vertex 36.8165 23.4539 3.2
      vertex 36.8158 23.4145 3.7
      vertex 36.8158 23.4145 3.2
    endloop
  endfacet
  facet normal 0.999919 -0.0127216 0
    outer loop
      vertex 36.8153 23.3752 3.7
      vertex 36.8158 23.4145 3.2
      vertex 36.8158 23.4145 3.7
    endloop
  endfacet
  facet normal 0.999919 -0.0127216 0
    outer loop
      vertex 36.8158 23.4145 3.2
      vertex 36.8153 23.3752 3.7
      vertex 36.8153 23.3752 3.2
    endloop
  endfacet
  facet normal 0.999919 -0.0126893 0
    outer loop
      vertex 36.8148 23.3358 3.7
      vertex 36.8153 23.3752 3.2
      vertex 36.8153 23.3752 3.7
    endloop
  endfacet
  facet normal 0.999919 -0.0126893 0
    outer loop
      vertex 36.8153 23.3752 3.2
      vertex 36.8148 23.3358 3.7
      vertex 36.8148 23.3358 3.2
    endloop
  endfacet
  facet normal 0.999948 -0.0101776 0
    outer loop
      vertex 36.8144 23.2965 3.7
      vertex 36.8148 23.3358 3.2
      vertex 36.8148 23.3358 3.7
    endloop
  endfacet
  facet normal 0.999948 -0.0101776 0
    outer loop
      vertex 36.8148 23.3358 3.2
      vertex 36.8144 23.2965 3.7
      vertex 36.8144 23.2965 3.2
    endloop
  endfacet
  facet normal 0.999948 -0.0101776 0
    outer loop
      vertex 36.814 23.2572 3.7
      vertex 36.8144 23.2965 3.2
      vertex 36.8144 23.2965 3.7
    endloop
  endfacet
  facet normal 0.999948 -0.0101776 0
    outer loop
      vertex 36.8144 23.2965 3.2
      vertex 36.814 23.2572 3.7
      vertex 36.814 23.2572 3.2
    endloop
  endfacet
  facet normal 0.999971 -0.00761399 0
    outer loop
      vertex 36.8137 23.2178 3.7
      vertex 36.814 23.2572 3.2
      vertex 36.814 23.2572 3.7
    endloop
  endfacet
  facet normal 0.999971 -0.00761399 0
    outer loop
      vertex 36.814 23.2572 3.2
      vertex 36.8137 23.2178 3.7
      vertex 36.8137 23.2178 3.2
    endloop
  endfacet
  facet normal 0.999997 -0.00254452 0
    outer loop
      vertex 36.8136 23.1785 3.7
      vertex 36.8137 23.2178 3.2
      vertex 36.8137 23.2178 3.7
    endloop
  endfacet
  facet normal 0.999997 -0.00254452 0
    outer loop
      vertex 36.8137 23.2178 3.2
      vertex 36.8136 23.1785 3.7
      vertex 36.8136 23.1785 3.2
    endloop
  endfacet
  facet normal 0.999987 -0.00508899 0
    outer loop
      vertex 36.8134 23.1392 3.7
      vertex 36.8136 23.1785 3.2
      vertex 36.8136 23.1785 3.7
    endloop
  endfacet
  facet normal 0.999987 -0.00508899 0
    outer loop
      vertex 36.8136 23.1785 3.2
      vertex 36.8134 23.1392 3.7
      vertex 36.8134 23.1392 3.2
    endloop
  endfacet
  facet normal 1 -0 0
    outer loop
      vertex 36.8134 23.0999 3.7
      vertex 36.8134 23.1392 3.2
      vertex 36.8134 23.1392 3.7
    endloop
  endfacet
  facet normal 1 0 0
    outer loop
      vertex 36.8134 23.1392 3.2
      vertex 36.8134 23.0999 3.7
      vertex 36.8134 23.0999 3.2
    endloop
  endfacet
  facet normal 1 -0 0
    outer loop
      vertex 36.8134 17.8878 3.7
      vertex 36.8134 23.0999 3.2
      vertex 36.8134 23.0999 3.7
    endloop
  endfacet
  facet normal 1 0 0
    outer loop
      vertex 36.8134 23.0999 3.2
      vertex 36.8134 17.8878 3.7
      vertex 36.8134 17.8878 3.2
    endloop
  endfacet
  facet normal 0 1 -0
    outer loop
      vertex 38.4124 17.8878 3.2
      vertex 36.8134 17.8878 3.7
      vertex 38.4124 17.8878 3.7
    endloop
  endfacet
  facet normal 0 1 0
    outer loop
      vertex 36.8134 17.8878 3.7
      vertex 38.4124 17.8878 3.2
      vertex 36.8134 17.8878 3.2
    endloop
  endfacet
  facet normal -1 0 0
    outer loop
      vertex 38.4124 17.8878 3.2
      vertex 38.4124 26.4871 3.7
      vertex 38.4124 26.4871 3.2
    endloop
  endfacet
  facet normal -1 -0 0
    outer loop
      vertex 38.4124 26.4871 3.7
      vertex 38.4124 17.8878 3.2
      vertex 38.4124 17.8878 3.7
    endloop
  endfacet
  facet normal 0 -1 0
    outer loop
      vertex 36.0139 26.4871 3.2
      vertex 38.4124 26.4871 3.7
      vertex 36.0139 26.4871 3.7
    endloop
  endfacet
  facet normal 0 -1 -0
    outer loop
      vertex 38.4124 26.4871 3.7
      vertex 36.0139 26.4871 3.2
      vertex 38.4124 26.4871 3.2
    endloop
  endfacet
  facet normal 0.954296 -0.298864 0
    outer loop
      vertex 34.4332 21.4398 3.7
      vertex 36.0139 26.4871 3.2
      vertex 36.0139 26.4871 3.7
    endloop
  endfacet
  facet normal 0.954296 -0.298864 0
    outer loop
      vertex 36.0139 26.4871 3.2
      vertex 34.4332 21.4398 3.7
      vertex 34.4332 21.4398 3.2
    endloop
  endfacet
  facet normal 0.963272 -0.268526 0
    outer loop
      vertex 34.0487 20.0605 3.7
      vertex 34.4332 21.4398 3.2
      vertex 34.4332 21.4398 3.7
    endloop
  endfacet
  facet normal 0.963272 -0.268526 0
    outer loop
      vertex 34.4332 21.4398 3.2
      vertex 34.0487 20.0605 3.7
      vertex 34.0487 20.0605 3.2
    endloop
  endfacet
  facet normal -0.969221 -0.246191 0
    outer loop
      vertex 34.0487 20.0605 3.2
      vertex 33.7557 21.214 3.7
      vertex 33.7557 21.214 3.2
    endloop
  endfacet
  facet normal -0.969221 -0.246191 0
    outer loop
      vertex 33.7557 21.214 3.7
      vertex 34.0487 20.0605 3.2
      vertex 34.0487 20.0605 3.7
    endloop
  endfacet
  facet normal -0.960612 -0.277892 0
    outer loop
      vertex 33.7557 21.214 3.2
      vertex 33.6215 21.6779 3.7
      vertex 33.6215 21.6779 3.2
    endloop
  endfacet
  facet normal -0.960612 -0.277892 0
    outer loop
      vertex 33.6215 21.6779 3.7
      vertex 33.7557 21.214 3.2
      vertex 33.7557 21.214 3.7
    endloop
  endfacet
  facet normal -0.952478 -0.304606 0
    outer loop
      vertex 33.6215 21.6779 3.2
      vertex 32.0835 26.4871 3.7
      vertex 32.0835 26.4871 3.2
    endloop
  endfacet
  facet normal -0.952478 -0.304606 0
    outer loop
      vertex 32.0835 26.4871 3.7
      vertex 33.6215 21.6779 3.2
      vertex 33.6215 21.6779 3.7
    endloop
  endfacet
  facet normal 0 -1 0
    outer loop
      vertex 29.6727 26.4871 3.2
      vertex 32.0835 26.4871 3.7
      vertex 29.6727 26.4871 3.7
    endloop
  endfacet
  facet normal 0 -1 -0
    outer loop
      vertex 32.0835 26.4871 3.7
      vertex 29.6727 26.4871 3.2
      vertex 32.0835 26.4871 3.2
    endloop
  endfacet
  facet normal 1 -0 0
    outer loop
      vertex 29.6727 17.8878 3.7
      vertex 29.6727 26.4871 3.2
      vertex 29.6727 26.4871 3.7
    endloop
  endfacet
  facet normal 1 0 0
    outer loop
      vertex 29.6727 26.4871 3.2
      vertex 29.6727 17.8878 3.7
      vertex 29.6727 17.8878 3.2
    endloop
  endfacet
  facet normal 0 1 -0
    outer loop
      vertex 31.2717 17.8878 3.2
      vertex 29.6727 17.8878 3.7
      vertex 31.2717 17.8878 3.7
    endloop
  endfacet
  facet normal 0 1 0
    outer loop
      vertex 29.6727 17.8878 3.7
      vertex 31.2717 17.8878 3.2
      vertex 29.6727 17.8878 3.2
    endloop
  endfacet
  facet normal -1 0 0
    outer loop
      vertex 31.2717 17.8878 3.2
      vertex 31.2717 23.0999 3.7
      vertex 31.2717 23.0999 3.2
    endloop
  endfacet
  facet normal -1 -0 0
    outer loop
      vertex 31.2717 23.0999 3.7
      vertex 31.2717 17.8878 3.2
      vertex 31.2717 17.8878 3.7
    endloop
  endfacet
  facet normal -0.103568 0.994622 0
    outer loop
      vertex 54.3094 17.8108 3.2
      vertex 53.9848 17.777 3.7
      vertex 54.3094 17.8108 3.7
    endloop
  endfacet
  facet normal -0.103568 0.994622 0
    outer loop
      vertex 53.9848 17.777 3.7
      vertex 54.3094 17.8108 3.2
      vertex 53.9848 17.777 3.2
    endloop
  endfacet
  facet normal -0.180292 0.983613 0
    outer loop
      vertex 54.6171 17.8672 3.2
      vertex 54.3094 17.8108 3.7
      vertex 54.6171 17.8672 3.7
    endloop
  endfacet
  facet normal -0.180292 0.983613 0
    outer loop
      vertex 54.3094 17.8108 3.7
      vertex 54.6171 17.8672 3.2
      vertex 54.3094 17.8108 3.2
    endloop
  endfacet
  facet normal -0.261544 0.965191 0
    outer loop
      vertex 54.9079 17.946 3.2
      vertex 54.6171 17.8672 3.7
      vertex 54.9079 17.946 3.7
    endloop
  endfacet
  facet normal -0.261544 0.965191 0
    outer loop
      vertex 54.6171 17.8672 3.7
      vertex 54.9079 17.946 3.2
      vertex 54.6171 17.8672 3.2
    endloop
  endfacet
  facet normal -0.347069 0.93784 0
    outer loop
      vertex 55.1819 18.0474 3.2
      vertex 54.9079 17.946 3.7
      vertex 55.1819 18.0474 3.7
    endloop
  endfacet
  facet normal -0.347069 0.93784 0
    outer loop
      vertex 54.9079 17.946 3.7
      vertex 55.1819 18.0474 3.2
      vertex 54.9079 17.946 3.2
    endloop
  endfacet
  facet normal -0.434132 0.900849 0
    outer loop
      vertex 55.439 18.1713 3.2
      vertex 55.1819 18.0474 3.7
      vertex 55.439 18.1713 3.7
    endloop
  endfacet
  facet normal -0.434132 0.900849 0
    outer loop
      vertex 55.1819 18.0474 3.7
      vertex 55.439 18.1713 3.2
      vertex 55.1819 18.0474 3.2
    endloop
  endfacet
  facet normal -0.520443 0.853896 0
    outer loop
      vertex 55.6792 18.3177 3.2
      vertex 55.439 18.1713 3.7
      vertex 55.6792 18.3177 3.7
    endloop
  endfacet
  facet normal -0.520443 0.853896 0
    outer loop
      vertex 55.439 18.1713 3.7
      vertex 55.6792 18.3177 3.2
      vertex 55.439 18.1713 3.2
    endloop
  endfacet
  facet normal -0.603479 0.797379 0
    outer loop
      vertex 55.9025 18.4867 3.2
      vertex 55.6792 18.3177 3.7
      vertex 55.9025 18.4867 3.7
    endloop
  endfacet
  facet normal -0.603479 0.797379 0
    outer loop
      vertex 55.6792 18.3177 3.7
      vertex 55.9025 18.4867 3.2
      vertex 55.6792 18.3177 3.2
    endloop
  endfacet
  facet normal -0.680151 0.733072 0
    outer loop
      vertex 56.1089 18.6782 3.2
      vertex 55.9025 18.4867 3.7
      vertex 56.1089 18.6782 3.7
    endloop
  endfacet
  facet normal -0.680151 0.733072 0
    outer loop
      vertex 55.9025 18.4867 3.7
      vertex 56.1089 18.6782 3.2
      vertex 55.9025 18.4867 3.2
    endloop
  endfacet
  facet normal -0.748854 0.662734 0
    outer loop
      vertex 56.1089 18.6782 3.2
      vertex 56.2959 18.8895 3.7
      vertex 56.2959 18.8895 3.2
    endloop
  endfacet
  facet normal -0.748854 0.662734 0
    outer loop
      vertex 56.2959 18.8895 3.7
      vertex 56.1089 18.6782 3.2
      vertex 56.1089 18.6782 3.7
    endloop
  endfacet
  facet normal -0.810436 0.585827 0
    outer loop
      vertex 56.2959 18.8895 3.2
      vertex 56.461 19.1179 3.7
      vertex 56.461 19.1179 3.2
    endloop
  endfacet
  facet normal -0.810436 0.585827 0
    outer loop
      vertex 56.461 19.1179 3.7
      vertex 56.2959 18.8895 3.2
      vertex 56.2959 18.8895 3.7
    endloop
  endfacet
  facet normal -0.864098 0.503324 0
    outer loop
      vertex 56.461 19.1179 3.2
      vertex 56.604 19.3634 3.7
      vertex 56.604 19.3634 3.2
    endloop
  endfacet
  facet normal -0.864098 0.503324 0
    outer loop
      vertex 56.604 19.3634 3.7
      vertex 56.461 19.1179 3.2
      vertex 56.461 19.1179 3.7
    endloop
  endfacet
  facet normal -0.908283 0.418356 0
    outer loop
      vertex 56.604 19.3634 3.2
      vertex 56.725 19.6261 3.7
      vertex 56.725 19.6261 3.2
    endloop
  endfacet
  facet normal -0.908283 0.418356 0
    outer loop
      vertex 56.725 19.6261 3.7
      vertex 56.604 19.3634 3.2
      vertex 56.604 19.3634 3.7
    endloop
  endfacet
  facet normal -0.942691 0.333666 0
    outer loop
      vertex 56.725 19.6261 3.2
      vertex 56.824 19.9058 3.7
      vertex 56.824 19.9058 3.2
    endloop
  endfacet
  facet normal -0.942691 0.333666 0
    outer loop
      vertex 56.824 19.9058 3.7
      vertex 56.725 19.6261 3.2
      vertex 56.725 19.6261 3.7
    endloop
  endfacet
  facet normal -0.967956 0.251121 0
    outer loop
      vertex 56.824 19.9058 3.2
      vertex 56.901 20.2026 3.7
      vertex 56.901 20.2026 3.2
    endloop
  endfacet
  facet normal -0.967956 0.251121 0
    outer loop
      vertex 56.901 20.2026 3.7
      vertex 56.824 19.9058 3.2
      vertex 56.824 19.9058 3.7
    endloop
  endfacet
  facet normal -0.984994 0.172586 0
    outer loop
      vertex 56.901 20.2026 3.2
      vertex 56.956 20.5165 3.7
      vertex 56.956 20.5165 3.2
    endloop
  endfacet
  facet normal -0.984994 0.172586 0
    outer loop
      vertex 56.956 20.5165 3.7
      vertex 56.901 20.2026 3.2
      vertex 56.901 20.2026 3.7
    endloop
  endfacet
  facet normal -0.995067 0.0992061 0
    outer loop
      vertex 56.956 20.5165 3.2
      vertex 56.989 20.8475 3.7
      vertex 56.989 20.8475 3.2
    endloop
  endfacet
  facet normal -0.995067 0.0992061 0
    outer loop
      vertex 56.989 20.8475 3.7
      vertex 56.956 20.5165 3.2
      vertex 56.956 20.5165 3.7
    endloop
  endfacet
  facet normal -0.999501 0.0315753 0
    outer loop
      vertex 56.989 20.8475 3.2
      vertex 57 21.1957 3.7
      vertex 57 21.1957 3.2
    endloop
  endfacet
  facet normal -0.999501 0.0315753 0
    outer loop
      vertex 57 21.1957 3.7
      vertex 56.989 20.8475 3.2
      vertex 56.989 20.8475 3.7
    endloop
  endfacet
  facet normal -0.99957 -0.029317 0
    outer loop
      vertex 57 21.1957 3.2
      vertex 56.9895 21.5537 3.7
      vertex 56.9895 21.5537 3.2
    endloop
  endfacet
  facet normal -0.99957 -0.029317 0
    outer loop
      vertex 56.9895 21.5537 3.7
      vertex 57 21.1957 3.2
      vertex 57 21.1957 3.7
    endloop
  endfacet
  facet normal -0.995711 -0.0925218 0
    outer loop
      vertex 56.9895 21.5537 3.2
      vertex 56.958 21.8927 3.7
      vertex 56.958 21.8927 3.2
    endloop
  endfacet
  facet normal -0.995711 -0.0925218 0
    outer loop
      vertex 56.958 21.8927 3.7
      vertex 56.9895 21.5537 3.2
      vertex 56.9895 21.5537 3.7
    endloop
  endfacet
  facet normal -0.98675 -0.162248 0
    outer loop
      vertex 56.958 21.8927 3.2
      vertex 56.9054 22.2126 3.7
      vertex 56.9054 22.2126 3.2
    endloop
  endfacet
  facet normal -0.98675 -0.162248 0
    outer loop
      vertex 56.9054 22.2126 3.7
      vertex 56.958 21.8927 3.2
      vertex 56.958 21.8927 3.7
    endloop
  endfacet
  facet normal -0.971346 -0.23767 0
    outer loop
      vertex 56.9054 22.2126 3.2
      vertex 56.8318 22.5134 3.7
      vertex 56.8318 22.5134 3.2
    endloop
  endfacet
  facet normal -0.971346 -0.23767 0
    outer loop
      vertex 56.8318 22.5134 3.7
      vertex 56.9054 22.2126 3.2
      vertex 56.9054 22.2126 3.7
    endloop
  endfacet
  facet normal -0.947974 -0.318347 0
    outer loop
      vertex 56.8318 22.5134 3.2
      vertex 56.7372 22.7951 3.7
      vertex 56.7372 22.7951 3.2
    endloop
  endfacet
  facet normal -0.947974 -0.318347 0
    outer loop
      vertex 56.7372 22.7951 3.7
      vertex 56.8318 22.5134 3.2
      vertex 56.8318 22.5134 3.7
    endloop
  endfacet
  facet normal -0.9153 -0.402774 0
    outer loop
      vertex 56.7372 22.7951 3.2
      vertex 56.6216 23.0578 3.7
      vertex 56.6216 23.0578 3.2
    endloop
  endfacet
  facet normal -0.9153 -0.402774 0
    outer loop
      vertex 56.6216 23.0578 3.7
      vertex 56.7372 22.7951 3.2
      vertex 56.7372 22.7951 3.7
    endloop
  endfacet
  facet normal -0.872311 -0.488952 0
    outer loop
      vertex 56.6216 23.0578 3.2
      vertex 56.485 23.3015 3.7
      vertex 56.485 23.3015 3.2
    endloop
  endfacet
  facet normal -0.872311 -0.488952 0
    outer loop
      vertex 56.485 23.3015 3.7
      vertex 56.6216 23.0578 3.2
      vertex 56.6216 23.0578 3.7
    endloop
  endfacet
  facet normal -0.818289 -0.574807 0
    outer loop
      vertex 56.485 23.3015 3.2
      vertex 56.3273 23.526 3.7
      vertex 56.3273 23.526 3.2
    endloop
  endfacet
  facet normal -0.818289 -0.574807 0
    outer loop
      vertex 56.3273 23.526 3.7
      vertex 56.485 23.3015 3.2
      vertex 56.485 23.3015 3.7
    endloop
  endfacet
  facet normal -0.754598 -0.656188 0
    outer loop
      vertex 56.3273 23.526 3.2
      vertex 56.1486 23.7315 3.7
      vertex 56.1486 23.7315 3.2
    endloop
  endfacet
  facet normal -0.754598 -0.656188 0
    outer loop
      vertex 56.1486 23.7315 3.7
      vertex 56.3273 23.526 3.2
      vertex 56.3273 23.526 3.7
    endloop
  endfacet
  facet normal -0.681806 -0.731533 0
    outer loop
      vertex 55.95 23.9166 3.2
      vertex 56.1486 23.7315 3.7
      vertex 55.95 23.9166 3.7
    endloop
  endfacet
  facet normal -0.681806 -0.731533 -0
    outer loop
      vertex 56.1486 23.7315 3.7
      vertex 55.95 23.9166 3.2
      vertex 56.1486 23.7315 3.2
    endloop
  endfacet
  facet normal -0.600235 -0.799824 0
    outer loop
      vertex 55.7324 24.0799 3.2
      vertex 55.95 23.9166 3.7
      vertex 55.7324 24.0799 3.7
    endloop
  endfacet
  facet normal -0.600235 -0.799824 -0
    outer loop
      vertex 55.95 23.9166 3.7
      vertex 55.7324 24.0799 3.2
      vertex 55.95 23.9166 3.2
    endloop
  endfacet
  facet normal -0.513695 -0.857973 0
    outer loop
      vertex 55.4959 24.2215 3.2
      vertex 55.7324 24.0799 3.7
      vertex 55.4959 24.2215 3.7
    endloop
  endfacet
  facet normal -0.513695 -0.857973 -0
    outer loop
      vertex 55.7324 24.0799 3.7
      vertex 55.4959 24.2215 3.2
      vertex 55.7324 24.0799 3.2
    endloop
  endfacet
  facet normal -0.424516 -0.905421 0
    outer loop
      vertex 55.2406 24.3412 3.2
      vertex 55.4959 24.2215 3.7
      vertex 55.2406 24.3412 3.7
    endloop
  endfacet
  facet normal -0.424516 -0.905421 -0
    outer loop
      vertex 55.4959 24.2215 3.7
      vertex 55.2406 24.3412 3.2
      vertex 55.4959 24.2215 3.2
    endloop
  endfacet
  facet normal -0.336445 -0.941703 0
    outer loop
      vertex 54.9663 24.4392 3.2
      vertex 55.2406 24.3412 3.7
      vertex 54.9663 24.4392 3.7
    endloop
  endfacet
  facet normal -0.336445 -0.941703 -0
    outer loop
      vertex 55.2406 24.3412 3.7
      vertex 54.9663 24.4392 3.2
      vertex 55.2406 24.3412 3.2
    endloop
  endfacet
  facet normal -0.251455 -0.967869 0
    outer loop
      vertex 54.673 24.5154 3.2
      vertex 54.9663 24.4392 3.7
      vertex 54.673 24.5154 3.7
    endloop
  endfacet
  facet normal -0.251455 -0.967869 -0
    outer loop
      vertex 54.9663 24.4392 3.7
      vertex 54.673 24.5154 3.2
      vertex 54.9663 24.4392 3.2
    endloop
  endfacet
  facet normal -0.17202 -0.985093 0
    outer loop
      vertex 54.3609 24.5699 3.2
      vertex 54.673 24.5154 3.7
      vertex 54.3609 24.5699 3.7
    endloop
  endfacet
  facet normal -0.17202 -0.985093 -0
    outer loop
      vertex 54.673 24.5154 3.7
      vertex 54.3609 24.5699 3.2
      vertex 54.673 24.5154 3.2
    endloop
  endfacet
  facet normal -0.0980152 -0.995185 0
    outer loop
      vertex 54.0299 24.6025 3.2
      vertex 54.3609 24.5699 3.7
      vertex 54.0299 24.6025 3.7
    endloop
  endfacet
  facet normal -0.0980152 -0.995185 -0
    outer loop
      vertex 54.3609 24.5699 3.7
      vertex 54.0299 24.6025 3.2
      vertex 54.3609 24.5699 3.2
    endloop
  endfacet
  facet normal -0.0311278 -0.999515 0
    outer loop
      vertex 53.6799 24.6134 3.2
      vertex 54.0299 24.6025 3.7
      vertex 53.6799 24.6134 3.7
    endloop
  endfacet
  facet normal -0.0311278 -0.999515 -0
    outer loop
      vertex 54.0299 24.6025 3.7
      vertex 53.6799 24.6134 3.2
      vertex 54.0299 24.6025 3.2
    endloop
  endfacet
  facet normal 0.0326737 -0.999466 0
    outer loop
      vertex 53.3373 24.6022 3.2
      vertex 53.6799 24.6134 3.7
      vertex 53.3373 24.6022 3.7
    endloop
  endfacet
  facet normal 0.0326737 -0.999466 0
    outer loop
      vertex 53.6799 24.6134 3.7
      vertex 53.3373 24.6022 3.2
      vertex 53.6799 24.6134 3.2
    endloop
  endfacet
  facet normal 0.103348 -0.994645 0
    outer loop
      vertex 53.012 24.5684 3.2
      vertex 53.3373 24.6022 3.7
      vertex 53.012 24.5684 3.7
    endloop
  endfacet
  facet normal 0.103348 -0.994645 0
    outer loop
      vertex 53.3373 24.6022 3.7
      vertex 53.012 24.5684 3.2
      vertex 53.3373 24.6022 3.2
    endloop
  endfacet
  facet normal 0.180178 -0.983634 0
    outer loop
      vertex 52.7041 24.512 3.2
      vertex 53.012 24.5684 3.7
      vertex 52.7041 24.512 3.7
    endloop
  endfacet
  facet normal 0.180178 -0.983634 0
    outer loop
      vertex 53.012 24.5684 3.7
      vertex 52.7041 24.512 3.2
      vertex 53.012 24.5684 3.2
    endloop
  endfacet
  facet normal 0.261712 -0.965146 0
    outer loop
      vertex 52.4135 24.4332 3.2
      vertex 52.7041 24.512 3.7
      vertex 52.4135 24.4332 3.7
    endloop
  endfacet
  facet normal 0.261712 -0.965146 0
    outer loop
      vertex 52.7041 24.512 3.7
      vertex 52.4135 24.4332 3.2
      vertex 52.7041 24.512 3.2
    endloop
  endfacet
  facet normal 0.347851 -0.93755 0
    outer loop
      vertex 52.1402 24.3318 3.2
      vertex 52.4135 24.4332 3.7
      vertex 52.1402 24.3318 3.7
    endloop
  endfacet
  facet normal 0.347851 -0.93755 0
    outer loop
      vertex 52.4135 24.4332 3.7
      vertex 52.1402 24.3318 3.2
      vertex 52.4135 24.4332 3.2
    endloop
  endfacet
  facet normal 0.435782 -0.900052 0
    outer loop
      vertex 51.8843 24.2079 3.2
      vertex 52.1402 24.3318 3.7
      vertex 51.8843 24.2079 3.7
    endloop
  endfacet
  facet normal 0.435782 -0.900052 0
    outer loop
      vertex 52.1402 24.3318 3.7
      vertex 51.8843 24.2079 3.2
      vertex 52.1402 24.3318 3.2
    endloop
  endfacet
  facet normal 0.522822 -0.852442 0
    outer loop
      vertex 51.6456 24.0615 3.2
      vertex 51.8843 24.2079 3.7
      vertex 51.6456 24.0615 3.7
    endloop
  endfacet
  facet normal 0.522822 -0.852442 0
    outer loop
      vertex 51.8843 24.2079 3.7
      vertex 51.6456 24.0615 3.2
      vertex 51.8843 24.2079 3.2
    endloop
  endfacet
  facet normal 0.607103 -0.794623 0
    outer loop
      vertex 51.4244 23.8925 3.2
      vertex 51.6456 24.0615 3.7
      vertex 51.4244 23.8925 3.7
    endloop
  endfacet
  facet normal 0.607103 -0.794623 0
    outer loop
      vertex 51.6456 24.0615 3.7
      vertex 51.4244 23.8925 3.2
      vertex 51.6456 24.0615 3.2
    endloop
  endfacet
  facet normal 0.684417 -0.729091 0
    outer loop
      vertex 51.2204 23.701 3.2
      vertex 51.4244 23.8925 3.7
      vertex 51.2204 23.701 3.7
    endloop
  endfacet
  facet normal 0.684417 -0.729091 0
    outer loop
      vertex 51.4244 23.8925 3.7
      vertex 51.2204 23.701 3.2
      vertex 51.4244 23.8925 3.2
    endloop
  endfacet
  facet normal 0.753107 -0.657899 0
    outer loop
      vertex 51.0359 23.4898 3.7
      vertex 51.2204 23.701 3.2
      vertex 51.2204 23.701 3.7
    endloop
  endfacet
  facet normal 0.753107 -0.657899 0
    outer loop
      vertex 51.2204 23.701 3.2
      vertex 51.0359 23.4898 3.7
      vertex 51.0359 23.4898 3.2
    endloop
  endfacet
  facet normal 0.813878 -0.581035 0
    outer loop
      vertex 50.8732 23.2619 3.7
      vertex 51.0359 23.4898 3.2
      vertex 51.0359 23.4898 3.7
    endloop
  endfacet
  facet normal 0.813878 -0.581035 0
    outer loop
      vertex 51.0359 23.4898 3.2
      vertex 50.8732 23.2619 3.7
      vertex 50.8732 23.2619 3.2
    endloop
  endfacet
  facet normal 0.866386 -0.499375 0
    outer loop
      vertex 50.7321 23.0171 3.7
      vertex 50.8732 23.2619 3.2
      vertex 50.8732 23.2619 3.7
    endloop
  endfacet
  facet normal 0.866386 -0.499375 0
    outer loop
      vertex 50.8732 23.2619 3.2
      vertex 50.7321 23.0171 3.7
      vertex 50.7321 23.0171 3.2
    endloop
  endfacet
  facet normal 0.909854 -0.414929 0
    outer loop
      vertex 50.6128 22.7555 3.7
      vertex 50.7321 23.0171 3.2
      vertex 50.7321 23.0171 3.7
    endloop
  endfacet
  facet normal 0.909854 -0.414929 0
    outer loop
      vertex 50.7321 23.0171 3.2
      vertex 50.6128 22.7555 3.7
      vertex 50.6128 22.7555 3.2
    endloop
  endfacet
  facet normal 0.943546 -0.331241 0
    outer loop
      vertex 50.5151 22.4772 3.7
      vertex 50.6128 22.7555 3.2
      vertex 50.6128 22.7555 3.7
    endloop
  endfacet
  facet normal 0.943546 -0.331241 0
    outer loop
      vertex 50.6128 22.7555 3.2
      vertex 50.5151 22.4772 3.7
      vertex 50.5151 22.4772 3.2
    endloop
  endfacet
  facet normal 0.9685 -0.249015 0
    outer loop
      vertex 50.4392 22.182 3.7
      vertex 50.5151 22.4772 3.2
      vertex 50.5151 22.4772 3.7
    endloop
  endfacet
  facet normal 0.9685 -0.249015 0
    outer loop
      vertex 50.5151 22.4772 3.2
      vertex 50.4392 22.182 3.7
      vertex 50.4392 22.182 3.2
    endloop
  endfacet
  facet normal 0.985191 -0.171461 0
    outer loop
      vertex 50.3849 21.87 3.7
      vertex 50.4392 22.182 3.2
      vertex 50.4392 22.182 3.7
    endloop
  endfacet
  facet normal 0.985191 -0.171461 0
    outer loop
      vertex 50.4392 22.182 3.2
      vertex 50.3849 21.87 3.7
      vertex 50.3849 21.87 3.2
    endloop
  endfacet
  facet normal 0.995147 -0.0983946 0
    outer loop
      vertex 50.3524 21.5413 3.7
      vertex 50.3849 21.87 3.2
      vertex 50.3849 21.87 3.7
    endloop
  endfacet
  facet normal 0.995147 -0.0983946 0
    outer loop
      vertex 50.3849 21.87 3.2
      vertex 50.3524 21.5413 3.7
      vertex 50.3524 21.5413 3.2
    endloop
  endfacet
  facet normal 0.999503 -0.0315237 0
    outer loop
      vertex 50.3415 21.1957 3.7
      vertex 50.3524 21.5413 3.2
      vertex 50.3524 21.5413 3.7
    endloop
  endfacet
  facet normal 0.999503 -0.0315237 0
    outer loop
      vertex 50.3524 21.5413 3.2
      vertex 50.3415 21.1957 3.7
      vertex 50.3415 21.1957 3.2
    endloop
  endfacet
  facet normal 0.999507 0.0314057 0
    outer loop
      vertex 50.3524 20.8488 3.7
      vertex 50.3415 21.1957 3.2
      vertex 50.3415 21.1957 3.7
    endloop
  endfacet
  facet normal 0.999507 0.0314057 0
    outer loop
      vertex 50.3415 21.1957 3.2
      vertex 50.3524 20.8488 3.7
      vertex 50.3524 20.8488 3.2
    endloop
  endfacet
  facet normal 0.995185 0.0980107 0
    outer loop
      vertex 50.3849 20.5188 3.7
      vertex 50.3524 20.8488 3.2
      vertex 50.3524 20.8488 3.7
    endloop
  endfacet
  facet normal 0.995185 0.0980107 0
    outer loop
      vertex 50.3524 20.8488 3.2
      vertex 50.3849 20.5188 3.7
      vertex 50.3849 20.5188 3.2
    endloop
  endfacet
  facet normal 0.985292 0.170876 0
    outer loop
      vertex 50.4392 20.2057 3.7
      vertex 50.3849 20.5188 3.2
      vertex 50.3849 20.5188 3.7
    endloop
  endfacet
  facet normal 0.985292 0.170876 0
    outer loop
      vertex 50.3849 20.5188 3.2
      vertex 50.4392 20.2057 3.7
      vertex 50.4392 20.2057 3.2
    endloop
  endfacet
  facet normal 0.968722 0.248147 0
    outer loop
      vertex 50.5151 19.9094 3.7
      vertex 50.4392 20.2057 3.2
      vertex 50.4392 20.2057 3.7
    endloop
  endfacet
  facet normal 0.968722 0.248147 0
    outer loop
      vertex 50.4392 20.2057 3.2
      vertex 50.5151 19.9094 3.7
      vertex 50.5151 19.9094 3.2
    endloop
  endfacet
  facet normal 0.943953 0.33008 0
    outer loop
      vertex 50.6128 19.63 3.7
      vertex 50.5151 19.9094 3.2
      vertex 50.5151 19.9094 3.7
    endloop
  endfacet
  facet normal 0.943953 0.33008 0
    outer loop
      vertex 50.5151 19.9094 3.2
      vertex 50.6128 19.63 3.7
      vertex 50.6128 19.63 3.2
    endloop
  endfacet
  facet normal 0.91039 0.413751 0
    outer loop
      vertex 50.7321 19.3675 3.7
      vertex 50.6128 19.63 3.2
      vertex 50.6128 19.63 3.7
    endloop
  endfacet
  facet normal 0.91039 0.413751 0
    outer loop
      vertex 50.6128 19.63 3.2
      vertex 50.7321 19.3675 3.7
      vertex 50.7321 19.3675 3.2
    endloop
  endfacet
  facet normal 0.867089 0.498153 0
    outer loop
      vertex 50.8732 19.1219 3.7
      vertex 50.7321 19.3675 3.2
      vertex 50.7321 19.3675 3.7
    endloop
  endfacet
  facet normal 0.867089 0.498153 0
    outer loop
      vertex 50.7321 19.3675 3.2
      vertex 50.8732 19.1219 3.7
      vertex 50.8732 19.1219 3.2
    endloop
  endfacet
  facet normal 0.814959 0.579519 0
    outer loop
      vertex 51.0359 18.8931 3.7
      vertex 50.8732 19.1219 3.2
      vertex 50.8732 19.1219 3.7
    endloop
  endfacet
  facet normal 0.814959 0.579519 0
    outer loop
      vertex 50.8732 19.1219 3.2
      vertex 51.0359 18.8931 3.7
      vertex 51.0359 18.8931 3.2
    endloop
  endfacet
  facet normal 0.75403 0.65684 0
    outer loop
      vertex 51.2204 18.6813 3.7
      vertex 51.0359 18.8931 3.2
      vertex 51.0359 18.8931 3.7
    endloop
  endfacet
  facet normal 0.75403 0.65684 0
    outer loop
      vertex 51.0359 18.8931 3.2
      vertex 51.2204 18.6813 3.7
      vertex 51.2204 18.6813 3.2
    endloop
  endfacet
  facet normal 0.686634 0.727003 -0
    outer loop
      vertex 51.4239 18.4891 3.2
      vertex 51.2204 18.6813 3.7
      vertex 51.4239 18.4891 3.7
    endloop
  endfacet
  facet normal 0.686634 0.727003 0
    outer loop
      vertex 51.2204 18.6813 3.7
      vertex 51.4239 18.4891 3.2
      vertex 51.2204 18.6813 3.2
    endloop
  endfacet
  facet normal 0.610494 0.792021 -0
    outer loop
      vertex 51.6438 18.3196 3.2
      vertex 51.4239 18.4891 3.7
      vertex 51.6438 18.3196 3.7
    endloop
  endfacet
  facet normal 0.610494 0.792021 0
    outer loop
      vertex 51.4239 18.4891 3.7
      vertex 51.6438 18.3196 3.2
      vertex 51.4239 18.4891 3.2
    endloop
  endfacet
  facet normal 0.527801 0.849368 -0
    outer loop
      vertex 51.8802 18.1727 3.2
      vertex 51.6438 18.3196 3.7
      vertex 51.8802 18.1727 3.7
    endloop
  endfacet
  facet normal 0.527801 0.849368 0
    outer loop
      vertex 51.6438 18.3196 3.7
      vertex 51.8802 18.1727 3.2
      vertex 51.6438 18.3196 3.2
    endloop
  endfacet
  facet normal 0.441526 0.897249 -0
    outer loop
      vertex 52.133 18.0483 3.2
      vertex 51.8802 18.1727 3.7
      vertex 52.133 18.0483 3.7
    endloop
  endfacet
  facet normal 0.441526 0.897249 0
    outer loop
      vertex 51.8802 18.1727 3.7
      vertex 52.133 18.0483 3.2
      vertex 51.8802 18.1727 3.2
    endloop
  endfacet
  facet normal 0.353407 0.93547 -0
    outer loop
      vertex 52.4022 17.9466 3.2
      vertex 52.133 18.0483 3.7
      vertex 52.4022 17.9466 3.7
    endloop
  endfacet
  facet normal 0.353407 0.93547 0
    outer loop
      vertex 52.133 18.0483 3.7
      vertex 52.4022 17.9466 3.2
      vertex 52.133 18.0483 3.2
    endloop
  endfacet
  facet normal 0.266826 0.963745 -0
    outer loop
      vertex 52.6879 17.8675 3.2
      vertex 52.4022 17.9466 3.7
      vertex 52.6879 17.8675 3.7
    endloop
  endfacet
  facet normal 0.266826 0.963745 0
    outer loop
      vertex 52.4022 17.9466 3.7
      vertex 52.6879 17.8675 3.2
      vertex 52.4022 17.9466 3.2
    endloop
  endfacet
  facet normal 0.183895 0.982946 -0
    outer loop
      vertex 52.9899 17.811 3.2
      vertex 52.6879 17.8675 3.7
      vertex 52.9899 17.811 3.7
    endloop
  endfacet
  facet normal 0.183895 0.982946 0
    outer loop
      vertex 52.6879 17.8675 3.7
      vertex 52.9899 17.811 3.2
      vertex 52.6879 17.8675 3.2
    endloop
  endfacet
  facet normal 0.105839 0.994383 -0
    outer loop
      vertex 53.3084 17.7771 3.2
      vertex 52.9899 17.811 3.7
      vertex 53.3084 17.7771 3.7
    endloop
  endfacet
  facet normal 0.105839 0.994383 0
    outer loop
      vertex 52.9899 17.811 3.7
      vertex 53.3084 17.7771 3.2
      vertex 52.9899 17.811 3.2
    endloop
  endfacet
  facet normal 0.0337122 0.999432 -0
    outer loop
      vertex 53.6434 17.7658 3.2
      vertex 53.3084 17.7771 3.7
      vertex 53.6434 17.7658 3.7
    endloop
  endfacet
  facet normal 0.0337122 0.999432 0
    outer loop
      vertex 53.3084 17.7771 3.7
      vertex 53.6434 17.7658 3.2
      vertex 53.3084 17.7771 3.2
    endloop
  endfacet
  facet normal -0.0327885 0.999462 0
    outer loop
      vertex 53.9848 17.777 3.2
      vertex 53.6434 17.7658 3.7
      vertex 53.9848 17.777 3.7
    endloop
  endfacet
  facet normal -0.0327885 0.999462 0
    outer loop
      vertex 53.6434 17.7658 3.7
      vertex 53.9848 17.777 3.2
      vertex 53.6434 17.7658 3.2
    endloop
  endfacet
  facet normal -0.143581 -0.989639 0
    outer loop
      vertex 53.3217 18.9661 3.2
      vertex 53.4692 18.9447 3.7
      vertex 53.3217 18.9661 3.7
    endloop
  endfacet
  facet normal -0.143581 -0.989639 -0
    outer loop
      vertex 53.4692 18.9447 3.7
      vertex 53.3217 18.9661 3.2
      vertex 53.4692 18.9447 3.2
    endloop
  endfacet
  facet normal -0.247772 -0.968818 0
    outer loop
      vertex 53.1825 19.0017 3.2
      vertex 53.3217 18.9661 3.7
      vertex 53.1825 19.0017 3.7
    endloop
  endfacet
  facet normal -0.247772 -0.968818 -0
    outer loop
      vertex 53.3217 18.9661 3.7
      vertex 53.1825 19.0017 3.2
      vertex 53.3217 18.9661 3.2
    endloop
  endfacet
  facet normal -0.356055 -0.934465 0
    outer loop
      vertex 53.0518 19.0515 3.2
      vertex 53.1825 19.0017 3.7
      vertex 53.0518 19.0515 3.7
    endloop
  endfacet
  facet normal -0.356055 -0.934465 -0
    outer loop
      vertex 53.1825 19.0017 3.7
      vertex 53.0518 19.0515 3.2
      vertex 53.1825 19.0017 3.2
    endloop
  endfacet
  facet normal -0.463926 -0.885874 0
    outer loop
      vertex 52.9294 19.1156 3.2
      vertex 53.0518 19.0515 3.7
      vertex 52.9294 19.1156 3.7
    endloop
  endfacet
  facet normal -0.463926 -0.885874 -0
    outer loop
      vertex 53.0518 19.0515 3.7
      vertex 52.9294 19.1156 3.2
      vertex 53.0518 19.0515 3.2
    endloop
  endfacet
  facet normal -0.565823 -0.824527 0
    outer loop
      vertex 52.8153 19.1939 3.2
      vertex 52.9294 19.1156 3.7
      vertex 52.8153 19.1939 3.7
    endloop
  endfacet
  facet normal -0.565823 -0.824527 -0
    outer loop
      vertex 52.9294 19.1156 3.7
      vertex 52.8153 19.1939 3.2
      vertex 52.9294 19.1156 3.2
    endloop
  endfacet
  facet normal -0.659311 -0.751871 0
    outer loop
      vertex 52.7097 19.2865 3.2
      vertex 52.8153 19.1939 3.7
      vertex 52.7097 19.2865 3.7
    endloop
  endfacet
  facet normal -0.659311 -0.751871 -0
    outer loop
      vertex 52.8153 19.1939 3.7
      vertex 52.7097 19.2865 3.2
      vertex 52.8153 19.1939 3.2
    endloop
  endfacet
  facet normal -0.738875 -0.673843 0
    outer loop
      vertex 52.7097 19.2865 3.2
      vertex 52.6123 19.3933 3.7
      vertex 52.6123 19.3933 3.2
    endloop
  endfacet
  facet normal -0.738875 -0.673843 0
    outer loop
      vertex 52.6123 19.3933 3.7
      vertex 52.7097 19.2865 3.2
      vertex 52.7097 19.2865 3.7
    endloop
  endfacet
  facet normal -0.805875 -0.592085 0
    outer loop
      vertex 52.6123 19.3933 3.2
      vertex 52.5234 19.5143 3.7
      vertex 52.5234 19.5143 3.2
    endloop
  endfacet
  facet normal -0.805875 -0.592085 0
    outer loop
      vertex 52.5234 19.5143 3.7
      vertex 52.6123 19.3933 3.2
      vertex 52.6123 19.3933 3.7
    endloop
  endfacet
  facet normal -0.859513 -0.511114 0
    outer loop
      vertex 52.5234 19.5143 3.2
      vertex 52.4433 19.649 3.7
      vertex 52.4433 19.649 3.2
    endloop
  endfacet
  facet normal -0.859513 -0.511114 0
    outer loop
      vertex 52.4433 19.649 3.7
      vertex 52.5234 19.5143 3.2
      vertex 52.5234 19.5143 3.7
    endloop
  endfacet
  facet normal -0.902227 -0.431261 0
    outer loop
      vertex 52.4433 19.649 3.2
      vertex 52.3727 19.7967 3.7
      vertex 52.3727 19.7967 3.2
    endloop
  endfacet
  facet normal -0.902227 -0.431261 0
    outer loop
      vertex 52.3727 19.7967 3.7
      vertex 52.4433 19.649 3.2
      vertex 52.4433 19.649 3.7
    endloop
  endfacet
  facet normal -0.934525 -0.355899 0
    outer loop
      vertex 52.3727 19.7967 3.2
      vertex 52.3115 19.9574 3.7
      vertex 52.3115 19.9574 3.2
    endloop
  endfacet
  facet normal -0.934525 -0.355899 0
    outer loop
      vertex 52.3115 19.9574 3.7
      vertex 52.3727 19.7967 3.2
      vertex 52.3727 19.7967 3.7
    endloop
  endfacet
  facet normal -0.958341 -0.285627 0
    outer loop
      vertex 52.3115 19.9574 3.2
      vertex 52.2597 20.1312 3.7
      vertex 52.2597 20.1312 3.2
    endloop
  endfacet
  facet normal -0.958341 -0.285627 0
    outer loop
      vertex 52.2597 20.1312 3.7
      vertex 52.3115 19.9574 3.2
      vertex 52.3115 19.9574 3.7
    endloop
  endfacet
  facet normal -0.975194 -0.22135 0
    outer loop
      vertex 52.2597 20.1312 3.2
      vertex 52.2173 20.318 3.7
      vertex 52.2173 20.318 3.2
    endloop
  endfacet
  facet normal -0.975194 -0.22135 0
    outer loop
      vertex 52.2173 20.318 3.7
      vertex 52.2597 20.1312 3.2
      vertex 52.2597 20.1312 3.7
    endloop
  endfacet
  facet normal -0.986725 -0.162398 0
    outer loop
      vertex 52.2173 20.318 3.2
      vertex 52.1844 20.5179 3.7
      vertex 52.1844 20.5179 3.2
    endloop
  endfacet
  facet normal -0.986725 -0.162398 0
    outer loop
      vertex 52.1844 20.5179 3.7
      vertex 52.2173 20.318 3.2
      vertex 52.2173 20.318 3.7
    endloop
  endfacet
  facet normal -0.993912 -0.110175 0
    outer loop
      vertex 52.1844 20.5179 3.2
      vertex 52.1608 20.7308 3.7
      vertex 52.1608 20.7308 3.2
    endloop
  endfacet
  facet normal -0.993912 -0.110175 0
    outer loop
      vertex 52.1608 20.7308 3.7
      vertex 52.1844 20.5179 3.2
      vertex 52.1844 20.5179 3.7
    endloop
  endfacet
  facet normal -0.998058 -0.0622958 0
    outer loop
      vertex 52.1608 20.7308 3.2
      vertex 52.1467 20.9567 3.7
      vertex 52.1467 20.9567 3.2
    endloop
  endfacet
  facet normal -0.998058 -0.0622958 0
    outer loop
      vertex 52.1467 20.9567 3.7
      vertex 52.1608 20.7308 3.2
      vertex 52.1608 20.7308 3.7
    endloop
  endfacet
  facet normal -0.999807 -0.0196615 0
    outer loop
      vertex 52.1467 20.9567 3.2
      vertex 52.142 21.1957 3.7
      vertex 52.142 21.1957 3.2
    endloop
  endfacet
  facet normal -0.999807 -0.0196615 0
    outer loop
      vertex 52.142 21.1957 3.7
      vertex 52.1467 20.9567 3.2
      vertex 52.1467 20.9567 3.7
    endloop
  endfacet
  facet normal -0.999158 0.0410205 0
    outer loop
      vertex 52.142 21.1957 3.2
      vertex 52.1613 21.6658 3.7
      vertex 52.1613 21.6658 3.2
    endloop
  endfacet
  facet normal -0.999158 0.0410205 0
    outer loop
      vertex 52.1613 21.6658 3.7
      vertex 52.142 21.1957 3.2
      vertex 52.142 21.1957 3.7
    endloop
  endfacet
  facet normal -0.990431 0.138011 0
    outer loop
      vertex 52.1613 21.6658 3.2
      vertex 52.2191 22.0806 3.7
      vertex 52.2191 22.0806 3.2
    endloop
  endfacet
  facet normal -0.990431 0.138011 0
    outer loop
      vertex 52.2191 22.0806 3.7
      vertex 52.1613 21.6658 3.2
      vertex 52.1613 21.6658 3.7
    endloop
  endfacet
  facet normal -0.96581 0.259251 0
    outer loop
      vertex 52.2191 22.0806 3.2
      vertex 52.3156 22.4401 3.7
      vertex 52.3156 22.4401 3.2
    endloop
  endfacet
  facet normal -0.96581 0.259251 0
    outer loop
      vertex 52.3156 22.4401 3.7
      vertex 52.2191 22.0806 3.2
      vertex 52.2191 22.0806 3.7
    endloop
  endfacet
  facet normal -0.913985 0.405748 0
    outer loop
      vertex 52.3156 22.4401 3.2
      vertex 52.4506 22.7442 3.7
      vertex 52.4506 22.7442 3.2
    endloop
  endfacet
  facet normal -0.913985 0.405748 0
    outer loop
      vertex 52.4506 22.7442 3.7
      vertex 52.3156 22.4401 3.2
      vertex 52.3156 22.4401 3.7
    endloop
  endfacet
  facet normal -0.820206 0.572068 0
    outer loop
      vertex 52.4506 22.7442 3.2
      vertex 52.6242 22.9931 3.7
      vertex 52.6242 22.9931 3.2
    endloop
  endfacet
  facet normal -0.820206 0.572068 0
    outer loop
      vertex 52.6242 22.9931 3.7
      vertex 52.4506 22.7442 3.2
      vertex 52.4506 22.7442 3.7
    endloop
  endfacet
  facet normal -0.673989 0.738742 0
    outer loop
      vertex 52.8364 23.1867 3.2
      vertex 52.6242 22.9931 3.7
      vertex 52.8364 23.1867 3.7
    endloop
  endfacet
  facet normal -0.673989 0.738742 0
    outer loop
      vertex 52.6242 22.9931 3.7
      vertex 52.8364 23.1867 3.2
      vertex 52.6242 22.9931 3.2
    endloop
  endfacet
  facet normal -0.483031 0.875603 0
    outer loop
      vertex 53.0871 23.325 3.2
      vertex 52.8364 23.1867 3.7
      vertex 53.0871 23.325 3.7
    endloop
  endfacet
  facet normal -0.483031 0.875603 0
    outer loop
      vertex 52.8364 23.1867 3.7
      vertex 53.0871 23.325 3.2
      vertex 52.8364 23.1867 3.2
    endloop
  endfacet
  facet normal -0.275379 0.961336 0
    outer loop
      vertex 53.3765 23.4079 3.2
      vertex 53.0871 23.325 3.7
      vertex 53.3765 23.4079 3.7
    endloop
  endfacet
  facet normal -0.275379 0.961336 0
    outer loop
      vertex 53.0871 23.325 3.7
      vertex 53.3765 23.4079 3.2
      vertex 53.0871 23.325 3.2
    endloop
  endfacet
  facet normal -0.0841771 0.996451 0
    outer loop
      vertex 53.7044 23.4356 3.2
      vertex 53.3765 23.4079 3.7
      vertex 53.7044 23.4356 3.7
    endloop
  endfacet
  facet normal -0.0841771 0.996451 0
    outer loop
      vertex 53.3765 23.4079 3.7
      vertex 53.7044 23.4356 3.2
      vertex 53.3765 23.4079 3.2
    endloop
  endfacet
  facet normal 0.0416305 0.999133 -0
    outer loop
      vertex 53.8628 23.429 3.2
      vertex 53.7044 23.4356 3.7
      vertex 53.8628 23.429 3.7
    endloop
  endfacet
  facet normal 0.0416305 0.999133 0
    outer loop
      vertex 53.7044 23.4356 3.7
      vertex 53.8628 23.429 3.2
      vertex 53.7044 23.4356 3.2
    endloop
  endfacet
  facet normal 0.12965 0.99156 -0
    outer loop
      vertex 54.0127 23.4094 3.2
      vertex 53.8628 23.429 3.7
      vertex 54.0127 23.4094 3.7
    endloop
  endfacet
  facet normal 0.12965 0.99156 0
    outer loop
      vertex 53.8628 23.429 3.7
      vertex 54.0127 23.4094 3.2
      vertex 53.8628 23.429 3.2
    endloop
  endfacet
  facet normal 0.22627 0.974065 -0
    outer loop
      vertex 54.1539 23.3766 3.2
      vertex 54.0127 23.4094 3.7
      vertex 54.1539 23.3766 3.7
    endloop
  endfacet
  facet normal 0.22627 0.974065 0
    outer loop
      vertex 54.0127 23.4094 3.7
      vertex 54.1539 23.3766 3.2
      vertex 54.0127 23.4094 3.2
    endloop
  endfacet
  facet normal 0.32689 0.945062 -0
    outer loop
      vertex 54.2866 23.3307 3.2
      vertex 54.1539 23.3766 3.7
      vertex 54.2866 23.3307 3.7
    endloop
  endfacet
  facet normal 0.32689 0.945062 0
    outer loop
      vertex 54.1539 23.3766 3.7
      vertex 54.2866 23.3307 3.2
      vertex 54.1539 23.3766 3.2
    endloop
  endfacet
  facet normal 0.429369 0.903129 -0
    outer loop
      vertex 54.4107 23.2717 3.2
      vertex 54.2866 23.3307 3.7
      vertex 54.4107 23.2717 3.7
    endloop
  endfacet
  facet normal 0.429369 0.903129 0
    outer loop
      vertex 54.2866 23.3307 3.7
      vertex 54.4107 23.2717 3.2
      vertex 54.2866 23.3307 3.2
    endloop
  endfacet
  facet normal 0.529537 0.848287 -0
    outer loop
      vertex 54.5262 23.1996 3.2
      vertex 54.4107 23.2717 3.7
      vertex 54.5262 23.1996 3.7
    endloop
  endfacet
  facet normal 0.529537 0.848287 0
    outer loop
      vertex 54.4107 23.2717 3.7
      vertex 54.5262 23.1996 3.2
      vertex 54.4107 23.2717 3.2
    endloop
  endfacet
  facet normal 0.623267 0.782009 -0
    outer loop
      vertex 54.6331 23.1144 3.2
      vertex 54.5262 23.1996 3.7
      vertex 54.6331 23.1144 3.7
    endloop
  endfacet
  facet normal 0.623267 0.782009 0
    outer loop
      vertex 54.5262 23.1996 3.7
      vertex 54.6331 23.1144 3.2
      vertex 54.5262 23.1996 3.2
    endloop
  endfacet
  facet normal 0.707107 0.707107 0
    outer loop
      vertex 54.7315 23.016 3.7
      vertex 54.6331 23.1144 3.2
      vertex 54.6331 23.1144 3.7
    endloop
  endfacet
  facet normal 0.707107 0.707107 0
    outer loop
      vertex 54.6331 23.1144 3.2
      vertex 54.7315 23.016 3.7
      vertex 54.7315 23.016 3.2
    endloop
  endfacet
  facet normal 0.778887 0.627165 0
    outer loop
      vertex 54.8212 22.9046 3.7
      vertex 54.7315 23.016 3.2
      vertex 54.7315 23.016 3.7
    endloop
  endfacet
  facet normal 0.778887 0.627165 0
    outer loop
      vertex 54.7315 23.016 3.2
      vertex 54.8212 22.9046 3.7
      vertex 54.8212 22.9046 3.2
    endloop
  endfacet
  facet normal 0.842089 0.539338 0
    outer loop
      vertex 54.9019 22.7786 3.7
      vertex 54.8212 22.9046 3.2
      vertex 54.8212 22.9046 3.7
    endloop
  endfacet
  facet normal 0.842089 0.539338 0
    outer loop
      vertex 54.8212 22.9046 3.2
      vertex 54.9019 22.7786 3.7
      vertex 54.9019 22.7786 3.2
    endloop
  endfacet
  facet normal 0.893923 0.448221 0
    outer loop
      vertex 54.9731 22.6366 3.7
      vertex 54.9019 22.7786 3.2
      vertex 54.9019 22.7786 3.7
    endloop
  endfacet
  facet normal 0.893923 0.448221 0
    outer loop
      vertex 54.9019 22.7786 3.2
      vertex 54.9731 22.6366 3.7
      vertex 54.9731 22.6366 3.2
    endloop
  endfacet
  facet normal 0.931417 0.363954 0
    outer loop
      vertex 55.0348 22.4787 3.7
      vertex 54.9731 22.6366 3.2
      vertex 54.9731 22.6366 3.7
    endloop
  endfacet
  facet normal 0.931417 0.363954 0
    outer loop
      vertex 54.9731 22.6366 3.2
      vertex 55.0348 22.4787 3.7
      vertex 55.0348 22.4787 3.2
    endloop
  endfacet
  facet normal 0.957629 0.288005 0
    outer loop
      vertex 55.0871 22.3048 3.7
      vertex 55.0348 22.4787 3.2
      vertex 55.0348 22.4787 3.7
    endloop
  endfacet
  facet normal 0.957629 0.288005 0
    outer loop
      vertex 55.0348 22.4787 3.2
      vertex 55.0871 22.3048 3.7
      vertex 55.0871 22.3048 3.2
    endloop
  endfacet
  facet normal 0.97564 0.219378 0
    outer loop
      vertex 55.1298 22.1149 3.7
      vertex 55.0871 22.3048 3.2
      vertex 55.0871 22.3048 3.7
    endloop
  endfacet
  facet normal 0.97564 0.219378 0
    outer loop
      vertex 55.0871 22.3048 3.2
      vertex 55.1298 22.1149 3.7
      vertex 55.1298 22.1149 3.2
    endloop
  endfacet
  facet normal 0.987236 0.159263 0
    outer loop
      vertex 55.163 21.9091 3.7
      vertex 55.1298 22.1149 3.2
      vertex 55.1298 22.1149 3.7
    endloop
  endfacet
  facet normal 0.987236 0.159263 0
    outer loop
      vertex 55.1298 22.1149 3.2
      vertex 55.163 21.9091 3.7
      vertex 55.163 21.9091 3.2
    endloop
  endfacet
  facet normal 0.994292 0.106691 0
    outer loop
      vertex 55.1868 21.6873 3.7
      vertex 55.163 21.9091 3.2
      vertex 55.163 21.9091 3.7
    endloop
  endfacet
  facet normal 0.994292 0.106691 0
    outer loop
      vertex 55.163 21.9091 3.2
      vertex 55.1868 21.6873 3.7
      vertex 55.1868 21.6873 3.2
    endloop
  endfacet
  facet normal 0.998223 0.0595829 0
    outer loop
      vertex 55.201 21.4494 3.7
      vertex 55.1868 21.6873 3.2
      vertex 55.1868 21.6873 3.7
    endloop
  endfacet
  facet normal 0.998223 0.0595829 0
    outer loop
      vertex 55.1868 21.6873 3.2
      vertex 55.201 21.4494 3.7
      vertex 55.201 21.4494 3.2
    endloop
  endfacet
  facet normal 0.999821 0.0189166 0
    outer loop
      vertex 55.2058 21.1957 3.7
      vertex 55.201 21.4494 3.2
      vertex 55.201 21.4494 3.7
    endloop
  endfacet
  facet normal 0.999821 0.0189166 0
    outer loop
      vertex 55.201 21.4494 3.2
      vertex 55.2058 21.1957 3.7
      vertex 55.2058 21.1957 3.2
    endloop
  endfacet
  facet normal 0.999154 -0.0411131 0
    outer loop
      vertex 55.1863 20.7218 3.7
      vertex 55.2058 21.1957 3.2
      vertex 55.2058 21.1957 3.7
    endloop
  endfacet
  facet normal 0.999154 -0.0411131 0
    outer loop
      vertex 55.2058 21.1957 3.2
      vertex 55.1863 20.7218 3.7
      vertex 55.1863 20.7218 3.2
    endloop
  endfacet
  facet normal 0.990325 -0.138769 0
    outer loop
      vertex 55.1277 20.3036 3.7
      vertex 55.1863 20.7218 3.2
      vertex 55.1863 20.7218 3.7
    endloop
  endfacet
  facet normal 0.990325 -0.138769 0
    outer loop
      vertex 55.1863 20.7218 3.2
      vertex 55.1277 20.3036 3.7
      vertex 55.1277 20.3036 3.2
    endloop
  endfacet
  facet normal 0.965595 -0.26005 0
    outer loop
      vertex 55.0301 19.9412 3.7
      vertex 55.1277 20.3036 3.2
      vertex 55.1277 20.3036 3.7
    endloop
  endfacet
  facet normal 0.965595 -0.26005 0
    outer loop
      vertex 55.1277 20.3036 3.2
      vertex 55.0301 19.9412 3.7
      vertex 55.0301 19.9412 3.2
    endloop
  endfacet
  facet normal 0.913492 -0.406857 0
    outer loop
      vertex 54.8935 19.6345 3.7
      vertex 55.0301 19.9412 3.2
      vertex 55.0301 19.9412 3.7
    endloop
  endfacet
  facet normal 0.913492 -0.406857 0
    outer loop
      vertex 55.0301 19.9412 3.2
      vertex 54.8935 19.6345 3.7
      vertex 54.8935 19.6345 3.2
    endloop
  endfacet
  facet normal 0.819278 -0.573397 0
    outer loop
      vertex 54.7179 19.3836 3.7
      vertex 54.8935 19.6345 3.2
      vertex 54.8935 19.6345 3.7
    endloop
  endfacet
  facet normal 0.819278 -0.573397 0
    outer loop
      vertex 54.8935 19.6345 3.2
      vertex 54.7179 19.3836 3.7
      vertex 54.7179 19.3836 3.2
    endloop
  endfacet
  facet normal 0.672518 -0.74008 0
    outer loop
      vertex 54.5032 19.1885 3.2
      vertex 54.7179 19.3836 3.7
      vertex 54.5032 19.1885 3.7
    endloop
  endfacet
  facet normal 0.672518 -0.74008 0
    outer loop
      vertex 54.7179 19.3836 3.7
      vertex 54.5032 19.1885 3.2
      vertex 54.7179 19.3836 3.2
    endloop
  endfacet
  facet normal 0.481561 -0.876413 0
    outer loop
      vertex 54.2495 19.0491 3.2
      vertex 54.5032 19.1885 3.7
      vertex 54.2495 19.0491 3.7
    endloop
  endfacet
  facet normal 0.481561 -0.876413 0
    outer loop
      vertex 54.5032 19.1885 3.7
      vertex 54.2495 19.0491 3.2
      vertex 54.5032 19.1885 3.2
    endloop
  endfacet
  facet normal 0.274634 -0.961549 0
    outer loop
      vertex 53.9568 18.9655 3.2
      vertex 54.2495 19.0491 3.7
      vertex 53.9568 18.9655 3.7
    endloop
  endfacet
  facet normal 0.274634 -0.961549 0
    outer loop
      vertex 54.2495 19.0491 3.7
      vertex 53.9568 18.9655 3.2
      vertex 54.2495 19.0491 3.2
    endloop
  endfacet
  facet normal 0.0837911 -0.996483 0
    outer loop
      vertex 53.625 18.9376 3.2
      vertex 53.9568 18.9655 3.7
      vertex 53.625 18.9376 3.7
    endloop
  endfacet
  facet normal 0.0837911 -0.996483 0
    outer loop
      vertex 53.9568 18.9655 3.7
      vertex 53.625 18.9376 3.2
      vertex 53.9568 18.9655 3.2
    endloop
  endfacet
  facet normal -0.045524 -0.998963 0
    outer loop
      vertex 53.4692 18.9447 3.2
      vertex 53.625 18.9376 3.7
      vertex 53.4692 18.9447 3.7
    endloop
  endfacet
  facet normal -0.045524 -0.998963 -0
    outer loop
      vertex 53.625 18.9376 3.7
      vertex 53.4692 18.9447 3.2
      vertex 53.625 18.9376 3.2
    endloop
  endfacet
  facet normal -0.16088 0.986974 0
    outer loop
      vertex 18.2667 17.83 3.2
      vertex 17.971 17.7818 3.7
      vertex 18.2667 17.83 3.7
    endloop
  endfacet
  facet normal -0.16088 0.986974 0
    outer loop
      vertex 17.971 17.7818 3.7
      vertex 18.2667 17.83 3.2
      vertex 17.971 17.7818 3.2
    endloop
  endfacet
  facet normal -0.277554 0.96071 0
    outer loop
      vertex 18.5443 17.9102 3.2
      vertex 18.2667 17.83 3.7
      vertex 18.5443 17.9102 3.7
    endloop
  endfacet
  facet normal -0.277554 0.96071 0
    outer loop
      vertex 18.2667 17.83 3.7
      vertex 18.5443 17.9102 3.2
      vertex 18.2667 17.83 3.2
    endloop
  endfacet
  facet normal -0.397459 0.91762 0
    outer loop
      vertex 18.8038 18.0226 3.2
      vertex 18.5443 17.9102 3.7
      vertex 18.8038 18.0226 3.7
    endloop
  endfacet
  facet normal -0.397459 0.91762 0
    outer loop
      vertex 18.5443 17.9102 3.7
      vertex 18.8038 18.0226 3.2
      vertex 18.5443 17.9102 3.2
    endloop
  endfacet
  facet normal -0.513345 0.858182 0
    outer loop
      vertex 19.0452 18.167 3.2
      vertex 18.8038 18.0226 3.7
      vertex 19.0452 18.167 3.7
    endloop
  endfacet
  facet normal -0.513345 0.858182 0
    outer loop
      vertex 18.8038 18.0226 3.7
      vertex 19.0452 18.167 3.2
      vertex 18.8038 18.0226 3.2
    endloop
  endfacet
  facet normal -0.6201 0.784523 0
    outer loop
      vertex 19.2685 18.3435 3.2
      vertex 19.0452 18.167 3.7
      vertex 19.2685 18.3435 3.7
    endloop
  endfacet
  facet normal -0.6201 0.784523 0
    outer loop
      vertex 19.0452 18.167 3.7
      vertex 19.2685 18.3435 3.2
      vertex 19.0452 18.167 3.2
    endloop
  endfacet
  facet normal -0.71289 0.701276 0
    outer loop
      vertex 19.2685 18.3435 3.2
      vertex 19.4738 18.5522 3.7
      vertex 19.4738 18.5522 3.2
    endloop
  endfacet
  facet normal -0.71289 0.701276 0
    outer loop
      vertex 19.4738 18.5522 3.7
      vertex 19.2685 18.3435 3.2
      vertex 19.2685 18.3435 3.7
    endloop
  endfacet
  facet normal -0.78937 0.613918 0
    outer loop
      vertex 19.4738 18.5522 3.2
      vertex 19.661 18.7929 3.7
      vertex 19.661 18.7929 3.2
    endloop
  endfacet
  facet normal -0.78937 0.613918 0
    outer loop
      vertex 19.661 18.7929 3.7
      vertex 19.4738 18.5522 3.2
      vertex 19.4738 18.5522 3.7
    endloop
  endfacet
  facet normal -0.850092 0.526634 0
    outer loop
      vertex 19.661 18.7929 3.2
      vertex 19.83 19.0657 3.7
      vertex 19.83 19.0657 3.2
    endloop
  endfacet
  facet normal -0.850092 0.526634 0
    outer loop
      vertex 19.83 19.0657 3.7
      vertex 19.661 18.7929 3.2
      vertex 19.661 18.7929 3.7
    endloop
  endfacet
  facet normal 0 1 -0
    outer loop
      vertex 19.8666 19.0657 3.2
      vertex 19.83 19.0657 3.7
      vertex 19.8666 19.0657 3.7
    endloop
  endfacet
  facet normal 0 1 0
    outer loop
      vertex 19.83 19.0657 3.7
      vertex 19.8666 19.0657 3.2
      vertex 19.83 19.0657 3.2
    endloop
  endfacet
  facet normal 0.992335 0.123577 0
    outer loop
      vertex 19.8832 18.9324 3.7
      vertex 19.8666 19.0657 3.2
      vertex 19.8666 19.0657 3.7
    endloop
  endfacet
  facet normal 0.992335 0.123577 0
    outer loop
      vertex 19.8666 19.0657 3.2
      vertex 19.8832 18.9324 3.7
      vertex 19.8832 18.9324 3.2
    endloop
  endfacet
  facet normal 0.984131 0.177441 0
    outer loop
      vertex 19.9059 18.8065 3.7
      vertex 19.8832 18.9324 3.2
      vertex 19.8832 18.9324 3.7
    endloop
  endfacet
  facet normal 0.984131 0.177441 0
    outer loop
      vertex 19.8832 18.9324 3.2
      vertex 19.9059 18.8065 3.7
      vertex 19.9059 18.8065 3.2
    endloop
  endfacet
  facet normal 0.971525 0.236937 0
    outer loop
      vertex 19.9348 18.688 3.7
      vertex 19.9059 18.8065 3.2
      vertex 19.9059 18.8065 3.7
    endloop
  endfacet
  facet normal 0.971525 0.236937 0
    outer loop
      vertex 19.9059 18.8065 3.2
      vertex 19.9348 18.688 3.7
      vertex 19.9348 18.688 3.2
    endloop
  endfacet
  facet normal 0.954036 0.299693 0
    outer loop
      vertex 19.9697 18.5769 3.7
      vertex 19.9348 18.688 3.2
      vertex 19.9348 18.688 3.7
    endloop
  endfacet
  facet normal 0.954036 0.299693 0
    outer loop
      vertex 19.9348 18.688 3.2
      vertex 19.9697 18.5769 3.7
      vertex 19.9697 18.5769 3.2
    endloop
  endfacet
  facet normal 0.930075 0.367371 0
    outer loop
      vertex 20.0107 18.4731 3.7
      vertex 19.9697 18.5769 3.2
      vertex 19.9697 18.5769 3.7
    endloop
  endfacet
  facet normal 0.930075 0.367371 0
    outer loop
      vertex 19.9697 18.5769 3.2
      vertex 20.0107 18.4731 3.7
      vertex 20.0107 18.4731 3.2
    endloop
  endfacet
  facet normal 0.898123 0.439745 0
    outer loop
      vertex 20.0579 18.3767 3.7
      vertex 20.0107 18.4731 3.2
      vertex 20.0107 18.4731 3.7
    endloop
  endfacet
  facet normal 0.898123 0.439745 0
    outer loop
      vertex 20.0107 18.4731 3.2
      vertex 20.0579 18.3767 3.7
      vertex 20.0579 18.3767 3.2
    endloop
  endfacet
  facet normal 0.858089 0.513502 0
    outer loop
      vertex 20.1111 18.2878 3.7
      vertex 20.0579 18.3767 3.2
      vertex 20.0579 18.3767 3.7
    endloop
  endfacet
  facet normal 0.858089 0.513502 0
    outer loop
      vertex 20.0579 18.3767 3.2
      vertex 20.1111 18.2878 3.7
      vertex 20.1111 18.2878 3.2
    endloop
  endfacet
  facet normal 0.809293 0.587406 0
    outer loop
      vertex 20.1704 18.2061 3.7
      vertex 20.1111 18.2878 3.2
      vertex 20.1111 18.2878 3.7
    endloop
  endfacet
  facet normal 0.809293 0.587406 0
    outer loop
      vertex 20.1111 18.2878 3.2
      vertex 20.1704 18.2061 3.7
      vertex 20.1704 18.2061 3.2
    endloop
  endfacet
  facet normal 0.750192 0.66122 0
    outer loop
      vertex 20.2358 18.1319 3.7
      vertex 20.1704 18.2061 3.2
      vertex 20.1704 18.2061 3.7
    endloop
  endfacet
  facet normal 0.750192 0.66122 0
    outer loop
      vertex 20.1704 18.2061 3.2
      vertex 20.2358 18.1319 3.7
      vertex 20.2358 18.1319 3.2
    endloop
  endfacet
  facet normal 0.675495 0.737365 -0
    outer loop
      vertex 20.3085 18.0653 3.2
      vertex 20.2358 18.1319 3.7
      vertex 20.3085 18.0653 3.7
    endloop
  endfacet
  facet normal 0.675495 0.737365 0
    outer loop
      vertex 20.2358 18.1319 3.7
      vertex 20.3085 18.0653 3.2
      vertex 20.2358 18.1319 3.2
    endloop
  endfacet
  facet normal 0.586984 0.809599 -0
    outer loop
      vertex 20.3896 18.0065 3.2
      vertex 20.3085 18.0653 3.7
      vertex 20.3896 18.0065 3.7
    endloop
  endfacet
  facet normal 0.586984 0.809599 0
    outer loop
      vertex 20.3085 18.0653 3.7
      vertex 20.3896 18.0065 3.2
      vertex 20.3085 18.0653 3.2
    endloop
  endfacet
  facet normal 0.494777 0.86902 -0
    outer loop
      vertex 20.479 17.9556 3.2
      vertex 20.3896 18.0065 3.7
      vertex 20.479 17.9556 3.7
    endloop
  endfacet
  facet normal 0.494777 0.86902 0
    outer loop
      vertex 20.3896 18.0065 3.7
      vertex 20.479 17.9556 3.2
      vertex 20.3896 18.0065 3.2
    endloop
  endfacet
  facet normal 0.403617 0.914928 -0
    outer loop
      vertex 20.5767 17.9125 3.2
      vertex 20.479 17.9556 3.7
      vertex 20.5767 17.9125 3.7
    endloop
  endfacet
  facet normal 0.403617 0.914928 0
    outer loop
      vertex 20.479 17.9556 3.7
      vertex 20.5767 17.9125 3.2
      vertex 20.479 17.9556 3.2
    endloop
  endfacet
  facet normal 0.315423 0.948951 -0
    outer loop
      vertex 20.6829 17.8772 3.2
      vertex 20.5767 17.9125 3.7
      vertex 20.6829 17.8772 3.7
    endloop
  endfacet
  facet normal 0.315423 0.948951 0
    outer loop
      vertex 20.5767 17.9125 3.7
      vertex 20.6829 17.8772 3.2
      vertex 20.5767 17.9125 3.2
    endloop
  endfacet
  facet normal 0.23273 0.972541 -0
    outer loop
      vertex 20.7974 17.8498 3.2
      vertex 20.6829 17.8772 3.7
      vertex 20.7974 17.8498 3.7
    endloop
  endfacet
  facet normal 0.23273 0.972541 0
    outer loop
      vertex 20.6829 17.8772 3.7
      vertex 20.7974 17.8498 3.2
      vertex 20.6829 17.8772 3.2
    endloop
  endfacet
  facet normal 0.157614 0.987501 -0
    outer loop
      vertex 20.9202 17.8302 3.2
      vertex 20.7974 17.8498 3.7
      vertex 20.9202 17.8302 3.7
    endloop
  endfacet
  facet normal 0.157614 0.987501 0
    outer loop
      vertex 20.7974 17.8498 3.7
      vertex 20.9202 17.8302 3.2
      vertex 20.7974 17.8498 3.2
    endloop
  endfacet
  facet normal 0.0888243 0.996047 -0
    outer loop
      vertex 21.0514 17.8185 3.2
      vertex 20.9202 17.8302 3.7
      vertex 21.0514 17.8185 3.7
    endloop
  endfacet
  facet normal 0.0888243 0.996047 0
    outer loop
      vertex 20.9202 17.8302 3.7
      vertex 21.0514 17.8185 3.2
      vertex 20.9202 17.8302 3.2
    endloop
  endfacet
  facet normal 0.0279261 0.99961 -0
    outer loop
      vertex 21.191 17.8146 3.2
      vertex 21.0514 17.8185 3.7
      vertex 21.191 17.8146 3.7
    endloop
  endfacet
  facet normal 0.0279261 0.99961 0
    outer loop
      vertex 21.0514 17.8185 3.7
      vertex 21.191 17.8146 3.2
      vertex 21.0514 17.8185 3.2
    endloop
  endfacet
  facet normal -0.00249376 0.999997 0
    outer loop
      vertex 21.2311 17.8147 3.2
      vertex 21.191 17.8146 3.7
      vertex 21.2311 17.8147 3.7
    endloop
  endfacet
  facet normal -0.00249376 0.999997 0
    outer loop
      vertex 21.191 17.8146 3.7
      vertex 21.2311 17.8147 3.2
      vertex 21.191 17.8146 3.2
    endloop
  endfacet
  facet normal -0.0128195 0.999918 0
    outer loop
      vertex 21.2701 17.8152 3.2
      vertex 21.2311 17.8147 3.7
      vertex 21.2701 17.8152 3.7
    endloop
  endfacet
  facet normal -0.0128195 0.999918 0
    outer loop
      vertex 21.2311 17.8147 3.7
      vertex 21.2701 17.8152 3.2
      vertex 21.2311 17.8147 3.2
    endloop
  endfacet
  facet normal -0.0184665 0.999829 0
    outer loop
      vertex 21.308 17.8159 3.2
      vertex 21.2701 17.8152 3.7
      vertex 21.308 17.8159 3.7
    endloop
  endfacet
  facet normal -0.0184665 0.999829 0
    outer loop
      vertex 21.2701 17.8152 3.7
      vertex 21.308 17.8159 3.2
      vertex 21.2701 17.8152 3.2
    endloop
  endfacet
  facet normal -0.0299593 0.999551 0
    outer loop
      vertex 21.3447 17.817 3.2
      vertex 21.308 17.8159 3.7
      vertex 21.3447 17.817 3.7
    endloop
  endfacet
  facet normal -0.0299593 0.999551 0
    outer loop
      vertex 21.308 17.8159 3.7
      vertex 21.3447 17.817 3.2
      vertex 21.308 17.8159 3.2
    endloop
  endfacet
  facet normal -0.0364925 0.999334 0
    outer loop
      vertex 21.3803 17.8183 3.2
      vertex 21.3447 17.817 3.7
      vertex 21.3803 17.8183 3.7
    endloop
  endfacet
  facet normal -0.0364925 0.999334 0
    outer loop
      vertex 21.3447 17.817 3.7
      vertex 21.3803 17.8183 3.2
      vertex 21.3447 17.817 3.2
    endloop
  endfacet
  facet normal -0.0492156 0.998788 0
    outer loop
      vertex 21.4148 17.82 3.2
      vertex 21.3803 17.8183 3.7
      vertex 21.4148 17.82 3.7
    endloop
  endfacet
  facet normal -0.0492156 0.998788 0
    outer loop
      vertex 21.3803 17.8183 3.7
      vertex 21.4148 17.82 3.2
      vertex 21.3803 17.8183 3.2
    endloop
  endfacet
  facet normal -0.059952 0.998201 0
    outer loop
      vertex 21.4481 17.822 3.2
      vertex 21.4148 17.82 3.7
      vertex 21.4481 17.822 3.7
    endloop
  endfacet
  facet normal -0.059952 0.998201 0
    outer loop
      vertex 21.4148 17.82 3.7
      vertex 21.4481 17.822 3.2
      vertex 21.4148 17.82 3.2
    endloop
  endfacet
  facet normal -0.0681641 0.997674 0
    outer loop
      vertex 21.4803 17.8242 3.2
      vertex 21.4481 17.822 3.7
      vertex 21.4803 17.8242 3.7
    endloop
  endfacet
  facet normal -0.0681641 0.997674 0
    outer loop
      vertex 21.4481 17.822 3.7
      vertex 21.4803 17.8242 3.2
      vertex 21.4481 17.822 3.2
    endloop
  endfacet
  facet normal -0.0833107 0.996524 0
    outer loop
      vertex 21.5114 17.8268 3.2
      vertex 21.4803 17.8242 3.7
      vertex 21.5114 17.8268 3.7
    endloop
  endfacet
  facet normal -0.0833107 0.996524 0
    outer loop
      vertex 21.4803 17.8242 3.7
      vertex 21.5114 17.8268 3.2
      vertex 21.4803 17.8242 3.2
    endloop
  endfacet
  facet normal -0.091717 0.995785 0
    outer loop
      vertex 21.5418 17.8296 3.2
      vertex 21.5114 17.8268 3.7
      vertex 21.5418 17.8296 3.7
    endloop
  endfacet
  facet normal -0.091717 0.995785 0
    outer loop
      vertex 21.5114 17.8268 3.7
      vertex 21.5418 17.8296 3.2
      vertex 21.5114 17.8268 3.2
    endloop
  endfacet
  facet normal -0.096537 0.995329 0
    outer loop
      vertex 21.5717 17.8325 3.2
      vertex 21.5418 17.8296 3.7
      vertex 21.5717 17.8325 3.7
    endloop
  endfacet
  facet normal -0.096537 0.995329 0
    outer loop
      vertex 21.5418 17.8296 3.7
      vertex 21.5717 17.8325 3.2
      vertex 21.5418 17.8296 3.2
    endloop
  endfacet
  facet normal -0.10416 0.994561 0
    outer loop
      vertex 21.6013 17.8356 3.2
      vertex 21.5717 17.8325 3.7
      vertex 21.6013 17.8356 3.7
    endloop
  endfacet
  facet normal -0.10416 0.994561 0
    outer loop
      vertex 21.5717 17.8325 3.7
      vertex 21.6013 17.8356 3.2
      vertex 21.5717 17.8325 3.2
    endloop
  endfacet
  facet normal -0.108937 0.994049 0
    outer loop
      vertex 21.6305 17.8388 3.2
      vertex 21.6013 17.8356 3.7
      vertex 21.6305 17.8388 3.7
    endloop
  endfacet
  facet normal -0.108937 0.994049 0
    outer loop
      vertex 21.6013 17.8356 3.7
      vertex 21.6305 17.8388 3.2
      vertex 21.6013 17.8356 3.2
    endloop
  endfacet
  facet normal -0.117241 0.993103 0
    outer loop
      vertex 21.6593 17.8422 3.2
      vertex 21.6305 17.8388 3.7
      vertex 21.6593 17.8422 3.7
    endloop
  endfacet
  facet normal -0.117241 0.993103 0
    outer loop
      vertex 21.6305 17.8388 3.7
      vertex 21.6593 17.8422 3.2
      vertex 21.6305 17.8388 3.2
    endloop
  endfacet
  facet normal -0.125754 0.992061 0
    outer loop
      vertex 21.6877 17.8458 3.2
      vertex 21.6593 17.8422 3.7
      vertex 21.6877 17.8458 3.7
    endloop
  endfacet
  facet normal -0.125754 0.992061 0
    outer loop
      vertex 21.6593 17.8422 3.7
      vertex 21.6877 17.8458 3.2
      vertex 21.6593 17.8422 3.2
    endloop
  endfacet
  facet normal -0.130546 0.991442 0
    outer loop
      vertex 21.7158 17.8495 3.2
      vertex 21.6877 17.8458 3.7
      vertex 21.7158 17.8495 3.7
    endloop
  endfacet
  facet normal -0.130546 0.991442 0
    outer loop
      vertex 21.6877 17.8458 3.7
      vertex 21.7158 17.8495 3.2
      vertex 21.6877 17.8458 3.2
    endloop
  endfacet
  facet normal -0.135911 0.990721 0
    outer loop
      vertex 21.7435 17.8533 3.2
      vertex 21.7158 17.8495 3.7
      vertex 21.7435 17.8533 3.7
    endloop
  endfacet
  facet normal -0.135911 0.990721 0
    outer loop
      vertex 21.7158 17.8495 3.7
      vertex 21.7435 17.8533 3.2
      vertex 21.7158 17.8495 3.2
    endloop
  endfacet
  facet normal -0.144972 0.989436 0
    outer loop
      vertex 21.7708 17.8573 3.2
      vertex 21.7435 17.8533 3.7
      vertex 21.7708 17.8573 3.7
    endloop
  endfacet
  facet normal -0.144972 0.989436 0
    outer loop
      vertex 21.7435 17.8533 3.7
      vertex 21.7708 17.8573 3.2
      vertex 21.7435 17.8533 3.2
    endloop
  endfacet
  facet normal -0.153153 0.988202 0
    outer loop
      vertex 21.7979 17.8615 3.2
      vertex 21.7708 17.8573 3.7
      vertex 21.7979 17.8615 3.7
    endloop
  endfacet
  facet normal -0.153153 0.988202 0
    outer loop
      vertex 21.7708 17.8573 3.7
      vertex 21.7979 17.8615 3.2
      vertex 21.7708 17.8573 3.2
    endloop
  endfacet
  facet normal -0.163809 0.986492 0
    outer loop
      vertex 21.825 17.866 3.2
      vertex 21.7979 17.8615 3.7
      vertex 21.825 17.866 3.7
    endloop
  endfacet
  facet normal -0.163809 0.986492 0
    outer loop
      vertex 21.7979 17.8615 3.7
      vertex 21.825 17.866 3.2
      vertex 21.7979 17.8615 3.2
    endloop
  endfacet
  facet normal -0.173785 0.984784 0
    outer loop
      vertex 21.8522 17.8708 3.2
      vertex 21.825 17.866 3.7
      vertex 21.8522 17.8708 3.7
    endloop
  endfacet
  facet normal -0.173785 0.984784 0
    outer loop
      vertex 21.825 17.866 3.7
      vertex 21.8522 17.8708 3.2
      vertex 21.825 17.866 3.2
    endloop
  endfacet
  facet normal -0.188444 0.982084 0
    outer loop
      vertex 21.8793 17.876 3.2
      vertex 21.8522 17.8708 3.7
      vertex 21.8793 17.876 3.7
    endloop
  endfacet
  facet normal -0.188444 0.982084 0
    outer loop
      vertex 21.8522 17.8708 3.7
      vertex 21.8793 17.876 3.2
      vertex 21.8522 17.8708 3.2
    endloop
  endfacet
  facet normal -0.19542 0.98072 0
    outer loop
      vertex 21.9064 17.8814 3.2
      vertex 21.8793 17.876 3.7
      vertex 21.9064 17.8814 3.7
    endloop
  endfacet
  facet normal -0.19542 0.98072 0
    outer loop
      vertex 21.8793 17.876 3.7
      vertex 21.9064 17.8814 3.2
      vertex 21.8793 17.876 3.2
    endloop
  endfacet
  facet normal -0.205828 0.978588 0
    outer loop
      vertex 21.9335 17.8871 3.2
      vertex 21.9064 17.8814 3.7
      vertex 21.9335 17.8871 3.7
    endloop
  endfacet
  facet normal -0.205828 0.978588 0
    outer loop
      vertex 21.9064 17.8814 3.7
      vertex 21.9335 17.8871 3.2
      vertex 21.9064 17.8814 3.2
    endloop
  endfacet
  facet normal -0.216167 0.976356 0
    outer loop
      vertex 21.9606 17.8931 3.2
      vertex 21.9335 17.8871 3.7
      vertex 21.9606 17.8931 3.7
    endloop
  endfacet
  facet normal -0.216167 0.976356 0
    outer loop
      vertex 21.9335 17.8871 3.7
      vertex 21.9606 17.8931 3.2
      vertex 21.9335 17.8871 3.2
    endloop
  endfacet
  facet normal -0.229039 0.973417 0
    outer loop
      vertex 21.9878 17.8995 3.2
      vertex 21.9606 17.8931 3.7
      vertex 21.9878 17.8995 3.7
    endloop
  endfacet
  facet normal -0.229039 0.973417 0
    outer loop
      vertex 21.9606 17.8931 3.7
      vertex 21.9878 17.8995 3.2
      vertex 21.9606 17.8931 3.2
    endloop
  endfacet
  facet normal -0.236626 0.971601 0
    outer loop
      vertex 22.0149 17.9061 3.2
      vertex 21.9878 17.8995 3.7
      vertex 22.0149 17.9061 3.7
    endloop
  endfacet
  facet normal -0.236626 0.971601 0
    outer loop
      vertex 21.9878 17.8995 3.7
      vertex 22.0149 17.9061 3.2
      vertex 21.9878 17.8995 3.2
    endloop
  endfacet
  facet normal -0.241717 0.970347 0
    outer loop
      vertex 22.0707 17.92 3.2
      vertex 22.0149 17.9061 3.7
      vertex 22.0707 17.92 3.7
    endloop
  endfacet
  facet normal -0.241717 0.970347 0
    outer loop
      vertex 22.0149 17.9061 3.7
      vertex 22.0707 17.92 3.2
      vertex 22.0149 17.9061 3.2
    endloop
  endfacet
  facet normal -0.24096 0.970535 0
    outer loop
      vertex 22.0997 17.9272 3.2
      vertex 22.0707 17.92 3.7
      vertex 22.0997 17.9272 3.7
    endloop
  endfacet
  facet normal -0.24096 0.970535 0
    outer loop
      vertex 22.0707 17.92 3.7
      vertex 22.0997 17.9272 3.2
      vertex 22.0707 17.92 3.2
    endloop
  endfacet
  facet normal -0.237288 0.971439 0
    outer loop
      vertex 22.1738 17.9453 3.2
      vertex 22.0997 17.9272 3.7
      vertex 22.1738 17.9453 3.7
    endloop
  endfacet
  facet normal -0.237288 0.971439 0
    outer loop
      vertex 22.0997 17.9272 3.7
      vertex 22.1738 17.9453 3.2
      vertex 22.0997 17.9272 3.2
    endloop
  endfacet
  facet normal 0.81622 -0.577742 0
    outer loop
      vertex 22.1331 17.8878 3.7
      vertex 22.1738 17.9453 3.2
      vertex 22.1738 17.9453 3.7
    endloop
  endfacet
  facet normal 0.81622 -0.577742 0
    outer loop
      vertex 22.1738 17.9453 3.2
      vertex 22.1331 17.8878 3.7
      vertex 22.1331 17.8878 3.2
    endloop
  endfacet
  facet normal 0 1 -0
    outer loop
      vertex 23.958 17.8878 3.2
      vertex 22.1331 17.8878 3.7
      vertex 23.958 17.8878 3.7
    endloop
  endfacet
  facet normal 0 1 0
    outer loop
      vertex 22.1331 17.8878 3.7
      vertex 23.958 17.8878 3.2
      vertex 22.1331 17.8878 3.2
    endloop
  endfacet
  facet normal -0.839232 0.543773 0
    outer loop
      vertex 23.958 17.8878 3.2
      vertex 25.5082 20.2803 3.7
      vertex 25.5082 20.2803 3.2
    endloop
  endfacet
  facet normal -0.839232 0.543773 0
    outer loop
      vertex 25.5082 20.2803 3.7
      vertex 23.958 17.8878 3.2
      vertex 23.958 17.8878 3.7
    endloop
  endfacet
  facet normal 0.8412 0.540724 0
    outer loop
      vertex 27.0461 17.8878 3.7
      vertex 25.5082 20.2803 3.2
      vertex 25.5082 20.2803 3.7
    endloop
  endfacet
  facet normal 0.8412 0.540724 0
    outer loop
      vertex 25.5082 20.2803 3.2
      vertex 27.0461 17.8878 3.7
      vertex 27.0461 17.8878 3.2
    endloop
  endfacet
  facet normal 0 1 -0
    outer loop
      vertex 28.9076 17.8878 3.2
      vertex 27.0461 17.8878 3.7
      vertex 28.9076 17.8878 3.7
    endloop
  endfacet
  facet normal 0 1 0
    outer loop
      vertex 27.0461 17.8878 3.7
      vertex 28.9076 17.8878 3.2
      vertex 27.0461 17.8878 3.2
    endloop
  endfacet
  facet normal -0.815394 -0.578906 0
    outer loop
      vertex 28.9076 17.8878 3.2
      vertex 26.4724 21.3178 3.7
      vertex 26.4724 21.3178 3.2
    endloop
  endfacet
  facet normal -0.815394 -0.578906 0
    outer loop
      vertex 26.4724 21.3178 3.7
      vertex 28.9076 17.8878 3.2
      vertex 28.9076 17.8878 3.7
    endloop
  endfacet
  facet normal -0.809606 0.586974 0
    outer loop
      vertex 26.4724 21.3178 3.2
      vertex 28.7733 24.4914 3.7
      vertex 28.7733 24.4914 3.2
    endloop
  endfacet
  facet normal -0.809606 0.586974 0
    outer loop
      vertex 28.7733 24.4914 3.7
      vertex 26.4724 21.3178 3.2
      vertex 26.4724 21.3178 3.7
    endloop
  endfacet
  facet normal 0 -1 0
    outer loop
      vertex 26.9119 24.4914 3.2
      vertex 28.7733 24.4914 3.7
      vertex 26.9119 24.4914 3.7
    endloop
  endfacet
  facet normal 0 -1 -0
    outer loop
      vertex 28.7733 24.4914 3.7
      vertex 26.9119 24.4914 3.2
      vertex 28.7733 24.4914 3.2
    endloop
  endfacet
  facet normal 0.838554 -0.544818 0
    outer loop
      vertex 25.5082 22.3309 3.7
      vertex 26.9119 24.4914 3.2
      vertex 26.9119 24.4914 3.7
    endloop
  endfacet
  facet normal 0.838554 -0.544818 0
    outer loop
      vertex 26.9119 24.4914 3.2
      vertex 25.5082 22.3309 3.7
      vertex 25.5082 22.3309 3.2
    endloop
  endfacet
  facet normal -0.837455 -0.546507 0
    outer loop
      vertex 25.5082 22.3309 3.2
      vertex 24.0983 24.4914 3.7
      vertex 24.0983 24.4914 3.2
    endloop
  endfacet
  facet normal -0.837455 -0.546507 0
    outer loop
      vertex 24.0983 24.4914 3.7
      vertex 25.5082 22.3309 3.2
      vertex 25.5082 22.3309 3.7
    endloop
  endfacet
  facet normal 0 -1 0
    outer loop
      vertex 22.2491 24.4914 3.2
      vertex 24.0983 24.4914 3.7
      vertex 22.2491 24.4914 3.7
    endloop
  endfacet
  facet normal 0 -1 -0
    outer loop
      vertex 24.0983 24.4914 3.7
      vertex 22.2491 24.4914 3.2
      vertex 24.0983 24.4914 3.2
    endloop
  endfacet
  facet normal 0.811205 0.584762 0
    outer loop
      vertex 24.55 21.2995 3.7
      vertex 22.2491 24.4914 3.2
      vertex 22.2491 24.4914 3.7
    endloop
  endfacet
  facet normal 0.811205 0.584762 0
    outer loop
      vertex 22.2491 24.4914 3.2
      vertex 24.55 21.2995 3.7
      vertex 24.55 21.2995 3.2
    endloop
  endfacet
  facet normal 0.815994 -0.57806 0
    outer loop
      vertex 22.2896 18.1087 3.7
      vertex 24.55 21.2995 3.2
      vertex 24.55 21.2995 3.7
    endloop
  endfacet
  facet normal 0.815994 -0.57806 0
    outer loop
      vertex 24.55 21.2995 3.2
      vertex 22.2896 18.1087 3.7
      vertex 22.2896 18.1087 3.2
    endloop
  endfacet
  facet normal -1 0 0
    outer loop
      vertex 22.2896 18.1087 3.2
      vertex 22.2896 18.901 3.7
      vertex 22.2896 18.901 3.2
    endloop
  endfacet
  facet normal -1 -0 0
    outer loop
      vertex 22.2896 18.901 3.7
      vertex 22.2896 18.1087 3.2
      vertex 22.2896 18.1087 3.7
    endloop
  endfacet
  facet normal 0.185014 -0.982736 0
    outer loop
      vertex 22.2487 18.8933 3.2
      vertex 22.2896 18.901 3.7
      vertex 22.2487 18.8933 3.7
    endloop
  endfacet
  facet normal 0.185014 -0.982736 0
    outer loop
      vertex 22.2896 18.901 3.7
      vertex 22.2487 18.8933 3.2
      vertex 22.2896 18.901 3.2
    endloop
  endfacet
  facet normal 0.163231 -0.986588 0
    outer loop
      vertex 22.2076 18.8865 3.2
      vertex 22.2487 18.8933 3.7
      vertex 22.2076 18.8865 3.7
    endloop
  endfacet
  facet normal 0.163231 -0.986588 0
    outer loop
      vertex 22.2487 18.8933 3.7
      vertex 22.2076 18.8865 3.2
      vertex 22.2487 18.8933 3.2
    endloop
  endfacet
  facet normal 0.141087 -0.989997 0
    outer loop
      vertex 22.1662 18.8806 3.2
      vertex 22.2076 18.8865 3.7
      vertex 22.1662 18.8806 3.7
    endloop
  endfacet
  facet normal 0.141087 -0.989997 0
    outer loop
      vertex 22.2076 18.8865 3.7
      vertex 22.1662 18.8806 3.2
      vertex 22.2076 18.8865 3.2
    endloop
  endfacet
  facet normal 0.118771 -0.992922 0
    outer loop
      vertex 22.1244 18.8756 3.2
      vertex 22.1662 18.8806 3.7
      vertex 22.1244 18.8756 3.7
    endloop
  endfacet
  facet normal 0.118771 -0.992922 0
    outer loop
      vertex 22.1662 18.8806 3.7
      vertex 22.1244 18.8756 3.2
      vertex 22.1662 18.8806 3.2
    endloop
  endfacet
  facet normal 0.0948091 -0.995495 0
    outer loop
      vertex 22.0824 18.8716 3.2
      vertex 22.1244 18.8756 3.7
      vertex 22.0824 18.8716 3.7
    endloop
  endfacet
  facet normal 0.0948091 -0.995495 0
    outer loop
      vertex 22.1244 18.8756 3.7
      vertex 22.0824 18.8716 3.2
      vertex 22.1244 18.8756 3.2
    endloop
  endfacet
  facet normal 0.0752577 -0.997164 0
    outer loop
      vertex 22.04 18.8684 3.2
      vertex 22.0824 18.8716 3.7
      vertex 22.04 18.8684 3.7
    endloop
  endfacet
  facet normal 0.0752577 -0.997164 0
    outer loop
      vertex 22.0824 18.8716 3.7
      vertex 22.04 18.8684 3.2
      vertex 22.0824 18.8716 3.2
    endloop
  endfacet
  facet normal 0.0539121 -0.998546 0
    outer loop
      vertex 21.9974 18.8661 3.2
      vertex 22.04 18.8684 3.7
      vertex 21.9974 18.8661 3.7
    endloop
  endfacet
  facet normal 0.0539121 -0.998546 0
    outer loop
      vertex 22.04 18.8684 3.7
      vertex 21.9974 18.8661 3.2
      vertex 22.04 18.8684 3.2
    endloop
  endfacet
  facet normal 0.0302188 -0.999543 0
    outer loop
      vertex 21.9544 18.8648 3.2
      vertex 21.9974 18.8661 3.7
      vertex 21.9544 18.8648 3.7
    endloop
  endfacet
  facet normal 0.0302188 -0.999543 0
    outer loop
      vertex 21.9974 18.8661 3.7
      vertex 21.9544 18.8648 3.2
      vertex 21.9974 18.8661 3.2
    endloop
  endfacet
  facet normal 0.0115733 -0.999933 0
    outer loop
      vertex 21.9112 18.8643 3.2
      vertex 21.9544 18.8648 3.7
      vertex 21.9112 18.8643 3.7
    endloop
  endfacet
  facet normal 0.0115733 -0.999933 0
    outer loop
      vertex 21.9544 18.8648 3.7
      vertex 21.9112 18.8643 3.2
      vertex 21.9544 18.8648 3.2
    endloop
  endfacet
  facet normal -0.0412347 -0.999149 0
    outer loop
      vertex 21.8482 18.8669 3.2
      vertex 21.9112 18.8643 3.7
      vertex 21.8482 18.8669 3.7
    endloop
  endfacet
  facet normal -0.0412347 -0.999149 -0
    outer loop
      vertex 21.9112 18.8643 3.7
      vertex 21.8482 18.8669 3.2
      vertex 21.9112 18.8643 3.2
    endloop
  endfacet
  facet normal -0.131282 -0.991345 0
    outer loop
      vertex 21.7893 18.8747 3.2
      vertex 21.8482 18.8669 3.7
      vertex 21.7893 18.8747 3.7
    endloop
  endfacet
  facet normal -0.131282 -0.991345 -0
    outer loop
      vertex 21.8482 18.8669 3.7
      vertex 21.7893 18.8747 3.2
      vertex 21.8482 18.8669 3.2
    endloop
  endfacet
  facet normal -0.23082 -0.972996 0
    outer loop
      vertex 21.7345 18.8877 3.2
      vertex 21.7893 18.8747 3.7
      vertex 21.7345 18.8877 3.7
    endloop
  endfacet
  facet normal -0.23082 -0.972996 -0
    outer loop
      vertex 21.7893 18.8747 3.7
      vertex 21.7345 18.8877 3.2
      vertex 21.7893 18.8747 3.2
    endloop
  endfacet
  facet normal -0.338456 -0.940982 0
    outer loop
      vertex 21.6839 18.9059 3.2
      vertex 21.7345 18.8877 3.7
      vertex 21.6839 18.9059 3.7
    endloop
  endfacet
  facet normal -0.338456 -0.940982 -0
    outer loop
      vertex 21.7345 18.8877 3.7
      vertex 21.6839 18.9059 3.2
      vertex 21.7345 18.8877 3.2
    endloop
  endfacet
  facet normal -0.45029 -0.892882 0
    outer loop
      vertex 21.6375 18.9293 3.2
      vertex 21.6839 18.9059 3.7
      vertex 21.6375 18.9293 3.7
    endloop
  endfacet
  facet normal -0.45029 -0.892882 -0
    outer loop
      vertex 21.6839 18.9059 3.7
      vertex 21.6375 18.9293 3.2
      vertex 21.6839 18.9059 3.2
    endloop
  endfacet
  facet normal -0.560112 -0.828417 0
    outer loop
      vertex 21.5952 18.9579 3.2
      vertex 21.6375 18.9293 3.7
      vertex 21.5952 18.9579 3.7
    endloop
  endfacet
  facet normal -0.560112 -0.828417 -0
    outer loop
      vertex 21.6375 18.9293 3.7
      vertex 21.5952 18.9579 3.2
      vertex 21.6375 18.9293 3.2
    endloop
  endfacet
  facet normal -0.662658 -0.748922 0
    outer loop
      vertex 21.557 18.9917 3.2
      vertex 21.5952 18.9579 3.7
      vertex 21.557 18.9917 3.7
    endloop
  endfacet
  facet normal -0.662658 -0.748922 -0
    outer loop
      vertex 21.5952 18.9579 3.7
      vertex 21.557 18.9917 3.2
      vertex 21.5952 18.9579 3.2
    endloop
  endfacet
  facet normal -0.753773 -0.657135 0
    outer loop
      vertex 21.557 18.9917 3.2
      vertex 21.523 19.0307 3.7
      vertex 21.523 19.0307 3.2
    endloop
  endfacet
  facet normal -0.753773 -0.657135 0
    outer loop
      vertex 21.523 19.0307 3.7
      vertex 21.557 18.9917 3.2
      vertex 21.557 18.9917 3.7
    endloop
  endfacet
  facet normal -0.827694 -0.56118 0
    outer loop
      vertex 21.523 19.0307 3.2
      vertex 21.4931 19.0748 3.7
      vertex 21.4931 19.0748 3.2
    endloop
  endfacet
  facet normal -0.827694 -0.56118 0
    outer loop
      vertex 21.4931 19.0748 3.7
      vertex 21.523 19.0307 3.2
      vertex 21.523 19.0307 3.7
    endloop
  endfacet
  facet normal -0.889146 -0.457623 0
    outer loop
      vertex 21.4931 19.0748 3.2
      vertex 21.4668 19.1259 3.7
      vertex 21.4668 19.1259 3.2
    endloop
  endfacet
  facet normal -0.889146 -0.457623 0
    outer loop
      vertex 21.4668 19.1259 3.7
      vertex 21.4931 19.0748 3.2
      vertex 21.4931 19.0748 3.7
    endloop
  endfacet
  facet normal -0.931887 -0.362748 0
    outer loop
      vertex 21.4668 19.1259 3.2
      vertex 21.4436 19.1855 3.7
      vertex 21.4436 19.1855 3.2
    endloop
  endfacet
  facet normal -0.931887 -0.362748 0
    outer loop
      vertex 21.4436 19.1855 3.7
      vertex 21.4668 19.1259 3.2
      vertex 21.4668 19.1259 3.7
    endloop
  endfacet
  facet normal -0.959366 -0.282166 0
    outer loop
      vertex 21.4436 19.1855 3.2
      vertex 21.4236 19.2535 3.7
      vertex 21.4236 19.2535 3.2
    endloop
  endfacet
  facet normal -0.959366 -0.282166 0
    outer loop
      vertex 21.4236 19.2535 3.7
      vertex 21.4436 19.1855 3.2
      vertex 21.4436 19.1855 3.7
    endloop
  endfacet
  facet normal -0.976247 -0.216661 0
    outer loop
      vertex 21.4236 19.2535 3.2
      vertex 21.4066 19.3301 3.7
      vertex 21.4066 19.3301 3.2
    endloop
  endfacet
  facet normal -0.976247 -0.216661 0
    outer loop
      vertex 21.4066 19.3301 3.7
      vertex 21.4236 19.2535 3.2
      vertex 21.4236 19.2535 3.7
    endloop
  endfacet
  facet normal -0.986952 -0.161017 0
    outer loop
      vertex 21.4066 19.3301 3.2
      vertex 21.3927 19.4153 3.7
      vertex 21.3927 19.4153 3.2
    endloop
  endfacet
  facet normal -0.986952 -0.161017 0
    outer loop
      vertex 21.3927 19.4153 3.7
      vertex 21.4066 19.3301 3.2
      vertex 21.4066 19.3301 3.7
    endloop
  endfacet
  facet normal -0.993409 -0.114624 0
    outer loop
      vertex 21.3927 19.4153 3.2
      vertex 21.3819 19.5089 3.7
      vertex 21.3819 19.5089 3.2
    endloop
  endfacet
  facet normal -0.993409 -0.114624 0
    outer loop
      vertex 21.3819 19.5089 3.7
      vertex 21.3927 19.4153 3.2
      vertex 21.3927 19.4153 3.7
    endloop
  endfacet
  facet normal -0.997095 -0.0761737 0
    outer loop
      vertex 21.3819 19.5089 3.2
      vertex 21.3741 19.611 3.7
      vertex 21.3741 19.611 3.2
    endloop
  endfacet
  facet normal -0.997095 -0.0761737 0
    outer loop
      vertex 21.3741 19.611 3.7
      vertex 21.3819 19.5089 3.2
      vertex 21.3819 19.5089 3.7
    endloop
  endfacet
  facet normal -0.999136 -0.0415554 0
    outer loop
      vertex 21.3741 19.611 3.2
      vertex 21.3695 19.7216 3.7
      vertex 21.3695 19.7216 3.2
    endloop
  endfacet
  facet normal -0.999136 -0.0415554 0
    outer loop
      vertex 21.3695 19.7216 3.7
      vertex 21.3741 19.611 3.2
      vertex 21.3741 19.611 3.7
    endloop
  endfacet
  facet normal -0.999921 -0.0125829 0
    outer loop
      vertex 21.3695 19.7216 3.2
      vertex 21.368 19.8408 3.7
      vertex 21.368 19.8408 3.2
    endloop
  endfacet
  facet normal -0.999921 -0.0125829 0
    outer loop
      vertex 21.368 19.8408 3.7
      vertex 21.3695 19.7216 3.2
      vertex 21.3695 19.7216 3.7
    endloop
  endfacet
  facet normal -1 0 0
    outer loop
      vertex 21.368 19.8408 3.2
      vertex 21.368 22.2454 3.7
      vertex 21.368 22.2454 3.2
    endloop
  endfacet
  facet normal -1 -0 0
    outer loop
      vertex 21.368 22.2454 3.7
      vertex 21.368 19.8408 3.2
      vertex 21.368 19.8408 3.7
    endloop
  endfacet
  facet normal -0.999417 -0.0341403 0
    outer loop
      vertex 21.368 22.2454 3.2
      vertex 21.3596 22.4913 3.7
      vertex 21.3596 22.4913 3.2
    endloop
  endfacet
  facet normal -0.999417 -0.0341403 0
    outer loop
      vertex 21.3596 22.4913 3.7
      vertex 21.368 22.2454 3.2
      vertex 21.368 22.2454 3.7
    endloop
  endfacet
  facet normal -0.994248 -0.107106 0
    outer loop
      vertex 21.3596 22.4913 3.2
      vertex 21.3345 22.7243 3.7
      vertex 21.3345 22.7243 3.2
    endloop
  endfacet
  facet normal -0.994248 -0.107106 0
    outer loop
      vertex 21.3345 22.7243 3.7
      vertex 21.3596 22.4913 3.2
      vertex 21.3596 22.4913 3.7
    endloop
  endfacet
  facet normal -0.982471 -0.186415 0
    outer loop
      vertex 21.3345 22.7243 3.2
      vertex 21.2927 22.9446 3.7
      vertex 21.2927 22.9446 3.2
    endloop
  endfacet
  facet normal -0.982471 -0.186415 0
    outer loop
      vertex 21.2927 22.9446 3.7
      vertex 21.3345 22.7243 3.2
      vertex 21.3345 22.7243 3.7
    endloop
  endfacet
  facet normal -0.962325 -0.271901 0
    outer loop
      vertex 21.2927 22.9446 3.2
      vertex 21.2341 23.152 3.7
      vertex 21.2341 23.152 3.2
    endloop
  endfacet
  facet normal -0.962325 -0.271901 0
    outer loop
      vertex 21.2341 23.152 3.7
      vertex 21.2927 22.9446 3.2
      vertex 21.2927 22.9446 3.7
    endloop
  endfacet
  facet normal -0.932776 -0.360456 0
    outer loop
      vertex 21.2341 23.152 3.2
      vertex 21.1589 23.3466 3.7
      vertex 21.1589 23.3466 3.2
    endloop
  endfacet
  facet normal -0.932776 -0.360456 0
    outer loop
      vertex 21.1589 23.3466 3.7
      vertex 21.2341 23.152 3.2
      vertex 21.2341 23.152 3.7
    endloop
  endfacet
  facet normal -0.892257 -0.451527 0
    outer loop
      vertex 21.1589 23.3466 3.2
      vertex 21.0669 23.5284 3.7
      vertex 21.0669 23.5284 3.2
    endloop
  endfacet
  facet normal -0.892257 -0.451527 0
    outer loop
      vertex 21.0669 23.5284 3.7
      vertex 21.1589 23.3466 3.2
      vertex 21.1589 23.3466 3.7
    endloop
  endfacet
  facet normal -0.840823 -0.541311 0
    outer loop
      vertex 21.0669 23.5284 3.2
      vertex 20.9581 23.6974 3.7
      vertex 20.9581 23.6974 3.2
    endloop
  endfacet
  facet normal -0.840823 -0.541311 0
    outer loop
      vertex 20.9581 23.6974 3.7
      vertex 21.0669 23.5284 3.2
      vertex 21.0669 23.5284 3.7
    endloop
  endfacet
  facet normal -0.779796 -0.626034 0
    outer loop
      vertex 20.9581 23.6974 3.2
      vertex 20.8327 23.8536 3.7
      vertex 20.8327 23.8536 3.2
    endloop
  endfacet
  facet normal -0.779796 -0.626034 0
    outer loop
      vertex 20.8327 23.8536 3.7
      vertex 20.9581 23.6974 3.2
      vertex 20.9581 23.6974 3.7
    endloop
  endfacet
  facet normal -0.710072 -0.70413 0
    outer loop
      vertex 20.8327 23.8536 3.2
      vertex 20.6905 23.997 3.7
      vertex 20.6905 23.997 3.2
    endloop
  endfacet
  facet normal -0.710072 -0.70413 0
    outer loop
      vertex 20.6905 23.997 3.7
      vertex 20.8327 23.8536 3.2
      vertex 20.8327 23.8536 3.7
    endloop
  endfacet
  facet normal -0.634572 -0.772864 0
    outer loop
      vertex 20.5329 24.1264 3.2
      vertex 20.6905 23.997 3.7
      vertex 20.5329 24.1264 3.7
    endloop
  endfacet
  facet normal -0.634572 -0.772864 -0
    outer loop
      vertex 20.6905 23.997 3.7
      vertex 20.5329 24.1264 3.2
      vertex 20.6905 23.997 3.2
    endloop
  endfacet
  facet normal -0.553245 -0.833019 0
    outer loop
      vertex 20.3611 24.2405 3.2
      vertex 20.5329 24.1264 3.7
      vertex 20.3611 24.2405 3.7
    endloop
  endfacet
  facet normal -0.553245 -0.833019 -0
    outer loop
      vertex 20.5329 24.1264 3.7
      vertex 20.3611 24.2405 3.2
      vertex 20.5329 24.1264 3.2
    endloop
  endfacet
  facet normal -0.470046 -0.882642 0
    outer loop
      vertex 20.1752 24.3395 3.2
      vertex 20.3611 24.2405 3.7
      vertex 20.1752 24.3395 3.7
    endloop
  endfacet
  facet normal -0.470046 -0.882642 -0
    outer loop
      vertex 20.3611 24.2405 3.7
      vertex 20.1752 24.3395 3.2
      vertex 20.3611 24.2405 3.2
    endloop
  endfacet
  facet normal -0.385728 -0.922613 0
    outer loop
      vertex 19.975 24.4232 3.2
      vertex 20.1752 24.3395 3.7
      vertex 19.975 24.4232 3.7
    endloop
  endfacet
  facet normal -0.385728 -0.922613 -0
    outer loop
      vertex 20.1752 24.3395 3.7
      vertex 19.975 24.4232 3.2
      vertex 20.1752 24.3395 3.2
    endloop
  endfacet
  facet normal -0.304469 -0.952522 0
    outer loop
      vertex 19.7607 24.4917 3.2
      vertex 19.975 24.4232 3.7
      vertex 19.7607 24.4917 3.7
    endloop
  endfacet
  facet normal -0.304469 -0.952522 -0
    outer loop
      vertex 19.975 24.4232 3.7
      vertex 19.7607 24.4917 3.2
      vertex 19.975 24.4232 3.2
    endloop
  endfacet
  facet normal -0.226852 -0.973929 0
    outer loop
      vertex 19.5323 24.5449 3.2
      vertex 19.7607 24.4917 3.7
      vertex 19.5323 24.5449 3.7
    endloop
  endfacet
  facet normal -0.226852 -0.973929 -0
    outer loop
      vertex 19.7607 24.4917 3.7
      vertex 19.5323 24.5449 3.2
      vertex 19.7607 24.4917 3.2
    endloop
  endfacet
  facet normal -0.155147 -0.987891 0
    outer loop
      vertex 19.2897 24.583 3.2
      vertex 19.5323 24.5449 3.7
      vertex 19.2897 24.583 3.7
    endloop
  endfacet
  facet normal -0.155147 -0.987891 -0
    outer loop
      vertex 19.5323 24.5449 3.7
      vertex 19.2897 24.583 3.2
      vertex 19.5323 24.5449 3.2
    endloop
  endfacet
  facet normal -0.0884372 -0.996082 0
    outer loop
      vertex 19.0329 24.6058 3.2
      vertex 19.2897 24.583 3.7
      vertex 19.0329 24.6058 3.7
    endloop
  endfacet
  facet normal -0.0884372 -0.996082 -0
    outer loop
      vertex 19.2897 24.583 3.7
      vertex 19.0329 24.6058 3.2
      vertex 19.2897 24.583 3.2
    endloop
  endfacet
  facet normal -0.0280333 -0.999607 0
    outer loop
      vertex 18.7619 24.6134 3.2
      vertex 19.0329 24.6058 3.7
      vertex 18.7619 24.6134 3.7
    endloop
  endfacet
  facet normal -0.0280333 -0.999607 -0
    outer loop
      vertex 19.0329 24.6058 3.7
      vertex 18.7619 24.6134 3.2
      vertex 19.0329 24.6058 3.2
    endloop
  endfacet
  facet normal 0.0226792 -0.999743 0
    outer loop
      vertex 18.493 24.6073 3.2
      vertex 18.7619 24.6134 3.7
      vertex 18.493 24.6073 3.7
    endloop
  endfacet
  facet normal 0.0226792 -0.999743 0
    outer loop
      vertex 18.7619 24.6134 3.7
      vertex 18.493 24.6073 3.2
      vertex 18.7619 24.6134 3.2
    endloop
  endfacet
  facet normal 0.0716901 -0.997427 0
    outer loop
      vertex 18.237 24.5889 3.2
      vertex 18.493 24.6073 3.7
      vertex 18.237 24.5889 3.7
    endloop
  endfacet
  facet normal 0.0716901 -0.997427 0
    outer loop
      vertex 18.493 24.6073 3.7
      vertex 18.237 24.5889 3.2
      vertex 18.493 24.6073 3.2
    endloop
  endfacet
  facet normal 0.12529 -0.99212 0
    outer loop
      vertex 17.9939 24.5582 3.2
      vertex 18.237 24.5889 3.7
      vertex 17.9939 24.5582 3.7
    endloop
  endfacet
  facet normal 0.12529 -0.99212 0
    outer loop
      vertex 18.237 24.5889 3.7
      vertex 17.9939 24.5582 3.2
      vertex 18.237 24.5889 3.2
    endloop
  endfacet
  facet normal 0.183618 -0.982998 0
    outer loop
      vertex 17.7637 24.5152 3.2
      vertex 17.9939 24.5582 3.7
      vertex 17.7637 24.5152 3.7
    endloop
  endfacet
  facet normal 0.183618 -0.982998 0
    outer loop
      vertex 17.9939 24.5582 3.7
      vertex 17.7637 24.5152 3.2
      vertex 17.9939 24.5582 3.2
    endloop
  endfacet
  facet normal 0.246626 -0.969111 0
    outer loop
      vertex 17.5464 24.4599 3.2
      vertex 17.7637 24.5152 3.7
      vertex 17.5464 24.4599 3.7
    endloop
  endfacet
  facet normal 0.246626 -0.969111 0
    outer loop
      vertex 17.7637 24.5152 3.7
      vertex 17.5464 24.4599 3.2
      vertex 17.7637 24.5152 3.2
    endloop
  endfacet
  facet normal 0.313859 -0.94947 0
    outer loop
      vertex 17.3419 24.3923 3.2
      vertex 17.5464 24.4599 3.7
      vertex 17.3419 24.3923 3.7
    endloop
  endfacet
  facet normal 0.313859 -0.94947 0
    outer loop
      vertex 17.5464 24.4599 3.7
      vertex 17.3419 24.3923 3.2
      vertex 17.5464 24.4599 3.2
    endloop
  endfacet
  facet normal 0.384479 -0.923134 0
    outer loop
      vertex 17.1503 24.3125 3.2
      vertex 17.3419 24.3923 3.7
      vertex 17.1503 24.3125 3.7
    endloop
  endfacet
  facet normal 0.384479 -0.923134 0
    outer loop
      vertex 17.3419 24.3923 3.7
      vertex 17.1503 24.3125 3.2
      vertex 17.3419 24.3923 3.2
    endloop
  endfacet
  facet normal 0.458326 -0.888784 0
    outer loop
      vertex 16.9717 24.2204 3.2
      vertex 17.1503 24.3125 3.7
      vertex 16.9717 24.2204 3.7
    endloop
  endfacet
  facet normal 0.458326 -0.888784 0
    outer loop
      vertex 17.1503 24.3125 3.7
      vertex 16.9717 24.2204 3.2
      vertex 17.1503 24.3125 3.2
    endloop
  endfacet
  facet normal 0.53284 -0.846216 0
    outer loop
      vertex 16.8059 24.116 3.2
      vertex 16.9717 24.2204 3.7
      vertex 16.8059 24.116 3.7
    endloop
  endfacet
  facet normal 0.53284 -0.846216 0
    outer loop
      vertex 16.9717 24.2204 3.7
      vertex 16.8059 24.116 3.2
      vertex 16.9717 24.2204 3.2
    endloop
  endfacet
  facet normal 0.606153 -0.795348 0
    outer loop
      vertex 16.6533 23.9997 3.2
      vertex 16.8059 24.116 3.7
      vertex 16.6533 23.9997 3.7
    endloop
  endfacet
  facet normal 0.606153 -0.795348 0
    outer loop
      vertex 16.8059 24.116 3.7
      vertex 16.6533 23.9997 3.2
      vertex 16.8059 24.116 3.2
    endloop
  endfacet
  facet normal 0.677355 -0.735656 0
    outer loop
      vertex 16.5145 23.8719 3.2
      vertex 16.6533 23.9997 3.7
      vertex 16.5145 23.8719 3.7
    endloop
  endfacet
  facet normal 0.677355 -0.735656 0
    outer loop
      vertex 16.6533 23.9997 3.7
      vertex 16.5145 23.8719 3.2
      vertex 16.6533 23.9997 3.2
    endloop
  endfacet
  facet normal 0.743718 -0.668493 0
    outer loop
      vertex 16.3892 23.7325 3.7
      vertex 16.5145 23.8719 3.2
      vertex 16.5145 23.8719 3.7
    endloop
  endfacet
  facet normal 0.743718 -0.668493 0
    outer loop
      vertex 16.5145 23.8719 3.2
      vertex 16.3892 23.7325 3.7
      vertex 16.3892 23.7325 3.2
    endloop
  endfacet
  facet normal 0.803822 -0.594871 0
    outer loop
      vertex 16.2776 23.5817 3.7
      vertex 16.3892 23.7325 3.2
      vertex 16.3892 23.7325 3.7
    endloop
  endfacet
  facet normal 0.803822 -0.594871 0
    outer loop
      vertex 16.3892 23.7325 3.2
      vertex 16.2776 23.5817 3.7
      vertex 16.2776 23.5817 3.2
    endloop
  endfacet
  facet normal 0.856188 -0.516665 0
    outer loop
      vertex 16.1796 23.4193 3.7
      vertex 16.2776 23.5817 3.2
      vertex 16.2776 23.5817 3.7
    endloop
  endfacet
  facet normal 0.856188 -0.516665 0
    outer loop
      vertex 16.2776 23.5817 3.2
      vertex 16.1796 23.4193 3.7
      vertex 16.1796 23.4193 3.2
    endloop
  endfacet
  facet normal 0.899943 -0.436007 0
    outer loop
      vertex 16.0953 23.2453 3.7
      vertex 16.1796 23.4193 3.2
      vertex 16.1796 23.4193 3.7
    endloop
  endfacet
  facet normal 0.899943 -0.436007 0
    outer loop
      vertex 16.1796 23.4193 3.2
      vertex 16.0953 23.2453 3.7
      vertex 16.0953 23.2453 3.2
    endloop
  endfacet
  facet normal 0.934368 -0.35631 0
    outer loop
      vertex 16.0246 23.0599 3.7
      vertex 16.0953 23.2453 3.2
      vertex 16.0953 23.2453 3.7
    endloop
  endfacet
  facet normal 0.934368 -0.35631 0
    outer loop
      vertex 16.0953 23.2453 3.2
      vertex 16.0246 23.0599 3.7
      vertex 16.0246 23.0599 3.2
    endloop
  endfacet
  facet normal 0.960468 -0.27839 0
    outer loop
      vertex 15.9675 22.8629 3.7
      vertex 16.0246 23.0599 3.2
      vertex 16.0246 23.0599 3.7
    endloop
  endfacet
  facet normal 0.960468 -0.27839 0
    outer loop
      vertex 16.0246 23.0599 3.2
      vertex 15.9675 22.8629 3.7
      vertex 15.9675 22.8629 3.2
    endloop
  endfacet
  facet normal 0.978922 -0.204235 0
    outer loop
      vertex 15.924 22.6544 3.7
      vertex 15.9675 22.8629 3.2
      vertex 15.9675 22.8629 3.7
    endloop
  endfacet
  facet normal 0.978922 -0.204235 0
    outer loop
      vertex 15.9675 22.8629 3.2
      vertex 15.924 22.6544 3.7
      vertex 15.924 22.6544 3.2
    endloop
  endfacet
  facet normal 0.0477562 0.998859 -0
    outer loop
      vertex 17.7123 22.5689 3.2
      vertex 15.924 22.6544 3.7
      vertex 17.7123 22.5689 3.7
    endloop
  endfacet
  facet normal 0.0477562 0.998859 0
    outer loop
      vertex 15.924 22.6544 3.7
      vertex 17.7123 22.5689 3.2
      vertex 15.924 22.6544 3.2
    endloop
  endfacet
  facet normal -0.99142 0.130716 0
    outer loop
      vertex 17.7123 22.5689 3.2
      vertex 17.7265 22.6766 3.7
      vertex 17.7265 22.6766 3.2
    endloop
  endfacet
  facet normal -0.99142 0.130716 0
    outer loop
      vertex 17.7265 22.6766 3.7
      vertex 17.7123 22.5689 3.2
      vertex 17.7123 22.5689 3.7
    endloop
  endfacet
  facet normal -0.983713 0.179745 0
    outer loop
      vertex 17.7265 22.6766 3.2
      vertex 17.7449 22.7773 3.7
      vertex 17.7449 22.7773 3.2
    endloop
  endfacet
  facet normal -0.983713 0.179745 0
    outer loop
      vertex 17.7449 22.7773 3.7
      vertex 17.7265 22.6766 3.2
      vertex 17.7265 22.6766 3.7
    endloop
  endfacet
  facet normal -0.972123 0.234472 0
    outer loop
      vertex 17.7449 22.7773 3.2
      vertex 17.7675 22.871 3.7
      vertex 17.7675 22.871 3.2
    endloop
  endfacet
  facet normal -0.972123 0.234472 0
    outer loop
      vertex 17.7675 22.871 3.7
      vertex 17.7449 22.7773 3.2
      vertex 17.7449 22.7773 3.7
    endloop
  endfacet
  facet normal -0.955707 0.294318 0
    outer loop
      vertex 17.7675 22.871 3.2
      vertex 17.7942 22.9577 3.7
      vertex 17.7942 22.9577 3.2
    endloop
  endfacet
  facet normal -0.955707 0.294318 0
    outer loop
      vertex 17.7942 22.9577 3.7
      vertex 17.7675 22.871 3.2
      vertex 17.7675 22.871 3.7
    endloop
  endfacet
  facet normal -0.932771 0.360469 0
    outer loop
      vertex 17.7942 22.9577 3.2
      vertex 17.825 23.0374 3.7
      vertex 17.825 23.0374 3.2
    endloop
  endfacet
  facet normal -0.932771 0.360469 0
    outer loop
      vertex 17.825 23.0374 3.7
      vertex 17.7942 22.9577 3.2
      vertex 17.7942 22.9577 3.7
    endloop
  endfacet
  facet normal -0.9003 0.435269 0
    outer loop
      vertex 17.825 23.0374 3.2
      vertex 17.8601 23.11 3.7
      vertex 17.8601 23.11 3.2
    endloop
  endfacet
  facet normal -0.9003 0.435269 0
    outer loop
      vertex 17.8601 23.11 3.7
      vertex 17.825 23.0374 3.2
      vertex 17.825 23.0374 3.7
    endloop
  endfacet
  facet normal -0.859334 0.511415 0
    outer loop
      vertex 17.8601 23.11 3.2
      vertex 17.8992 23.1757 3.7
      vertex 17.8992 23.1757 3.2
    endloop
  endfacet
  facet normal -0.859334 0.511415 0
    outer loop
      vertex 17.8992 23.1757 3.7
      vertex 17.8601 23.11 3.2
      vertex 17.8601 23.11 3.7
    endloop
  endfacet
  facet normal -0.804746 0.59362 0
    outer loop
      vertex 17.8992 23.1757 3.2
      vertex 17.9425 23.2344 3.7
      vertex 17.9425 23.2344 3.2
    endloop
  endfacet
  facet normal -0.804746 0.59362 0
    outer loop
      vertex 17.9425 23.2344 3.7
      vertex 17.8992 23.1757 3.2
      vertex 17.8992 23.1757 3.7
    endloop
  endfacet
  facet normal -0.736443 0.6765 0
    outer loop
      vertex 17.9425 23.2344 3.2
      vertex 17.9899 23.286 3.7
      vertex 17.9899 23.286 3.2
    endloop
  endfacet
  facet normal -0.736443 0.6765 0
    outer loop
      vertex 17.9899 23.286 3.7
      vertex 17.9425 23.2344 3.2
      vertex 17.9425 23.2344 3.7
    endloop
  endfacet
  facet normal -0.654219 0.756305 0
    outer loop
      vertex 18.0425 23.3315 3.2
      vertex 17.9899 23.286 3.7
      vertex 18.0425 23.3315 3.7
    endloop
  endfacet
  facet normal -0.654219 0.756305 0
    outer loop
      vertex 17.9899 23.286 3.7
      vertex 18.0425 23.3315 3.2
      vertex 17.9899 23.286 3.2
    endloop
  endfacet
  facet normal -0.562771 0.826613 0
    outer loop
      vertex 18.1014 23.3716 3.2
      vertex 18.0425 23.3315 3.7
      vertex 18.1014 23.3716 3.7
    endloop
  endfacet
  facet normal -0.562771 0.826613 0
    outer loop
      vertex 18.0425 23.3315 3.7
      vertex 18.1014 23.3716 3.2
      vertex 18.0425 23.3315 3.2
    endloop
  endfacet
  facet normal -0.470869 0.882203 0
    outer loop
      vertex 18.1666 23.4064 3.2
      vertex 18.1014 23.3716 3.7
      vertex 18.1666 23.4064 3.7
    endloop
  endfacet
  facet normal -0.470869 0.882203 0
    outer loop
      vertex 18.1014 23.3716 3.7
      vertex 18.1666 23.4064 3.2
      vertex 18.1014 23.3716 3.2
    endloop
  endfacet
  facet normal -0.381206 0.92449 0
    outer loop
      vertex 18.2379 23.4358 3.2
      vertex 18.1666 23.4064 3.7
      vertex 18.2379 23.4358 3.7
    endloop
  endfacet
  facet normal -0.381206 0.92449 0
    outer loop
      vertex 18.1666 23.4064 3.7
      vertex 18.2379 23.4358 3.2
      vertex 18.1666 23.4064 3.2
    endloop
  endfacet
  facet normal -0.296245 0.955112 0
    outer loop
      vertex 18.3156 23.4599 3.2
      vertex 18.2379 23.4358 3.7
      vertex 18.3156 23.4599 3.7
    endloop
  endfacet
  facet normal -0.296245 0.955112 0
    outer loop
      vertex 18.2379 23.4358 3.7
      vertex 18.3156 23.4599 3.2
      vertex 18.2379 23.4358 3.2
    endloop
  endfacet
  facet normal -0.217546 0.97605 0
    outer loop
      vertex 18.3995 23.4786 3.2
      vertex 18.3156 23.4599 3.7
      vertex 18.3995 23.4786 3.7
    endloop
  endfacet
  facet normal -0.217546 0.97605 0
    outer loop
      vertex 18.3156 23.4599 3.7
      vertex 18.3995 23.4786 3.2
      vertex 18.3156 23.4599 3.2
    endloop
  endfacet
  facet normal -0.146946 0.989145 0
    outer loop
      vertex 18.4897 23.492 3.2
      vertex 18.3995 23.4786 3.7
      vertex 18.4897 23.492 3.7
    endloop
  endfacet
  facet normal -0.146946 0.989145 0
    outer loop
      vertex 18.3995 23.4786 3.7
      vertex 18.4897 23.492 3.2
      vertex 18.3995 23.4786 3.2
    endloop
  endfacet
  facet normal -0.0827033 0.996574 0
    outer loop
      vertex 18.5861 23.5 3.2
      vertex 18.4897 23.492 3.7
      vertex 18.5861 23.5 3.7
    endloop
  endfacet
  facet normal -0.0827033 0.996574 0
    outer loop
      vertex 18.4897 23.492 3.7
      vertex 18.5861 23.5 3.2
      vertex 18.4897 23.492 3.2
    endloop
  endfacet
  facet normal -0.0262811 0.999655 0
    outer loop
      vertex 18.6888 23.5027 3.2
      vertex 18.5861 23.5 3.7
      vertex 18.6888 23.5027 3.7
    endloop
  endfacet
  facet normal -0.0262811 0.999655 0
    outer loop
      vertex 18.5861 23.5 3.7
      vertex 18.6888 23.5027 3.2
      vertex 18.5861 23.5 3.2
    endloop
  endfacet
  facet normal 0.035336 0.999375 -0
    outer loop
      vertex 18.7991 23.4988 3.2
      vertex 18.6888 23.5027 3.7
      vertex 18.7991 23.4988 3.7
    endloop
  endfacet
  facet normal 0.035336 0.999375 0
    outer loop
      vertex 18.6888 23.5027 3.7
      vertex 18.7991 23.4988 3.2
      vertex 18.6888 23.5027 3.2
    endloop
  endfacet
  facet normal 0.111593 0.993754 -0
    outer loop
      vertex 18.9024 23.4872 3.2
      vertex 18.7991 23.4988 3.7
      vertex 18.9024 23.4872 3.7
    endloop
  endfacet
  facet normal 0.111593 0.993754 0
    outer loop
      vertex 18.7991 23.4988 3.7
      vertex 18.9024 23.4872 3.2
      vertex 18.7991 23.4988 3.2
    endloop
  endfacet
  facet normal 0.197684 0.980266 -0
    outer loop
      vertex 18.9986 23.4678 3.2
      vertex 18.9024 23.4872 3.7
      vertex 18.9986 23.4678 3.7
    endloop
  endfacet
  facet normal 0.197684 0.980266 0
    outer loop
      vertex 18.9024 23.4872 3.7
      vertex 18.9986 23.4678 3.2
      vertex 18.9024 23.4872 3.2
    endloop
  endfacet
  facet normal 0.291674 0.956518 -0
    outer loop
      vertex 19.0878 23.4406 3.2
      vertex 18.9986 23.4678 3.7
      vertex 19.0878 23.4406 3.7
    endloop
  endfacet
  facet normal 0.291674 0.956518 0
    outer loop
      vertex 18.9986 23.4678 3.7
      vertex 19.0878 23.4406 3.2
      vertex 18.9986 23.4678 3.2
    endloop
  endfacet
  facet normal 0.391616 0.920129 -0
    outer loop
      vertex 19.1698 23.4057 3.2
      vertex 19.0878 23.4406 3.7
      vertex 19.1698 23.4057 3.7
    endloop
  endfacet
  facet normal 0.391616 0.920129 0
    outer loop
      vertex 19.0878 23.4406 3.7
      vertex 19.1698 23.4057 3.2
      vertex 19.0878 23.4406 3.2
    endloop
  endfacet
  facet normal 0.494766 0.869026 -0
    outer loop
      vertex 19.2448 23.363 3.2
      vertex 19.1698 23.4057 3.7
      vertex 19.2448 23.363 3.7
    endloop
  endfacet
  facet normal 0.494766 0.869026 0
    outer loop
      vertex 19.1698 23.4057 3.7
      vertex 19.2448 23.363 3.2
      vertex 19.1698 23.4057 3.2
    endloop
  endfacet
  facet normal 0.596781 0.802404 -0
    outer loop
      vertex 19.3127 23.3125 3.2
      vertex 19.2448 23.363 3.7
      vertex 19.3127 23.3125 3.7
    endloop
  endfacet
  facet normal 0.596781 0.802404 0
    outer loop
      vertex 19.2448 23.363 3.7
      vertex 19.3127 23.3125 3.2
      vertex 19.2448 23.363 3.2
    endloop
  endfacet
  facet normal 0.691492 0.722384 -0
    outer loop
      vertex 19.3735 23.2543 3.2
      vertex 19.3127 23.3125 3.7
      vertex 19.3735 23.2543 3.7
    endloop
  endfacet
  facet normal 0.691492 0.722384 0
    outer loop
      vertex 19.3127 23.3125 3.7
      vertex 19.3735 23.2543 3.2
      vertex 19.3127 23.3125 3.2
    endloop
  endfacet
  facet normal 0.775214 0.631699 0
    outer loop
      vertex 19.4272 23.1884 3.7
      vertex 19.3735 23.2543 3.2
      vertex 19.3735 23.2543 3.7
    endloop
  endfacet
  facet normal 0.775214 0.631699 0
    outer loop
      vertex 19.3735 23.2543 3.2
      vertex 19.4272 23.1884 3.7
      vertex 19.4272 23.1884 3.2
    endloop
  endfacet
  facet normal 0.842065 0.539377 0
    outer loop
      vertex 19.4746 23.1144 3.7
      vertex 19.4272 23.1884 3.2
      vertex 19.4272 23.1884 3.7
    endloop
  endfacet
  facet normal 0.842065 0.539377 0
    outer loop
      vertex 19.4272 23.1884 3.2
      vertex 19.4746 23.1144 3.7
      vertex 19.4746 23.1144 3.2
    endloop
  endfacet
  facet normal 0.89137 0.453276 0
    outer loop
      vertex 19.5164 23.0322 3.7
      vertex 19.4746 23.1144 3.2
      vertex 19.4746 23.1144 3.7
    endloop
  endfacet
  facet normal 0.89137 0.453276 0
    outer loop
      vertex 19.4746 23.1144 3.2
      vertex 19.5164 23.0322 3.7
      vertex 19.5164 23.0322 3.2
    endloop
  endfacet
  facet normal 0.928193 0.372099 0
    outer loop
      vertex 19.5526 22.9419 3.7
      vertex 19.5164 23.0322 3.2
      vertex 19.5164 23.0322 3.7
    endloop
  endfacet
  facet normal 0.928193 0.372099 0
    outer loop
      vertex 19.5164 23.0322 3.2
      vertex 19.5526 22.9419 3.7
      vertex 19.5526 22.9419 3.2
    endloop
  endfacet
  facet normal 0.95479 0.297282 0
    outer loop
      vertex 19.5833 22.8433 3.7
      vertex 19.5526 22.9419 3.2
      vertex 19.5526 22.9419 3.7
    endloop
  endfacet
  facet normal 0.95479 0.297282 0
    outer loop
      vertex 19.5526 22.9419 3.2
      vertex 19.5833 22.8433 3.7
      vertex 19.5833 22.8433 3.2
    endloop
  endfacet
  facet normal 0.973477 0.228785 0
    outer loop
      vertex 19.6084 22.7365 3.7
      vertex 19.5833 22.8433 3.2
      vertex 19.5833 22.8433 3.7
    endloop
  endfacet
  facet normal 0.973477 0.228785 0
    outer loop
      vertex 19.5833 22.8433 3.2
      vertex 19.6084 22.7365 3.7
      vertex 19.6084 22.7365 3.2
    endloop
  endfacet
  facet normal 0.985927 0.167179 0
    outer loop
      vertex 19.6279 22.6215 3.7
      vertex 19.6084 22.7365 3.2
      vertex 19.6084 22.7365 3.7
    endloop
  endfacet
  facet normal 0.985927 0.167179 0
    outer loop
      vertex 19.6084 22.7365 3.2
      vertex 19.6279 22.6215 3.7
      vertex 19.6279 22.6215 3.2
    endloop
  endfacet
  facet normal 0.993616 0.112819 0
    outer loop
      vertex 19.6419 22.4982 3.7
      vertex 19.6279 22.6215 3.2
      vertex 19.6279 22.6215 3.7
    endloop
  endfacet
  facet normal 0.993616 0.112819 0
    outer loop
      vertex 19.6279 22.6215 3.2
      vertex 19.6419 22.4982 3.7
      vertex 19.6419 22.4982 3.2
    endloop
  endfacet
  facet normal 0.998011 0.0630403 0
    outer loop
      vertex 19.6502 22.3668 3.7
      vertex 19.6419 22.4982 3.2
      vertex 19.6419 22.4982 3.7
    endloop
  endfacet
  facet normal 0.998011 0.0630403 0
    outer loop
      vertex 19.6419 22.4982 3.2
      vertex 19.6502 22.3668 3.7
      vertex 19.6502 22.3668 3.2
    endloop
  endfacet
  facet normal 0.999799 0.0200533 0
    outer loop
      vertex 19.653 22.2272 3.7
      vertex 19.6502 22.3668 3.2
      vertex 19.6502 22.3668 3.7
    endloop
  endfacet
  facet normal 0.999799 0.0200533 0
    outer loop
      vertex 19.6502 22.3668 3.2
      vertex 19.653 22.2272 3.7
      vertex 19.653 22.2272 3.2
    endloop
  endfacet
  facet normal 1 -0 0
    outer loop
      vertex 19.653 21.8915 3.7
      vertex 19.653 22.2272 3.2
      vertex 19.653 22.2272 3.7
    endloop
  endfacet
  facet normal 1 0 0
    outer loop
      vertex 19.653 22.2272 3.2
      vertex 19.653 21.8915 3.7
      vertex 19.653 21.8915 3.2
    endloop
  endfacet
  facet normal 0.0171564 -0.999853 0
    outer loop
      vertex 18.231 21.8671 3.2
      vertex 19.653 21.8915 3.7
      vertex 18.231 21.8671 3.7
    endloop
  endfacet
  facet normal 0.0171564 -0.999853 0
    outer loop
      vertex 19.653 21.8915 3.7
      vertex 18.231 21.8671 3.2
      vertex 19.653 21.8915 3.2
    endloop
  endfacet
  facet normal 0.0334723 -0.99944 0
    outer loop
      vertex 17.9563 21.8579 3.2
      vertex 18.231 21.8671 3.7
      vertex 17.9563 21.8579 3.7
    endloop
  endfacet
  facet normal 0.0334723 -0.99944 0
    outer loop
      vertex 18.231 21.8671 3.7
      vertex 17.9563 21.8579 3.2
      vertex 18.231 21.8671 3.2
    endloop
  endfacet
  facet normal 0.0851401 -0.996369 0
    outer loop
      vertex 17.6965 21.8357 3.2
      vertex 17.9563 21.8579 3.7
      vertex 17.6965 21.8357 3.7
    endloop
  endfacet
  facet normal 0.0851401 -0.996369 0
    outer loop
      vertex 17.9563 21.8579 3.7
      vertex 17.6965 21.8357 3.2
      vertex 17.9563 21.8579 3.2
    endloop
  endfacet
  facet normal 0.141817 -0.989893 0
    outer loop
      vertex 17.4515 21.8006 3.2
      vertex 17.6965 21.8357 3.7
      vertex 17.4515 21.8006 3.7
    endloop
  endfacet
  facet normal 0.141817 -0.989893 0
    outer loop
      vertex 17.6965 21.8357 3.7
      vertex 17.4515 21.8006 3.2
      vertex 17.6965 21.8357 3.2
    endloop
  endfacet
  facet normal 0.204532 -0.97886 0
    outer loop
      vertex 17.2213 21.7525 3.2
      vertex 17.4515 21.8006 3.7
      vertex 17.2213 21.7525 3.7
    endloop
  endfacet
  facet normal 0.204532 -0.97886 0
    outer loop
      vertex 17.4515 21.8006 3.7
      vertex 17.2213 21.7525 3.2
      vertex 17.4515 21.8006 3.2
    endloop
  endfacet
  facet normal 0.272596 -0.962129 0
    outer loop
      vertex 17.006 21.6915 3.2
      vertex 17.2213 21.7525 3.7
      vertex 17.006 21.6915 3.7
    endloop
  endfacet
  facet normal 0.272596 -0.962129 0
    outer loop
      vertex 17.2213 21.7525 3.7
      vertex 17.006 21.6915 3.2
      vertex 17.2213 21.7525 3.2
    endloop
  endfacet
  facet normal 0.346399 -0.938087 0
    outer loop
      vertex 16.8056 21.6175 3.2
      vertex 17.006 21.6915 3.7
      vertex 16.8056 21.6175 3.7
    endloop
  endfacet
  facet normal 0.346399 -0.938087 0
    outer loop
      vertex 17.006 21.6915 3.7
      vertex 16.8056 21.6175 3.2
      vertex 17.006 21.6915 3.2
    endloop
  endfacet
  facet normal 0.424246 -0.905547 0
    outer loop
      vertex 16.6199 21.5305 3.2
      vertex 16.8056 21.6175 3.7
      vertex 16.6199 21.5305 3.7
    endloop
  endfacet
  facet normal 0.424246 -0.905547 0
    outer loop
      vertex 16.8056 21.6175 3.7
      vertex 16.6199 21.5305 3.2
      vertex 16.8056 21.6175 3.2
    endloop
  endfacet
  facet normal 0.505097 -0.863063 0
    outer loop
      vertex 16.4492 21.4306 3.2
      vertex 16.6199 21.5305 3.7
      vertex 16.4492 21.4306 3.7
    endloop
  endfacet
  facet normal 0.505097 -0.863063 0
    outer loop
      vertex 16.6199 21.5305 3.7
      vertex 16.4492 21.4306 3.2
      vertex 16.6199 21.5305 3.2
    endloop
  endfacet
  facet normal 0.586287 -0.810104 0
    outer loop
      vertex 16.2932 21.3177 3.2
      vertex 16.4492 21.4306 3.7
      vertex 16.2932 21.3177 3.7
    endloop
  endfacet
  facet normal 0.586287 -0.810104 0
    outer loop
      vertex 16.4492 21.4306 3.7
      vertex 16.2932 21.3177 3.2
      vertex 16.4492 21.4306 3.2
    endloop
  endfacet
  facet normal 0.666375 -0.745617 0
    outer loop
      vertex 16.153 21.1924 3.2
      vertex 16.2932 21.3177 3.7
      vertex 16.153 21.1924 3.7
    endloop
  endfacet
  facet normal 0.666375 -0.745617 0
    outer loop
      vertex 16.2932 21.3177 3.7
      vertex 16.153 21.1924 3.2
      vertex 16.2932 21.3177 3.2
    endloop
  endfacet
  facet normal 0.74316 -0.669114 0
    outer loop
      vertex 16.0292 21.0549 3.7
      vertex 16.153 21.1924 3.2
      vertex 16.153 21.1924 3.7
    endloop
  endfacet
  facet normal 0.74316 -0.669114 0
    outer loop
      vertex 16.153 21.1924 3.2
      vertex 16.0292 21.0549 3.7
      vertex 16.0292 21.0549 3.2
    endloop
  endfacet
  facet normal 0.812482 -0.582986 0
    outer loop
      vertex 15.922 20.9055 3.7
      vertex 16.0292 21.0549 3.2
      vertex 16.0292 21.0549 3.7
    endloop
  endfacet
  facet normal 0.812482 -0.582986 0
    outer loop
      vertex 16.0292 21.0549 3.2
      vertex 15.922 20.9055 3.7
      vertex 15.922 20.9055 3.2
    endloop
  endfacet
  facet normal 0.871806 -0.489851 0
    outer loop
      vertex 15.8312 20.7439 3.7
      vertex 15.922 20.9055 3.2
      vertex 15.922 20.9055 3.7
    endloop
  endfacet
  facet normal 0.871806 -0.489851 0
    outer loop
      vertex 15.922 20.9055 3.2
      vertex 15.8312 20.7439 3.7
      vertex 15.8312 20.7439 3.2
    endloop
  endfacet
  facet normal 0.919528 -0.393024 0
    outer loop
      vertex 15.757 20.5703 3.7
      vertex 15.8312 20.7439 3.2
      vertex 15.8312 20.7439 3.7
    endloop
  endfacet
  facet normal 0.919528 -0.393024 0
    outer loop
      vertex 15.8312 20.7439 3.2
      vertex 15.757 20.5703 3.7
      vertex 15.757 20.5703 3.2
    endloop
  endfacet
  facet normal 0.954772 -0.297338 0
    outer loop
      vertex 15.6992 20.3847 3.7
      vertex 15.757 20.5703 3.2
      vertex 15.757 20.5703 3.7
    endloop
  endfacet
  facet normal 0.954772 -0.297338 0
    outer loop
      vertex 15.757 20.5703 3.2
      vertex 15.6992 20.3847 3.7
      vertex 15.6992 20.3847 3.2
    endloop
  endfacet
  facet normal 0.978968 -0.204014 0
    outer loop
      vertex 15.658 20.187 3.7
      vertex 15.6992 20.3847 3.2
      vertex 15.6992 20.3847 3.7
    endloop
  endfacet
  facet normal 0.978968 -0.204014 0
    outer loop
      vertex 15.6992 20.3847 3.2
      vertex 15.658 20.187 3.7
      vertex 15.658 20.187 3.2
    endloop
  endfacet
  facet normal 0.993086 -0.117391 0
    outer loop
      vertex 15.6332 19.9772 3.7
      vertex 15.658 20.187 3.2
      vertex 15.658 20.187 3.7
    endloop
  endfacet
  facet normal 0.993086 -0.117391 0
    outer loop
      vertex 15.658 20.187 3.2
      vertex 15.6332 19.9772 3.7
      vertex 15.6332 19.9772 3.2
    endloop
  endfacet
  facet normal 0.999317 -0.036945 0
    outer loop
      vertex 15.625 19.7554 3.7
      vertex 15.6332 19.9772 3.2
      vertex 15.6332 19.9772 3.7
    endloop
  endfacet
  facet normal 0.999317 -0.036945 0
    outer loop
      vertex 15.6332 19.9772 3.2
      vertex 15.625 19.7554 3.7
      vertex 15.625 19.7554 3.2
    endloop
  endfacet
  facet normal 0.999482 0.0321784 0
    outer loop
      vertex 15.6316 19.5504 3.7
      vertex 15.625 19.7554 3.2
      vertex 15.625 19.7554 3.7
    endloop
  endfacet
  facet normal 0.999482 0.0321784 0
    outer loop
      vertex 15.625 19.7554 3.2
      vertex 15.6316 19.5504 3.7
      vertex 15.6316 19.5504 3.2
    endloop
  endfacet
  facet normal 0.994807 0.101782 0
    outer loop
      vertex 15.6515 19.3559 3.7
      vertex 15.6316 19.5504 3.2
      vertex 15.6316 19.5504 3.7
    endloop
  endfacet
  facet normal 0.994807 0.101782 0
    outer loop
      vertex 15.6316 19.5504 3.2
      vertex 15.6515 19.3559 3.7
      vertex 15.6515 19.3559 3.2
    endloop
  endfacet
  facet normal 0.984202 0.177049 0
    outer loop
      vertex 15.6846 19.1719 3.7
      vertex 15.6515 19.3559 3.2
      vertex 15.6515 19.3559 3.7
    endloop
  endfacet
  facet normal 0.984202 0.177049 0
    outer loop
      vertex 15.6515 19.3559 3.2
      vertex 15.6846 19.1719 3.7
      vertex 15.6846 19.1719 3.2
    endloop
  endfacet
  facet normal 0.965948 0.258736 0
    outer loop
      vertex 15.7311 18.9983 3.7
      vertex 15.6846 19.1719 3.2
      vertex 15.6846 19.1719 3.7
    endloop
  endfacet
  facet normal 0.965948 0.258736 0
    outer loop
      vertex 15.6846 19.1719 3.2
      vertex 15.7311 18.9983 3.7
      vertex 15.7311 18.9983 3.2
    endloop
  endfacet
  facet normal 0.939254 0.343222 0
    outer loop
      vertex 15.7907 18.8352 3.7
      vertex 15.7311 18.9983 3.2
      vertex 15.7311 18.9983 3.7
    endloop
  endfacet
  facet normal 0.939254 0.343222 0
    outer loop
      vertex 15.7311 18.9983 3.2
      vertex 15.7907 18.8352 3.7
      vertex 15.7907 18.8352 3.2
    endloop
  endfacet
  facet normal 0.902094 0.431539 0
    outer loop
      vertex 15.8637 18.6826 3.7
      vertex 15.7907 18.8352 3.2
      vertex 15.7907 18.8352 3.7
    endloop
  endfacet
  facet normal 0.902094 0.431539 0
    outer loop
      vertex 15.7907 18.8352 3.2
      vertex 15.8637 18.6826 3.7
      vertex 15.8637 18.6826 3.2
    endloop
  endfacet
  facet normal 0.855254 0.518208 0
    outer loop
      vertex 15.9498 18.5405 3.7
      vertex 15.8637 18.6826 3.2
      vertex 15.8637 18.6826 3.7
    endloop
  endfacet
  facet normal 0.855254 0.518208 0
    outer loop
      vertex 15.8637 18.6826 3.2
      vertex 15.9498 18.5405 3.7
      vertex 15.9498 18.5405 3.2
    endloop
  endfacet
  facet normal 0.797887 0.602807 0
    outer loop
      vertex 16.0493 18.4088 3.7
      vertex 15.9498 18.5405 3.2
      vertex 15.9498 18.5405 3.7
    endloop
  endfacet
  facet normal 0.797887 0.602807 0
    outer loop
      vertex 15.9498 18.5405 3.2
      vertex 16.0493 18.4088 3.7
      vertex 16.0493 18.4088 3.2
    endloop
  endfacet
  facet normal 0.73232 0.680961 0
    outer loop
      vertex 16.162 18.2876 3.7
      vertex 16.0493 18.4088 3.2
      vertex 16.0493 18.4088 3.7
    endloop
  endfacet
  facet normal 0.73232 0.680961 0
    outer loop
      vertex 16.0493 18.4088 3.2
      vertex 16.162 18.2876 3.7
      vertex 16.162 18.2876 3.2
    endloop
  endfacet
  facet normal 0.660424 0.750893 -0
    outer loop
      vertex 16.2865 18.1781 3.2
      vertex 16.162 18.2876 3.7
      vertex 16.2865 18.1781 3.7
    endloop
  endfacet
  facet normal 0.660424 0.750893 0
    outer loop
      vertex 16.162 18.2876 3.7
      vertex 16.2865 18.1781 3.2
      vertex 16.162 18.2876 3.2
    endloop
  endfacet
  facet normal 0.581922 0.813245 -0
    outer loop
      vertex 16.4215 18.0815 3.2
      vertex 16.2865 18.1781 3.7
      vertex 16.4215 18.0815 3.7
    endloop
  endfacet
  facet normal 0.581922 0.813245 0
    outer loop
      vertex 16.2865 18.1781 3.7
      vertex 16.4215 18.0815 3.2
      vertex 16.2865 18.1781 3.2
    endloop
  endfacet
  facet normal 0.499344 0.866404 -0
    outer loop
      vertex 16.5669 17.9977 3.2
      vertex 16.4215 18.0815 3.7
      vertex 16.5669 17.9977 3.7
    endloop
  endfacet
  facet normal 0.499344 0.866404 0
    outer loop
      vertex 16.4215 18.0815 3.7
      vertex 16.5669 17.9977 3.2
      vertex 16.4215 18.0815 3.2
    endloop
  endfacet
  facet normal 0.414419 0.910086 -0
    outer loop
      vertex 16.7226 17.9268 3.2
      vertex 16.5669 17.9977 3.7
      vertex 16.7226 17.9268 3.7
    endloop
  endfacet
  facet normal 0.414419 0.910086 0
    outer loop
      vertex 16.5669 17.9977 3.7
      vertex 16.7226 17.9268 3.2
      vertex 16.5669 17.9977 3.2
    endloop
  endfacet
  facet normal 0.32916 0.944274 -0
    outer loop
      vertex 16.8887 17.8689 3.2
      vertex 16.7226 17.9268 3.7
      vertex 16.8887 17.8689 3.7
    endloop
  endfacet
  facet normal 0.32916 0.944274 0
    outer loop
      vertex 16.7226 17.9268 3.7
      vertex 16.8887 17.8689 3.2
      vertex 16.7226 17.9268 3.2
    endloop
  endfacet
  facet normal 0.247438 0.968904 -0
    outer loop
      vertex 17.0653 17.8238 3.2
      vertex 16.8887 17.8689 3.7
      vertex 17.0653 17.8238 3.7
    endloop
  endfacet
  facet normal 0.247438 0.968904 0
    outer loop
      vertex 16.8887 17.8689 3.7
      vertex 17.0653 17.8238 3.2
      vertex 16.8887 17.8689 3.2
    endloop
  endfacet
  facet normal 0.170295 0.985393 -0
    outer loop
      vertex 17.2522 17.7915 3.2
      vertex 17.0653 17.8238 3.7
      vertex 17.2522 17.7915 3.7
    endloop
  endfacet
  facet normal 0.170295 0.985393 0
    outer loop
      vertex 17.0653 17.8238 3.7
      vertex 17.2522 17.7915 3.2
      vertex 17.0653 17.8238 3.2
    endloop
  endfacet
  facet normal 0.0973559 0.99525 -0
    outer loop
      vertex 17.4495 17.7722 3.2
      vertex 17.2522 17.7915 3.7
      vertex 17.4495 17.7722 3.7
    endloop
  endfacet
  facet normal 0.0973559 0.99525 0
    outer loop
      vertex 17.2522 17.7915 3.7
      vertex 17.4495 17.7722 3.2
      vertex 17.2522 17.7915 3.2
    endloop
  endfacet
  facet normal 0.0307842 0.999526 -0
    outer loop
      vertex 17.6573 17.7658 3.2
      vertex 17.4495 17.7722 3.7
      vertex 17.6573 17.7658 3.7
    endloop
  endfacet
  facet normal 0.0307842 0.999526 0
    outer loop
      vertex 17.4495 17.7722 3.7
      vertex 17.6573 17.7658 3.2
      vertex 17.4495 17.7722 3.2
    endloop
  endfacet
  facet normal -0.0509379 0.998702 0
    outer loop
      vertex 17.971 17.7818 3.2
      vertex 17.6573 17.7658 3.7
      vertex 17.971 17.7818 3.7
    endloop
  endfacet
  facet normal -0.0509379 0.998702 0
    outer loop
      vertex 17.6573 17.7658 3.7
      vertex 17.971 17.7818 3.2
      vertex 17.6573 17.7658 3.2
    endloop
  endfacet
  facet normal -0.113059 -0.993588 0
    outer loop
      vertex 18.0536 18.9733 3.2
      vertex 18.1283 18.9648 3.7
      vertex 18.0536 18.9733 3.7
    endloop
  endfacet
  facet normal -0.113059 -0.993588 -0
    outer loop
      vertex 18.1283 18.9648 3.7
      vertex 18.0536 18.9733 3.2
      vertex 18.1283 18.9648 3.2
    endloop
  endfacet
  facet normal -0.194261 -0.98095 0
    outer loop
      vertex 17.9824 18.9874 3.2
      vertex 18.0536 18.9733 3.7
      vertex 17.9824 18.9874 3.7
    endloop
  endfacet
  facet normal -0.194261 -0.98095 -0
    outer loop
      vertex 18.0536 18.9733 3.7
      vertex 17.9824 18.9874 3.2
      vertex 18.0536 18.9733 3.2
    endloop
  endfacet
  facet normal -0.28109 -0.959681 0
    outer loop
      vertex 17.9148 19.0072 3.2
      vertex 17.9824 18.9874 3.7
      vertex 17.9148 19.0072 3.7
    endloop
  endfacet
  facet normal -0.28109 -0.959681 -0
    outer loop
      vertex 17.9824 18.9874 3.7
      vertex 17.9148 19.0072 3.2
      vertex 17.9824 18.9874 3.2
    endloop
  endfacet
  facet normal -0.368885 -0.929475 0
    outer loop
      vertex 17.8508 19.0326 3.2
      vertex 17.9148 19.0072 3.7
      vertex 17.8508 19.0326 3.7
    endloop
  endfacet
  facet normal -0.368885 -0.929475 -0
    outer loop
      vertex 17.9148 19.0072 3.7
      vertex 17.8508 19.0326 3.2
      vertex 17.9148 19.0072 3.2
    endloop
  endfacet
  facet normal -0.456585 -0.88968 0
    outer loop
      vertex 17.7902 19.0637 3.2
      vertex 17.8508 19.0326 3.7
      vertex 17.7902 19.0637 3.7
    endloop
  endfacet
  facet normal -0.456585 -0.88968 -0
    outer loop
      vertex 17.8508 19.0326 3.7
      vertex 17.7902 19.0637 3.2
      vertex 17.8508 19.0326 3.2
    endloop
  endfacet
  facet normal -0.541354 -0.840795 0
    outer loop
      vertex 17.7332 19.1004 3.2
      vertex 17.7902 19.0637 3.7
      vertex 17.7332 19.1004 3.7
    endloop
  endfacet
  facet normal -0.541354 -0.840795 -0
    outer loop
      vertex 17.7902 19.0637 3.7
      vertex 17.7332 19.1004 3.2
      vertex 17.7902 19.0637 3.2
    endloop
  endfacet
  facet normal -0.621116 -0.783719 0
    outer loop
      vertex 17.6797 19.1428 3.2
      vertex 17.7332 19.1004 3.7
      vertex 17.6797 19.1428 3.7
    endloop
  endfacet
  facet normal -0.621116 -0.783719 -0
    outer loop
      vertex 17.7332 19.1004 3.7
      vertex 17.6797 19.1428 3.2
      vertex 17.7332 19.1004 3.2
    endloop
  endfacet
  facet normal -0.693253 -0.720694 0
    outer loop
      vertex 17.6298 19.1908 3.2
      vertex 17.6797 19.1428 3.7
      vertex 17.6298 19.1908 3.7
    endloop
  endfacet
  facet normal -0.693253 -0.720694 -0
    outer loop
      vertex 17.6797 19.1428 3.7
      vertex 17.6298 19.1908 3.2
      vertex 17.6797 19.1428 3.2
    endloop
  endfacet
  facet normal -0.764139 -0.645052 0
    outer loop
      vertex 17.6298 19.1908 3.2
      vertex 17.5843 19.2447 3.7
      vertex 17.5843 19.2447 3.2
    endloop
  endfacet
  facet normal -0.764139 -0.645052 0
    outer loop
      vertex 17.5843 19.2447 3.7
      vertex 17.6298 19.1908 3.2
      vertex 17.6298 19.1908 3.7
    endloop
  endfacet
  facet normal -0.830552 -0.556942 0
    outer loop
      vertex 17.5843 19.2447 3.2
      vertex 17.5442 19.3045 3.7
      vertex 17.5442 19.3045 3.2
    endloop
  endfacet
  facet normal -0.830552 -0.556942 0
    outer loop
      vertex 17.5442 19.3045 3.7
      vertex 17.5843 19.2447 3.2
      vertex 17.5843 19.2447 3.7
    endloop
  endfacet
  facet normal -0.884246 -0.467022 0
    outer loop
      vertex 17.5442 19.3045 3.2
      vertex 17.5095 19.3702 3.7
      vertex 17.5095 19.3702 3.2
    endloop
  endfacet
  facet normal -0.884246 -0.467022 0
    outer loop
      vertex 17.5095 19.3702 3.7
      vertex 17.5442 19.3045 3.2
      vertex 17.5442 19.3045 3.7
    endloop
  endfacet
  facet normal -0.924785 -0.38049 0
    outer loop
      vertex 17.5095 19.3702 3.2
      vertex 17.48 19.4419 3.7
      vertex 17.48 19.4419 3.2
    endloop
  endfacet
  facet normal -0.924785 -0.38049 0
    outer loop
      vertex 17.48 19.4419 3.7
      vertex 17.5095 19.3702 3.2
      vertex 17.5095 19.3702 3.7
    endloop
  endfacet
  facet normal -0.955459 -0.295123 0
    outer loop
      vertex 17.48 19.4419 3.2
      vertex 17.456 19.5196 3.7
      vertex 17.456 19.5196 3.2
    endloop
  endfacet
  facet normal -0.955459 -0.295123 0
    outer loop
      vertex 17.456 19.5196 3.7
      vertex 17.48 19.4419 3.2
      vertex 17.48 19.4419 3.7
    endloop
  endfacet
  facet normal -0.975635 -0.219401 0
    outer loop
      vertex 17.456 19.5196 3.2
      vertex 17.4372 19.6032 3.7
      vertex 17.4372 19.6032 3.2
    endloop
  endfacet
  facet normal -0.975635 -0.219401 0
    outer loop
      vertex 17.4372 19.6032 3.7
      vertex 17.456 19.5196 3.2
      vertex 17.456 19.5196 3.7
    endloop
  endfacet
  facet normal -0.989138 -0.146989 0
    outer loop
      vertex 17.4372 19.6032 3.2
      vertex 17.4239 19.6927 3.7
      vertex 17.4239 19.6927 3.2
    endloop
  endfacet
  facet normal -0.989138 -0.146989 0
    outer loop
      vertex 17.4239 19.6927 3.7
      vertex 17.4372 19.6032 3.2
      vertex 17.4372 19.6032 3.7
    endloop
  endfacet
  facet normal -0.99651 -0.0834773 0
    outer loop
      vertex 17.4239 19.6927 3.2
      vertex 17.4159 19.7882 3.7
      vertex 17.4159 19.7882 3.2
    endloop
  endfacet
  facet normal -0.99651 -0.0834773 0
    outer loop
      vertex 17.4159 19.7882 3.7
      vertex 17.4239 19.6927 3.2
      vertex 17.4239 19.6927 3.7
    endloop
  endfacet
  facet normal -0.999646 -0.0265916 0
    outer loop
      vertex 17.4159 19.7882 3.2
      vertex 17.4132 19.8897 3.7
      vertex 17.4132 19.8897 3.2
    endloop
  endfacet
  facet normal -0.999646 -0.0265916 0
    outer loop
      vertex 17.4132 19.8897 3.7
      vertex 17.4159 19.7882 3.2
      vertex 17.4159 19.7882 3.7
    endloop
  endfacet
  facet normal -0.999798 0.0201217 0
    outer loop
      vertex 17.4132 19.8897 3.2
      vertex 17.4148 19.9692 3.7
      vertex 17.4148 19.9692 3.2
    endloop
  endfacet
  facet normal -0.999798 0.0201217 0
    outer loop
      vertex 17.4148 19.9692 3.7
      vertex 17.4132 19.8897 3.2
      vertex 17.4132 19.8897 3.7
    endloop
  endfacet
  facet normal -0.997928 0.0643401 0
    outer loop
      vertex 17.4148 19.9692 3.2
      vertex 17.4197 20.0452 3.7
      vertex 17.4197 20.0452 3.2
    endloop
  endfacet
  facet normal -0.997928 0.0643401 0
    outer loop
      vertex 17.4197 20.0452 3.7
      vertex 17.4148 19.9692 3.2
      vertex 17.4148 19.9692 3.7
    endloop
  endfacet
  facet normal -0.993783 0.111337 0
    outer loop
      vertex 17.4197 20.0452 3.2
      vertex 17.4278 20.1175 3.7
      vertex 17.4278 20.1175 3.2
    endloop
  endfacet
  facet normal -0.993783 0.111337 0
    outer loop
      vertex 17.4278 20.1175 3.7
      vertex 17.4197 20.0452 3.2
      vertex 17.4197 20.0452 3.7
    endloop
  endfacet
  facet normal -0.986741 0.162302 0
    outer loop
      vertex 17.4278 20.1175 3.2
      vertex 17.4391 20.1862 3.7
      vertex 17.4391 20.1862 3.2
    endloop
  endfacet
  facet normal -0.986741 0.162302 0
    outer loop
      vertex 17.4391 20.1862 3.7
      vertex 17.4278 20.1175 3.2
      vertex 17.4278 20.1175 3.7
    endloop
  endfacet
  facet normal -0.975762 0.218834 0
    outer loop
      vertex 17.4391 20.1862 3.2
      vertex 17.4537 20.2513 3.7
      vertex 17.4537 20.2513 3.2
    endloop
  endfacet
  facet normal -0.975762 0.218834 0
    outer loop
      vertex 17.4537 20.2513 3.7
      vertex 17.4391 20.1862 3.2
      vertex 17.4391 20.1862 3.7
    endloop
  endfacet
  facet normal -0.960575 0.27802 0
    outer loop
      vertex 17.4537 20.2513 3.2
      vertex 17.4715 20.3128 3.7
      vertex 17.4715 20.3128 3.2
    endloop
  endfacet
  facet normal -0.960575 0.27802 0
    outer loop
      vertex 17.4715 20.3128 3.7
      vertex 17.4537 20.2513 3.2
      vertex 17.4537 20.2513 3.7
    endloop
  endfacet
  facet normal -0.939366 0.342917 0
    outer loop
      vertex 17.4715 20.3128 3.2
      vertex 17.4926 20.3706 3.7
      vertex 17.4926 20.3706 3.2
    endloop
  endfacet
  facet normal -0.939366 0.342917 0
    outer loop
      vertex 17.4926 20.3706 3.7
      vertex 17.4715 20.3128 3.2
      vertex 17.4715 20.3128 3.7
    endloop
  endfacet
  facet normal -0.912769 0.408477 0
    outer loop
      vertex 17.4926 20.3706 3.2
      vertex 17.5169 20.4249 3.7
      vertex 17.5169 20.4249 3.2
    endloop
  endfacet
  facet normal -0.912769 0.408477 0
    outer loop
      vertex 17.5169 20.4249 3.7
      vertex 17.4926 20.3706 3.2
      vertex 17.4926 20.3706 3.7
    endloop
  endfacet
  facet normal -0.878625 0.477513 0
    outer loop
      vertex 17.5169 20.4249 3.2
      vertex 17.5444 20.4755 3.7
      vertex 17.5444 20.4755 3.2
    endloop
  endfacet
  facet normal -0.878625 0.477513 0
    outer loop
      vertex 17.5444 20.4755 3.7
      vertex 17.5169 20.4249 3.2
      vertex 17.5169 20.4249 3.7
    endloop
  endfacet
  facet normal -0.84014 0.542369 0
    outer loop
      vertex 17.5444 20.4755 3.2
      vertex 17.575 20.5229 3.7
      vertex 17.575 20.5229 3.2
    endloop
  endfacet
  facet normal -0.84014 0.542369 0
    outer loop
      vertex 17.575 20.5229 3.7
      vertex 17.5444 20.4755 3.2
      vertex 17.5444 20.4755 3.7
    endloop
  endfacet
  facet normal -0.799356 0.600858 0
    outer loop
      vertex 17.575 20.5229 3.2
      vertex 17.6086 20.5676 3.7
      vertex 17.6086 20.5676 3.2
    endloop
  endfacet
  facet normal -0.799356 0.600858 0
    outer loop
      vertex 17.6086 20.5676 3.7
      vertex 17.575 20.5229 3.2
      vertex 17.575 20.5229 3.7
    endloop
  endfacet
  facet normal -0.754024 0.656847 0
    outer loop
      vertex 17.6086 20.5676 3.2
      vertex 17.6451 20.6095 3.7
      vertex 17.6451 20.6095 3.2
    endloop
  endfacet
  facet normal -0.754024 0.656847 0
    outer loop
      vertex 17.6451 20.6095 3.7
      vertex 17.6086 20.5676 3.2
      vertex 17.6086 20.5676 3.7
    endloop
  endfacet
  facet normal -0.70349 0.710705 0
    outer loop
      vertex 17.6845 20.6485 3.2
      vertex 17.6451 20.6095 3.7
      vertex 17.6845 20.6485 3.7
    endloop
  endfacet
  facet normal -0.70349 0.710705 0
    outer loop
      vertex 17.6451 20.6095 3.7
      vertex 17.6845 20.6485 3.2
      vertex 17.6451 20.6095 3.2
    endloop
  endfacet
  facet normal -0.650349 0.759636 0
    outer loop
      vertex 17.7269 20.6848 3.2
      vertex 17.6845 20.6485 3.7
      vertex 17.7269 20.6848 3.7
    endloop
  endfacet
  facet normal -0.650349 0.759636 0
    outer loop
      vertex 17.6845 20.6485 3.7
      vertex 17.7269 20.6848 3.2
      vertex 17.6845 20.6485 3.2
    endloop
  endfacet
  facet normal -0.594591 0.804029 0
    outer loop
      vertex 17.7722 20.7183 3.2
      vertex 17.7269 20.6848 3.7
      vertex 17.7722 20.7183 3.7
    endloop
  endfacet
  facet normal -0.594591 0.804029 0
    outer loop
      vertex 17.7269 20.6848 3.7
      vertex 17.7722 20.7183 3.2
      vertex 17.7269 20.6848 3.2
    endloop
  endfacet
  facet normal -0.536423 0.843949 0
    outer loop
      vertex 17.8205 20.749 3.2
      vertex 17.7722 20.7183 3.7
      vertex 17.8205 20.749 3.7
    endloop
  endfacet
  facet normal -0.536423 0.843949 0
    outer loop
      vertex 17.7722 20.7183 3.7
      vertex 17.8205 20.749 3.2
      vertex 17.7722 20.7183 3.2
    endloop
  endfacet
  facet normal -0.478492 0.878092 0
    outer loop
      vertex 17.8717 20.7769 3.2
      vertex 17.8205 20.749 3.7
      vertex 17.8717 20.7769 3.7
    endloop
  endfacet
  facet normal -0.478492 0.878092 0
    outer loop
      vertex 17.8205 20.749 3.7
      vertex 17.8717 20.7769 3.2
      vertex 17.8205 20.749 3.2
    endloop
  endfacet
  facet normal -0.420865 0.907123 0
    outer loop
      vertex 17.9258 20.802 3.2
      vertex 17.8717 20.7769 3.7
      vertex 17.9258 20.802 3.7
    endloop
  endfacet
  facet normal -0.420865 0.907123 0
    outer loop
      vertex 17.8717 20.7769 3.7
      vertex 17.9258 20.802 3.2
      vertex 17.8717 20.7769 3.2
    endloop
  endfacet
  facet normal -0.354372 0.935105 0
    outer loop
      vertex 17.9857 20.8247 3.2
      vertex 17.9258 20.802 3.7
      vertex 17.9857 20.8247 3.7
    endloop
  endfacet
  facet normal -0.354372 0.935105 0
    outer loop
      vertex 17.9258 20.802 3.7
      vertex 17.9857 20.8247 3.2
      vertex 17.9258 20.802 3.2
    endloop
  endfacet
  facet normal -0.28927 0.957247 0
    outer loop
      vertex 18.0542 20.8454 3.2
      vertex 17.9857 20.8247 3.7
      vertex 18.0542 20.8454 3.7
    endloop
  endfacet
  facet normal -0.28927 0.957247 0
    outer loop
      vertex 17.9857 20.8247 3.7
      vertex 18.0542 20.8454 3.2
      vertex 17.9857 20.8247 3.2
    endloop
  endfacet
  facet normal -0.235708 0.971824 0
    outer loop
      vertex 18.1313 20.8641 3.2
      vertex 18.0542 20.8454 3.7
      vertex 18.1313 20.8641 3.7
    endloop
  endfacet
  facet normal -0.235708 0.971824 0
    outer loop
      vertex 18.0542 20.8454 3.7
      vertex 18.1313 20.8641 3.2
      vertex 18.0542 20.8454 3.2
    endloop
  endfacet
  facet normal -0.190164 0.981752 0
    outer loop
      vertex 18.217 20.8807 3.2
      vertex 18.1313 20.8641 3.7
      vertex 18.217 20.8807 3.7
    endloop
  endfacet
  facet normal -0.190164 0.981752 0
    outer loop
      vertex 18.1313 20.8641 3.7
      vertex 18.217 20.8807 3.2
      vertex 18.1313 20.8641 3.2
    endloop
  endfacet
  facet normal -0.153161 0.988201 0
    outer loop
      vertex 18.3112 20.8953 3.2
      vertex 18.217 20.8807 3.7
      vertex 18.3112 20.8953 3.7
    endloop
  endfacet
  facet normal -0.153161 0.988201 0
    outer loop
      vertex 18.217 20.8807 3.7
      vertex 18.3112 20.8953 3.2
      vertex 18.217 20.8807 3.2
    endloop
  endfacet
  facet normal -0.120591 0.992702 0
    outer loop
      vertex 18.4141 20.9078 3.2
      vertex 18.3112 20.8953 3.7
      vertex 18.4141 20.9078 3.7
    endloop
  endfacet
  facet normal -0.120591 0.992702 0
    outer loop
      vertex 18.3112 20.8953 3.7
      vertex 18.4141 20.9078 3.2
      vertex 18.3112 20.8953 3.2
    endloop
  endfacet
  facet normal -0.093839 0.995587 0
    outer loop
      vertex 18.5255 20.9183 3.2
      vertex 18.4141 20.9078 3.7
      vertex 18.5255 20.9183 3.7
    endloop
  endfacet
  facet normal -0.093839 0.995587 0
    outer loop
      vertex 18.4141 20.9078 3.7
      vertex 18.5255 20.9183 3.2
      vertex 18.4141 20.9078 3.2
    endloop
  endfacet
  facet normal -0.0706563 0.997501 0
    outer loop
      vertex 18.6455 20.9268 3.2
      vertex 18.5255 20.9183 3.7
      vertex 18.6455 20.9268 3.7
    endloop
  endfacet
  facet normal -0.0706563 0.997501 0
    outer loop
      vertex 18.5255 20.9183 3.7
      vertex 18.6455 20.9268 3.2
      vertex 18.5255 20.9183 3.2
    endloop
  endfacet
  facet normal -0.0496667 0.998766 0
    outer loop
      vertex 18.7742 20.9332 3.2
      vertex 18.6455 20.9268 3.7
      vertex 18.7742 20.9332 3.7
    endloop
  endfacet
  facet normal -0.0496667 0.998766 0
    outer loop
      vertex 18.6455 20.9268 3.7
      vertex 18.7742 20.9332 3.2
      vertex 18.6455 20.9268 3.2
    endloop
  endfacet
  facet normal -0.013995 0.999902 0
    outer loop
      vertex 19.653 20.9455 3.2
      vertex 18.7742 20.9332 3.7
      vertex 19.653 20.9455 3.7
    endloop
  endfacet
  facet normal -0.013995 0.999902 0
    outer loop
      vertex 18.7742 20.9332 3.7
      vertex 19.653 20.9455 3.2
      vertex 18.7742 20.9332 3.2
    endloop
  endfacet
  facet normal 1 -0 0
    outer loop
      vertex 19.653 20.6098 3.7
      vertex 19.653 20.9455 3.2
      vertex 19.653 20.9455 3.7
    endloop
  endfacet
  facet normal 1 0 0
    outer loop
      vertex 19.653 20.9455 3.2
      vertex 19.653 20.6098 3.7
      vertex 19.653 20.6098 3.2
    endloop
  endfacet
  facet normal 0.999711 -0.0240265 0
    outer loop
      vertex 19.6507 20.5141 3.7
      vertex 19.653 20.6098 3.2
      vertex 19.653 20.6098 3.7
    endloop
  endfacet
  facet normal 0.999711 -0.0240265 0
    outer loop
      vertex 19.653 20.6098 3.2
      vertex 19.6507 20.5141 3.7
      vertex 19.6507 20.5141 3.2
    endloop
  endfacet
  facet normal 0.997274 -0.073794 0
    outer loop
      vertex 19.6437 20.4195 3.7
      vertex 19.6507 20.5141 3.2
      vertex 19.6507 20.5141 3.7
    endloop
  endfacet
  facet normal 0.997274 -0.073794 0
    outer loop
      vertex 19.6507 20.5141 3.2
      vertex 19.6437 20.4195 3.7
      vertex 19.6437 20.4195 3.2
    endloop
  endfacet
  facet normal 0.992262 -0.124165 0
    outer loop
      vertex 19.632 20.326 3.7
      vertex 19.6437 20.4195 3.2
      vertex 19.6437 20.4195 3.7
    endloop
  endfacet
  facet normal 0.992262 -0.124165 0
    outer loop
      vertex 19.6437 20.4195 3.2
      vertex 19.632 20.326 3.7
      vertex 19.632 20.326 3.2
    endloop
  endfacet
  facet normal 0.984579 -0.174941 0
    outer loop
      vertex 19.6156 20.2337 3.7
      vertex 19.632 20.326 3.2
      vertex 19.632 20.326 3.7
    endloop
  endfacet
  facet normal 0.984579 -0.174941 0
    outer loop
      vertex 19.632 20.326 3.2
      vertex 19.6156 20.2337 3.7
      vertex 19.6156 20.2337 3.2
    endloop
  endfacet
  facet normal 0.974499 -0.224391 0
    outer loop
      vertex 19.5946 20.1425 3.7
      vertex 19.6156 20.2337 3.2
      vertex 19.6156 20.2337 3.7
    endloop
  endfacet
  facet normal 0.974499 -0.224391 0
    outer loop
      vertex 19.6156 20.2337 3.2
      vertex 19.5946 20.1425 3.7
      vertex 19.5946 20.1425 3.2
    endloop
  endfacet
  facet normal 0.961645 -0.274298 0
    outer loop
      vertex 19.5689 20.0524 3.7
      vertex 19.5946 20.1425 3.2
      vertex 19.5946 20.1425 3.7
    endloop
  endfacet
  facet normal 0.961645 -0.274298 0
    outer loop
      vertex 19.5946 20.1425 3.2
      vertex 19.5689 20.0524 3.7
      vertex 19.5689 20.0524 3.2
    endloop
  endfacet
  facet normal 0.946532 -0.322609 0
    outer loop
      vertex 19.5386 19.9635 3.7
      vertex 19.5689 20.0524 3.2
      vertex 19.5689 20.0524 3.7
    endloop
  endfacet
  facet normal 0.946532 -0.322609 0
    outer loop
      vertex 19.5689 20.0524 3.2
      vertex 19.5386 19.9635 3.7
      vertex 19.5386 19.9635 3.2
    endloop
  endfacet
  facet normal 0.92855 -0.371208 0
    outer loop
      vertex 19.5035 19.8757 3.7
      vertex 19.5386 19.9635 3.2
      vertex 19.5386 19.9635 3.7
    endloop
  endfacet
  facet normal 0.92855 -0.371208 0
    outer loop
      vertex 19.5386 19.9635 3.2
      vertex 19.5035 19.8757 3.7
      vertex 19.5035 19.8757 3.2
    endloop
  endfacet
  facet normal 0.909214 -0.41633 0
    outer loop
      vertex 19.4638 19.789 3.7
      vertex 19.5035 19.8757 3.2
      vertex 19.5035 19.8757 3.7
    endloop
  endfacet
  facet normal 0.909214 -0.41633 0
    outer loop
      vertex 19.5035 19.8757 3.2
      vertex 19.4638 19.789 3.7
      vertex 19.4638 19.789 3.2
    endloop
  endfacet
  facet normal 0.886923 -0.461917 0
    outer loop
      vertex 19.42 19.7049 3.7
      vertex 19.4638 19.789 3.2
      vertex 19.4638 19.789 3.7
    endloop
  endfacet
  facet normal 0.886923 -0.461917 0
    outer loop
      vertex 19.4638 19.789 3.2
      vertex 19.42 19.7049 3.7
      vertex 19.42 19.7049 3.2
    endloop
  endfacet
  facet normal 0.860519 -0.509419 0
    outer loop
      vertex 19.3727 19.625 3.7
      vertex 19.42 19.7049 3.2
      vertex 19.42 19.7049 3.7
    endloop
  endfacet
  facet normal 0.860519 -0.509419 0
    outer loop
      vertex 19.42 19.7049 3.2
      vertex 19.3727 19.625 3.7
      vertex 19.3727 19.625 3.2
    endloop
  endfacet
  facet normal 0.829851 -0.557985 0
    outer loop
      vertex 19.3218 19.5493 3.7
      vertex 19.3727 19.625 3.2
      vertex 19.3727 19.625 3.7
    endloop
  endfacet
  facet normal 0.829851 -0.557985 0
    outer loop
      vertex 19.3727 19.625 3.2
      vertex 19.3218 19.5493 3.7
      vertex 19.3218 19.5493 3.2
    endloop
  endfacet
  facet normal 0.796119 -0.60514 0
    outer loop
      vertex 19.2673 19.4776 3.7
      vertex 19.3218 19.5493 3.2
      vertex 19.3218 19.5493 3.7
    endloop
  endfacet
  facet normal 0.796119 -0.60514 0
    outer loop
      vertex 19.3218 19.5493 3.2
      vertex 19.2673 19.4776 3.7
      vertex 19.2673 19.4776 3.2
    endloop
  endfacet
  facet normal 0.758541 -0.651625 0
    outer loop
      vertex 19.2094 19.4102 3.7
      vertex 19.2673 19.4776 3.2
      vertex 19.2673 19.4776 3.7
    endloop
  endfacet
  facet normal 0.758541 -0.651625 0
    outer loop
      vertex 19.2673 19.4776 3.2
      vertex 19.2094 19.4102 3.7
      vertex 19.2094 19.4102 3.2
    endloop
  endfacet
  facet normal 0.717215 -0.696852 0
    outer loop
      vertex 19.1478 19.3468 3.7
      vertex 19.2094 19.4102 3.2
      vertex 19.2094 19.4102 3.7
    endloop
  endfacet
  facet normal 0.717215 -0.696852 0
    outer loop
      vertex 19.2094 19.4102 3.2
      vertex 19.1478 19.3468 3.7
      vertex 19.1478 19.3468 3.2
    endloop
  endfacet
  facet normal 0.673352 -0.739322 0
    outer loop
      vertex 19.0828 19.2876 3.2
      vertex 19.1478 19.3468 3.7
      vertex 19.0828 19.2876 3.7
    endloop
  endfacet
  facet normal 0.673352 -0.739322 0
    outer loop
      vertex 19.1478 19.3468 3.7
      vertex 19.0828 19.2876 3.2
      vertex 19.1478 19.3468 3.2
    endloop
  endfacet
  facet normal 0.625527 -0.780203 0
    outer loop
      vertex 19.0142 19.2326 3.2
      vertex 19.0828 19.2876 3.7
      vertex 19.0142 19.2326 3.7
    endloop
  endfacet
  facet normal 0.625527 -0.780203 0
    outer loop
      vertex 19.0828 19.2876 3.7
      vertex 19.0142 19.2326 3.2
      vertex 19.0828 19.2876 3.2
    endloop
  endfacet
  facet normal 0.576194 -0.817313 0
    outer loop
      vertex 18.942 19.1817 3.2
      vertex 19.0142 19.2326 3.7
      vertex 18.942 19.1817 3.7
    endloop
  endfacet
  facet normal 0.576194 -0.817313 0
    outer loop
      vertex 19.0142 19.2326 3.7
      vertex 18.942 19.1817 3.2
      vertex 19.0142 19.2326 3.2
    endloop
  endfacet
  facet normal 0.524669 -0.851306 0
    outer loop
      vertex 18.8672 19.1356 3.2
      vertex 18.942 19.1817 3.7
      vertex 18.8672 19.1356 3.7
    endloop
  endfacet
  facet normal 0.524669 -0.851306 0
    outer loop
      vertex 18.942 19.1817 3.7
      vertex 18.8672 19.1356 3.2
      vertex 18.942 19.1817 3.2
    endloop
  endfacet
  facet normal 0.46969 -0.882832 0
    outer loop
      vertex 18.7907 19.0949 3.2
      vertex 18.8672 19.1356 3.7
      vertex 18.7907 19.0949 3.7
    endloop
  endfacet
  facet normal 0.46969 -0.882832 0
    outer loop
      vertex 18.8672 19.1356 3.7
      vertex 18.7907 19.0949 3.2
      vertex 18.8672 19.1356 3.2
    endloop
  endfacet
  facet normal 0.411431 -0.911441 0
    outer loop
      vertex 18.7125 19.0596 3.2
      vertex 18.7907 19.0949 3.7
      vertex 18.7125 19.0596 3.7
    endloop
  endfacet
  facet normal 0.411431 -0.911441 0
    outer loop
      vertex 18.7907 19.0949 3.7
      vertex 18.7125 19.0596 3.2
      vertex 18.7907 19.0949 3.2
    endloop
  endfacet
  facet normal 0.349069 -0.937097 0
    outer loop
      vertex 18.6325 19.0298 3.2
      vertex 18.7125 19.0596 3.7
      vertex 18.6325 19.0298 3.7
    endloop
  endfacet
  facet normal 0.349069 -0.937097 0
    outer loop
      vertex 18.7125 19.0596 3.7
      vertex 18.6325 19.0298 3.2
      vertex 18.7125 19.0596 3.2
    endloop
  endfacet
  facet normal 0.285843 -0.958277 0
    outer loop
      vertex 18.5507 19.0054 3.2
      vertex 18.6325 19.0298 3.7
      vertex 18.5507 19.0054 3.7
    endloop
  endfacet
  facet normal 0.285843 -0.958277 0
    outer loop
      vertex 18.6325 19.0298 3.7
      vertex 18.5507 19.0054 3.2
      vertex 18.6325 19.0298 3.2
    endloop
  endfacet
  facet normal 0.222126 -0.975018 0
    outer loop
      vertex 18.4673 18.9864 3.2
      vertex 18.5507 19.0054 3.7
      vertex 18.4673 18.9864 3.7
    endloop
  endfacet
  facet normal 0.222126 -0.975018 0
    outer loop
      vertex 18.5507 19.0054 3.7
      vertex 18.4673 18.9864 3.2
      vertex 18.5507 19.0054 3.2
    endloop
  endfacet
  facet normal 0.157629 -0.987498 0
    outer loop
      vertex 18.3821 18.9728 3.2
      vertex 18.4673 18.9864 3.7
      vertex 18.3821 18.9728 3.7
    endloop
  endfacet
  facet normal 0.157629 -0.987498 0
    outer loop
      vertex 18.4673 18.9864 3.7
      vertex 18.3821 18.9728 3.2
      vertex 18.4673 18.9864 3.2
    endloop
  endfacet
  facet normal 0.0928083 -0.995684 0
    outer loop
      vertex 18.2952 18.9647 3.2
      vertex 18.3821 18.9728 3.7
      vertex 18.2952 18.9647 3.7
    endloop
  endfacet
  facet normal 0.0928083 -0.995684 0
    outer loop
      vertex 18.3821 18.9728 3.7
      vertex 18.2952 18.9647 3.2
      vertex 18.3821 18.9728 3.2
    endloop
  endfacet
  facet normal 0.0304256 -0.999537 0
    outer loop
      vertex 18.2065 18.962 3.2
      vertex 18.2952 18.9647 3.7
      vertex 18.2065 18.962 3.7
    endloop
  endfacet
  facet normal 0.0304256 -0.999537 0
    outer loop
      vertex 18.2952 18.9647 3.7
      vertex 18.2065 18.962 3.2
      vertex 18.2952 18.9647 3.2
    endloop
  endfacet
  facet normal -0.0357827 -0.99936 0
    outer loop
      vertex 18.1283 18.9648 3.2
      vertex 18.2065 18.962 3.7
      vertex 18.1283 18.9648 3.7
    endloop
  endfacet
  facet normal -0.0357827 -0.99936 -0
    outer loop
      vertex 18.2065 18.962 3.7
      vertex 18.1283 18.9648 3.2
      vertex 18.2065 18.962 3.2
    endloop
  endfacet
  facet normal 0 -1 0
    outer loop
      vertex 39.8779 24.4914 3.2
      vertex 41.593 24.4914 3.7
      vertex 39.8779 24.4914 3.7
    endloop
  endfacet
  facet normal 0 -1 -0
    outer loop
      vertex 41.593 24.4914 3.7
      vertex 39.8779 24.4914 3.2
      vertex 41.593 24.4914 3.2
    endloop
  endfacet
  facet normal 1 -0 0
    outer loop
      vertex 39.8779 17.8878 3.7
      vertex 39.8779 24.4914 3.2
      vertex 39.8779 24.4914 3.7
    endloop
  endfacet
  facet normal 1 0 0
    outer loop
      vertex 39.8779 24.4914 3.2
      vertex 39.8779 17.8878 3.7
      vertex 39.8779 17.8878 3.2
    endloop
  endfacet
  facet normal 0 1 -0
    outer loop
      vertex 41.593 17.8878 3.2
      vertex 39.8779 17.8878 3.7
      vertex 41.593 17.8878 3.7
    endloop
  endfacet
  facet normal 0 1 0
    outer loop
      vertex 39.8779 17.8878 3.7
      vertex 41.593 17.8878 3.2
      vertex 39.8779 17.8878 3.2
    endloop
  endfacet
  facet normal -1 0 0
    outer loop
      vertex 41.593 17.8878 3.2
      vertex 41.593 24.4914 3.7
      vertex 41.593 24.4914 3.2
    endloop
  endfacet
  facet normal -1 -0 0
    outer loop
      vertex 41.593 24.4914 3.7
      vertex 41.593 17.8878 3.2
      vertex 41.593 17.8878 3.7
    endloop
  endfacet
endsolid OpenSCAD_Model
